frame_id,timestamp,obs_iter,need_converge,attempted,la_pa,la_pr,lr_pa,lr_pr,inv_nf,inv_neg,rej_active,rej_late,sticky,flip,acc2rej,rej2acc,sticky_skip,counterfactual,r_min,r_mean,r_max,s_min,s_mean,s_max,z_min,z_mean,z_max,pv_min,pv_mean,pv_max,sv_min,sv_mean,sv_max,rv_min,rv_mean,rv_max,tv_min,tv_mean,tv_max,cnt_mean_mean,cnt_max_mean,probe_rescued,bin1_n,bin1_lapr,bin2_n,bin2_lapr,bin3_n,bin3_lapr,bin4_n,bin4_lapr,bin5_n,bin5_lapr,bin1_pv,bin1_z,bin2_pv,bin2_z,bin3_pv,bin3_z,bin4_pv,bin4_z,bin5_pv,bin5_z
0,1609059013.77,1,0,1334,1332,0,2,0,0,0,0,0,0,0,0,0,0,0,1e+300,0,0,1e+300,0,0,1e+300,0,0,1e+300,0,0,1e+300,0,0,1e+300,0,0,1e+300,0,0,0,0,0,78,0,1111,0,109,0,29,0,7,0,0,0,0,0,0,0,0,0,0,0
0,1609059013.77,2,0,1328,1326,0,2,0,0,0,0,0,0,0,0,0,0,0,1e+300,0,0,1e+300,0,0,1e+300,0,0,1e+300,0,0,1e+300,0,0,1e+300,0,0,1e+300,0,0,0,0,0,78,0,1105,0,108,0,30,0,7,0,0,0,0,0,0,0,0,0,0,0
1,1609059013.86,1,0,1442,1436,1,4,1,0,0,2,0,0,0,0,0,0,0,0.346237647158,0.346237647158,0.346237647158,0.0054903678932,0.0054903678932,0.0054903678932,4.67276095966,4.67276095966,4.67276095966,0,0,0,0.000330446111261,0.000330446111261,0.000330446111261,0.00509307389271,0.00509307389271,0.00509307389271,6.68478892324e-05,6.68478892324e-05,6.68478892324e-05,0,0,0,45,1,1098,0,256,0,34,0,9,0,0,4.67276095966,0,0,0,0,0,0,0,0
1,1609059013.86,2,0,1442,1437,1,3,1,0,0,2,0,0,0,0,0,0,0,0.347284742536,0.347284742536,0.347284742536,0.00549035896677,0.00549035896677,0.00549035896677,4.68689618045,4.68689618045,4.68689618045,0,0,0,0.00033043718483,0.00033043718483,0.00033043718483,0.00509307389271,0.00509307389271,0.00509307389271,6.68478892324e-05,6.68478892324e-05,6.68478892324e-05,0,0,0,43,1,1100,0,256,0,34,0,9,0,0,4.68689618045,0,0,0,0,0,0,0,0
2,1609059013.96,1,0,1488,1486,1,1,0,0,0,1,0,0,0,0,0,0,0,0.157829529912,0.157829529912,0.157829529912,0.00141801815511,0.00141801815511,0.00141801815511,4.19128668196,4.19128668196,4.19128668196,0.000830467725915,0.000830467725915,0.000830467725915,0.000395708451179,0.000395708451179,0.000395708451179,0.000164382890386,0.000164382890386,0.000164382890386,2.74590876317e-05,2.74590876317e-05,2.74590876317e-05,5.19999980927,8,1,19,0,873,0,546,1,41,0,9,0,0,0,0,0,0.000830467725915,4.19128668196,0,0,0,0
2,1609059013.96,2,0,1474,1472,1,1,0,0,0,1,0,0,0,0,0,0,0,0.157981627159,0.157981627159,0.157981627159,0.00140390705285,0.00140390705285,0.00140390705285,4.21635728261,4.21635728261,4.21635728261,0.000816311534204,0.000816311534204,0.000816311534204,0.00039575354063,0.00039575354063,0.00039575354063,0.000164382890386,0.000164382890386,0.000164382890386,2.74590876317e-05,2.74590876317e-05,2.74590876317e-05,5.19999980927,8,1,19,0,858,0,547,1,41,0,9,0,0,0,0,0,0.000816311534204,4.21635728261,0,0,0,0
2,1609059013.96,3,0,1474,1472,1,1,0,0,0,1,0,0,0,0,0,0,0,0.157880896739,0.157880896739,0.157880896739,0.00140060700796,0.00140060700796,0.00140060700796,4.21863000208,4.21863000208,4.21863000208,0.000813010076546,0.000813010076546,0.000813010076546,0.000395754953395,0.000395754953395,0.000395754953395,0.000164382890386,0.000164382890386,0.000164382890386,2.74590876317e-05,2.74590876317e-05,2.74590876317e-05,5.19999980927,8,1,19,0,859,0,546,1,41,0,9,0,0,0,0,0,0.000813010076546,4.21863000208,0,0,0,0
3,1609059014.07,1,0,1551,1551,0,0,0,0,0,0,0,0,0,0,0,0,0,1e+300,0,0,1e+300,0,0,1e+300,0,0,1e+300,0,0,1e+300,0,0,1e+300,0,0,1e+300,0,0,0,0,0,11,0,773,0,716,0,44,0,7,0,0,0,0,0,0,0,0,0,0,0
3,1609059014.07,2,0,1540,1540,0,0,0,0,0,0,0,0,0,0,0,0,0,1e+300,0,0,1e+300,0,0,1e+300,0,0,1e+300,0,0,1e+300,0,0,1e+300,0,0,1e+300,0,0,0,0,0,11,0,765,0,713,0,44,0,7,0,0,0,0,0,0,0,0,0,0,0
4,1609059014.16,1,0,1592,1589,2,0,1,0,0,3,0,0,0,0,0,0,0,0.202698789037,0.276610565531,0.350522342026,0.00359218499107,0.00383085716711,0.00406952934314,3.38198601318,4.43834064618,5.49469527918,0.00114579406531,0.00162745523794,0.00210911641058,0.000243969106155,0.000276531240044,0.000309093373933,0.00121691800632,0.00189072388176,0.00256452975721,2.21814680152e-05,3.61468073567e-05,5.01121466982e-05,5.20000004768,8,1,9,0,664,0,863,2,49,0,7,0,0,0,0,0,0.00162745523794,4.43834064618,0,0,0,0
4,1609059014.16,2,0,1589,1586,2,0,1,0,0,3,0,0,0,0,0,0,0,0.200034916465,0.270179276172,0.340323635879,0.00374910447803,0.00388684855844,0.00402459263885,3.26694661349,4.31573503225,5.36452345101,0.00110108335217,0.001683506248,0.00226592914384,0.000244075859863,0.000276471621323,0.000308867382784,0.00121691800632,0.00189072388176,0.00256452975721,2.21814680152e-05,3.61468073567e-05,5.01121466982e-05,5.20000004768,8,1,9,0,672,0,851,2,50,0,7,0,0,0,0,0,0.001683506248,4.31573503225,0,0,0,0
4,1609059014.16,3,0,1589,1586,2,0,1,0,0,3,0,0,0,0,0,0,0,0.200234706403,0.270058597817,0.339882489231,0.00375446902691,0.00389220897436,0.0040299489218,3.26787241505,4.3109402302,5.35400804534,0.0011064189652,0.00168887004628,0.00227132112737,0.000244048425211,0.000276468238957,0.000308888052703,0.00121691800632,0.00189072388176,0.00256452975721,2.21814680152e-05,3.61468073567e-05,5.01121466982e-05,5.20000004768,8,1,9,0,669,0,854,2,50,0,7,0,0,0,0,0,0.00168887004628,4.3109402302,0,0,0,0
5,1609059014.26,1,0,1604,1603,0,0,1,0,0,1,0,0,0,0,0,0,0,1e+300,0,0,1e+300,0,0,1e+300,0,0,1e+300,0,0,1e+300,0,0,1e+300,0,0,1e+300,0,0,0,0,0,4,0,553,0,975,0,63,0,9,0,0,0,0,0,0,0,0,0,0,0
5,1609059014.26,2,0,1591,1590,0,0,1,0,0,1,0,0,0,0,0,0,0,1e+300,0,0,1e+300,0,0,1e+300,0,0,1e+300,0,0,1e+300,0,0,1e+300,0,0,1e+300,0,0,0,0,0,4,0,543,0,972,0,63,0,9,0,0,0,0,0,0,0,0,0,0,0
5,1609059014.26,3,0,1591,1590,0,0,1,0,0,1,0,0,0,0,0,0,0,1e+300,0,0,1e+300,0,0,1e+300,0,0,1e+300,0,0,1e+300,0,0,1e+300,0,0,1e+300,0,0,0,0,0,4,0,542,0,973,0,63,0,9,0,0,0,0,0,0,0,0,0,0,0
6,1609059014.37,1,0,1660,1658,1,1,0,0,0,1,0,0,0,0,0,0,0,0.104268221131,0.104268221131,0.104268221131,0.000581405350808,0.000581405350808,0.000581405350808,4.32426650912,4.32426650912,4.32426650912,9.67183757981e-05,9.67183757981e-05,9.67183757981e-05,0.000396040333558,0.000396040333558,0.000396040333558,6.51127427489e-05,6.51127427489e-05,6.51127427489e-05,2.35338987026e-05,2.35338987026e-05,2.35338987026e-05,6.40000009537,10,0,2,0,492,0,1075,1,81,0,10,0,0,0,0,0,9.67183757981e-05,4.32426650912,0,0,0,0
6,1609059014.37,2,0,1658,1656,1,1,0,0,0,1,0,0,0,0,0,0,0,0.103895486596,0.103895486596,0.103895486596,0.000581236148671,0.000581236148671,0.000581236148671,4.30943538379,4.30943538379,4.30943538379,9.65516420217e-05,9.65516420217e-05,9.65516420217e-05,0.000396037865198,0.000396037865198,0.000396037865198,6.51127427489e-05,6.51127427489e-05,6.51127427489e-05,2.35338987026e-05,2.35338987026e-05,2.35338987026e-05,6.40000009537,10,0,2,0,497,0,1068,1,81,0,10,0,0,0,0,0,9.65516420217e-05,4.30943538379,0,0,0,0
7,1609059014.46,1,0,1689,1688,1,0,0,0,0,1,0,0,0,0,0,0,0,0.141561543001,0.141561543001,0.141561543001,0.000567033117757,0.000567033117757,0.000567033117757,5.9448523867,5.9448523867,5.9448523867,9.37351213588e-05,9.37351213588e-05,9.37351213588e-05,0.00039604300353,0.00039604300353,0.00039604300353,5.59273420298e-05,5.59273420298e-05,5.59273420298e-05,2.13276508382e-05,2.13276508382e-05,2.13276508382e-05,6.40000009537,10,0,3,0,361,0,1204,1,110,0,11,0,0,0,0,0,9.37351213588e-05,5.9448523867,0,0,0,0
7,1609059014.46,2,0,1687,1686,1,0,0,0,0,1,0,0,0,0,0,0,0,0.141673586809,0.141673586809,0.141673586809,0.000565916403296,0.000565916403296,0.000565916403296,5.95542484099,5.95542484099,5.95542484099,9.2609315993e-05,9.2609315993e-05,9.2609315993e-05,0.000396052094435,0.000396052094435,0.000396052094435,5.59273420298e-05,5.59273420298e-05,5.59273420298e-05,2.13276508382e-05,2.13276508382e-05,2.13276508382e-05,6.40000009537,10,0,2,0,361,0,1203,1,110,0,11,0,0,0,0,0,9.2609315993e-05,5.95542484099,0,0,0,0
8,1609059014.57,1,0,1712,1707,2,1,2,0,0,4,0,0,0,0,0,0,0,0.0487376262453,0.0916087928366,0.134479959428,0.000152611001055,0.000362029065836,0.000571447130617,3.94522205766,4.78541551184,5.62560896601,2.33342097417e-05,5.8507865124e-05,9.36815205064e-05,7.51803446856e-05,0.000235618905641,0.000396057466596,2.51990959916e-05,4.33339892556e-05,6.14688825197e-05,2.02392609947e-05,2.45683058154e-05,2.88973506361e-05,4.20000004768,7.5,0,5,0,318,1,1221,1,156,0,12,0,0,0,2.33342097417e-05,3.94522205766,9.36815205064e-05,5.62560896601,0,0,0,0
8,1609059014.57,2,0,1708,1704,2,1,1,0,0,3,0,0,1,0,1,0,0,0.0425505464327,0.0875744036252,0.132598260818,0.000153749550873,0.000363402752154,0.000573055953434,3.43161228373,4.48535682875,5.53910137377,2.44026431053e-05,5.9852796339e-05,9.53029495728e-05,7.52504611397e-05,0.000235647660743,0.000396044860347,2.51990959916e-05,4.33339892556e-05,6.14688825197e-05,2.02392609947e-05,2.45683058154e-05,2.88973506361e-05,4.20000004768,7.5,0,5,0,318,1,1218,1,155,0,12,0,0,0,2.44026431053e-05,3.43161228373,9.53029495728e-05,5.53910137377,0,0,0,0
9,1609059014.67,1,0,1717,1716,1,0,0,0,0,1,0,0,0,0,0,0,0,0.208295352908,0.208295352908,0.208295352908,0.000561190659031,0.000561190659031,0.000561190659031,8.79274268791,8.79274268791,8.79274268791,8.87684687495e-05,8.87684687495e-05,8.87684687495e-05,0.000396057220553,0.000396057220553,0.000396057220553,5.72811457531e-05,5.72811457531e-05,5.72811457531e-05,1.90838239757e-05,1.90838239757e-05,1.90838239757e-05,6.40000009537,10,0,2,0,288,0,1126,1,288,0,13,0,0,0,0,0,8.87684687495e-05,8.79274268791,0,0,0,0
9,1609059014.67,2,0,1716,1715,1,0,0,0,0,1,0,0,0,0,0,0,0,0.210011402644,0.210011402644,0.210011402644,0.000561020802199,0.000561020802199,0.000561020802199,8.86652398298,8.86652398298,8.86652398298,8.86042525272e-05,8.86042525272e-05,8.86042525272e-05,0.000396051579943,0.000396051579943,0.000396051579943,5.72811457531e-05,5.72811457531e-05,5.72811457531e-05,1.90838239757e-05,1.90838239757e-05,1.90838239757e-05,6.40000009537,10,0,2,0,291,0,1122,1,288,0,13,0,0,0,0,0,8.86042525272e-05,8.86652398298,0,0,0,0
10,1609059014.76,1,0,1723,1722,1,0,0,0,0,1,0,0,0,0,0,0,0,0.0905560348249,0.0905560348249,0.0905560348249,0.000604449171688,0.000604449171688,0.000604449171688,3.68330348923,3.68330348923,3.68330348923,5.2074183009e-05,5.2074183009e-05,5.2074183009e-05,0.000327383191941,0.000327383191941,0.000327383191941,0.000207140600206,0.000207140600206,0.000207140600206,1.78511965314e-05,1.78511965314e-05,1.78511965314e-05,13.6000003815,14,1,0,0,269,0,1084,0,355,1,15,0,0,0,0,0,0,0,5.2074183009e-05,3.68330348923,0,0
10,1609059014.76,2,0,1721,1720,1,0,0,0,0,1,0,0,0,0,0,0,0,0.0925832747432,0.0925832747432,0.0925832747432,0.000604086906856,0.000604086906856,0.000604086906856,3.76688903241,3.76688903241,3.76688903241,5.17654798082e-05,5.17654798082e-05,5.17654798082e-05,0.00032732963031,0.00032732963031,0.00032732963031,0.000207140600206,0.000207140600206,0.000207140600206,1.78511965314e-05,1.78511965314e-05,1.78511965314e-05,13.6000003815,14,1,0,0,266,0,1086,0,354,1,15,0,0,0,0,0,0,0,5.17654798082e-05,3.76688903241,0,0
11,1609059014.85,1,0,1730,1729,1,0,0,0,0,1,0,0,0,0,0,0,0,0.0920832046809,0.0920832046809,0.0920832046809,0.000723410515682,0.000723410515682,0.000723410515682,3.42363940609,3.42363940609,3.42363940609,8.85621631175e-05,8.85621631175e-05,8.85621631175e-05,0.000323655939188,0.000323655939188,0.000323655939188,0.000294497791126,0.000294497791126,0.000294497791126,1.66946222511e-05,1.66946222511e-05,1.66946222511e-05,12.3999996185,15,1,2,0,235,0,1077,0,387,1,29,0,0,0,0,0,0,0,8.85621631175e-05,3.42363940609,0,0
11,1609059014.85,2,0,1724,1723,1,0,0,0,0,1,0,0,0,0,0,0,0,0.0956258519751,0.0956258519751,0.0956258519751,0.000722294133738,0.000722294133738,0.000722294133738,3.5581010156,3.5581010156,3.5581010156,8.73965466994e-05,8.73965466994e-05,8.73965466994e-05,0.000323705173661,0.000323705173661,0.000323705173661,0.000294497791126,0.000294497791126,0.000294497791126,1.66946222511e-05,1.66946222511e-05,1.66946222511e-05,12.3999996185,15,1,2,0,245,0,1063,0,385,1,29,0,0,0,0,0,0,0,8.73965466994e-05,3.5581010156,0,0
12,1609059014.97,1,0,1749,1748,0,1,0,0,0,0,0,0,0,0,0,0,0,1e+300,0,0,1e+300,0,0,1e+300,0,0,1e+300,0,0,1e+300,0,0,1e+300,0,0,1e+300,0,0,0,0,0,1,0,225,0,937,0,551,0,35,0,0,0,0,0,0,0,0,0,0,0
12,1609059014.97,2,0,1746,1745,0,1,0,0,0,0,0,0,0,0,0,0,0,1e+300,0,0,1e+300,0,0,1e+300,0,0,1e+300,0,0,1e+300,0,0,1e+300,0,0,1e+300,0,0,0,0,0,1,0,223,0,938,0,548,0,36,0,0,0,0,0,0,0,0,0,0,0
12,1609059014.97,3,0,1746,1745,0,1,0,0,0,0,0,0,0,0,0,0,0,1e+300,0,0,1e+300,0,0,1e+300,0,0,1e+300,0,0,1e+300,0,0,1e+300,0,0,1e+300,0,0,0,0,0,1,0,222,0,938,0,549,0,36,0,0,0,0,0,0,0,0,0,0,0
13,1609059015.06,1,0,1782,1782,0,0,0,0,0,0,0,0,0,0,0,0,0,1e+300,0,0,1e+300,0,0,1e+300,0,0,1e+300,0,0,1e+300,0,0,1e+300,0,0,1e+300,0,0,0,0,0,0,0,222,0,894,0,621,0,45,0,0,0,0,0,0,0,0,0,0,0
13,1609059015.06,2,0,1780,1780,0,0,0,0,0,0,0,0,0,0,0,0,0,1e+300,0,0,1e+300,0,0,1e+300,0,0,1e+300,0,0,1e+300,0,0,1e+300,0,0,1e+300,0,0,0,0,0,0,0,214,0,911,0,610,0,45,0,0,0,0,0,0,0,0,0,0,0
14,1609059015.16,1,0,1795,1795,0,0,0,0,0,0,0,0,0,0,0,0,0,1e+300,0,0,1e+300,0,0,1e+300,0,0,1e+300,0,0,1e+300,0,0,1e+300,0,0,1e+300,0,0,0,0,0,2,0,181,0,900,0,647,0,65,0,0,0,0,0,0,0,0,0,0,0
14,1609059015.16,2,0,1792,1792,0,0,0,0,0,0,0,0,0,0,0,0,0,1e+300,0,0,1e+300,0,0,1e+300,0,0,1e+300,0,0,1e+300,0,0,1e+300,0,0,1e+300,0,0,0,0,0,2,0,187,0,884,0,653,0,66,0,0,0,0,0,0,0,0,0,0,0
15,1609059015.27,1,0,1798,1798,0,0,0,0,0,0,0,0,0,0,0,0,0,1e+300,0,0,1e+300,0,0,1e+300,0,0,1e+300,0,0,1e+300,0,0,1e+300,0,0,1e+300,0,0,0,0,0,1,0,167,0,818,0,637,0,175,0,0,0,0,0,0,0,0,0,0,0
15,1609059015.27,2,0,1794,1794,0,0,0,0,0,0,0,0,0,0,0,0,0,1e+300,0,0,1e+300,0,0,1e+300,0,0,1e+300,0,0,1e+300,0,0,1e+300,0,0,1e+300,0,0,0,0,0,1,0,164,0,826,0,628,0,175,0,0,0,0,0,0,0,0,0,0,0
15,1609059015.27,3,0,1793,1793,0,0,0,0,0,0,0,0,0,0,0,0,0,1e+300,0,0,1e+300,0,0,1e+300,0,0,1e+300,0,0,1e+300,0,0,1e+300,0,0,1e+300,0,0,0,0,0,1,0,163,0,829,0,625,0,175,0,0,0,0,0,0,0,0,0,0,0
16,1609059015.36,1,0,1800,1799,1,0,0,0,0,1,0,0,0,0,0,0,0,0.0799855449368,0.0799855449368,0.0799855449368,0.000692120552042,0.000692120552042,0.000692120552042,3.04032937248,3.04032937248,3.04032937248,6.19844393393e-05,6.19844393393e-05,6.19844393393e-05,0.000323226534979,0.000323226534979,0.000323226534979,0.000292101223451,0.000292101223451,0.000292101223451,1.4808354273e-05,1.4808354273e-05,1.4808354273e-05,16.3999996185,20,1,0,0,150,0,800,0,644,0,206,1,0,0,0,0,0,0,0,0,6.19844393393e-05,3.04032937248
16,1609059015.36,2,0,1797,1797,0,0,0,0,0,0,0,0,1,0,1,0,0,1e+300,0,0,1e+300,0,0,1e+300,0,0,1e+300,0,0,1e+300,0,0,1e+300,0,0,1e+300,0,0,0,0,0,0,0,151,0,791,0,650,0,205,0,0,0,0,0,0,0,0,0,0,0
17,1609059015.46,1,0,1807,1806,1,0,0,0,0,1,0,0,0,0,0,0,0,0.32169580457,0.32169580457,0.32169580457,0.0111530732765,0.0111530732765,0.0111530732765,3.04612779367,3.04612779367,3.04612779367,0.00144213139841,0.00144213139841,0.00144213139841,7.64866388361e-05,7.64866388361e-05,7.64866388361e-05,0.00962703253052,0.00962703253052,0.00962703253052,7.42270868563e-06,7.42270868563e-06,7.42270868563e-06,11.1999998093,20,1,3,0,140,0,756,0,693,1,215,0,0,0,0,0,0,0,0.00144213139841,3.04612779367,0,0
17,1609059015.46,2,0,1806,1806,0,0,0,0,0,0,0,0,0,0,0,1,1,1e+300,0,0,1e+300,0,0,1e+300,0,0,1e+300,0,0,1e+300,0,0,1e+300,0,0,1e+300,0,0,0,0,0,3,0,141,0,748,0,699,0,215,0,0,0,0,0,0,0,0,0,0,0
17,1609059015.46,3,0,1806,1806,0,0,0,0,0,0,0,0,0,0,0,1,1,1e+300,0,0,1e+300,0,0,1e+300,0,0,1e+300,0,0,1e+300,0,0,1e+300,0,0,1e+300,0,0,0,0,0,3,0,141,0,749,0,698,0,215,0,0,0,0,0,0,0,0,0,0,0
18,1609059015.57,1,0,1825,1824,0,1,0,0,0,0,0,0,0,0,0,0,0,1e+300,0,0,1e+300,0,0,1e+300,0,0,1e+300,0,0,1e+300,0,0,1e+300,0,0,1e+300,0,0,0,0,0,0,0,125,0,725,0,764,0,211,0,0,0,0,0,0,0,0,0,0,0
18,1609059015.57,2,0,1819,1818,0,1,0,0,0,0,0,0,0,0,0,0,0,1e+300,0,0,1e+300,0,0,1e+300,0,0,1e+300,0,0,1e+300,0,0,1e+300,0,0,1e+300,0,0,0,0,0,0,0,123,0,737,0,748,0,211,0,0,0,0,0,0,0,0,0,0,0
18,1609059015.57,3,0,1819,1818,0,1,0,0,0,0,0,0,0,0,0,0,0,1e+300,0,0,1e+300,0,0,1e+300,0,0,1e+300,0,0,1e+300,0,0,1e+300,0,0,1e+300,0,0,0,0,0,0,0,124,0,737,0,747,0,211,0,0,0,0,0,0,0,0,0,0,0
19,1609059015.66,1,0,1837,1837,0,0,0,0,0,0,0,0,0,0,0,0,0,1e+300,0,0,1e+300,0,0,1e+300,0,0,1e+300,0,0,1e+300,0,0,1e+300,0,0,1e+300,0,0,0,0,0,0,0,124,0,689,0,797,0,227,0,0,0,0,0,0,0,0,0,0,0
19,1609059015.66,2,0,1830,1830,0,0,0,0,0,0,0,0,0,0,0,0,0,1e+300,0,0,1e+300,0,0,1e+300,0,0,1e+300,0,0,1e+300,0,0,1e+300,0,0,1e+300,0,0,0,0,0,0,0,125,0,682,0,798,0,225,0,0,0,0,0,0,0,0,0,0,0
20,1609059015.76,1,0,1847,1843,2,1,1,0,0,3,0,0,0,0,0,0,0,0.17425986503,0.242964654561,0.311669444091,0.0020795010739,0.00461556667227,0.00715163227063,3.68545946282,3.75340905172,3.82135864062,0.000527555609525,0.000718988372861,0.000910421136197,0.000201846292139,0.000271742856219,0.000341639420299,0.000949829762229,0.00361050331217,0.00627117686211,1.12603786946e-05,1.43321310163e-05,1.74038833381e-05,12.1999998093,20,1,0,0,126,0,632,0,861,2,228,0,0,0,0,0,0,0,0.000718988372861,3.75340905172,0,0
20,1609059015.76,2,0,1843,1839,2,1,1,0,0,3,0,0,0,0,0,0,0,0.174398234088,0.243515044108,0.312631854129,0.00209591259207,0.0046282245947,0.00716053659732,3.69454058689,3.75196556637,3.80939054584,0.000536409708492,0.000731630466728,0.000926851224964,0.000201827721538,0.000271758684782,0.000341689648025,0.000949829762229,0.00361050331217,0.00627117686211,1.12603786946e-05,1.43321310163e-05,1.74038833381e-05,12.1999998093,20,1,0,0,125,0,632,0,859,2,227,0,0,0,0,0,0,0,0.000731630466728,3.75196556637,0,0
20,1609059015.76,3,0,1843,1839,2,1,1,0,0,3,0,0,0,0,0,0,0,0.174770009154,0.243635821787,0.31250163442,0.00209969444096,0.00462935182536,0.00715900920976,3.69339564309,3.75373370126,3.81407175944,0.00053488207293,0.000732756476294,0.000930630879659,0.000201829915732,0.000271759905875,0.000341689896019,0.000949829762229,0.00361050331217,0.00627117686211,1.12603786946e-05,1.43321310163e-05,1.74038833381e-05,12.1999998093,20,1,0,0,125,0,632,0,860,2,226,0,0,0,0,0,0,0,0.000732756476294,3.75373370126,0,0
21,1609059015.87,1,0,1854,1854,0,0,0,0,0,0,0,0,0,0,0,0,0,1e+300,0,0,1e+300,0,0,1e+300,0,0,1e+300,0,0,1e+300,0,0,1e+300,0,0,1e+300,0,0,0,0,0,1,0,107,0,598,0,922,0,226,0,0,0,0,0,0,0,0,0,0,0
21,1609059015.87,2,0,1851,1851,0,0,0,0,0,0,0,0,0,0,0,0,0,1e+300,0,0,1e+300,0,0,1e+300,0,0,1e+300,0,0,1e+300,0,0,1e+300,0,0,1e+300,0,0,0,0,0,1,0,107,0,598,0,921,0,224,0,0,0,0,0,0,0,0,0,0,0
22,1609059015.96,1,0,1850,1848,2,0,0,0,0,2,0,0,0,0,0,0,0,0.0809101486476,0.179547578577,0.278185008506,0.000694161793109,0.003754504471,0.0068148471489,3.0709492959,3.22038060833,3.36981192075,6.23363534756e-05,0.00024515083545,0.000427965317424,0.000323242230308,0.000332456320979,0.00034167041165,0.000294582475531,0.00316422461322,0.00603386675092,1.13446689076e-05,1.26727013507e-05,1.40007337939e-05,15,20,1,0,0,100,0,563,0,928,1,259,1,0,0,0,0,0,0,0.000427965317424,3.36981192075,6.23363534756e-05,3.0709492959
22,1609059015.96,2,0,1847,1845,2,0,0,0,0,2,0,0,0,0,0,0,0,0.082367050031,0.179766167278,0.277165284524,0.000693293127583,0.00375019545323,0.00680709777888,3.12820398151,3.24378698735,3.35936999319,6.14119356104e-05,0.000240836096789,0.000420260257967,0.000323297982647,0.000332462041865,0.000341626101083,0.000294582475531,0.00316422461322,0.00603386675092,1.13446689076e-05,1.26727013507e-05,1.40007337939e-05,15,20,1,0,0,100,0,564,0,925,1,258,1,0,0,0,0,0,0,0.000420260257967,3.35936999319,6.14119356104e-05,3.12820398151
23,1609059016.06,1,0,1865,1863,2,0,0,0,0,2,0,0,0,0,0,0,0,0.157134403611,0.220447158509,0.283759913406,0.0024760818663,0.00462175064444,0.00676741942257,3.1578302578,3.30359899437,3.44936773095,0.000424175814939,0.00136915666305,0.00231413751117,6.50138816853e-05,0.000203327044312,0.000341640206938,7.34651748907e-05,0.003032065115,0.00599066505511,1.0938345586e-05,1.72018220708e-05,2.34652985557e-05,13,20,0,0,0,88,0,525,0,969,2,283,0,0,0,0,0,0,0,0.00136915666305,3.30359899437,0,0
23,1609059016.06,2,0,1862,1860,2,0,0,0,0,2,0,0,0,0,0,0,0,0.158204623753,0.22136572986,0.284526835967,0.00247281305249,0.00462033754014,0.00676786202779,3.18143848267,3.32000788926,3.45857729584,0.000424617536674,0.00136774189655,0.00231086625642,6.50163226188e-05,0.000203328706521,0.000341641090422,7.34651748907e-05,0.003032065115,0.00599066505511,1.0938345586e-05,1.72018220708e-05,2.34652985557e-05,13,20,0,0,0,88,0,525,0,967,2,282,0,0,0,0,0,0,0,0.00136774189655,3.32000788926,0,0
24,1609059016.17,1,0,1865,1863,2,0,0,0,0,2,0,0,0,0,0,0,0,0.201705298992,0.250311161849,0.298917024707,0.00255023063126,0.00614871418132,0.00974719773138,3.02768551221,3.51093250815,3.99417950408,8.24152180433e-05,0.00107170297086,0.00206099072367,0.000301766968681,0.000321652309052,0.000341537649424,0.00215206107959,0.00474234914301,0.00733263720643,1.20321518578e-05,1.3009758404e-05,1.39873649503e-05,11.4000000954,20,0,1,0,83,0,515,0,973,2,293,0,0,0,0,0,0,0,0.00107170297086,3.51093250815,0,0
24,1609059016.17,2,0,1864,1862,2,0,0,0,0,2,0,0,0,0,0,0,0,0.199920716944,0.250168769172,0.3004168214,0.00254936095911,0.00615320246851,0.0097570439779,3.04134099152,3.50042864594,3.95951630037,8.1545820642e-05,0.00107618405411,0.00207082228757,0.000301766693926,0.000321659512985,0.000341552332043,0.00215206107959,0.00474234914301,0.00733263720643,1.20321518578e-05,1.3009758404e-05,1.39873649503e-05,11.4000000954,20,0,1,0,83,0,511,0,976,2,293,0,0,0,0,0,0,0,0.00107618405411,3.50042864594,0,0
25,1609059016.26,1,0,1869,1869,0,0,0,0,0,0,0,0,0,0,0,0,0,1e+300,0,0,1e+300,0,0,1e+300,0,0,1e+300,0,0,1e+300,0,0,1e+300,0,0,1e+300,0,0,0,0,0,3,0,82,0,507,0,963,0,314,0,0,0,0,0,0,0,0,0,0,0
25,1609059016.26,2,0,1867,1866,1,0,0,0,0,1,0,0,1,1,0,0,0,0.334328665474,0.334328665474,0.334328665474,0.00414985807003,0.00414985807003,0.00414985807003,5.18987613695,5.18987613695,5.18987613695,0.00337314781384,0.00337314781384,0.00337314781384,0.000386806664132,0.000386806664132,0.000386806664132,0.00037680338516,0.00037680338516,0.00037680338516,1.31002069011e-05,1.31002069011e-05,1.31002069011e-05,10.1999998093,20,1,3,0,81,0,516,0,949,1,318,0,0,0,0,0,0,0,0.00337314781384,5.18987613695,0,0
25,1609059016.26,3,0,1867,1866,1,0,0,0,0,1,0,0,0,0,0,0,0,0.333972798937,0.333972798937,0.333972798937,0.00420738579186,0.00420738579186,0.00420738579186,5.14878702844,5.14878702844,5.14878702844,0.00343067755787,0.00343067755787,0.00343067755787,0.000386804641929,0.000386804641929,0.000386804641929,0.00037680338516,0.00037680338516,0.00037680338516,1.31002069011e-05,1.31002069011e-05,1.31002069011e-05,10.1999998093,20,1,3,0,81,0,514,0,951,1,318,0,0,0,0,0,0,0,0.00343067755787,5.14878702844,0,0
26,1609059016.35,1,0,1875,1874,1,0,0,0,0,1,0,0,0,0,0,0,0,0.0354110900691,0.0354110900691,0.0354110900691,0.000130137700841,0.000130137700841,0.000130137700841,3.10411449003,3.10411449003,3.10411449003,1.60024033949e-05,1.60024033949e-05,1.60024033949e-05,7.35437353972e-05,7.35437353972e-05,7.35437353972e-05,2.403669582e-05,2.403669582e-05,2.403669582e-05,1.65548662293e-05,1.65548662293e-05,1.65548662293e-05,5.19999980927,17,1,1,0,78,0,507,1,957,0,332,0,0,0,0,0,1.60024033949e-05,3.10411449003,0,0,0,0
26,1609059016.35,2,0,1869,1869,0,0,0,0,0,0,0,0,1,0,1,0,0,1e+300,0,0,1e+300,0,0,1e+300,0,0,1e+300,0,0,1e+300,0,0,1e+300,0,0,1e+300,0,0,0,0,0,1,0,77,0,503,0,965,0,323,0,0,0,0,0,0,0,0,0,0,0
27,1609059016.47,1,0,1871,1869,1,0,1,0,0,2,0,0,0,0,0,0,0,0.0998874350229,0.0998874350229,0.0998874350229,0.000465397284144,0.000465397284144,0.000465397284144,4.63019134536,4.63019134536,4.63019134536,8.93290292435e-05,8.93290292435e-05,8.93290292435e-05,0.000327274616303,0.000327274616303,0.000327274616303,3.49416910002e-05,3.49416910002e-05,3.49416910002e-05,1.38519475976e-05,1.38519475976e-05,1.38519475976e-05,10.3999996185,18,1,2,0,72,0,485,0,956,1,356,0,0,0,0,0,0,0,8.93290292435e-05,4.63019134536,0,0
27,1609059016.47,2,0,1869,1867,1,0,1,0,0,2,0,0,0,0,0,0,0,0.100961590408,0.100961590408,0.100961590408,0.000471099183176,0.000471099183176,0.000471099183176,4.65157478449,4.65157478449,4.65157478449,9.51589062208e-05,9.51589062208e-05,9.51589062208e-05,0.000327146638357,0.000327146638357,0.000327146638357,3.49416910002e-05,3.49416910002e-05,3.49416910002e-05,1.38519475976e-05,1.38519475976e-05,1.38519475976e-05,10.3999996185,18,1,2,0,70,0,490,0,945,1,362,0,0,0,0,0,0,0,9.51589062208e-05,4.65157478449,0,0
28,1609059016.57,1,0,1884,1883,0,1,0,0,0,0,0,0,0,0,0,0,0,1e+300,0,0,1e+300,0,0,1e+300,0,0,1e+300,0,0,1e+300,0,0,1e+300,0,0,1e+300,0,0,0,0,0,0,0,57,0,512,0,933,0,382,0,0,0,0,0,0,0,0,0,0,0
28,1609059016.57,2,0,1882,1881,0,1,0,0,0,0,0,0,0,0,0,0,0,1e+300,0,0,1e+300,0,0,1e+300,0,0,1e+300,0,0,1e+300,0,0,1e+300,0,0,1e+300,0,0,0,0,0,0,0,58,0,506,0,942,0,376,0,0,0,0,0,0,0,0,0,0,0
29,1609059016.65,1,0,1883,1880,1,0,2,0,0,3,0,0,0,0,0,0,0,0.179102379929,0.179102379929,0.179102379929,0.00237200947957,0.00237200947957,0.00237200947957,3.67741926313,3.67741926313,3.67741926313,0.000701413516263,0.000701413516263,0.000701413516263,0.000271175843608,0.000271175843608,0.000271175843608,0.0013876435861,0.0013876435861,0.0013876435861,1.17765335973e-05,1.17765335973e-05,1.17765335973e-05,9.60000038147,20,1,1,0,63,0,480,0,964,1,375,0,0,0,0,0,0,0,0.000701413516263,3.67741926313,0,0
29,1609059016.65,2,0,1880,1877,1,0,2,0,0,3,0,0,0,0,0,0,0,0.181072458794,0.181072458794,0.181072458794,0.00238324038598,0.00238324038598,0.00238324038598,3.7090994166,3.7090994166,3.7090994166,0.000712802635857,0.000712802635857,0.000712802635857,0.000271017630423,0.000271017630423,0.000271017630423,0.0013876435861,0.0013876435861,0.0013876435861,1.17765335973e-05,1.17765335973e-05,1.17765335973e-05,9.60000038147,20,1,1,0,66,0,483,0,948,1,382,0,0,0,0,0,0,0,0.000712802635857,3.7090994166,0,0
30,1609059016.78,1,0,1904,1904,0,0,0,0,0,0,0,0,0,0,0,0,0,1e+300,0,0,1e+300,0,0,1e+300,0,0,1e+300,0,0,1e+300,0,0,1e+300,0,0,1e+300,0,0,0,0,0,1,0,64,0,510,0,933,0,396,0,0,0,0,0,0,0,0,0,0,0
30,1609059016.78,2,0,1903,1903,0,0,0,0,0,0,0,0,0,0,0,0,0,1e+300,0,0,1e+300,0,0,1e+300,0,0,1e+300,0,0,1e+300,0,0,1e+300,0,0,1e+300,0,0,0,0,0,1,0,64,0,510,0,936,0,392,0,0,0,0,0,0,0,0,0,0,0
30,1609059016.78,3,0,1902,1902,0,0,0,0,0,0,0,0,0,0,0,0,0,1e+300,0,0,1e+300,0,0,1e+300,0,0,1e+300,0,0,1e+300,0,0,1e+300,0,0,1e+300,0,0,0,0,0,1,0,64,0,506,0,940,0,391,0,0,0,0,0,0,0,0,0,0,0
31,1609059016.86,1,0,1897,1897,0,0,0,0,0,0,0,0,0,0,0,0,0,1e+300,0,0,1e+300,0,0,1e+300,0,0,1e+300,0,0,1e+300,0,0,1e+300,0,0,1e+300,0,0,0,0,0,1,0,56,0,474,0,969,0,397,0,0,0,0,0,0,0,0,0,0,0
31,1609059016.86,2,0,1896,1896,0,0,0,0,0,0,0,0,0,0,0,0,0,1e+300,0,0,1e+300,0,0,1e+300,0,0,1e+300,0,0,1e+300,0,0,1e+300,0,0,1e+300,0,0,0,0,0,1,0,56,0,472,0,972,0,395,0,0,0,0,0,0,0,0,0,0,0
32,1609059016.95,1,0,1883,1882,1,0,0,0,0,1,0,0,0,0,0,0,0,0.0722888815998,0.0722888815998,0.0722888815998,0.000560974613289,0.000560974613289,0.000560974613289,3.05210803203,3.05210803203,3.05210803203,2.57980493116e-05,2.57980493116e-05,2.57980493116e-05,0.000325907631156,0.000325907631156,0.000325907631156,0.000197260856342,0.000197260856342,0.000197260856342,1.20080764797e-05,1.20080764797e-05,1.20080764797e-05,20,20,1,0,0,46,0,481,0,941,0,415,1,0,0,0,0,0,0,0,0,2.57980493116e-05,3.05210803203
32,1609059016.95,2,0,1880,1879,1,0,0,0,0,1,0,0,0,0,0,0,0,0.071977153566,0.071977153566,0.071977153566,0.000561207235709,0.000561207235709,0.000561207235709,3.0383166739,3.0383166739,3.0383166739,2.60014108789e-05,2.60014108789e-05,2.60014108789e-05,0.000325936892008,0.000325936892008,0.000325936892008,0.000197260856342,0.000197260856342,0.000197260856342,1.20080764797e-05,1.20080764797e-05,1.20080764797e-05,20,20,1,0,0,46,0,487,0,923,0,424,1,0,0,0,0,0,0,0,0,2.60014108789e-05,3.0383166739
32,1609059016.95,3,0,1879,1878,1,0,0,0,0,1,0,0,0,0,0,0,0,0.0725715601225,0.0725715601225,0.0725715601225,0.000561311304607,0.000561311304607,0.000561311304607,3.06312390848,3.06312390848,3.06312390848,2.60953429416e-05,2.60953429416e-05,2.60953429416e-05,0.000325947028844,0.000325947028844,0.000325947028844,0.000197260856342,0.000197260856342,0.000197260856342,1.20080764797e-05,1.20080764797e-05,1.20080764797e-05,20,20,1,0,0,46,0,495,0,911,0,427,1,0,0,0,0,0,0,0,0,2.60953429416e-05,3.06312390848
33,1609059017.07,1,0,1901,1900,1,0,0,0,0,1,0,0,0,0,0,0,0,0.0881269701261,0.0881269701261,0.0881269701261,0.000847371756178,0.000847371756178,0.000847371756178,3.02741422199,3.02741422199,3.02741422199,0.00010704911566,0.00010704911566,0.00010704911566,4.4886341362e-05,4.4886341362e-05,4.4886341362e-05,0.000688552391243,0.000688552391243,0.000688552391243,6.88390791254e-06,6.88390791254e-06,6.88390791254e-06,9.80000019073,16,1,0,0,59,0,457,0,939,1,446,0,0,0,0,0,0,0,0.00010704911566,3.02741422199,0,0
33,1609059017.07,2,0,1900,1900,0,0,0,0,0,0,0,0,1,0,1,0,0,1e+300,0,0,1e+300,0,0,1e+300,0,0,1e+300,0,0,1e+300,0,0,1e+300,0,0,1e+300,0,0,0,0,0,0,0,59,0,457,0,946,0,438,0,0,0,0,0,0,0,0,0,0,0
34,1609059017.16,1,0,1902,1901,1,0,0,0,0,1,0,0,0,0,0,0,0,0.0950441879455,0.0950441879455,0.0950441879455,0.000562783468875,0.000562783468875,0.000562783468875,4.00640545407,4.00640545407,4.00640545407,2.55812926213e-05,2.55812926213e-05,2.55812926213e-05,0.000325927044962,0.000325927044962,0.000325927044962,0.000198791844989,0.000198791844989,0.000198791844989,1.24832863022e-05,1.24832863022e-05,1.24832863022e-05,20,20,1,0,0,48,0,460,0,947,0,447,1,0,0,0,0,0,0,0,0,2.55812926213e-05,4.00640545407
34,1609059017.16,2,0,1901,1900,1,0,0,0,0,1,0,0,0,0,0,0,0,0.0951025864378,0.0951025864378,0.0951025864378,0.00066596649359,0.00066596649359,0.00066596649359,3.68524307392,3.68524307392,3.68524307392,4.47994904021e-05,4.47994904021e-05,4.47994904021e-05,0.0003235769631,0.0003235769631,0.0003235769631,0.000284976331226,0.000284976331226,0.000284976331226,1.26137088619e-05,1.26137088619e-05,1.26137088619e-05,16.6000003815,20,1,0,0,49,0,463,0,940,0,449,1,0,0,0,0,0,0,0,0,4.47994904021e-05,3.68524307392
35,1609059017.25,1,0,1928,1928,0,0,0,0,0,0,0,0,0,0,0,0,0,1e+300,0,0,1e+300,0,0,1e+300,0,0,1e+300,0,0,1e+300,0,0,1e+300,0,0,1e+300,0,0,0,0,0,0,0,41,0,482,0,953,0,452,0,0,0,0,0,0,0,0,0,0,0
35,1609059017.25,2,0,1925,1925,0,0,0,0,0,0,0,0,0,0,0,0,0,1e+300,0,0,1e+300,0,0,1e+300,0,0,1e+300,0,0,1e+300,0,0,1e+300,0,0,1e+300,0,0,0,0,0,0,0,41,0,496,0,932,0,456,0,0,0,0,0,0,0,0,0,0,0
35,1609059017.25,3,0,1925,1925,0,0,0,0,0,0,0,0,0,0,0,0,0,1e+300,0,0,1e+300,0,0,1e+300,0,0,1e+300,0,0,1e+300,0,0,1e+300,0,0,1e+300,0,0,0,0,0,0,0,41,0,495,0,933,0,456,0,0,0,0,0,0,0,0,0,0,0
36,1609059017.37,1,0,1921,1919,2,0,0,0,0,2,0,0,0,0,0,0,0,0.0747232698572,0.081489257825,0.0882552457928,0.000563957452426,0.000580475353103,0.000596993253781,3.05823712763,3.38729677437,3.71635642111,2.56573057829e-05,6.70549846229e-05,0.000108452663463,0.000325935962734,0.000328519677686,0.000331103392638,0.000110750158623,0.000171465776999,0.000232181395375,1.32185898883e-05,1.34349137951e-05,1.36512377018e-05,14.4000000954,20,2,1,0,40,0,463,1,929,0,488,1,0,0,0,0,0.000108452663463,3.71635642111,0,0,2.56573057829e-05,3.05823712763
36,1609059017.37,2,0,1919,1917,2,0,0,0,0,2,0,0,0,0,0,0,0,0.0739656175779,0.0805189927636,0.0870723679492,0.000558972516715,0.000578012934463,0.000597053352212,3.02707594709,3.35496762499,3.6828593029,2.57410480183e-05,6.45873310857e-05,0.000103433614153,0.00032591231893,0.000328524912584,0.000331137506237,0.000110750158623,0.000171465776999,0.000232181395375,1.32185898883e-05,1.34349137951e-05,1.36512377018e-05,14.4000000954,20,2,1,0,38,0,463,1,937,0,480,1,0,0,0,0,0.000103433614153,3.6828593029,0,0,2.57410480183e-05,3.02707594709
37,1609059017.46,1,0,1922,1919,3,0,0,0,0,3,0,0,0,0,0,0,0,0.0276609164487,0.0674181797383,0.102926194936,8.46763969715e-05,0.000385027327225,0.000558281970318,3.00597510648,3.52910737497,4.54818913866,4.71296990888e-06,3.55700593868e-05,7.62450435503e-05,6.11961415384e-05,0.000239422262059,0.000331166495335,2.58804804608e-06,9.63474821766e-05,0.000194366603384,1.22590529296e-05,1.36875236025e-05,1.61792374781e-05,11.7333334287,20,2,0,0,39,0,455,2,944,0,484,1,0,0,0,0,4.04790067296e-05,3.77708212257,0,0,2.5752164701e-05,3.03315787976
37,1609059017.46,2,0,1921,1919,2,0,0,0,0,2,0,0,1,0,1,0,0,0.0734311673769,0.0887858360328,0.104140504689,0.00051381609478,0.000536257422016,0.000558698749253,3.10664467227,3.85045369411,4.59426271596,2.61108507396e-05,5.20780074402e-05,7.80451641408e-05,0.0003259622422,0.00032851054867,0.00033105885514,9.20877950993e-05,0.000143227199242,0.000194366603384,1.22590529296e-05,1.24416666646e-05,1.26242803996e-05,14.4000000954,20,1,0,0,37,0,465,1,927,0,492,1,0,0,0,0,7.80451641408e-05,4.59426271596,0,0,2.61108507396e-05,3.10664467227
37,1609059017.46,3,0,1918,1916,2,0,0,0,0,2,0,0,0,0,0,0,0,0.0740878613892,0.0893842340261,0.104680606663,0.000513928218444,0.000536377856159,0.000558827493875,3.13406627582,3.87582617,4.61758606419,2.62273390772e-05,5.22050965284e-05,7.81828539796e-05,0.000325974498483,0.000328503893724,0.000331033288965,9.20877950993e-05,0.000143227199242,0.000194366603384,1.22590529296e-05,1.24416666646e-05,1.26242803996e-05,14.4000000954,20,1,0,0,37,0,462,1,930,0,489,1,0,0,0,0,7.81828539796e-05,4.61758606419,0,0,2.62273390772e-05,3.13406627582
38,1609059017.55,1,0,1919,1917,2,0,0,0,0,2,0,0,0,0,0,0,0,0.0890065648848,0.116999264554,0.144991964223,0.000541708366593,0.0010555103214,0.00156931227621,3.66006878467,3.742128543,3.82418830133,0.000103523961134,0.000252738029246,0.000401952097358,0.000221717313746,0.000276383684415,0.000331050055085,9.47298842028e-05,0.000512521662259,0.000930313440316,1.24044661714e-05,1.38669454805e-05,1.53294247896e-05,12,20,2,0,0,41,0,455,1,924,0,499,1,0,0,0,0,0.000103523961134,3.82418830133,0,0,0.000401952097358,3.66006878467
38,1609059017.55,2,0,1917,1915,2,0,0,0,0,2,0,0,0,0,0,0,0,0.0886317616449,0.116915072634,0.145198383624,0.000539634369706,0.0010559734134,0.00157231245709,3.66178089212,3.73858827106,3.81539565,0.000101470137867,0.000253199993935,0.000404929850004,0.000221739741979,0.000276384811722,0.000331029881465,9.47298842028e-05,0.000512521662259,0.000930313440316,1.24044661714e-05,1.38669454805e-05,1.53294247896e-05,12,20,2,0,0,41,0,452,1,925,0,499,1,0,0,0,0,0.000101470137867,3.81539565,0,0,0.000404929850004,3.66178089212
39,1609059017.66,1,0,1921,1919,2,0,0,0,0,2,0,0,0,0,0,0,0,0.0878196340494,0.123304049255,0.15878846446,0.000558664810701,0.00115057201118,0.00174247921166,3.71548886964,3.75972095166,3.80395303367,0.000104134285051,0.000268670533225,0.0004332067814,0.00022035295849,0.000275695502285,0.00033103804608,0.000109985463471,0.000591236420911,0.00107248737835,1.35070160986e-05,1.4969554761e-05,1.64320934234e-05,12.0999999046,20,2,0,0,40,0,440,1,920,0,521,1,0,0,0,0,0.000104134285051,3.71548886964,0,0,0.0004332067814,3.80395303367
39,1609059017.66,2,0,1921,1919,2,0,0,0,0,2,0,0,0,0,0,0,0,0.0882040712583,0.122833286024,0.15746250079,0.000566366883506,0.00115062955277,0.00173489222203,3.70629262743,3.74335998041,3.78042733339,0.000111831117507,0.000268709105546,0.000425587093585,0.000220385656674,0.000275714471551,0.000331043286429,0.000109985463471,0.000591236420911,0.00107248737835,1.35070160986e-05,1.4969554761e-05,1.64320934234e-05,12.0999999046,20,2,0,0,40,0,438,1,922,0,521,1,0,0,0,0,0.000111831117507,3.70629262743,0,0,0.000425587093585,3.78042733339
39,1609059017.66,3,0,1920,1918,2,0,0,0,0,2,0,0,0,0,0,0,0,0.0883534817801,0.122880422936,0.157407364091,0.000566524083957,0.00115055773535,0.00173459138674,3.71205566343,3.7457434738,3.77943128416,0.000111967582981,0.000268637259827,0.000425306936672,0.000220364978299,0.000275714499852,0.000331064021405,0.000109985463471,0.000591236420911,0.00107248737835,1.35070160986e-05,1.4969554761e-05,1.64320934234e-05,12.0999999046,20,2,0,0,40,0,437,1,921,0,522,1,0,0,0,0,0.000111967582981,3.71205566343,0,0,0.000425306936672,3.77943128416
40,1609059017.76,1,0,1919,1914,5,0,0,0,0,5,0,0,0,0,0,0,0,0.0315332381753,0.133030988663,0.288492779477,8.7412740772e-05,0.00219293303981,0.0082096990928,3.18398731054,3.81576756719,5.30929497168,7.09484523016e-06,0.000436086018131,0.00165488798665,6.03530104027e-05,0.000251444973423,0.000361077523444,3.01037154111e-06,0.00149241920659,0.00620396920797,9.97785421976e-06,1.29828416729e-05,1.6954513598e-05,13.4800001144,20,3,0,0,41,0,425,2,927,0,526,3,0,0,0,0,5.3305510341e-05,4.34101103644,0,0,0.000691273023325,3.46560525436
40,1609059017.76,2,0,1918,1913,5,0,0,0,0,5,0,0,0,0,0,0,0,0.0323557713061,0.135475223748,0.287377467565,8.7472756335e-05,0.00219640624088,0.0082172440191,3.17022160517,3.87577574951,5.22509332267,7.17638825372e-06,0.000439009325141,0.00166240519276,6.03314829422e-05,0.000261707924106,0.000361065517696,3.01037154111e-06,0.00148216450146,0.00620396920797,9.97785421976e-06,1.35244901709e-05,1.6954513598e-05,13.3600000381,20,3,0,0,43,0,416,2,935,0,524,3,0,0,0,0,5.40972642488e-05,4.34230469218,0,0,0.000695617365735,3.56475645441
41,1609059017.86,1,0,1942,1942,0,0,0,0,0,0,0,0,0,0,0,0,0,1e+300,0,0,1e+300,0,0,1e+300,0,0,1e+300,0,0,1e+300,0,0,1e+300,0,0,1e+300,0,0,0,0,0,0,0,28,0,431,0,954,0,529,0,0,0,0,0,0,0,0,0,0,0
41,1609059017.86,2,0,1942,1942,0,0,0,0,0,0,0,0,0,0,0,0,0,1e+300,0,0,1e+300,0,0,1e+300,0,0,1e+300,0,0,1e+300,0,0,1e+300,0,0,1e+300,0,0,0,0,0,0,0,29,0,436,0,945,0,532,0,0,0,0,0,0,0,0,0,0,0
42,1609059017.97,1,0,1938,1937,1,0,0,0,0,1,0,0,0,0,0,0,0,0.129761971682,0.129761971682,0.129761971682,0.00171204223725,0.00171204223725,0.00171204223725,3.13610213729,3.13610213729,3.13610213729,0.000370683239373,0.000370683239373,0.000370683239373,0.000222868109652,0.000222868109652,0.000222868109652,0.00110258444213,0.00110258444213,0.00110258444213,1.59064460887e-05,1.59064460887e-05,1.59064460887e-05,15.8000001907,20,1,3,0,25,0,409,0,945,0,556,1,0,0,0,0,0,0,0,0,0.000370683239373,3.13610213729
42,1609059017.97,2,0,1937,1936,1,0,0,0,0,1,0,0,0,0,0,0,0,0.133424298491,0.133424298491,0.133424298491,0.00171795062493,0.00171795062493,0.00171795062493,3.21906383679,3.21906383679,3.21906383679,0.00037659473315,0.00037659473315,0.00037659473315,0.000222865003556,0.000222865003556,0.000222865003556,0.00110258444213,0.00110258444213,0.00110258444213,1.59064460887e-05,1.59064460887e-05,1.59064460887e-05,15.8000001907,20,1,3,0,25,0,413,0,945,0,551,1,0,0,0,0,0,0,0,0,0.00037659473315,3.21906383679
43,1609059018.06,1,0,1948,1948,0,0,0,0,0,0,0,0,0,0,0,0,0,1e+300,0,0,1e+300,0,0,1e+300,0,0,1e+300,0,0,1e+300,0,0,1e+300,0,0,1e+300,0,0,0,0,0,1,0,36,0,414,0,918,0,579,0,0,0,0,0,0,0,0,0,0,0
43,1609059018.06,2,0,1948,1948,0,0,0,0,0,0,0,0,0,0,0,0,0,1e+300,0,0,1e+300,0,0,1e+300,0,0,1e+300,0,0,1e+300,0,0,1e+300,0,0,1e+300,0,0,0,0,0,1,0,38,0,414,0,919,0,576,0,0,0,0,0,0,0,0,0,0,0
43,1609059018.06,3,0,1948,1948,0,0,0,0,0,0,0,0,0,0,0,0,0,1e+300,0,0,1e+300,0,0,1e+300,0,0,1e+300,0,0,1e+300,0,0,1e+300,0,0,1e+300,0,0,0,0,0,1,0,38,0,415,0,916,0,578,0,0,0,0,0,0,0,0,0,0,0
44,1609059018.15,1,0,1925,1924,1,0,0,0,0,1,0,0,0,0,0,0,0,0.087241516033,0.087241516033,0.087241516033,0.000548694241324,0.000548694241324,0.000548694241324,3.7244144486,3.7244144486,3.7244144486,2.61697970467e-05,2.61697970467e-05,2.61697970467e-05,0.000325957294506,0.000325957294506,0.000325957294506,0.000185348705951,0.000185348705951,0.000185348705951,1.12184438209e-05,1.12184438209e-05,1.12184438209e-05,20,20,1,0,0,26,0,401,0,919,0,579,1,0,0,0,0,0,0,0,0,2.61697970467e-05,3.7244144486
44,1609059018.15,2,0,1924,1923,1,0,0,0,0,1,0,0,0,0,0,0,0,0.0871078657806,0.0871078657806,0.0871078657806,0.000548704890241,0.000548704890241,0.000548704890241,3.71867272042,3.71867272042,3.71867272042,2.61881161612e-05,2.61881161612e-05,2.61881161612e-05,0.000325949624308,0.000325949624308,0.000325949624308,0.000185348705951,0.000185348705951,0.000185348705951,1.12184438209e-05,1.12184438209e-05,1.12184438209e-05,20,20,1,0,0,27,0,401,0,921,0,575,1,0,0,0,0,0,0,0,0,2.61881161612e-05,3.71867272042
45,1609059018.27,1,0,1956,1956,0,0,0,0,0,0,0,0,0,0,0,0,0,1e+300,0,0,1e+300,0,0,1e+300,0,0,1e+300,0,0,1e+300,0,0,1e+300,0,0,1e+300,0,0,0,0,0,1,0,28,0,407,0,938,0,582,0,0,0,0,0,0,0,0,0,0,0
45,1609059018.27,2,0,1952,1952,0,0,0,0,0,0,0,0,0,0,0,0,0,1e+300,0,0,1e+300,0,0,1e+300,0,0,1e+300,0,0,1e+300,0,0,1e+300,0,0,1e+300,0,0,0,0,0,1,0,30,0,409,0,926,0,586,0,0,0,0,0,0,0,0,0,0,0
45,1609059018.27,3,0,1952,1952,0,0,0,0,0,0,0,0,0,0,0,0,0,1e+300,0,0,1e+300,0,0,1e+300,0,0,1e+300,0,0,1e+300,0,0,1e+300,0,0,1e+300,0,0,0,0,0,1,0,30,0,406,0,929,0,586,0,0,0,0,0,0,0,0,0,0,0
46,1609059018.36,1,0,1942,1942,0,0,0,0,0,0,0,0,0,0,0,0,0,1e+300,0,0,1e+300,0,0,1e+300,0,0,1e+300,0,0,1e+300,0,0,1e+300,0,0,1e+300,0,0,0,0,0,2,0,26,0,397,0,932,0,585,0,0,0,0,0,0,0,0,0,0,0
46,1609059018.36,2,0,1941,1941,0,0,0,0,0,0,0,0,0,0,0,0,0,1e+300,0,0,1e+300,0,0,1e+300,0,0,1e+300,0,0,1e+300,0,0,1e+300,0,0,1e+300,0,0,0,0,0,2,0,27,0,392,0,938,0,582,0,0,0,0,0,0,0,0,0,0,0
46,1609059018.36,3,0,1941,1941,0,0,0,0,0,0,0,0,0,0,0,0,0,1e+300,0,0,1e+300,0,0,1e+300,0,0,1e+300,0,0,1e+300,0,0,1e+300,0,0,1e+300,0,0,0,0,0,2,0,27,0,392,0,938,0,582,0,0,0,0,0,0,0,0,0,0,0
47,1609059018.45,1,0,1956,1956,0,0,0,0,0,0,0,0,0,0,0,0,0,1e+300,0,0,1e+300,0,0,1e+300,0,0,1e+300,0,0,1e+300,0,0,1e+300,0,0,1e+300,0,0,0,0,0,2,0,29,0,400,0,929,0,596,0,0,0,0,0,0,0,0,0,0,0
47,1609059018.45,2,0,1955,1955,0,0,0,0,0,0,0,0,0,0,0,0,0,1e+300,0,0,1e+300,0,0,1e+300,0,0,1e+300,0,0,1e+300,0,0,1e+300,0,0,1e+300,0,0,0,0,0,2,0,31,0,397,0,924,0,601,0,0,0,0,0,0,0,0,0,0,0
48,1609059018.57,1,0,1961,1960,1,0,0,0,0,1,0,0,0,0,0,0,0,0.285479158194,0.285479158194,0.285479158194,0.00903833280576,0.00903833280576,0.00903833280576,3.00282652242,3.00282652242,3.00282652242,0.00150911854067,0.00150911854067,0.00150911854067,0.000340754355331,0.000340754355331,0.000340754355331,0.00717802400197,0.00717802400197,0.00717802400197,1.04359077937e-05,1.04359077937e-05,1.04359077937e-05,16.3999996185,20,0,0,0,27,0,406,0,909,0,619,1,0,0,0,0,0,0,0,0,0.00150911854067,3.00282652242
48,1609059018.57,2,0,1961,1961,0,0,0,0,0,0,0,0,0,0,0,0,0,1e+300,0,0,1e+300,0,0,1e+300,0,0,1e+300,0,0,1e+300,0,0,1e+300,0,0,1e+300,0,0,0,0,0,0,0,27,0,405,0,905,0,624,0,0,0,0,0,0,0,0,0,0,0
48,1609059018.57,3,0,1961,1961,0,0,0,0,0,0,0,0,0,0,0,0,0,1e+300,0,0,1e+300,0,0,1e+300,0,0,1e+300,0,0,1e+300,0,0,1e+300,0,0,1e+300,0,0,0,0,0,0,0,27,0,407,0,905,0,622,0,0,0,0,0,0,0,0,0,0,0
49,1609059018.66,1,0,1957,1956,0,1,0,0,0,0,0,0,0,0,0,0,0,1e+300,0,0,1e+300,0,0,1e+300,0,0,1e+300,0,0,1e+300,0,0,1e+300,0,0,1e+300,0,0,0,0,0,1,0,19,0,395,0,919,0,623,0,0,0,0,0,0,0,0,0,0,0
49,1609059018.66,2,0,1956,1955,0,1,0,0,0,0,0,0,0,0,0,0,0,1e+300,0,0,1e+300,0,0,1e+300,0,0,1e+300,0,0,1e+300,0,0,1e+300,0,0,1e+300,0,0,0,0,0,1,0,20,0,389,0,932,0,614,0,0,0,0,0,0,0,0,0,0,0
50,1609059018.75,1,0,1957,1957,0,0,0,0,0,0,0,0,0,0,0,0,0,1e+300,0,0,1e+300,0,0,1e+300,0,0,1e+300,0,0,1e+300,0,0,1e+300,0,0,1e+300,0,0,0,0,0,0,0,27,0,381,0,944,0,605,0,0,0,0,0,0,0,0,0,0,0
50,1609059018.75,2,0,1955,1955,0,0,0,0,0,0,0,0,0,0,0,0,0,1e+300,0,0,1e+300,0,0,1e+300,0,0,1e+300,0,0,1e+300,0,0,1e+300,0,0,1e+300,0,0,0,0,0,0,0,27,0,383,0,937,0,608,0,0,0,0,0,0,0,0,0,0,0
51,1609059018.87,1,0,1960,1960,0,0,0,0,0,0,0,0,0,0,0,0,0,1e+300,0,0,1e+300,0,0,1e+300,0,0,1e+300,0,0,1e+300,0,0,1e+300,0,0,1e+300,0,0,0,0,0,0,0,22,0,388,0,925,0,625,0,0,0,0,0,0,0,0,0,0,0
51,1609059018.87,2,0,1960,1960,0,0,0,0,0,0,0,0,0,0,0,0,0,1e+300,0,0,1e+300,0,0,1e+300,0,0,1e+300,0,0,1e+300,0,0,1e+300,0,0,1e+300,0,0,0,0,0,0,0,22,0,387,0,926,0,625,0,0,0,0,0,0,0,0,0,0,0
52,1609059018.96,1,0,1966,1964,2,0,0,0,0,2,0,0,0,0,0,0,0,0.197295685318,0.247833052685,0.298370420052,0.00398900284575,0.00594943230431,0.00790986176288,3.12381578166,3.23932598436,3.35483618706,0.0010989250229,0.00134806374068,0.00159720245845,0.000239469849066,0.000290113941914,0.000340758034763,0.00263377428319,0.00429806457884,0.00596235487449,9.54639517088e-06,1.3190042879e-05,1.68336905872e-05,12.5999999046,20,1,0,0,19,0,380,1,935,0,632,1,0,0,0,0,0.0010989250229,3.12381578166,0,0,0.00159720245845,3.35483618706
52,1609059018.96,2,0,1964,1962,2,0,0,0,0,2,0,0,0,0,0,0,0,0.196895589061,0.247792604021,0.298689618981,0.00396991884573,0.00596710201353,0.00796428518133,3.12496510797,3.2359479325,3.34693075704,0.00107989192408,0.00136575471996,0.00165161751585,0.000239418947875,0.000290092671848,0.000340766395821,0.00263377428319,0.00429806457884,0.00596235487449,9.54639517088e-06,1.3190042879e-05,1.68336905872e-05,12.5999999046,20,1,0,0,19,0,375,1,941,0,629,1,0,0,0,0,0.00107989192408,3.12496510797,0,0,0.00165161751585,3.34693075704
53,1609059019.05,1,0,1961,1961,0,0,0,0,0,0,0,0,0,0,0,0,0,1e+300,0,0,1e+300,0,0,1e+300,0,0,1e+300,0,0,1e+300,0,0,1e+300,0,0,1e+300,0,0,0,0,0,0,0,20,0,380,0,925,0,636,0,0,0,0,0,0,0,0,0,0,0
53,1609059019.05,2,0,1959,1959,0,0,0,0,0,0,0,0,0,0,0,0,0,1e+300,0,0,1e+300,0,0,1e+300,0,0,1e+300,0,0,1e+300,0,0,1e+300,0,0,1e+300,0,0,0,0,0,0,0,20,0,379,0,922,0,638,0,0,0,0,0,0,0,0,0,0,0
54,1609059019.17,1,0,1951,1950,1,0,0,0,0,1,0,0,0,0,0,0,0,0.0913053574735,0.0913053574735,0.0913053574735,0.000614978292438,0.000614978292438,0.000614978292438,3.68185234661,3.68185234661,3.68185234661,0.000221551779318,0.000221551779318,0.000221551779318,0.000303125622807,0.000303125622807,0.000303125622807,7.58567285202e-05,7.58567285202e-05,7.58567285202e-05,1.44441617941e-05,1.44441617941e-05,1.44441617941e-05,9.19999980927,19,0,2,0,20,0,368,0,917,1,644,0,0,0,0,0,0,0,0.000221551779318,3.68185234661,0,0
54,1609059019.17,2,0,1948,1947,1,0,0,0,0,1,0,0,0,0,0,0,0,0.109230247993,0.109230247993,0.109230247993,0.000758366291792,0.000758366291792,0.000758366291792,3.96646301544,3.96646301544,3.96646301544,0.000298586517539,0.000298586517539,0.000298586517539,0.000392109308532,0.000392109308532,0.000392109308532,5.50626058445e-05,5.50626058445e-05,5.50626058445e-05,1.26078598762e-05,1.26078598762e-05,1.26078598762e-05,7,13,0,2,0,21,0,366,1,915,0,644,0,0,0,0,0,0.000298586517539,3.96646301544,0,0,0,0
54,1609059019.17,3,0,1948,1947,1,0,0,0,0,1,0,0,0,0,0,0,0,0.109284899414,0.109284899414,0.109284899414,0.000756455793437,0.000756455793437,0.000756455793437,3.97345574367,3.97345574367,3.97345574367,0.000296673752702,0.000296673752702,0.000296673752702,0.000392111575014,0.000392111575014,0.000392111575014,5.50626058445e-05,5.50626058445e-05,5.50626058445e-05,1.26078598762e-05,1.26078598762e-05,1.26078598762e-05,7,13,0,2,0,21,0,365,1,916,0,644,0,0,0,0,0,0.000296673752702,3.97345574367,0,0,0,0
55,1609059019.26,1,0,1951,1950,1,0,0,0,0,1,0,0,0,0,0,0,0,0.233281557104,0.233281557104,0.233281557104,0.00285100355102,0.00285100355102,0.00285100355102,4.3689947853,4.3689947853,4.3689947853,0.00169463371193,0.00169463371193,0.00169463371193,0.000379809990081,0.000379809990081,0.000379809990081,0.000764541097238,0.000764541097238,0.000764541097238,1.20187517734e-05,1.20187517734e-05,1.20187517734e-05,8,20,0,1,0,21,0,359,1,912,0,658,0,0,0,0,0,0.00169463371193,4.3689947853,0,0,0,0
55,1609059019.26,2,0,1949,1948,1,0,0,0,0,1,0,0,0,0,0,0,0,0.232436880481,0.232436880481,0.232436880481,0.00284171252249,0.00284171252249,0.00284171252249,4.36028591138,4.36028591138,4.36028591138,0.00168533449748,0.00168533449748,0.00168533449748,0.000379818176001,0.000379818176001,0.000379818176001,0.000764541097238,0.000764541097238,0.000764541097238,1.20187517734e-05,1.20187517734e-05,1.20187517734e-05,8,20,0,1,0,21,0,372,1,892,0,663,0,0,0,0,0,0.00168533449748,4.36028591138,0,0,0,0
56,1609059019.35,1,0,1958,1957,0,1,0,0,0,0,0,0,0,0,0,0,0,1e+300,0,0,1e+300,0,0,1e+300,0,0,1e+300,0,0,1e+300,0,0,1e+300,0,0,1e+300,0,0,0,0,0,0,0,26,0,348,0,911,0,673,0,0,0,0,0,0,0,0,0,0,0
56,1609059019.35,2,0,1958,1957,0,1,0,0,0,0,0,0,0,0,0,0,0,1e+300,0,0,1e+300,0,0,1e+300,0,0,1e+300,0,0,1e+300,0,0,1e+300,0,0,1e+300,0,0,0,0,0,0,0,27,0,353,0,912,0,666,0,0,0,0,0,0,0,0,0,0,0
57,1609059019.47,1,0,1970,1969,1,0,0,0,0,1,0,0,0,0,0,0,0,0.312739082897,0.312739082897,0.312739082897,0.00436678158889,0.00436678158889,0.00436678158889,4.73261769264,4.73261769264,4.73261769264,0.000262204405275,0.000262204405275,0.000262204405275,6.02807620918e-06,6.02807620918e-06,6.02807620918e-06,0.00408492834816,0.00408492834816,0.00408492834816,1.36207592441e-05,1.36207592441e-05,1.36207592441e-05,11,20,0,0,0,24,0,358,0,911,1,677,0,0,0,0,0,0,0,0.000262204405275,4.73261769264,0,0
57,1609059019.47,2,0,1965,1964,1,0,0,0,0,1,0,0,0,0,0,0,0,0.30967380269,0.30967380269,0.30967380269,0.00436456055265,0.00436456055265,0.00436456055265,4.68742363563,4.68742363563,4.68742363563,0.000259990393575,0.000259990393575,0.000259990393575,6.02105166275e-06,6.02105166275e-06,6.02105166275e-06,0.00408492834816,0.00408492834816,0.00408492834816,1.36207592441e-05,1.36207592441e-05,1.36207592441e-05,11,20,0,0,0,21,0,358,0,921,1,665,0,0,0,0,0,0,0,0.000259990393575,4.68742363563,0,0
57,1609059019.47,3,0,1965,1964,1,0,0,0,0,1,0,0,0,0,0,0,0,0.309921510811,0.309921510811,0.309921510811,0.00436976964582,0.00436976964582,0.00436976964582,4.6883761576,4.6883761576,4.6883761576,0.000265197831793,0.000265197831793,0.000265197831793,6.02270662381e-06,6.02270662381e-06,6.02270662381e-06,0.00408492834816,0.00408492834816,0.00408492834816,1.36207592441e-05,1.36207592441e-05,1.36207592441e-05,11,20,0,0,0,22,0,360,0,915,1,668,0,0,0,0,0,0,0,0.000265197831793,4.6883761576,0,0
58,1609059019.56,1,0,1963,1963,0,0,0,0,0,0,0,0,0,0,0,0,0,1e+300,0,0,1e+300,0,0,1e+300,0,0,1e+300,0,0,1e+300,0,0,1e+300,0,0,1e+300,0,0,0,0,0,0,0,15,0,356,0,922,0,670,0,0,0,0,0,0,0,0,0,0,0
58,1609059019.56,2,0,1963,1963,0,0,0,0,0,0,0,0,0,0,0,0,0,1e+300,0,0,1e+300,0,0,1e+300,0,0,1e+300,0,0,1e+300,0,0,1e+300,0,0,1e+300,0,0,0,0,0,0,0,16,0,353,0,925,0,669,0,0,0,0,0,0,0,0,0,0,0
58,1609059019.56,3,0,1963,1963,0,0,0,0,0,0,0,0,0,0,0,0,0,1e+300,0,0,1e+300,0,0,1e+300,0,0,1e+300,0,0,1e+300,0,0,1e+300,0,0,1e+300,0,0,0,0,0,0,0,16,0,353,0,925,0,669,0,0,0,0,0,0,0,0,0,0,0
59,1609059019.65,1,0,1982,1982,0,0,0,0,0,0,0,0,0,0,0,0,0,1e+300,0,0,1e+300,0,0,1e+300,0,0,1e+300,0,0,1e+300,0,0,1e+300,0,0,1e+300,0,0,0,0,0,0,0,17,0,356,0,937,0,672,0,0,0,0,0,0,0,0,0,0,0
59,1609059019.65,2,0,1980,1980,0,0,0,0,0,0,0,0,0,0,0,0,0,1e+300,0,0,1e+300,0,0,1e+300,0,0,1e+300,0,0,1e+300,0,0,1e+300,0,0,1e+300,0,0,0,0,0,0,0,17,0,358,0,929,0,676,0,0,0,0,0,0,0,0,0,0,0
59,1609059019.65,3,0,1980,1980,0,0,0,0,0,0,0,0,0,0,0,0,0,1e+300,0,0,1e+300,0,0,1e+300,0,0,1e+300,0,0,1e+300,0,0,1e+300,0,0,1e+300,0,0,0,0,0,0,0,17,0,358,0,929,0,676,0,0,0,0,0,0,0,0,0,0,0
60,1609059019.76,1,0,1979,1979,0,0,0,0,0,0,0,0,0,0,0,0,0,1e+300,0,0,1e+300,0,0,1e+300,0,0,1e+300,0,0,1e+300,0,0,1e+300,0,0,1e+300,0,0,0,0,0,0,0,16,0,349,0,922,0,692,0,0,0,0,0,0,0,0,0,0,0
60,1609059019.76,2,0,1977,1977,0,0,0,0,0,0,0,0,0,0,0,0,0,1e+300,0,0,1e+300,0,0,1e+300,0,0,1e+300,0,0,1e+300,0,0,1e+300,0,0,1e+300,0,0,0,0,0,0,0,15,0,350,0,925,0,687,0,0,0,0,0,0,0,0,0,0,0
61,1609059019.86,1,0,1971,1970,0,1,0,0,0,0,0,0,0,0,0,0,0,1e+300,0,0,1e+300,0,0,1e+300,0,0,1e+300,0,0,1e+300,0,0,1e+300,0,0,1e+300,0,0,0,0,0,0,0,13,0,344,0,921,0,693,0,0,0,0,0,0,0,0,0,0,0
61,1609059019.86,2,0,1969,1968,0,1,0,0,0,0,0,0,0,0,0,0,0,1e+300,0,0,1e+300,0,0,1e+300,0,0,1e+300,0,0,1e+300,0,0,1e+300,0,0,1e+300,0,0,0,0,0,0,0,14,0,352,0,902,0,701,0,0,0,0,0,0,0,0,0,0,0
61,1609059019.86,3,0,1969,1968,0,1,0,0,0,0,0,0,0,0,0,0,0,1e+300,0,0,1e+300,0,0,1e+300,0,0,1e+300,0,0,1e+300,0,0,1e+300,0,0,1e+300,0,0,0,0,0,0,0,14,0,354,0,901,0,700,0,0,0,0,0,0,0,0,0,0,0
62,1609059019.95,1,0,1965,1965,0,0,0,0,0,0,0,0,0,0,0,0,0,1e+300,0,0,1e+300,0,0,1e+300,0,0,1e+300,0,0,1e+300,0,0,1e+300,0,0,1e+300,0,0,0,0,0,1,0,19,0,327,0,916,0,702,0,0,0,0,0,0,0,0,0,0,0
62,1609059019.95,2,0,1963,1963,0,0,0,0,0,0,0,0,0,0,0,0,0,1e+300,0,0,1e+300,0,0,1e+300,0,0,1e+300,0,0,1e+300,0,0,1e+300,0,0,1e+300,0,0,0,0,0,1,0,20,0,321,0,919,0,702,0,0,0,0,0,0,0,0,0,0,0
63,1609059020.07,1,0,1973,1973,0,0,0,0,0,0,0,0,0,0,0,0,0,1e+300,0,0,1e+300,0,0,1e+300,0,0,1e+300,0,0,1e+300,0,0,1e+300,0,0,1e+300,0,0,0,0,0,0,0,14,0,342,0,909,0,708,0,0,0,0,0,0,0,0,0,0,0
63,1609059020.07,2,0,1971,1971,0,0,0,0,0,0,0,0,0,0,0,0,0,1e+300,0,0,1e+300,0,0,1e+300,0,0,1e+300,0,0,1e+300,0,0,1e+300,0,0,1e+300,0,0,0,0,0,0,0,14,0,347,0,896,0,714,0,0,0,0,0,0,0,0,0,0,0
63,1609059020.07,3,0,1971,1971,0,0,0,0,0,0,0,0,0,0,0,0,0,1e+300,0,0,1e+300,0,0,1e+300,0,0,1e+300,0,0,1e+300,0,0,1e+300,0,0,1e+300,0,0,0,0,0,0,0,14,0,345,0,899,0,713,0,0,0,0,0,0,0,0,0,0,0
64,1609059020.17,1,0,1961,1960,1,0,0,0,0,1,0,0,0,0,0,0,0,0.219171184251,0.219171184251,0.219171184251,0.00445245086182,0.00445245086182,0.00445245086182,3.28461057412,3.28461057412,3.28461057412,5.80123576076e-05,5.80123576076e-05,5.80123576076e-05,0.000173201839063,0.000173201839063,0.000173201839063,0.00420959742056,0.00420959742056,0.00420959742056,1.16392445944e-05,1.16392445944e-05,1.16392445944e-05,1.60000002384,3,0,1,0,20,1,316,0,919,0,705,0,0,0,5.80123576076e-05,3.28461057412,0,0,0,0,0,0
64,1609059020.17,2,0,1959,1958,1,0,0,0,0,1,0,0,0,0,0,0,0,0.215487040144,0.215487040144,0.215487040144,0.00445256305096,0.00445256305096,0.00445256305096,3.22935743613,3.22935743613,3.22935743613,5.80410124436e-05,5.80410124436e-05,5.80410124436e-05,0.00017328537336,0.00017328537336,0.00017328537336,0.00420959742056,0.00420959742056,0.00420959742056,1.16392445944e-05,1.16392445944e-05,1.16392445944e-05,1.60000002384,3,0,1,0,20,1,324,0,903,0,711,0,0,0,5.80410124436e-05,3.22935743613,0,0,0,0,0,0
64,1609059020.17,3,0,1959,1958,1,0,0,0,0,1,0,0,0,0,0,0,0,0.21552997803,0.21552997803,0.21552997803,0.00445252822226,0.00445252822226,0.00445252822226,3.23001354986,3.23001354986,3.23001354986,5.80133504465e-05,5.80133504465e-05,5.80133504465e-05,0.000173278206661,0.000173278206661,0.000173278206661,0.00420959742056,0.00420959742056,0.00420959742056,1.16392445944e-05,1.16392445944e-05,1.16392445944e-05,1.60000002384,3,0,1,0,20,1,323,0,903,0,712,0,0,0,5.80133504465e-05,3.23001354986,0,0,0,0,0,0
65,1609059020.27,1,0,1971,1970,1,0,0,0,0,1,0,0,0,0,0,0,0,0.213550072002,0.213550072002,0.213550072002,0.00480735921376,0.00480735921376,0.00480735921376,3.07996963537,3.07996963537,3.07996963537,0.00159184101224,0.00159184101224,0.00159184101224,0.000272211207112,0.000272211207112,0.000272211207112,0.00291777673441,0.00291777673441,0.00291777673441,2.55302599921e-05,2.55302599921e-05,2.55302599921e-05,7.59999990463,20,1,0,0,11,0,328,1,916,0,716,0,0,0,0,0,0.00159184101224,3.07996963537,0,0,0,0
65,1609059020.27,2,0,1970,1969,1,0,0,0,0,1,0,0,0,0,0,0,0,0.212914312358,0.212914312358,0.212914312358,0.00476303324458,0.00476303324458,0.00476303324458,3.08505598631,3.08505598631,3.08505598631,0.0015475485332,0.0015475485332,0.0015475485332,0.000272177716975,0.000272177716975,0.000272177716975,0.00291777673441,0.00291777673441,0.00291777673441,2.55302599921e-05,2.55302599921e-05,2.55302599921e-05,7.59999990463,20,1,0,0,11,0,325,1,933,0,701,0,0,0,0,0,0.0015475485332,3.08505598631,0,0,0,0
66,1609059020.37,1,0,1994,1993,1,0,0,0,0,1,0,0,0,0,0,0,0,0.0843249599584,0.0843249599584,0.0843249599584,0.000145155415927,0.000145155415927,0.000145155415927,6.99905685447,6.99905685447,6.99905685447,6.04352088611e-06,6.04352088611e-06,6.04352088611e-06,5.40761279347e-05,5.40761279347e-05,5.40761279347e-05,6.83156776139e-05,6.83156776139e-05,6.83156776139e-05,1.67200894919e-05,1.67200894919e-05,1.67200894919e-05,5.19999980927,11,0,1,0,16,0,328,1,937,0,712,0,0,0,0,0,6.04352088611e-06,6.99905685447,0,0,0,0
66,1609059020.37,2,0,1993,1992,1,0,0,0,0,1,0,0,0,0,0,0,0,0.08324194779,0.08324194779,0.08324194779,0.000145224988706,0.000145224988706,0.000145224988706,6.90751056895,6.90751056895,6.90751056895,6.06964972175e-06,6.06964972175e-06,6.06964972175e-06,5.41195718787e-05,5.41195718787e-05,5.41195718787e-05,6.83156776139e-05,6.83156776139e-05,6.83156776139e-05,1.67200894919e-05,1.67200894919e-05,1.67200894919e-05,5.19999980927,11,0,1,0,16,0,323,1,941,0,712,0,0,0,0,0,6.06964972175e-06,6.90751056895,0,0,0,0
67,1609059020.48,1,0,1968,1968,0,0,0,0,0,0,0,0,0,0,0,0,0,1e+300,0,0,1e+300,0,0,1e+300,0,0,1e+300,0,0,1e+300,0,0,1e+300,0,0,1e+300,0,0,0,0,0,0,0,13,0,309,0,928,0,718,0,0,0,0,0,0,0,0,0,0,0
67,1609059020.48,2,0,1967,1967,0,0,0,0,0,0,0,0,0,0,0,0,0,1e+300,0,0,1e+300,0,0,1e+300,0,0,1e+300,0,0,1e+300,0,0,1e+300,0,0,1e+300,0,0,0,0,0,0,0,13,0,314,0,920,0,720,0,0,0,0,0,0,0,0,0,0,0
68,1609059020.58,1,0,1983,1983,0,0,0,0,0,0,0,0,0,0,0,0,0,1e+300,0,0,1e+300,0,0,1e+300,0,0,1e+300,0,0,1e+300,0,0,1e+300,0,0,1e+300,0,0,0,0,0,0,0,21,0,314,0,931,0,717,0,0,0,0,0,0,0,0,0,0,0
68,1609059020.58,2,0,1983,1983,0,0,0,0,0,0,0,0,0,0,0,0,0,1e+300,0,0,1e+300,0,0,1e+300,0,0,1e+300,0,0,1e+300,0,0,1e+300,0,0,1e+300,0,0,0,0,0,0,0,20,0,315,0,934,0,714,0,0,0,0,0,0,0,0,0,0,0
68,1609059020.58,3,0,1982,1982,0,0,0,0,0,0,0,0,0,0,0,0,0,1e+300,0,0,1e+300,0,0,1e+300,0,0,1e+300,0,0,1e+300,0,0,1e+300,0,0,1e+300,0,0,0,0,0,0,0,20,0,315,0,929,0,718,0,0,0,0,0,0,0,0,0,0,0
69,1609059020.68,1,0,1990,1989,0,0,1,0,0,1,0,0,0,0,0,0,0,1e+300,0,0,1e+300,0,0,1e+300,0,0,1e+300,0,0,1e+300,0,0,1e+300,0,0,1e+300,0,0,0,0,0,0,0,18,0,324,0,924,0,724,0,0,0,0,0,0,0,0,0,0,0
69,1609059020.68,2,0,1990,1989,0,0,1,0,0,1,0,0,0,0,0,0,0,1e+300,0,0,1e+300,0,0,1e+300,0,0,1e+300,0,0,1e+300,0,0,1e+300,0,0,1e+300,0,0,0,0,0,0,0,18,0,322,0,928,0,722,0,0,0,0,0,0,0,0,0,0,0
70,1609059020.75,1,0,1989,1989,0,0,0,0,0,0,0,0,0,0,0,0,0,1e+300,0,0,1e+300,0,0,1e+300,0,0,1e+300,0,0,1e+300,0,0,1e+300,0,0,1e+300,0,0,0,0,0,0,0,17,0,306,0,927,0,739,0,0,0,0,0,0,0,0,0,0,0
70,1609059020.75,2,0,1988,1988,0,0,0,0,0,0,0,0,0,0,0,0,0,1e+300,0,0,1e+300,0,0,1e+300,0,0,1e+300,0,0,1e+300,0,0,1e+300,0,0,1e+300,0,0,0,0,0,0,0,17,0,304,0,934,0,733,0,0,0,0,0,0,0,0,0,0,0
71,1609059020.85,1,0,1999,1998,1,0,0,0,0,1,0,0,0,0,0,0,0,0.0594987201648,0.0594987201648,0.0594987201648,0.000140401483537,0.000140401483537,0.000140401483537,5.02136482111,5.02136482111,5.02136482111,5.03403915217e-06,5.03403915217e-06,5.03403915217e-06,5.32714365241e-05,5.32714365241e-05,5.32714365241e-05,6.77007650428e-05,6.77007650428e-05,6.77007650428e-05,1.43952428177e-05,1.43952428177e-05,1.43952428177e-05,5.80000019073,12,0,2,0,18,0,301,1,938,0,740,0,0,0,0,0,5.03403915217e-06,5.02136482111,0,0,0,0
71,1609059020.85,2,0,1997,1996,1,0,0,0,0,1,0,0,0,0,0,0,0,0.057402382763,0.057402382763,0.057402382763,0.000140439658331,0.000140439658331,0.000140439658331,4.84378700963,4.84378700963,4.84378700963,5.05184583828e-06,5.05184583828e-06,5.05184583828e-06,5.32918046321e-05,5.32918046321e-05,5.32918046321e-05,6.77007650428e-05,6.77007650428e-05,6.77007650428e-05,1.43952428177e-05,1.43952428177e-05,1.43952428177e-05,5.80000019073,12,0,2,0,18,0,306,1,927,0,744,0,0,0,0,0,5.05184583828e-06,4.84378700963,0,0,0,0
72,1609059020.96,1,0,1985,1985,0,0,0,0,0,0,0,0,0,0,0,0,0,1e+300,0,0,1e+300,0,0,1e+300,0,0,1e+300,0,0,1e+300,0,0,1e+300,0,0,1e+300,0,0,0,0,0,0,0,16,0,294,0,932,0,743,0,0,0,0,0,0,0,0,0,0,0
72,1609059020.96,2,0,1984,1984,0,0,0,0,0,0,0,0,0,0,0,0,0,1e+300,0,0,1e+300,0,0,1e+300,0,0,1e+300,0,0,1e+300,0,0,1e+300,0,0,1e+300,0,0,0,0,0,0,0,16,0,292,0,929,0,747,0,0,0,0,0,0,0,0,0,0,0
73,1609059021.06,1,0,1989,1988,1,0,0,0,0,1,0,0,0,0,0,0,0,0.0837438877821,0.0837438877821,0.0837438877821,0.000691175599999,0.000691175599999,0.000691175599999,3.18536291748,3.18536291748,3.18536291748,0.000161618470785,0.000161618470785,0.000161618470785,0.000358803600983,0.000358803600983,0.000358803600983,0.000159085427968,0.000159085427968,0.000159085427968,1.16681002634e-05,1.16681002634e-05,1.16681002634e-05,7.19999980927,20,1,1,0,19,0,291,1,933,0,745,0,0,0,0,0,0.000161618470785,3.18536291748,0,0,0,0
73,1609059021.06,2,0,1989,1988,1,0,0,0,0,1,0,0,0,0,0,0,0,0.0836981845082,0.0836981845082,0.0836981845082,0.000683483168904,0.000683483168904,0.000683483168904,3.20148982348,3.20148982348,3.20148982348,0.000153919191132,0.000153919191132,0.000153919191132,0.000358810449542,0.000358810449542,0.000358810449542,0.000159085427968,0.000159085427968,0.000159085427968,1.16681002634e-05,1.16681002634e-05,1.16681002634e-05,7.19999980927,20,1,1,0,19,0,292,1,934,0,743,0,0,0,0,0,0.000153919191132,3.20148982348,0,0,0,0
74,1609059021.16,1,0,2000,2000,0,0,0,0,0,0,0,0,0,0,0,0,0,1e+300,0,0,1e+300,0,0,1e+300,0,0,1e+300,0,0,1e+300,0,0,1e+300,0,0,1e+300,0,0,0,0,0,1,0,19,0,294,0,940,0,746,0,0,0,0,0,0,0,0,0,0,0
74,1609059021.16,2,0,1999,1999,0,0,0,0,0,0,0,0,0,0,0,0,0,1e+300,0,0,1e+300,0,0,1e+300,0,0,1e+300,0,0,1e+300,0,0,1e+300,0,0,1e+300,0,0,0,0,0,1,0,19,0,294,0,943,0,742,0,0,0,0,0,0,0,0,0,0,0
75,1609059021.27,1,0,2016,2015,1,0,0,0,0,1,0,0,0,0,0,0,0,0.117960948368,0.117960948368,0.117960948368,0.00134296590376,0.00134296590376,0.00134296590376,3.21888723172,3.21888723172,3.21888723172,0.000206455020043,0.000206455020043,0.000206455020043,0.000255796168574,0.000255796168574,0.000255796168574,0.000867617543962,0.000867617543962,0.000867617543962,1.30971711805e-05,1.30971711805e-05,1.30971711805e-05,6,15,1,0,0,18,0,303,1,933,0,762,0,0,0,0,0,0.000206455020043,3.21888723172,0,0,0,0
75,1609059021.27,2,0,2015,2014,1,0,0,0,0,1,0,0,0,0,0,0,0,0.116023020047,0.116023020047,0.116023020047,0.00134144976378,0.00134144976378,0.00134144976378,3.16779419904,3.16779419904,3.16779419904,0.000204906690706,0.000204906690706,0.000204906690706,0.000255828357933,0.000255828357933,0.000255828357933,0.000867617543962,0.000867617543962,0.000867617543962,1.30971711805e-05,1.30971711805e-05,1.30971711805e-05,6,15,1,0,0,18,0,305,1,928,0,764,0,0,0,0,0,0.000204906690706,3.16779419904,0,0,0,0
76,1609059021.37,1,0,1981,1980,1,0,0,0,0,1,0,0,0,0,0,0,0,0.08791724944,0.08791724944,0.08791724944,0.000743731605275,0.000743731605275,0.000743731605275,3.22378428319,3.22378428319,3.22378428319,6.9923307364e-05,6.9923307364e-05,6.9923307364e-05,0.000392444247248,0.000392444247248,0.000392444247248,0.000268854131758,0.000268854131758,0.000268854131758,1.25099189055e-05,1.25099189055e-05,1.25099189055e-05,16.3999996185,20,1,2,0,12,0,287,0,940,0,740,1,0,0,0,0,0,0,0,0,6.9923307364e-05,3.22378428319
76,1609059021.37,2,0,1981,1980,1,0,0,0,0,1,0,0,0,0,0,0,0,0.0883929104976,0.0883929104976,0.0883929104976,0.000742364457306,0.000742364457306,0.000742364457306,3.24420917895,3.24420917895,3.24420917895,6.85650188046e-05,6.85650188046e-05,6.85650188046e-05,0.000392435387837,0.000392435387837,0.000392435387837,0.000268854131758,0.000268854131758,0.000268854131758,1.25099189055e-05,1.25099189055e-05,1.25099189055e-05,16.3999996185,20,1,2,0,12,0,291,0,933,0,743,1,0,0,0,0,0,0,0,0,6.85650188046e-05,3.24420917895
77,1609059021.47,1,0,1990,1989,1,0,0,0,0,1,0,0,0,0,0,0,0,0.258694425432,0.258694425432,0.258694425432,0.00594483178108,0.00594483178108,0.00594483178108,3.35519128648,3.35519128648,3.35519128648,0.000365938253649,0.000365938253649,0.000365938253649,0.000340145881802,0.000340145881802,0.000340145881802,0.00521692341664,0.00521692341664,0.00521692341664,2.18242289877e-05,2.18242289877e-05,2.18242289877e-05,9.19999980927,20,1,0,0,15,0,279,0,947,1,749,0,0,0,0,0,0,0,0.000365938253649,3.35519128648,0,0
77,1609059021.47,2,0,1988,1987,1,0,0,0,0,1,0,0,0,0,0,0,0,0.258867170684,0.258867170684,0.258867170684,0.00595799781944,0.00595799781944,0.00595799781944,3.35372004861,3.35372004861,3.35372004861,0.00037914017225,0.00037914017225,0.00037914017225,0.000340110001561,0.000340110001561,0.000340110001561,0.00521692341664,0.00521692341664,0.00521692341664,2.18242289877e-05,2.18242289877e-05,2.18242289877e-05,9.19999980927,20,1,0,0,15,0,279,0,950,1,744,0,0,0,0,0,0,0,0.00037914017225,3.35372004861,0,0
78,1609059021.58,1,0,1982,1982,0,0,0,0,0,0,0,0,0,0,0,0,0,1e+300,0,0,1e+300,0,0,1e+300,0,0,1e+300,0,0,1e+300,0,0,1e+300,0,0,1e+300,0,0,0,0,0,0,0,13,0,265,0,961,0,743,0,0,0,0,0,0,0,0,0,0,0
78,1609059021.58,2,0,1982,1982,0,0,0,0,0,0,0,0,0,0,0,0,0,1e+300,0,0,1e+300,0,0,1e+300,0,0,1e+300,0,0,1e+300,0,0,1e+300,0,0,1e+300,0,0,0,0,0,0,0,13,0,270,0,952,0,747,0,0,0,0,0,0,0,0,0,0,0
78,1609059021.58,3,0,1982,1982,0,0,0,0,0,0,0,0,0,0,0,0,0,1e+300,0,0,1e+300,0,0,1e+300,0,0,1e+300,0,0,1e+300,0,0,1e+300,0,0,1e+300,0,0,0,0,0,0,0,13,0,270,0,953,0,746,0,0,0,0,0,0,0,0,0,0,0
79,1609059021.68,1,0,2011,2011,0,0,0,0,0,0,0,0,0,0,0,0,0,1e+300,0,0,1e+300,0,0,1e+300,0,0,1e+300,0,0,1e+300,0,0,1e+300,0,0,1e+300,0,0,0,0,0,1,0,11,0,276,0,951,0,772,0,0,0,0,0,0,0,0,0,0,0
79,1609059021.68,2,0,2010,2010,0,0,0,0,0,0,0,0,0,0,0,0,0,1e+300,0,0,1e+300,0,0,1e+300,0,0,1e+300,0,0,1e+300,0,0,1e+300,0,0,1e+300,0,0,0,0,0,1,0,11,0,277,0,948,0,773,0,0,0,0,0,0,0,0,0,0,0
79,1609059021.68,3,0,2010,2010,0,0,0,0,0,0,0,0,0,0,0,0,0,1e+300,0,0,1e+300,0,0,1e+300,0,0,1e+300,0,0,1e+300,0,0,1e+300,0,0,1e+300,0,0,0,0,0,1,0,11,0,277,0,946,0,775,0,0,0,0,0,0,0,0,0,0,0
80,1609059021.78,1,0,2002,2000,2,0,0,0,0,2,0,0,0,0,0,0,0,0.0802626831977,0.181665860552,0.283069037906,0.000695340237958,0.00460626124348,0.00851718224901,3.04379215427,3.05550421013,3.06721626599,4.28110517756e-05,0.000797291160046,0.00155177126832,0.000340947921494,0.000354999215215,0.000369050508936,0.000271136282632,0.00344287010904,0.00661460393544,9.85912376121e-06,1.11007591876e-05,1.23423946139e-05,16.5,20,1,0,0,15,0,276,0,944,0,767,2,0,0,0,0,0,0,0,0,0.000797291160046,3.05550421013
80,1609059021.78,2,0,2002,2001,1,0,0,0,0,1,0,0,1,0,1,0,0,0.282472539871,0.282472539871,0.282472539871,0.0084644951386,0.0084644951386,0.0084644951386,3.07026389132,3.07026389132,3.07026389132,0.00149908622675,0.00149908622675,0.00149908622675,0.000340945852656,0.000340945852656,0.000340945852656,0.00661460393544,0.00661460393544,0.00661460393544,9.85912376121e-06,9.85912376121e-06,9.85912376121e-06,16.7999992371,20,0,0,0,15,0,282,0,941,0,764,1,0,0,0,0,0,0,0,0,0.00149908622675,3.07026389132
81,1609059021.85,1,0,2010,2009,1,0,0,0,0,1,0,0,0,0,0,0,0,0.263167614028,0.263167614028,0.263167614028,0.00417536123272,0.00417536123272,0.00417536123272,4.07272808758,4.07272808758,4.07272808758,0.00202453716858,0.00202453716858,0.00202453716858,7.57705730295e-06,7.57705730295e-06,7.57705730295e-06,0.00213091185989,0.00213091185989,0.00213091185989,1.23351469441e-05,1.23351469441e-05,1.23351469441e-05,13.6000003815,20,1,0,0,15,0,279,0,923,1,793,0,0,0,0,0,0,0,0.00202453716858,4.07272808758,0,0
81,1609059021.85,2,0,2010,2009,1,0,0,0,0,1,0,0,0,0,0,0,0,0.262873601622,0.262873601622,0.262873601622,0.0042318187297,0.0042318187297,0.0042318187297,4.0409497249,4.0409497249,4.0409497249,0.00208099332457,0.00208099332457,0.00208099332457,7.57839829577e-06,7.57839829577e-06,7.57839829577e-06,0.00213091185989,0.00213091185989,0.00213091185989,1.23351469441e-05,1.23351469441e-05,1.23351469441e-05,13.6000003815,20,1,0,0,15,0,279,0,925,1,791,0,0,0,0,0,0,0,0.00208099332457,4.0409497249,0,0
82,1609059021.95,1,0,2003,2003,0,0,0,0,0,0,0,0,0,0,0,0,0,1e+300,0,0,1e+300,0,0,1e+300,0,0,1e+300,0,0,1e+300,0,0,1e+300,0,0,1e+300,0,0,0,0,0,0,0,12,0,279,0,918,0,794,0,0,0,0,0,0,0,0,0,0,0
82,1609059021.95,2,0,2003,2003,0,0,0,0,0,0,0,0,0,0,0,0,0,1e+300,0,0,1e+300,0,0,1e+300,0,0,1e+300,0,0,1e+300,0,0,1e+300,0,0,1e+300,0,0,0,0,0,0,0,12,0,277,0,926,0,788,0,0,0,0,0,0,0,0,0,0,0
83,1609059022.06,1,0,2001,2001,0,0,0,0,0,0,0,0,0,0,0,0,0,1e+300,0,0,1e+300,0,0,1e+300,0,0,1e+300,0,0,1e+300,0,0,1e+300,0,0,1e+300,0,0,0,0,0,1,0,8,0,257,0,963,0,772,0,0,0,0,0,0,0,0,0,0,0
83,1609059022.06,2,0,2000,2000,0,0,0,0,0,0,0,0,0,0,0,0,0,1e+300,0,0,1e+300,0,0,1e+300,0,0,1e+300,0,0,1e+300,0,0,1e+300,0,0,1e+300,0,0,0,0,0,1,0,9,0,262,0,945,0,783,0,0,0,0,0,0,0,0,0,0,0
83,1609059022.06,3,0,2000,2000,0,0,0,0,0,0,0,0,0,0,0,0,0,1e+300,0,0,1e+300,0,0,1e+300,0,0,1e+300,0,0,1e+300,0,0,1e+300,0,0,1e+300,0,0,0,0,0,1,0,9,0,263,0,942,0,785,0,0,0,0,0,0,0,0,0,0,0
84,1609059022.16,1,0,2007,2006,1,0,0,0,0,1,0,0,0,0,0,0,0,0.248317572752,0.248317572752,0.248317572752,0.00653789157611,0.00653789157611,0.00653789157611,3.07106209337,3.07106209337,3.07106209337,0.000372631797339,0.000372631797339,0.000372631797339,0.000317327932604,0.000317327932604,0.000317327932604,0.00583190282459,0.00583190282459,0.00583190282459,1.60290215749e-05,1.60290215749e-05,1.60290215749e-05,10.1999998093,20,1,0,0,12,0,260,0,933,1,802,0,0,0,0,0,0,0,0.000372631797339,3.07106209337,0,0
84,1609059022.16,2,0,2007,2006,1,0,0,0,0,1,0,0,0,0,0,0,0,0.249479902155,0.249479902155,0.249479902155,0.00654345243484,0.00654345243484,0.00654345243484,3.08412584075,3.08412584075,3.08412584075,0.000378140375498,0.000378140375498,0.000378140375498,0.000317380213183,0.000317380213183,0.000317380213183,0.00583190282459,0.00583190282459,0.00583190282459,1.60290215749e-05,1.60290215749e-05,1.60290215749e-05,10.1999998093,20,1,0,0,13,0,258,0,937,1,799,0,0,0,0,0,0,0,0.000378140375498,3.08412584075,0,0
85,1609059022.26,1,0,2007,2007,0,0,0,0,0,0,0,0,0,0,0,0,0,1e+300,0,0,1e+300,0,0,1e+300,0,0,1e+300,0,0,1e+300,0,0,1e+300,0,0,1e+300,0,0,0,0,0,0,0,9,0,269,0,948,0,781,0,0,0,0,0,0,0,0,0,0,0
85,1609059022.26,2,0,2004,2004,0,0,0,0,0,0,0,0,0,0,0,0,0,1e+300,0,0,1e+300,0,0,1e+300,0,0,1e+300,0,0,1e+300,0,0,1e+300,0,0,1e+300,0,0,0,0,0,0,0,9,0,268,0,949,0,778,0,0,0,0,0,0,0,0,0,0,0
85,1609059022.26,3,0,2004,2004,0,0,0,0,0,0,0,0,0,0,0,0,0,1e+300,0,0,1e+300,0,0,1e+300,0,0,1e+300,0,0,1e+300,0,0,1e+300,0,0,1e+300,0,0,0,0,0,0,0,9,0,268,0,947,0,780,0,0,0,0,0,0,0,0,0,0,0
85,1609059022.26,4,1,0,0,0,0,0,0,0,0,0,0,0,0,0,0,0,1e+300,0,0,1e+300,0,0,1e+300,0,0,1e+300,0,0,1e+300,0,0,1e+300,0,0,1e+300,0,0,0,0,0,0,0,0,0,0,0,0,0,0,0,0,0,0,0,0,0,0,0,0,0
86,1609059022.37,1,0,2022,2022,0,0,0,0,0,0,0,0,0,0,0,0,0,1e+300,0,0,1e+300,0,0,1e+300,0,0,1e+300,0,0,1e+300,0,0,1e+300,0,0,1e+300,0,0,0,0,0,0,0,12,0,275,0,926,0,809,0,0,0,0,0,0,0,0,0,0,0
86,1609059022.37,2,0,2021,2021,0,0,0,0,0,0,0,0,0,0,0,0,0,1e+300,0,0,1e+300,0,0,1e+300,0,0,1e+300,0,0,1e+300,0,0,1e+300,0,0,1e+300,0,0,0,0,0,0,0,12,0,274,0,934,0,801,0,0,0,0,0,0,0,0,0,0,0
87,1609059022.47,1,0,2004,2001,2,0,1,0,0,3,0,0,0,0,0,0,0,0.086300161396,0.14407936157,0.201858561744,0.000561575795646,0.00145103238157,0.00234048896749,3.64172726274,3.90710176631,4.17247626989,4.44861265127e-05,6.73250992491e-05,9.01640719854e-05,4.78983620804e-05,0.000166014888282,0.000284131414483,0.000174275104184,0.00120641512548,0.00223855514678,9.54933211823e-06,1.1277268556e-05,1.30052049939e-05,10.6999998093,20,1,0,0,11,0,253,0,936,2,804,0,0,0,0,0,0,0,6.73250992491e-05,3.90710176631,0,0
87,1609059022.47,2,0,2002,1999,2,0,1,0,0,3,0,0,0,0,0,0,0,0.0853331334116,0.142901445261,0.20046975711,0.000561557276967,0.00145099642669,0.00234043557641,3.60097961944,3.87239807532,4.14381653119,4.43916069245e-05,6.7294179602e-05,9.01967522795e-05,4.7939490589e-05,0.000166009853049,0.000284080215509,0.000174275104184,0.00120641512548,0.00223855514678,9.54933211823e-06,1.1277268556e-05,1.30052049939e-05,10.6999998093,20,1,0,0,11,0,256,0,931,2,804,0,0,0,0,0,0,0,6.7294179602e-05,3.87239807532,0,0
88,1609059022.57,1,0,2009,2007,1,0,1,0,0,2,0,0,0,0,0,0,0,0.085049486307,0.085049486307,0.085049486307,0.000563522030635,0.000563522030635,0.000563522030635,3.5827478596,3.5827478596,3.5827478596,9.27837356054e-05,9.27837356054e-05,9.27837356054e-05,0.000284057263146,0.000284057263146,0.000284057263146,0.000173320072292,0.000173320072292,0.000173320072292,1.3360959592e-05,1.3360959592e-05,1.3360959592e-05,11.3999996185,20,1,1,0,11,0,262,0,937,1,798,0,0,0,0,0,0,0,9.27837356054e-05,3.5827478596,0,0
88,1609059022.57,2,0,2009,2007,1,0,1,0,0,2,0,0,0,0,0,0,0,0.0840317142495,0.0840317142495,0.0840317142495,0.000562437673858,0.000562437673858,0.000562437673858,3.54328447655,3.54328447655,3.54328447655,9.16842914001e-05,9.16842914001e-05,9.16842914001e-05,0.000284072350575,0.000284072350575,0.000284072350575,0.000173320072292,0.000173320072292,0.000173320072292,1.3360959592e-05,1.3360959592e-05,1.3360959592e-05,11.3999996185,20,1,1,0,11,0,263,0,934,1,800,0,0,0,0,0,0,0,9.16842914001e-05,3.54328447655,0,0
89,1609059022.68,1,0,2013,2012,1,0,0,0,0,1,0,0,0,0,0,0,0,0.115442168904,0.115442168904,0.115442168904,0.000532658272466,0.000532658272466,0.000532658272466,5.00195913697,5.00195913697,5.00195913697,6.37100246036e-05,6.37100246036e-05,6.37100246036e-05,0.000284084079189,0.000284084079189,0.000284084079189,0.000171453012011,0.000171453012011,0.000171453012011,1.34111566619e-05,1.34111566619e-05,1.34111566619e-05,11.3999996185,20,0,1,0,9,0,246,0,948,1,809,0,0,0,0,0,0,0,6.37100246036e-05,5.00195913697,0,0
89,1609059022.68,2,0,2011,2010,1,0,0,0,0,1,0,0,0,0,0,0,0,0.113449336085,0.113449336085,0.113449336085,0.000531578462813,0.000531578462813,0.000531578462813,4.92060235604,4.92060235604,4.92060235604,6.2617455463e-05,6.2617455463e-05,6.2617455463e-05,0.000284096838677,0.000284096838677,0.000284096838677,0.000171453012011,0.000171453012011,0.000171453012011,1.34111566619e-05,1.34111566619e-05,1.34111566619e-05,11.3999996185,20,0,1,0,9,0,247,0,948,1,806,0,0,0,0,0,0,0,6.2617455463e-05,4.92060235604,0,0
90,1609059022.78,1,0,2014,2012,2,0,0,0,0,2,0,0,0,0,0,0,0,0.0752394387827,0.132499541706,0.189759644629,0.000578177951271,0.00105306826723,0.00152795858318,3.12906643864,3.99180312573,4.85453981283,9.11817073729e-05,9.4921670614e-05,9.86616338552e-05,1.931556264e-05,0.000151709765069,0.000284103967498,0.000181684428866,0.00079421435211,0.00140674427535,1.07170378119e-05,1.22224794319e-05,1.37279210519e-05,6.29999983311,11,1,3,0,10,1,243,0,944,1,814,0,0,0,9.11817073729e-05,4.85453981283,0,0,9.86616338552e-05,3.12906643864,0,0
90,1609059022.78,2,0,2013,2011,2,0,0,0,0,2,0,0,0,0,0,0,0,0.0762463681068,0.13131830676,0.186390245414,0.000581032280604,0.00105501107401,0.00152898986742,3.1631444916,3.9649390207,4.76673354979,9.21928146229e-05,9.68859151149e-05,0.000101579015607,1.93357396263e-05,0.000151688327353,0.000284040915079,0.000181684428866,0.00079421435211,0.00140674427535,1.07170378119e-05,1.22224794319e-05,1.37279210519e-05,6.29999983311,11,1,3,0,9,1,241,0,947,1,813,0,0,0,9.21928146229e-05,4.76673354979,0,0,0.000101579015607,3.1631444916,0,0
91,1609059022.88,1,0,2008,2006,2,0,0,0,0,2,0,0,0,0,0,0,0,0.0734223614924,0.149282030317,0.225141699142,0.000586469001466,0.00219630985196,0.00380615070246,3.03183678362,3.34058260227,3.64932842092,0.000105512752718,0.000186540999718,0.000267569246717,0.000226236618509,0.000255138949341,0.000284041280173,0.000182949488038,0.00173579642145,0.00328864335486,1.39654805369e-05,1.88334814546e-05,2.37014823723e-05,10.7999997139,20,1,1,0,10,0,240,0,962,2,795,0,0,0,0,0,0,0,0.000186540999718,3.34058260227,0,0
91,1609059022.88,2,0,2007,2005,2,0,0,0,0,2,0,0,0,0,0,0,0,0.0728742941236,0.148416955492,0.223959616861,0.000584846593224,0.00219275782114,0.00380066904905,3.01337637382,3.32308065804,3.63278494226,0.000103838380733,0.000182969802343,0.000262101223952,0.000226222987866,0.000255158115891,0.000284093243915,0.000182949488038,0.00173579642145,0.00328864335486,1.39654805369e-05,1.88334814546e-05,2.37014823723e-05,10.7999997139,20,1,1,0,10,0,238,0,964,2,794,0,0,0,0,0,0,0,0.000182969802343,3.32308065804,0,0
92,1609059022.95,1,0,2013,2010,3,0,0,0,0,3,0,0,0,0,0,0,0,0.104404997463,0.200263550465,0.378685289195,0.000475238304845,0.00460951595786,0.0125958140143,3.37415721912,4.18889629509,5.39910892907,6.00363848721e-05,0.000844891094718,0.00226781632422,1.87269928423e-05,0.000132933891481,0.000284134431057,0.000119671273514,0.00361812771349,0.0102958682237,1.13962154015e-05,1.35632581648e-05,1.58910855392e-05,8.46666653951,18,2,1,0,10,0,237,2,957,1,808,0,0,0,0,0,0.00123731844964,3.5837899781,6.00363848721e-05,5.39910892907,0,0
92,1609059022.95,2,0,2012,2009,3,0,0,0,0,3,0,0,0,0,0,0,0,0.105521497934,0.199330165556,0.373896546107,0.000475195204559,0.00461655343231,0.0126176017081,3.32861101689,4.20118696814,5.43935969073,6.0043182451e-05,0.000851962591844,0.00228960812689,1.87228840334e-05,0.000132899868809,0.000284084533193,0.000119671273514,0.00361812771349,0.0102958682237,1.13962154015e-05,1.35632581648e-05,1.58910855392e-05,8.46666653951,18,2,1,0,11,0,232,2,962,1,806,0,0,0,0,0,0.00124792229654,3.58210060685,6.0043182451e-05,5.43935969073,0,0
93,1609059023.05,1,0,2024,2020,4,0,0,0,0,4,0,0,0,0,0,0,0,0.0999285255987,0.135567799007,0.224031209475,0.000536792984932,0.00181707810213,0.00478999933066,3.2369858216,3.64372604809,4.31306560178,7.18793303554e-05,0.000600225036585,0.00166762759848,9.59232628268e-05,0.00021875529036,0.00028410836236,0.000168968728881,0.000983621966609,0.0028194072816,1.05309379844e-05,1.44758085769e-05,1.95360771046e-05,10.1999998093,20,3,1,0,7,0,238,2,957,2,821,0,0,0,0,0,0.000925102648416,3.47925861148,0.000275347424753,3.80819348469,0,0
93,1609059023.05,2,0,2024,2021,3,0,0,0,0,3,0,0,1,0,1,0,0,0.100706631344,0.143222633196,0.223445049137,0.00053753239555,0.00210897981068,0.0047514119313,3.24159978221,3.62011214076,4.3436592392,7.26072641252e-05,0.000727469998681,0.00162902788637,0.000211578233612,0.000259712919684,0.000284119839209,0.000168968728881,0.00110782903284,0.0028194072816,1.05309379844e-05,1.39678594748e-05,1.95360771046e-05,10.8666664759,20,2,1,0,7,0,239,1,955,2,822,0,0,0,0,0,0.00162902788637,3.24159978221,0.000276691054839,3.80936832003,0,0
93,1609059023.05,3,0,2024,2021,3,0,0,0,0,3,0,0,0,0,0,0,0,0.101084478948,0.143066956159,0.222956122941,0.00053778955237,0.00210384612223,0.00473467280519,3.2402193983,3.62048810996,4.35891395718,7.28690375817e-05,0.000722338046727,0.00161228488081,0.0002115737613,0.000259711183182,0.000284115222572,0.000168968728881,0.00110782903284,0.0028194072816,1.05309379844e-05,1.39678594748e-05,1.95360771046e-05,10.8666664759,20,2,1,0,7,0,237,1,956,2,823,0,0,0,0,0,0.00161228488081,3.2402193983,0.000277364629688,3.81062246579,0,0
94,1609059023.16,1,0,2005,2003,1,1,0,0,0,1,0,0,0,0,0,0,0,0.0952739849001,0.0952739849001,0.0952739849001,0.000547680333558,0.000547680333558,0.000547680333558,4.07109050281,4.07109050281,4.07109050281,7.85860049804e-05,7.85860049804e-05,7.85860049804e-05,0.000284131929701,0.000284131929701,0.000284131929701,0.000172575121721,0.000172575121721,0.000172575121721,1.23872771565e-05,1.23872771565e-05,1.23872771565e-05,11.3999996185,20,1,0,0,5,0,218,0,966,1,816,0,0,0,0,0,0,0,7.85860049804e-05,4.07109050281,0,0
94,1609059023.16,2,0,2005,2003,1,1,0,0,0,1,0,0,0,0,0,0,0,0.0933228309016,0.0933228309016,0.0933228309016,0.000547314891347,0.000547314891347,0.000547314891347,3.98904809139,3.98904809139,3.98904809139,7.82285565371e-05,7.82285565371e-05,7.82285565371e-05,0.000284123935933,0.000284123935933,0.000284123935933,0.000172575121721,0.000172575121721,0.000172575121721,1.23872771565e-05,1.23872771565e-05,1.23872771565e-05,11.3999996185,20,1,0,0,5,0,221,0,958,1,821,0,0,0,0,0,0,0,7.82285565371e-05,3.98904809139,0,0
94,1609059023.16,3,0,2005,2003,1,1,0,0,0,1,0,0,0,0,0,0,0,0.0937085368352,0.0937085368352,0.0937085368352,0.00054734410569,0.00054734410569,0.00054734410569,4.00542804283,4.00542804283,4.00542804283,7.82547714766e-05,7.82547714766e-05,7.82547714766e-05,0.000284126935336,0.000284126935336,0.000284126935336,0.000172575121721,0.000172575121721,0.000172575121721,1.23872771565e-05,1.23872771565e-05,1.23872771565e-05,11.3999996185,20,1,0,0,5,0,220,0,960,1,820,0,0,0,0,0,0,0,7.82547714766e-05,4.00542804283,0,0
95,1609059023.26,1,0,2012,2011,1,0,0,0,0,1,0,0,0,0,0,0,0,0.274396558526,0.274396558526,0.274396558526,0.00822742791422,0.00822742791422,0.00822742791422,3.0251479348,3.0251479348,3.0251479348,0.00149579184453,0.00149579184453,0.00149579184453,0.000340970979875,0.000340970979875,0.000340970979875,0.00638138984634,0.00638138984634,0.00638138984634,9.27524348184e-06,9.27524348184e-06,9.27524348184e-06,16.7999992371,20,0,1,0,12,0,234,0,943,0,822,1,0,0,0,0,0,0,0,0,0.00149579184453,3.0251479348
95,1609059023.26,2,0,2012,2011,1,0,0,0,0,1,0,0,0,0,0,0,0,0.275129613382,0.275129613382,0.275129613382,0.00819502848708,0.00819502848708,0.00819502848708,3.03921975931,3.03921975931,3.03921975931,0.00146339751019,0.00146339751019,0.00146339751019,0.000340965887071,0.000340965887071,0.000340965887071,0.00638138984634,0.00638138984634,0.00638138984634,9.27524348184e-06,9.27524348184e-06,9.27524348184e-06,16.7999992371,20,0,1,0,12,0,235,0,936,0,828,1,0,0,0,0,0,0,0,0,0.00146339751019,3.03921975931
96,1609059023.36,1,0,2001,2001,0,0,0,0,0,0,0,0,0,0,0,0,0,1e+300,0,0,1e+300,0,0,1e+300,0,0,1e+300,0,0,1e+300,0,0,1e+300,0,0,1e+300,0,0,0,0,0,1,0,7,0,225,0,948,0,820,0,0,0,0,0,0,0,0,0,0,0
96,1609059023.36,2,0,2001,2001,0,0,0,0,0,0,0,0,0,0,0,0,0,1e+300,0,0,1e+300,0,0,1e+300,0,0,1e+300,0,0,1e+300,0,0,1e+300,0,0,1e+300,0,0,0,0,0,1,0,7,0,227,0,940,0,826,0,0,0,0,0,0,0,0,0,0,0
97,1609059023.47,1,0,2010,2007,3,0,0,0,0,3,0,0,0,0,0,0,0,0.0744899021303,0.18637667024,0.282455379284,0.000604672479412,0.0045278709001,0.00876380548549,3.0171957361,3.05354438614,3.11417217716,0.000203164778318,0.00124897279746,0.00204127060668,0.00025028640722,0.000281755660496,0.000340962324809,0.000132627283019,0.00298485968367,0.00691061665957,9.74349372662e-06,1.2282758474e-05,1.48621686158e-05,10.3999997775,20,2,0,0,7,0,220,2,944,0,839,1,0,0,0,0,0.0011222176925,3.07171871117,0,0,0.00150248300739,3.0171957361
97,1609059023.47,2,0,2010,2007,3,0,0,0,0,3,0,0,0,0,0,0,0,0.0751106282041,0.186414870293,0.282736062199,0.000604037229882,0.00452906226223,0.00876615462935,3.01978929718,3.05909074565,3.10136900787,0.000202547991104,0.00125017769756,0.00204315018929,0.000250267016673,0.000281742122531,0.000340959563778,0.000132627283019,0.00298485968367,0.00691061665957,9.74349372662e-06,1.2282758474e-05,1.48621686158e-05,10.3999997775,20,2,0,0,7,0,220,2,949,0,834,1,0,0,0,0,0.0011228490902,3.07874146989,0,0,0.00150483491228,3.01978929718
98,1609059023.57,1,0,2021,2018,2,0,1,0,0,3,0,0,0,0,0,0,0,0.0865824768795,0.0904648714772,0.0943472660748,0.000614979553214,0.000650242399873,0.000685505246533,3.30692704611,3.55571962571,3.8045122053,0.00014550740486,0.000182696883339,0.000219886361817,0.00025600314253,0.000307385448976,0.000358767755422,0.000124053815482,0.000146457115518,0.000168860415554,1.23696706962e-05,1.37029520407e-05,1.50362333852e-05,7.59999990463,20,2,2,0,14,0,222,2,943,0,840,0,0,0,0,0,0.000182696883339,3.55571962571,0,0,0,0
98,1609059023.57,2,0,2020,2017,2,0,1,0,0,3,0,0,0,0,0,0,0,0.0878637368436,0.0899654452663,0.092067153689,0.000613894055643,0.000646990279942,0.000680086504241,3.3692062023,3.54252736784,3.71584853337,0.000140065071293,0.000179419473452,0.000218773875612,0.000256030131163,0.00030741073893,0.000358791346697,0.000124053815482,0.000146457115518,0.000168860415554,1.23696706962e-05,1.37029520407e-05,1.50362333852e-05,7.59999990463,20,2,2,0,14,0,221,2,943,0,840,0,0,0,0,0,0.000179419473452,3.54252736784,0,0,0,0
99,1609059023.67,1,0,2012,2012,0,0,0,0,0,0,0,0,0,0,0,0,0,1e+300,0,0,1e+300,0,0,1e+300,0,0,1e+300,0,0,1e+300,0,0,1e+300,0,0,1e+300,0,0,0,0,0,0,0,11,0,224,0,935,0,842,0,0,0,0,0,0,0,0,0,0,0
99,1609059023.67,2,0,2011,2011,0,0,0,0,0,0,0,0,0,0,0,0,0,1e+300,0,0,1e+300,0,0,1e+300,0,0,1e+300,0,0,1e+300,0,0,1e+300,0,0,1e+300,0,0,0,0,0,0,0,11,0,224,0,937,0,839,0,0,0,0,0,0,0,0,0,0,0
100,1609059023.78,1,0,2013,2013,0,0,0,0,0,0,0,0,0,0,0,0,0,1e+300,0,0,1e+300,0,0,1e+300,0,0,1e+300,0,0,1e+300,0,0,1e+300,0,0,1e+300,0,0,0,0,0,0,0,8,0,228,0,939,0,838,0,0,0,0,0,0,0,0,0,0,0
100,1609059023.78,2,0,2012,2012,0,0,0,0,0,0,0,0,0,0,0,0,0,1e+300,0,0,1e+300,0,0,1e+300,0,0,1e+300,0,0,1e+300,0,0,1e+300,0,0,1e+300,0,0,0,0,0,0,0,8,0,226,0,942,0,836,0,0,0,0,0,0,0,0,0,0,0
101,1609059023.88,1,0,2038,2037,1,0,0,0,0,1,0,0,0,0,0,0,0,0.224956620281,0.224956620281,0.224956620281,0.00440172763505,0.00440172763505,0.00440172763505,3.39068305172,3.39068305172,3.39068305172,4.51578289105e-05,4.51578289105e-05,4.51578289105e-05,0.00011698718085,0.00011698718085,0.00011698718085,0.00422854977674,0.00422854977674,0.00422854977674,1.10328485511e-05,1.10328485511e-05,1.10328485511e-05,1.20000004768,2,0,0,0,13,1,226,0,963,0,836,0,0,0,4.51578289105e-05,3.39068305172,0,0,0,0,0,0
101,1609059023.88,2,0,2038,2037,1,0,0,0,0,1,0,0,0,0,0,0,0,0.223777933757,0.223777933757,0.223777933757,0.0044020591971,0.0044020591971,0.0044020591971,3.37279014523,3.37279014523,3.37279014523,4.54587557538e-05,4.54587557538e-05,4.54587557538e-05,0.000117017816049,0.000117017816049,0.000117017816049,0.00422854977674,0.00422854977674,0.00422854977674,1.10328485511e-05,1.10328485511e-05,1.10328485511e-05,1.20000004768,2,0,0,0,13,1,227,0,961,0,837,0,0,0,4.54587557538e-05,3.37279014523,0,0,0,0,0,0
102,1609059023.98,1,0,2021,2021,0,0,0,0,0,0,0,0,0,0,0,0,0,1e+300,0,0,1e+300,0,0,1e+300,0,0,1e+300,0,0,1e+300,0,0,1e+300,0,0,1e+300,0,0,0,0,0,1,0,12,0,226,0,944,0,838,0,0,0,0,0,0,0,0,0,0,0
102,1609059023.98,2,0,2020,2020,0,0,0,0,0,0,0,0,0,0,0,0,0,1e+300,0,0,1e+300,0,0,1e+300,0,0,1e+300,0,0,1e+300,0,0,1e+300,0,0,1e+300,0,0,0,0,0,1,0,13,0,227,0,942,0,837,0,0,0,0,0,0,0,0,0,0,0
103,1609059024.05,1,0,2024,2021,2,0,1,0,0,3,0,0,0,0,0,0,0,0.0806726626337,0.0823554756694,0.084038288705,0.000565378550462,0.000568254624025,0.000571130697587,3.39278802992,3.4546392645,3.51649049908,6.99752708013e-05,0.000142658368768,0.000215341466734,0.000258035677098,0.000312237191378,0.000366438705657,7.93717680348e-05,0.000102177644369,0.000124983520702,9.73320042641e-06,1.11814195108e-05,1.26296385952e-05,9.89999961853,20,2,1,0,16,0,237,1,919,1,851,0,0,0,0,0,0.000215341466734,3.39278802992,6.99752708013e-05,3.51649049908,0,0
103,1609059024.05,2,0,2024,2021,2,0,1,0,0,3,0,0,0,0,0,0,0,0.0798946662036,0.0813017027216,0.0827087392395,0.000556121894935,0.000563807190367,0.0005714924858,3.38791721522,3.42383926578,3.45976131634,7.03132559862e-05,0.000138191669521,0.000206070083056,0.000258050405249,0.000312256456967,0.000366462508685,7.93717680348e-05,0.000102177644369,0.000124983520702,9.73320042641e-06,1.11814195108e-05,1.26296385952e-05,9.89999961853,20,2,1,0,16,0,237,1,925,1,845,0,0,0,0,0,0.000206070083056,3.38791721522,7.03132559862e-05,3.45976131634,0,0
104,1609059024.15,1,0,2034,2033,1,0,0,0,0,1,0,0,0,0,0,0,0,0.12645207165,0.12645207165,0.12645207165,0.000897254773426,0.000897254773426,0.000897254773426,4.2215123098,4.2215123098,4.2215123098,0.000148134077937,0.000148134077937,0.000148134077937,0.000264136324489,0.000264136324489,0.000264136324489,0.00046556422244,0.00046556422244,0.00046556422244,1.94201485598e-05,1.94201485598e-05,1.94201485598e-05,19.2000007629,20,1,1,0,13,0,219,0,947,0,854,1,0,0,0,0,0,0,0,0,0.000148134077937,4.2215123098
104,1609059024.15,2,0,2034,2033,1,0,0,0,0,1,0,0,0,0,0,0,0,0.1240533369,0.1240533369,0.1240533369,0.000893864042684,0.000893864042684,0.000893864042684,4.14927975588,4.14927975588,4.14927975588,0.000144789399547,0.000144789399547,0.000144789399547,0.000264090272137,0.000264090272137,0.000264090272137,0.00046556422244,0.00046556422244,0.00046556422244,1.94201485598e-05,1.94201485598e-05,1.94201485598e-05,19.2000007629,20,1,1,0,13,0,224,0,943,0,853,1,0,0,0,0,0,0,0,0,0.000144789399547,4.14927975588
104,1609059024.15,3,0,2033,2032,1,0,0,0,0,1,0,0,0,0,0,0,0,0.123426638066,0.123426638066,0.123426638066,0.00089365849667,0.00089365849667,0.00089365849667,4.12879295731,4.12879295731,4.12879295731,0.000144591276629,0.000144591276629,0.000144591276629,0.000264082849041,0.000264082849041,0.000264082849041,0.00046556422244,0.00046556422244,0.00046556422244,1.94201485598e-05,1.94201485598e-05,1.94201485598e-05,19.2000007629,20,1,1,0,13,0,225,0,941,0,853,1,0,0,0,0,0,0,0,0,0.000144591276629,4.12879295731
105,1609059024.26,1,0,2041,2040,1,0,0,0,0,1,0,0,0,0,0,0,0,0.0804847736665,0.0804847736665,0.0804847736665,0.000646677561187,0.000646677561187,0.000646677561187,3.16497170096,3.16497170096,3.16497170096,7.89409668904e-05,7.89409668904e-05,7.89409668904e-05,0.000366257823395,0.000366257823395,0.000366257823395,0.000190164349123,0.000190164349123,0.000190164349123,1.13144217782e-05,1.13144217782e-05,1.13144217782e-05,11.8000001907,20,1,2,0,18,0,213,0,957,1,851,0,0,0,0,0,0,0,7.89409668904e-05,3.16497170096,0,0
105,1609059024.26,2,0,2040,2039,1,0,0,0,0,1,0,0,0,0,0,0,0,0.0806069246139,0.0806069246139,0.0806069246139,0.000642114830254,0.000642114830254,0.000642114830254,3.18101708478,3.18101708478,3.18101708478,7.43752679118e-05,7.43752679118e-05,7.43752679118e-05,0.00036626079144,0.00036626079144,0.00036626079144,0.000190164349123,0.000190164349123,0.000190164349123,1.13144217782e-05,1.13144217782e-05,1.13144217782e-05,11.8000001907,20,1,2,0,18,0,214,0,958,1,848,0,0,0,0,0,0,0,7.43752679118e-05,3.18101708478,0,0
106,1609059024.36,1,0,2020,2018,2,0,0,0,0,2,0,0,0,0,0,0,0,0.0738631529575,0.186538295102,0.299213437246,0.00058241381784,0.00179533741992,0.00300826102201,3.06063828985,4.25799864151,5.45535899318,4.83274872472e-05,0.00012058727245,0.000192847057652,0.000147220018773,0.000202512130423,0.000257804242073,0.000117511733033,0.00145934109495,0.00280117045686,1.15430591306e-05,1.28969221066e-05,1.42507850827e-05,9.2000002861,20,1,0,0,18,0,201,1,945,1,856,0,0,0,0,0,0.000192847057652,3.06063828985,4.83274872472e-05,5.45535899318,0,0
106,1609059024.36,2,0,2017,2015,2,0,0,0,0,2,0,0,0,0,0,0,0,0.0732325201049,0.184040985172,0.294849450238,0.000587991554846,0.001798082947,0.00300817433915,3.02007991632,4.19797534945,5.37587078258,4.82816377009e-05,0.000123340682134,0.000198399726567,0.000147179185463,0.000202504247813,0.000257829310163,0.000117511733033,0.00145934109495,0.00280117045686,1.15430591306e-05,1.28969221066e-05,1.42507850827e-05,9.2000002861,20,1,0,0,18,0,203,1,945,1,851,0,0,0,0,0,0.000198399726567,3.02007991632,4.82816377009e-05,5.37587078258,0,0
107,1609059024.46,1,0,2039,2038,1,0,0,0,0,1,0,0,0,0,0,0,0,0.080440667568,0.080440667568,0.080440667568,0.000596180891084,0.000596180891084,0.000596180891084,3.29447821579,3.29447821579,3.29447821579,0.000204492375234,0.000204492375234,0.000204492375234,0.000257607795644,0.000257607795644,0.000257607795644,0.00011951768596,0.00011951768596,0.00011951768596,1.45630342453e-05,1.45630342453e-05,1.45630342453e-05,9,20,1,3,0,17,0,220,1,935,0,864,0,0,0,0,0,0.000204492375234,3.29447821579,0,0,0,0
107,1609059024.46,2,0,2037,2036,1,0,0,0,0,1,0,0,0,0,0,0,0,0.0800674395235,0.0800674395235,0.0800674395235,0.000597508012936,0.000597508012936,0.000597508012936,3.27554879602,3.27554879602,3.27554879602,0.000205897199435,0.000205897199435,0.000205897199435,0.000257530093295,0.000257530093295,0.000257530093295,0.00011951768596,0.00011951768596,0.00011951768596,1.45630342453e-05,1.45630342453e-05,1.45630342453e-05,9,20,1,3,0,17,0,218,1,940,0,859,0,0,0,0,0,0.000205897199435,3.27554879602,0,0,0,0
108,1609059024.57,1,0,2041,2041,0,0,0,0,0,0,0,0,0,0,0,0,0,1e+300,0,0,1e+300,0,0,1e+300,0,0,1e+300,0,0,1e+300,0,0,1e+300,0,0,1e+300,0,0,0,0,0,0,0,12,0,226,0,948,0,855,0,0,0,0,0,0,0,0,0,0,0
108,1609059024.57,2,0,2041,2041,0,0,0,0,0,0,0,0,0,0,0,0,0,1e+300,0,0,1e+300,0,0,1e+300,0,0,1e+300,0,0,1e+300,0,0,1e+300,0,0,1e+300,0,0,0,0,0,0,0,12,0,226,0,947,0,856,0,0,0,0,0,0,0,0,0,0,0
108,1609059024.57,3,0,2041,2041,0,0,0,0,0,0,0,0,0,0,0,0,0,1e+300,0,0,1e+300,0,0,1e+300,0,0,1e+300,0,0,1e+300,0,0,1e+300,0,0,1e+300,0,0,0,0,0,0,0,12,0,226,0,946,0,857,0,0,0,0,0,0,0,0,0,0,0
109,1609059024.67,1,0,2031,2030,1,0,0,0,0,1,0,0,0,0,0,0,0,0.0751596124969,0.0751596124969,0.0751596124969,0.000627658208753,0.000627658208753,0.000627658208753,3.00001154339,3.00001154339,3.00001154339,6.11586796262e-05,6.11586796262e-05,6.11586796262e-05,0.000366541426886,0.000366541426886,0.000366541426886,0.00018842175959,0.00018842175959,0.00018842175959,1.15363426509e-05,1.15363426509e-05,1.15363426509e-05,12.3999996185,20,1,1,0,10,0,192,0,959,1,869,0,0,0,0,0,0,0,6.11586796262e-05,3.00001154339,0,0
109,1609059024.67,2,0,2030,2030,0,0,0,0,0,0,0,0,1,0,1,0,0,1e+300,0,0,1e+300,0,0,1e+300,0,0,1e+300,0,0,1e+300,0,0,1e+300,0,0,1e+300,0,0,0,0,0,1,0,10,0,191,0,957,0,871,0,0,0,0,0,0,0,0,0,0,0
110,1609059024.77,1,0,2041,2041,0,0,0,0,0,0,0,0,0,0,0,0,0,1e+300,0,0,1e+300,0,0,1e+300,0,0,1e+300,0,0,1e+300,0,0,1e+300,0,0,1e+300,0,0,0,0,0,1,0,15,0,211,0,958,0,856,0,0,0,0,0,0,0,0,0,0,0
110,1609059024.77,2,0,2040,2040,0,0,0,0,0,0,0,0,0,0,0,0,0,1e+300,0,0,1e+300,0,0,1e+300,0,0,1e+300,0,0,1e+300,0,0,1e+300,0,0,1e+300,0,0,0,0,0,1,0,15,0,214,0,956,0,854,0,0,0,0,0,0,0,0,0,0,0
110,1609059024.77,3,0,2040,2040,0,0,0,0,0,0,0,0,0,0,0,0,0,1e+300,0,0,1e+300,0,0,1e+300,0,0,1e+300,0,0,1e+300,0,0,1e+300,0,0,1e+300,0,0,0,0,0,1,0,15,0,213,0,955,0,856,0,0,0,0,0,0,0,0,0,0,0
110,1609059024.77,4,1,0,0,0,0,0,0,0,0,0,0,0,0,0,0,0,1e+300,0,0,1e+300,0,0,1e+300,0,0,1e+300,0,0,1e+300,0,0,1e+300,0,0,1e+300,0,0,0,0,0,0,0,0,0,0,0,0,0,0,0,0,0,0,0,0,0,0,0,0,0
111,1609059024.88,1,0,2050,2048,2,0,0,0,0,2,0,0,0,0,0,0,0,0.0772857835659,0.08032311994,0.0833604563142,0.000638187794114,0.000690066944821,0.000741946095529,3.05932325228,3.05984652182,3.06036979136,3.3466945469e-05,6.83530152182e-05,0.000103239084967,0.000104134872998,0.000246697933534,0.00038926099407,0.000235972293979,0.000364837190125,0.000493702086272,6.88388937371e-06,1.0178805943e-05,1.34737225123e-05,12.9000000954,20,2,0,0,15,0,222,0,957,1,856,1,0,0,0,0,0,0,0.000103239084967,3.06036979136,3.3466945469e-05,3.05932325228
111,1609059024.88,2,0,2050,2048,2,0,0,0,0,2,0,0,0,0,0,0,0,0.0771743627611,0.0803919367424,0.0836095107237,0.000638328255965,0.000690162882438,0.000741997508912,3.05457657965,3.06199171612,3.06940685259,3.35908915669e-05,6.84443560025e-05,0.000103297820438,0.000104151388752,0.000246702530367,0.000389253671983,0.000235972293979,0.000364837190125,0.000493702086272,6.88388937371e-06,1.0178805943e-05,1.34737225123e-05,12.9000000954,20,2,0,0,15,0,222,0,952,1,861,1,0,0,0,0,0,0,0.000103297820438,3.06940685259,3.35908915669e-05,3.05457657965
111,1609059024.88,3,0,2050,2048,2,0,0,0,0,2,0,0,0,0,0,0,0,0.0771338883412,0.0803052816395,0.0834766749378,0.000638419646614,0.000690240862233,0.000742062077851,3.05275606751,3.05857651357,3.06439695963,3.36815637387e-05,6.85212802434e-05,0.000103360996748,0.000104152107229,0.000246703585921,0.000389255064612,0.000235972293979,0.000364837190125,0.000493702086272,6.88388937371e-06,1.0178805943e-05,1.34737225123e-05,12.9000000954,20,2,0,0,15,0,222,0,955,1,858,1,0,0,0,0,0,0,0.000103360996748,3.06439695963,3.36815637387e-05,3.05275606751
112,1609059024.98,1,0,2048,2047,1,0,0,0,0,1,0,0,0,0,0,0,0,0.075326768888,0.075326768888,0.075326768888,0.000589507456975,0.000589507456975,0.000589507456975,3.10244925989,3.10244925989,3.10244925989,0.000199263756858,0.000199263756858,0.000199263756858,0.000254428511269,0.000254428511269,0.000254428511269,0.000121573505121,0.000121573505121,0.000121573505121,1.42416837275e-05,1.42416837275e-05,1.42416837275e-05,10,20,1,0,0,18,0,209,0,949,1,872,0,0,0,0,0,0,0,0.000199263756858,3.10244925989,0,0
112,1609059024.98,2,0,2048,2047,1,0,0,0,0,1,0,0,0,0,0,0,0,0.075833900883,0.075833900883,0.075833900883,0.000586398117375,0.000586398117375,0.000586398117375,3.13160597438,3.13160597438,3.13160597438,0.000196214687857,0.000196214687857,0.000196214687857,0.000254368240669,0.000254368240669,0.000254368240669,0.000121573505121,0.000121573505121,0.000121573505121,1.42416837275e-05,1.42416837275e-05,1.42416837275e-05,10,20,1,0,0,17,0,216,0,941,1,874,0,0,0,0,0,0,0,0.000196214687857,3.13160597438,0,0
113,1609059025.08,1,0,2037,2036,1,0,0,0,0,1,0,0,0,0,0,0,0,0.0801035304528,0.0801035304528,0.0801035304528,0.000626014184915,0.000626014184915,0.000626014184915,3.20154470435,3.20154470435,3.20154470435,6.93555044808e-05,6.93555044808e-05,6.93555044808e-05,0.000365669580465,0.000365669580465,0.000365669580465,0.000179728387969,0.000179728387969,0.000179728387969,1.12607120008e-05,1.12607120008e-05,1.12607120008e-05,13.1999998093,20,1,0,0,14,0,217,0,948,1,858,0,0,0,0,0,0,0,6.93555044808e-05,3.20154470435,0,0
113,1609059025.08,2,0,2037,2036,1,0,0,0,0,1,0,0,0,0,0,0,0,0.0812017925032,0.0812017925032,0.0812017925032,0.000627904086608,0.000627904086608,0.000627904086608,3.24055175108,3.24055175108,3.24055175108,7.12223898922e-05,7.12223898922e-05,7.12223898922e-05,0.000365692596745,0.000365692596745,0.000365692596745,0.000179728387969,0.000179728387969,0.000179728387969,1.12607120008e-05,1.12607120008e-05,1.12607120008e-05,13.1999998093,20,1,0,0,14,0,216,0,947,1,860,0,0,0,0,0,0,0,7.12223898922e-05,3.24055175108,0,0
114,1609059025.15,1,0,2041,2040,1,0,0,0,0,1,0,0,0,0,0,0,0,0.0727796032637,0.0727796032637,0.0727796032637,0.000542539865413,0.000542539865413,0.000542539865413,3.12459588281,3.12459588281,3.12459588281,0.000191719517297,0.000191719517297,0.000191719517297,0.000254431083129,0.000254431083129,0.000254431083129,8.47567101685e-05,8.47567101685e-05,8.47567101685e-05,1.16325548185e-05,1.16325548185e-05,1.16325548185e-05,10.3999996185,20,1,0,0,11,0,213,0,942,1,875,0,0,0,0,0,0,0,0.000191719517297,3.12459588281,0,0
114,1609059025.15,2,0,2041,2040,1,0,0,0,0,1,0,0,0,0,0,0,0,0.0721904171788,0.0721904171788,0.0721904171788,0.000536481649463,0.000536481649463,0.000536481649463,3.11675106011,3.11675106011,3.11675106011,0.000185652889447,0.000185652889447,0.000185652889447,0.000254439495029,0.000254439495029,0.000254439495029,8.47567101685e-05,8.47567101685e-05,8.47567101685e-05,1.16325548185e-05,1.16325548185e-05,1.16325548185e-05,10.3999996185,20,1,0,0,11,0,215,0,938,1,877,0,0,0,0,0,0,0,0.000185652889447,3.11675106011,0,0
115,1609059025.25,1,0,2034,2032,1,1,0,0,0,1,0,0,0,0,0,0,0,0.0865857931306,0.0865857931306,0.0865857931306,0.000737771809589,0.000737771809589,0.000737771809589,3.18775995815,3.18775995815,3.18775995815,7.22501962645e-05,7.22501962645e-05,7.22501962645e-05,0.000392089660218,0.000392089660218,0.000392089660218,0.000262662172827,0.000262662172827,0.000262662172827,1.07697802789e-05,1.07697802789e-05,1.07697802789e-05,17.6000003815,20,1,2,0,13,0,216,0,928,0,875,1,0,0,0,0,0,0,0,0,7.22501962645e-05,3.18775995815
115,1609059025.25,2,0,2033,2031,1,1,0,0,0,1,0,0,0,0,0,0,0,0.0874531459444,0.0874531459444,0.0874531459444,0.000738803180921,0.000738803180921,0.000738803180921,3.21744445876,3.21744445876,3.21744445876,7.32897534943e-05,7.32897534943e-05,7.32897534943e-05,0.00039208147432,0.00039208147432,0.00039208147432,0.000262662172827,0.000262662172827,0.000262662172827,1.07697802789e-05,1.07697802789e-05,1.07697802789e-05,17.6000003815,20,1,2,0,13,0,216,0,921,0,881,1,0,0,0,0,0,0,0,0,7.32897534943e-05,3.21744445876
116,1609059025.36,1,0,2046,2045,1,0,0,0,0,1,0,0,0,0,0,0,0,0.0877447702058,0.0877447702058,0.0877447702058,0.000578499034726,0.000578499034726,0.000578499034726,3.64812677216,3.64812677216,3.64812677216,0.000186571968569,0.000186571968569,0.000186571968569,0.000254484696688,0.000254484696688,0.000254484696688,0.000123806957067,0.000123806957067,0.000123806957067,1.36354124017e-05,1.36354124017e-05,1.36354124017e-05,10.6000003815,20,1,0,0,8,0,226,0,949,1,863,0,0,0,0,0,0,0,0.000186571968569,3.64812677216,0,0
116,1609059025.36,2,0,2045,2044,1,0,0,0,0,1,0,0,0,0,0,0,0,0.0894553313157,0.0894553313157,0.0894553313157,0.000583036927047,0.000583036927047,0.000583036927047,3.70474395065,3.70474395065,3.70474395065,0.000191113240098,0.000191113240098,0.000191113240098,0.000254481317481,0.000254481317481,0.000254481317481,0.000123806957067,0.000123806957067,0.000123806957067,1.36354124017e-05,1.36354124017e-05,1.36354124017e-05,10.6000003815,20,1,0,0,8,0,222,0,952,1,863,0,0,0,0,0,0,0,0.000191113240098,3.70474395065,0,0
117,1609059025.46,1,0,2060,2059,1,0,0,0,0,1,0,0,0,0,0,0,0,0.08301564531,0.08301564531,0.08301564531,0.000579658178491,0.000579658178491,0.000579658178491,3.44805325047,3.44805325047,3.44805325047,0.000189140050667,0.000189140050667,0.000189140050667,0.000255655129297,0.000255655129297,0.000255655129297,0.000121221876927,0.000121221876927,0.000121221876927,1.36411216004e-05,1.36411216004e-05,1.36411216004e-05,10.8000001907,20,1,3,0,5,0,225,0,942,1,885,0,0,0,0,0,0,0,0.000189140050667,3.44805325047,0,0
117,1609059025.46,2,0,2060,2059,1,0,0,0,0,1,0,0,0,0,0,0,0,0.0813560441658,0.0813560441658,0.0813560441658,0.000581176155239,0.000581176155239,0.000581176155239,3.37470589112,3.37470589112,3.37470589112,0.000190704398015,0.000190704398015,0.000190704398015,0.000255608758697,0.000255608758697,0.000255608758697,0.000121221876927,0.000121221876927,0.000121221876927,1.36411216004e-05,1.36411216004e-05,1.36411216004e-05,10.8000001907,20,1,3,0,5,0,225,0,936,1,891,0,0,0,0,0,0,0,0.000190704398015,3.37470589112,0,0
118,1609059025.56,1,0,2048,2045,2,0,1,0,0,3,0,0,0,0,0,0,0,0.0759681941872,0.0909600070146,0.105951819842,0.000580566328373,0.00062287550593,0.000665184683486,3.15286867053,3.63046680538,4.10806494022,3.63094703806e-05,0.000114887478645,0.00019346548691,0.000256321057737,0.000289987519227,0.000323653980717,0.000116969854934,0.000205317754419,0.000293665653904,1.15555784843e-05,1.26827536385e-05,1.38099287927e-05,14.1000003815,20,2,1,0,10,0,220,0,933,1,884,1,0,0,0,0,0,0,0.00019346548691,3.15286867053,3.63094703806e-05,4.10806494022
118,1609059025.56,2,0,2047,2044,2,0,1,0,0,3,0,0,0,0,0,0,0,0.0762186806502,0.0907544312946,0.105290181939,0.000581744378364,0.000623500529565,0.000665256680767,3.16006000433,3.62112518705,4.08219036977,3.6394073741e-05,0.000115537831388,0.000194681589036,0.000256283005601,0.000289962190119,0.000323641374637,0.000116969854934,0.000205317754419,0.000293665653904,1.15555784843e-05,1.26827536385e-05,1.38099287927e-05,14.1000003815,20,2,1,0,10,0,222,0,931,1,883,1,0,0,0,0,0,0,0.000194681589036,3.16006000433,3.6394073741e-05,4.08219036977
119,1609059025.67,1,0,2046,2046,0,0,0,0,0,0,0,0,0,0,0,0,0,1e+300,0,0,1e+300,0,0,1e+300,0,0,1e+300,0,0,1e+300,0,0,1e+300,0,0,1e+300,0,0,0,0,0,1,0,10,0,224,0,926,0,885,0,0,0,0,0,0,0,0,0,0,0
119,1609059025.67,2,0,2046,2046,0,0,0,0,0,0,0,0,0,0,0,0,0,1e+300,0,0,1e+300,0,0,1e+300,0,0,1e+300,0,0,1e+300,0,0,1e+300,0,0,1e+300,0,0,0,0,0,1,0,10,0,226,0,923,0,886,0,0,0,0,0,0,0,0,0,0,0
119,1609059025.67,3,0,2046,2046,0,0,0,0,0,0,0,0,0,0,0,0,0,1e+300,0,0,1e+300,0,0,1e+300,0,0,1e+300,0,0,1e+300,0,0,1e+300,0,0,1e+300,0,0,0,0,0,1,0,10,0,226,0,922,0,887,0,0,0,0,0,0,0,0,0,0,0
120,1609059025.77,1,0,2032,2032,0,0,0,0,0,0,0,0,0,0,0,0,0,1e+300,0,0,1e+300,0,0,1e+300,0,0,1e+300,0,0,1e+300,0,0,1e+300,0,0,1e+300,0,0,0,0,0,0,0,18,0,202,0,932,0,880,0,0,0,0,0,0,0,0,0,0,0
120,1609059025.77,2,0,2032,2032,0,0,0,0,0,0,0,0,0,0,0,0,0,1e+300,0,0,1e+300,0,0,1e+300,0,0,1e+300,0,0,1e+300,0,0,1e+300,0,0,1e+300,0,0,0,0,0,0,0,19,0,203,0,926,0,884,0,0,0,0,0,0,0,0,0,0,0
121,1609059025.87,1,0,2058,2057,1,0,0,0,0,1,0,0,0,0,0,0,0,0.337355701266,0.337355701266,0.337355701266,0.00406279873454,0.00406279873454,0.00406279873454,5.29267710992,5.29267710992,5.29267710992,0.000303766229472,0.000303766229472,0.000303766229472,0.000259851934239,0.000259851934239,0.000259851934239,0.00347764227587,0.00347764227587,0.00347764227587,2.15382949613e-05,2.15382949613e-05,2.15382949613e-05,12.8000001907,20,0,0,0,6,0,217,0,917,1,918,0,0,0,0,0,0,0,0.000303766229472,5.29267710992,0,0
121,1609059025.87,2,0,2058,2057,1,0,0,0,0,1,0,0,0,0,0,0,0,0.336215935706,0.336215935706,0.336215935706,0.00406263117347,0.00406263117347,0.00406263117347,5.27490443098,5.27490443098,5.27490443098,0.000303565264456,0.000303565264456,0.000303565264456,0.000259885338184,0.000259885338184,0.000259885338184,0.00347764227587,0.00347764227587,0.00347764227587,2.15382949613e-05,2.15382949613e-05,2.15382949613e-05,12.8000001907,20,0,0,0,7,0,216,0,920,1,915,0,0,0,0,0,0,0,0.000303565264456,5.27490443098,0,0
122,1609059025.98,1,0,2047,2047,0,0,0,0,0,0,0,0,0,0,0,0,0,1e+300,0,0,1e+300,0,0,1e+300,0,0,1e+300,0,0,1e+300,0,0,1e+300,0,0,1e+300,0,0,0,0,0,2,0,4,0,208,0,941,0,892,0,0,0,0,0,0,0,0,0,0,0
122,1609059025.98,2,0,2044,2044,0,0,0,0,0,0,0,0,0,0,0,0,0,1e+300,0,0,1e+300,0,0,1e+300,0,0,1e+300,0,0,1e+300,0,0,1e+300,0,0,1e+300,0,0,0,0,0,2,0,5,0,208,0,935,0,894,0,0,0,0,0,0,0,0,0,0,0
123,1609059026.08,1,0,2025,2023,2,0,0,0,0,2,0,0,0,0,0,0,0,0.0922176084522,0.0936335147756,0.095049421099,0.000605581111963,0.000624981183821,0.00064438125568,3.74436370376,3.74587167932,3.74737965487,8.18368028486e-05,0.000148007804436,0.000214178806022,0.0002565754035,0.00031135387602,0.00036613234854,0.000120413017036,0.000152832165494,0.000185251313951,1.11607903405e-05,1.27873378724e-05,1.44138854044e-05,12.8999996185,20,2,2,0,4,0,216,0,914,1,889,1,0,0,0,0,0,0,0.000214178806022,3.74737965487,8.18368028486e-05,3.74436370376
123,1609059026.08,2,0,2023,2021,2,0,0,0,0,2,0,0,0,0,0,0,0,0.0915307325209,0.0935897404019,0.0956487482829,0.000602784186943,0.000620116826765,0.000637449466587,3.72808677671,3.75824592678,3.78840507685,7.48750581064e-05,0.000143098156633,0.00021132125516,0.000256636029343,0.000311399166766,0.000366162304189,0.000120413017036,0.000152832165494,0.000185251313951,1.11607903405e-05,1.27873378724e-05,1.44138854044e-05,12.8999996185,20,2,2,0,4,0,215,0,916,1,886,1,0,0,0,0,0,0,0.00021132125516,3.72808677671,7.48750581064e-05,3.78840507685
124,1609059026.18,1,0,2041,2040,1,0,0,0,0,1,0,0,0,0,0,0,0,0.0747558665631,0.0747558665631,0.0747558665631,0.000594636769452,0.000594636769452,0.000594636769452,3.06562761822,3.06562761822,3.06562761822,0.000201921457653,0.000201921457653,0.000201921457653,0.000256614796466,0.000256614796466,0.000256614796466,0.000122016523306,0.000122016523306,0.000122016523306,1.40839920277e-05,1.40839920277e-05,1.40839920277e-05,11.3999996185,20,1,1,0,12,0,211,0,935,1,882,0,0,0,0,0,0,0,0.000201921457653,3.06562761822,0,0
124,1609059026.18,2,0,2040,2039,1,0,0,0,0,1,0,0,0,0,0,0,0,0.0735015411959,0.0735015411959,0.0735015411959,0.000592008607638,0.000592008607638,0.000592008607638,3.02087277294,3.02087277294,3.02087277294,0.000199323037693,0.000199323037693,0.000199323037693,0.000256585054612,0.000256585054612,0.000256585054612,0.000122016523306,0.000122016523306,0.000122016523306,1.40839920277e-05,1.40839920277e-05,1.40839920277e-05,11.3999996185,20,1,1,0,12,0,216,0,927,1,884,0,0,0,0,0,0,0,0.000199323037693,3.02087277294,0,0
125,1609059026.25,1,0,2032,2031,1,0,0,0,0,1,0,0,0,0,0,0,0,0.0739674857427,0.0739674857427,0.0739674857427,0.000567009692421,0.000567009692421,0.000567009692421,3.10631586882,3.10631586882,3.10631586882,6.92632741727e-05,6.92632741727e-05,6.92632741727e-05,0.000366171390961,0.000366171390961,0.000366171390961,0.000122578817468,0.000122578817468,0.000122578817468,8.99620981832e-06,8.99620981832e-06,8.99620981832e-06,14.3999996185,20,1,1,0,4,0,202,0,906,0,919,1,0,0,0,0,0,0,0,0,6.92632741727e-05,3.10631586882
125,1609059026.25,2,0,2032,2031,1,0,0,0,0,1,0,0,0,0,0,0,0,0.0731972226621,0.0731972226621,0.0731972226621,0.000567146866382,0.000567146866382,0.000567146866382,3.07359636869,3.07359636869,3.07359636869,6.93983836147e-05,6.93983836147e-05,6.93983836147e-05,0.00036617345548,0.00036617345548,0.00036617345548,0.000122578817468,0.000122578817468,0.000122578817468,8.99620981832e-06,8.99620981832e-06,8.99620981832e-06,14.3999996185,20,1,1,0,4,0,203,0,908,0,916,1,0,0,0,0,0,0,0,0,6.93983836147e-05,3.07359636869
126,1609059026.35,1,0,2035,2034,0,1,0,0,0,0,0,0,0,0,0,0,0,1e+300,0,0,1e+300,0,0,1e+300,0,0,1e+300,0,0,1e+300,0,0,1e+300,0,0,1e+300,0,0,0,0,0,0,0,9,0,203,0,933,0,890,0,0,0,0,0,0,0,0,0,0,0
126,1609059026.35,2,0,2035,2034,0,1,0,0,0,0,0,0,0,0,0,0,0,1e+300,0,0,1e+300,0,0,1e+300,0,0,1e+300,0,0,1e+300,0,0,1e+300,0,0,1e+300,0,0,0,0,0,0,0,9,0,203,0,936,0,887,0,0,0,0,0,0,0,0,0,0,0
127,1609059026.46,1,0,2048,2045,3,0,0,0,0,3,0,0,0,0,0,0,0,0.0798646157383,0.105437607313,0.137167157014,0.000506288969172,0.00102518126104,0.00192341357772,3.12761868204,3.56085247096,4.41232125648,2.98680104986e-05,0.000131815238709,0.000297988756348,0.000159107113277,0.000252732491741,0.000366160856247,0.000201018781211,0.000629408550748,0.00138073574574,1.0842720104e-05,1.12249798401e-05,1.17595699386e-05,12.3333330154,20,1,0,0,6,0,211,0,925,2,906,1,0,0,0,0,0,0,0.000163928383423,3.76996996926,6.75889492807e-05,3.14261747436
127,1609059026.46,2,0,2048,2045,3,0,0,0,0,3,0,0,0,0,0,0,0,0.0800679542759,0.105499532227,0.136661299722,0.000504146006201,0.00102799288978,0.00192898471521,3.11158130553,3.56449818617,4.44343616465,2.77418081964e-05,0.000134635022437,0.00030357265306,0.000159090352607,0.000252724336756,0.000366165911195,0.000201018781211,0.000629408550748,0.00138073574574,1.0842720104e-05,1.12249798401e-05,1.17595699386e-05,12.3333330154,20,1,0,0,6,0,211,0,924,2,907,1,0,0,0,0,0,0,0.000165657230628,3.77750873509,7.25906060552e-05,3.13847708834
127,1609059026.46,3,0,2048,2045,3,0,0,0,0,3,0,0,0,0,0,0,0,0.0804694381736,0.105583555574,0.136146739644,0.00050397631965,0.00102857431064,0.00193023691093,3.09885986689,3.57064043615,4.46044943172,2.75749826111e-05,0.000135219802477,0.000304830647604,0.000159087491642,0.000252720977576,0.000366164493434,0.000201018781211,0.000629408550748,0.00138073574574,1.0842720104e-05,1.12249798401e-05,1.17595699386e-05,12.3333330154,20,1,0,0,6,0,210,0,925,2,907,1,0,0,0,0,0,0,0.000166202815107,3.7796546493,7.32537772154e-05,3.15261200985
128,1609059026.56,1,0,2053,2053,0,0,0,0,0,0,0,0,0,0,0,0,0,1e+300,0,0,1e+300,0,0,1e+300,0,0,1e+300,0,0,1e+300,0,0,1e+300,0,0,1e+300,0,0,0,0,0,2,0,14,0,216,0,927,0,894,0,0,0,0,0,0,0,0,0,0,0
128,1609059026.56,2,0,2052,2052,0,0,0,0,0,0,0,0,0,0,0,0,0,1e+300,0,0,1e+300,0,0,1e+300,0,0,1e+300,0,0,1e+300,0,0,1e+300,0,0,1e+300,0,0,0,0,0,2,0,14,0,215,0,931,0,890,0,0,0,0,0,0,0,0,0,0,0
129,1609059026.66,1,0,2027,2025,2,0,0,0,0,2,0,0,0,0,0,0,0,0.0755145508552,0.0763639761513,0.0772134014473,0.000141554536982,0.000399394954365,0.000657235371749,3.0118422434,4.67942293796,6.34700363252,2.44042942541e-06,1.69677672467e-05,3.1495105068e-05,5.54735083452e-05,7.80661472216e-05,0.000100658786098,6.80593065985e-05,0.000293133998832,0.000518208691066,6.87278951677e-06,1.1227041065e-05,1.55812926132e-05,13,20,1,1,0,9,0,199,0,921,1,897,1,0,0,0,0,0,0,2.44042942541e-06,6.34700363252,3.1495105068e-05,3.0118422434
129,1609059026.66,2,0,2027,2026,1,0,0,0,0,1,0,0,0,0,0,1,1,0.0770571941063,0.0770571941063,0.0770571941063,0.000657064666408,0.000657064666408,0.000657064666408,3.00613952726,3.00613952726,3.00613952726,3.13367172897e-05,3.13367172897e-05,3.13367172897e-05,0.000100646468536,0.000100646468536,0.000100646468536,0.000518208691066,0.000518208691066,0.000518208691066,6.87278951677e-06,6.87278951677e-06,6.87278951677e-06,16,20,1,1,0,9,0,198,0,922,0,897,1,0,0,0,0,0,0,0,0,3.13367172897e-05,3.00613952726
129,1609059026.66,3,0,2027,2027,0,0,0,0,0,0,0,0,1,0,1,1,1,1e+300,0,0,1e+300,0,0,1e+300,0,0,1e+300,0,0,1e+300,0,0,1e+300,0,0,1e+300,0,0,0,0,0,1,0,9,0,198,0,925,0,894,0,0,0,0,0,0,0,0,0,0,0
130,1609059026.77,1,0,2044,2044,0,0,0,0,0,0,0,0,0,0,0,0,0,1e+300,0,0,1e+300,0,0,1e+300,0,0,1e+300,0,0,1e+300,0,0,1e+300,0,0,1e+300,0,0,0,0,0,1,0,8,0,204,0,930,0,901,0,0,0,0,0,0,0,0,0,0,0
130,1609059026.77,2,0,2044,2044,0,0,0,0,0,0,0,0,0,0,0,0,0,1e+300,0,0,1e+300,0,0,1e+300,0,0,1e+300,0,0,1e+300,0,0,1e+300,0,0,1e+300,0,0,0,0,0,1,0,8,0,204,0,926,0,905,0,0,0,0,0,0,0,0,0,0,0
131,1609059026.87,1,0,2049,2048,1,0,0,0,0,1,0,0,0,0,0,0,0,0.0958639594168,0.0958639594168,0.0958639594168,0.000884964069664,0.000884964069664,0.000884964069664,3.22249716014,3.22249716014,3.22249716014,0.000105237747135,0.000105237747135,0.000105237747135,0.000151954017214,0.000151954017214,0.000151954017214,0.000614875617469,0.000614875617469,0.000614875617469,1.28966878458e-05,1.28966878458e-05,1.28966878458e-05,4.19999980927,11,1,0,0,8,0,199,1,941,0,901,0,0,0,0,0,0.000105237747135,3.22249716014,0,0,0,0
131,1609059026.87,2,0,2049,2048,1,0,0,0,0,1,0,0,0,0,0,0,0,0.095215500064,0.095215500064,0.095215500064,0.000884133007976,0.000884133007976,0.000884133007976,3.20220292791,3.20220292791,3.20220292791,0.000104422399569,0.000104422399569,0.000104422399569,0.000151938303092,0.000151938303092,0.000151938303092,0.000614875617469,0.000614875617469,0.000614875617469,1.28966878458e-05,1.28966878458e-05,1.28966878458e-05,4.19999980927,11,1,0,0,8,0,200,1,947,0,894,0,0,0,0,0,0.000104422399569,3.20220292791,0,0,0,0
132,1609059026.97,1,0,2042,2040,1,1,0,0,0,1,0,0,0,0,0,0,0,0.0750142922524,0.0750142922524,0.0750142922524,0.000595416741412,0.000595416741412,0.000595416741412,3.07420974794,3.07420974794,3.07420974794,0.000206985994594,0.000206985994594,0.000206985994594,0.000256626091725,0.000256626091725,0.000256626091725,0.000117592453864,0.000117592453864,0.000117592453864,1.421220123e-05,1.421220123e-05,1.421220123e-05,11.3999996185,20,1,1,0,6,0,207,0,919,1,909,0,0,0,0,0,0,0,0.000206985994594,3.07420974794,0,0
132,1609059026.97,2,0,2041,2039,1,1,0,0,0,1,0,0,0,0,0,0,0,0.0769725275882,0.0769725275882,0.0769725275882,0.000591598512693,0.000591598512693,0.000591598512693,3.16462468373,3.16462468373,3.16462468373,0.000203188551715,0.000203188551715,0.000203188551715,0.000256605305885,0.000256605305885,0.000256605305885,0.000117592453864,0.000117592453864,0.000117592453864,1.421220123e-05,1.421220123e-05,1.421220123e-05,11.3999996185,20,1,1,0,6,0,208,0,917,1,909,0,0,0,0,0,0,0,0.000203188551715,3.16462468373,0,0
133,1609059027.08,1,0,2067,2067,0,0,0,0,0,0,0,0,0,0,0,0,0,1e+300,0,0,1e+300,0,0,1e+300,0,0,1e+300,0,0,1e+300,0,0,1e+300,0,0,1e+300,0,0,0,0,0,2,0,8,0,212,0,936,0,909,0,0,0,0,0,0,0,0,0,0,0
133,1609059027.08,2,0,2067,2067,0,0,0,0,0,0,0,0,0,0,0,0,0,1e+300,0,0,1e+300,0,0,1e+300,0,0,1e+300,0,0,1e+300,0,0,1e+300,0,0,1e+300,0,0,0,0,0,2,0,8,0,214,0,939,0,904,0,0,0,0,0,0,0,0,0,0,0
134,1609059027.18,1,0,2058,2056,2,0,0,0,0,2,0,0,0,0,0,0,0,0.0845160381375,0.147282746831,0.210049455525,0.000484880976955,0.000878292765471,0.00127170455399,3.83814658742,4.86416248087,5.89017837431,2.89348841921e-05,7.13176023658e-05,0.000113700320539,0.000159117315887,0.000218942977093,0.0002787686383,0.000285899510928,0.000577060691107,0.000868221871285,1.0929265948e-05,1.09714949054e-05,1.10137238629e-05,9.5,20,0,1,0,7,0,217,1,912,1,921,0,0,0,0,0,0.000113700320539,5.89017837431,2.89348841921e-05,3.83814658742,0,0
134,1609059027.18,2,0,2058,2056,2,0,0,0,0,2,0,0,0,0,0,0,0,0.0848474924579,0.147591537853,0.210335583248,0.00048456863748,0.000878013021401,0.00127145740532,3.85444063236,4.87660789318,5.89877515399,2.86465376094e-05,7.1032864139e-05,0.000113419190669,0.000159093322994,0.000218947971249,0.000278802619504,0.000285899510928,0.000577060691107,0.000868221871285,1.0929265948e-05,1.09714949054e-05,1.10137238629e-05,9.5,20,0,1,0,7,0,218,1,915,1,917,0,0,0,0,0,0.000113419190669,5.89877515399,2.86465376094e-05,3.85444063236,0,0
135,1609059027.28,1,0,2067,2067,0,0,0,0,0,0,0,0,0,0,0,0,0,1e+300,0,0,1e+300,0,0,1e+300,0,0,1e+300,0,0,1e+300,0,0,1e+300,0,0,1e+300,0,0,0,0,0,1,0,12,0,204,0,950,0,900,0,0,0,0,0,0,0,0,0,0,0
135,1609059027.28,2,0,2066,2066,0,0,0,0,0,0,0,0,0,0,0,0,0,1e+300,0,0,1e+300,0,0,1e+300,0,0,1e+300,0,0,1e+300,0,0,1e+300,0,0,1e+300,0,0,0,0,0,1,0,12,0,203,0,947,0,903,0,0,0,0,0,0,0,0,0,0,0
136,1609059027.35,1,0,2048,2046,2,0,0,0,0,2,0,0,0,0,0,0,0,0.0821626313554,0.271621457739,0.461080284123,0.000479590925247,0.0101905955028,0.0199016000804,3.26838007802,3.51008650625,3.75179293447,3.70061788703e-05,0.000241348118866,0.000445690058862,1.83840438075e-05,5.95422340063e-05,0.000100700424205,0.00033677353092,0.0098813651242,0.0194259567175,5.1107912509e-06,8.34002574931e-06,1.15692602477e-05,8.60000038147,10.5,0,1,1,6,0,209,0,913,0,919,1,0.000445690058862,3.26838007802,0,0,0,0,0,0,3.70061788703e-05,3.75179293447
136,1609059027.35,2,0,2048,2046,2,0,0,0,0,2,0,0,0,0,0,0,0,0.0838342883155,0.269690206655,0.455546124994,0.000479790838175,0.0102004361659,0.0199210814937,3.22757171395,3.52744996239,3.82732821084,3.72162833129e-05,0.00025119008373,0.000465163884147,1.83916318138e-05,5.95409322524e-05,0.000100690232691,0.00033677353092,0.0098813651242,0.0194259567175,5.1107912509e-06,8.34002574931e-06,1.15692602477e-05,8.60000038147,10.5,0,1,1,6,0,207,0,921,0,913,1,0.000465163884147,3.22757171395,0,0,0,0,0,0,3.72162833129e-05,3.82732821084
137,1609059027.45,1,0,2059,2058,1,0,0,0,0,1,0,0,0,0,0,0,0,0.0723892492166,0.0723892492166,0.0723892492166,0.000578028912389,0.000578028912389,0.000578028912389,3.01092051955,3.01092051955,3.01092051955,0.000188793079638,0.000188793079638,0.000188793079638,0.000256574797871,0.000256574797871,0.000256574797871,0.000119759447967,0.000119759447967,0.000119759447967,1.29015869138e-05,1.29015869138e-05,1.29015869138e-05,11.3999996185,20,1,1,0,10,0,194,0,934,1,920,0,0,0,0,0,0,0,0.000188793079638,3.01092051955,0,0
137,1609059027.45,2,0,2059,2058,1,0,0,0,0,1,0,0,0,0,0,0,0,0.0731716569374,0.0731716569374,0.0731716569374,0.00057739431657,0.00057739431657,0.00057739431657,3.04513560447,3.04513560447,3.04513560447,0.000188133998833,0.000188133998833,0.000188133998833,0.000256599282856,0.000256599282856,0.000256599282856,0.000119759447967,0.000119759447967,0.000119759447967,1.29015869138e-05,1.29015869138e-05,1.29015869138e-05,11.3999996185,20,1,1,0,9,0,192,0,942,1,915,0,0,0,0,0,0,0,0.000188133998833,3.04513560447,0,0
138,1609059027.56,1,0,2071,2069,1,0,1,0,0,2,0,0,0,0,0,0,0,0.0877447920457,0.0877447920457,0.0877447920457,0.000582753661782,0.000582753661782,0.000582753661782,3.63478597362,3.63478597362,3.63478597362,0.000189938756236,0.000189938756236,0.000189938756236,0.000256634069643,0.000256634069643,0.000256634069643,0.000122549430635,0.000122549430635,0.000122549430635,1.36314052698e-05,1.36314052698e-05,1.36314052698e-05,11.3999996185,20,1,0,0,10,0,198,0,922,1,941,0,0,0,0,0,0,0,0.000189938756236,3.63478597362,0,0
138,1609059027.56,2,0,2071,2069,1,0,1,0,0,2,0,0,0,0,0,0,0,0.0866682653059,0.0866682653059,0.0866682653059,0.000584548618969,0.000584548618969,0.000584548618969,3.58467498076,3.58467498076,3.58467498076,0.000191735027312,0.000191735027312,0.000191735027312,0.000256632755753,0.000256632755753,0.000256632755753,0.000122549430635,0.000122549430635,0.000122549430635,1.36314052698e-05,1.36314052698e-05,1.36314052698e-05,11.3999996185,20,1,0,0,10,0,200,0,922,1,939,0,0,0,0,0,0,0,0.000191735027312,3.58467498076,0,0
139,1609059027.66,1,0,2070,2070,0,0,0,0,0,0,0,0,0,0,0,0,0,1e+300,0,0,1e+300,0,0,1e+300,0,0,1e+300,0,0,1e+300,0,0,1e+300,0,0,1e+300,0,0,0,0,0,0,0,8,0,185,0,954,0,923,0,0,0,0,0,0,0,0,0,0,0
139,1609059027.66,2,0,2070,2070,0,0,0,0,0,0,0,0,0,0,0,0,0,1e+300,0,0,1e+300,0,0,1e+300,0,0,1e+300,0,0,1e+300,0,0,1e+300,0,0,1e+300,0,0,0,0,0,0,0,8,0,186,0,953,0,923,0,0,0,0,0,0,0,0,0,0,0
140,1609059027.76,1,0,2054,2052,2,0,0,0,0,2,0,0,0,0,0,0,0,0.0768509684444,0.07928529208,0.0817196157155,9.3473141533e-05,0.000373125658999,0.000652778176465,3.19847899028,5.57367935233,7.94887971437,1.518546993e-06,1.81320761325e-05,3.4745605272e-05,6.2837358238e-05,8.17478070642e-05,0.00010065825589,1.43690182643e-05,0.000262566839449,0.000510764660635,6.6096546682e-06,1.0678936353e-05,1.47482180377e-05,14.2000002861,20,1,1,0,8,0,190,0,931,1,924,1,0,0,0,0,0,0,1.518546993e-06,7.94887971437,3.4745605272e-05,3.19847899028
140,1609059027.76,2,0,2054,2052,2,0,0,0,0,2,0,0,0,0,0,0,0,0.0773341146529,0.0787101748787,0.0800862351045,9.34744513052e-05,0.00037275617437,0.000652037897434,3.13632787924,5.56756226126,7.99879664329,1.52804701578e-06,1.77464069456e-05,3.39647668754e-05,6.28291679874e-05,8.17639916216e-05,0.000100698815256,1.43690182643e-05,0.000262566839449,0.000510764660635,6.6096546682e-06,1.0678936353e-05,1.47482180377e-05,14.2000002861,20,1,1,0,8,0,191,0,931,1,923,1,0,0,0,0,0,0,1.52804701578e-06,7.99879664329,3.39647668754e-05,3.13632787924
141,1609059027.87,1,0,2057,2055,2,0,0,0,0,2,0,0,0,0,0,0,0,0.0772121753208,0.0779571252283,0.0787020751358,0.00058435456132,0.00061101877316,0.000637682985,3.11661939513,3.15535624143,3.19409308773,3.32400382405e-05,0.000115201363965,0.000197162689689,0.000100693216137,0.000178673534719,0.000256653853301,0.000117045799649,0.000307132123263,0.000497218446878,6.53128374461e-06,1.00117512129e-05,1.34922186812e-05,13.8000001907,20,2,0,0,10,0,201,0,912,1,934,1,0,0,0,0,0,0,0.000197162689689,3.19409308773,3.32400382405e-05,3.11661939513
141,1609059027.87,2,0,2056,2054,2,0,0,0,0,2,0,0,0,0,0,0,0,0.0767263580282,0.0773379343057,0.0779495105833,0.000584768567917,0.000611089465488,0.000637410363059,3.08747772328,3.13017494032,3.17287215737,3.2952222017e-05,0.000115292593842,0.000197632965667,0.00010070841042,0.00017865299717,0.00025659758392,0.000117045799649,0.000307132123263,0.000497218446878,6.53128374461e-06,1.00117512129e-05,1.34922186812e-05,13.8000001907,20,2,0,0,11,0,202,0,913,1,930,1,0,0,0,0,0,0,0.000197632965667,3.17287215737,3.2952222017e-05,3.08747772328
142,1609059027.97,1,0,2066,2066,0,0,0,0,0,0,0,0,0,0,0,0,0,1e+300,0,0,1e+300,0,0,1e+300,0,0,1e+300,0,0,1e+300,0,0,1e+300,0,0,1e+300,0,0,0,0,0,0,0,12,0,183,0,935,0,936,0,0,0,0,0,0,0,0,0,0,0
142,1609059027.97,2,0,2066,2066,0,0,0,0,0,0,0,0,0,0,0,0,0,1e+300,0,0,1e+300,0,0,1e+300,0,0,1e+300,0,0,1e+300,0,0,1e+300,0,0,1e+300,0,0,0,0,0,0,0,12,0,183,0,937,0,934,0,0,0,0,0,0,0,0,0,0,0
143,1609059028.07,1,0,2051,2051,0,0,0,0,0,0,0,0,0,0,0,0,0,1e+300,0,0,1e+300,0,0,1e+300,0,0,1e+300,0,0,1e+300,0,0,1e+300,0,0,1e+300,0,0,0,0,0,1,0,8,0,190,0,925,0,927,0,0,0,0,0,0,0,0,0,0,0
143,1609059028.07,2,0,2050,2050,0,0,0,0,0,0,0,0,0,0,0,0,0,1e+300,0,0,1e+300,0,0,1e+300,0,0,1e+300,0,0,1e+300,0,0,1e+300,0,0,1e+300,0,0,0,0,0,1,0,8,0,188,0,925,0,928,0,0,0,0,0,0,0,0,0,0,0
144,1609059028.18,1,0,2039,2038,1,0,0,0,0,1,0,0,0,0,0,0,0,0.0792951519626,0.0792951519626,0.0792951519626,0.00048215384875,0.00048215384875,0.00048215384875,3.61121891764,3.61121891764,3.61121891764,3.10365886854e-05,3.10365886854e-05,3.10365886854e-05,0.000395606715684,0.000395606715684,0.000395606715684,4.39974458311e-05,4.39974458311e-05,4.39974458311e-05,1.15130985503e-05,1.15130985503e-05,1.15130985503e-05,16,20,1,2,0,6,0,173,0,930,0,928,1,0,0,0,0,0,0,0,0,3.10365886854e-05,3.61121891764
144,1609059028.18,2,0,2038,2037,1,0,0,0,0,1,0,0,0,0,0,0,0,0.078652529858,0.078652529858,0.078652529858,0.000481645353667,0.000481645353667,0.000481645353667,3.58384327035,3.58384327035,3.58384327035,3.0525138253e-05,3.0525138253e-05,3.0525138253e-05,0.000395609671033,0.000395609671033,0.000395609671033,4.39974458311e-05,4.39974458311e-05,4.39974458311e-05,1.15130985503e-05,1.15130985503e-05,1.15130985503e-05,16,20,1,2,0,6,0,175,0,924,0,931,1,0,0,0,0,0,0,0,0,3.0525138253e-05,3.58384327035
144,1609059028.18,3,0,2038,2037,1,0,0,0,0,1,0,0,0,0,0,0,0,0.0784699113914,0.0784699113914,0.0784699113914,0.000481561627967,0.000481561627967,0.000481561627967,3.57583297712,3.57583297712,3.57583297712,3.0441062769e-05,3.0441062769e-05,3.0441062769e-05,0.000395610020817,0.000395610020817,0.000395610020817,4.39974458311e-05,4.39974458311e-05,4.39974458311e-05,1.15130985503e-05,1.15130985503e-05,1.15130985503e-05,16,20,1,2,0,6,0,175,0,925,0,930,1,0,0,0,0,0,0,0,0,3.0441062769e-05,3.57583297712
145,1609059028.28,1,0,2054,2052,2,0,0,0,0,2,0,0,0,0,0,0,0,0.0781606841089,0.0886050470531,0.0990494099973,9.34546372977e-05,0.000385054119022,0.000676653600747,3.00472792583,6.62532991049,10.2459318951,1.51137179397e-06,7.45193279583e-05,0.000147527284123,6.28641190063e-05,0.000210808137925,0.000358752156843,1.39900637503e-05,8.64132686236e-05,0.000158836473497,1.15376862846e-05,1.33133845158e-05,1.50890827471e-05,9.69999980927,20,1,1,0,8,0,179,1,944,1,922,0,0,0,0,0,0.000147527284123,3.00472792583,1.51137179397e-06,10.2459318951,0,0
145,1609059028.28,2,0,2053,2051,2,0,0,0,0,2,0,0,0,0,0,0,0,0.0781485814694,0.0885136440258,0.0988787065822,9.34533741416e-05,0.000385270342206,0.000677087310271,3.00330031744,6.61582166315,10.2283430089,1.51579293151e-06,7.47360394831e-05,0.000147956286035,6.28584347126e-05,0.000210807649584,0.000358756864455,1.39900637503e-05,8.64132686236e-05,0.000158836473497,1.15376862846e-05,1.33133845158e-05,1.50890827471e-05,9.69999980927,20,1,1,0,8,0,178,1,946,1,920,0,0,0,0,0,0.000147956286035,3.00330031744,1.51579293151e-06,10.2283430089,0,0
146,1609059028.38,1,0,2062,2062,0,0,0,0,0,0,0,0,0,0,0,0,0,1e+300,0,0,1e+300,0,0,1e+300,0,0,1e+300,0,0,1e+300,0,0,1e+300,0,0,1e+300,0,0,0,0,0,1,0,8,0,189,0,924,0,940,0,0,0,0,0,0,0,0,0,0,0
146,1609059028.38,2,0,2061,2061,0,0,0,0,0,0,0,0,0,0,0,0,0,1e+300,0,0,1e+300,0,0,1e+300,0,0,1e+300,0,0,1e+300,0,0,1e+300,0,0,1e+300,0,0,0,0,0,1,0,8,0,189,0,923,0,940,0,0,0,0,0,0,0,0,0,0,0
147,1609059028.45,1,0,2044,2041,3,0,0,0,0,3,0,0,0,0,0,0,0,0.0736736059634,0.0981379437099,0.131170210868,0.000397690688944,0.000770202164482,0.00132236978161,3.03169182348,3.71009379491,4.49148477651,2.33925511852e-05,4.31780081262e-05,8.17042645019e-05,3.51379605933e-05,0.000186750905725,0.000366139351522,0.000133449648989,0.000529747757222,0.00125089330618,9.25275788153e-06,1.05254934086e-05,1.29459636476e-05,9.33333309491,14,1,0,0,11,1,171,0,917,1,945,1,0,0,2.33925511852e-05,3.60710478473,0,0,2.44372086913e-05,4.49148477651,8.17042645019e-05,3.03169182348
147,1609059028.45,2,0,2044,2042,2,0,0,0,0,2,0,0,1,0,1,0,0,0.0880333765546,0.108570750402,0.129108124249,0.000400962781762,0.000862017144165,0.00132307150657,3.54945695029,3.97291900679,4.39638106328,2.41010498905e-05,2.59177205758e-05,2.77343912611e-05,3.51311868458e-05,9.70407510781e-05,0.00015895031531,0.000204900316494,0.000727896811339,0.00125089330618,9.37775869675e-06,1.11618611722e-05,1.29459636476e-05,6.79999983311,11,0,0,0,11,1,172,0,916,1,945,0,0,0,2.41010498905e-05,3.54945695029,0,0,2.77343912611e-05,4.39638106328,0,0
148,1609059028.55,1,0,2063,2062,1,0,0,0,0,1,0,0,0,0,0,0,0,0.0770852431589,0.0770852431589,0.0770852431589,0.000631077571333,0.000631077571333,0.000631077571333,3.06852646964,3.06852646964,3.06852646964,7.15177073625e-05,7.15177073625e-05,7.15177073625e-05,0.000366162799406,0.000366162799406,0.000366162799406,0.000183386908739,0.000183386908739,0.000183386908739,1.00101558251e-05,1.00101558251e-05,1.00101558251e-05,14.3999996185,20,1,2,0,9,0,179,0,922,0,951,1,0,0,0,0,0,0,0,0,7.15177073625e-05,3.06852646964
148,1609059028.55,2,0,2062,2060,2,0,0,0,0,2,0,0,1,1,0,0,0,0.074072696971,0.0764736036249,0.0788745102788,0.000577671393358,0.000606493491169,0.00063531558898,3.0818942087,3.10557808094,3.12926195317,7.57395097009e-05,0.000132255970297,0.000188772430893,0.000256660997242,0.000311420005979,0.000366179014716,0.000119454431035,0.000151420669887,0.000183386908739,1.00101558251e-05,1.13968450065e-05,1.2783534188e-05,12.8999996185,20,2,2,0,9,0,180,0,921,1,950,1,0,0,0,0,0,0,0.000188772430893,3.0818942087,7.57395097009e-05,3.12926195317
149,1609059028.66,1,0,2049,2048,1,0,0,0,0,1,0,0,0,0,0,0,0,0.113451670741,0.113451670741,0.113451670741,0.00100866776847,0.00100866776847,0.00100866776847,3.57220870296,3.57220870296,3.57220870296,6.30026714122e-05,6.30026714122e-05,6.30026714122e-05,0.000277881480915,0.000277881480915,0.000277881480915,0.000647699711178,0.000647699711178,0.000647699711178,2.00839049598e-05,2.00839049598e-05,2.00839049598e-05,5,20,0,2,0,9,0,171,1,933,0,934,0,0,0,0,0,6.30026714122e-05,3.57220870296,0,0,0,0
149,1609059028.66,2,0,2048,2047,1,0,0,0,0,1,0,0,0,0,0,0,0,0.113419931709,0.113419931709,0.113419931709,0.00101024655423,0.00101024655423,0.00101024655423,3.56841776302,3.56841776302,3.56841776302,6.45474327537e-05,6.45474327537e-05,6.45474327537e-05,0.000277915505335,0.000277915505335,0.000277915505335,0.000647699711178,0.000647699711178,0.000647699711178,2.00839049598e-05,2.00839049598e-05,2.00839049598e-05,5,20,0,2,0,9,0,175,1,921,0,941,0,0,0,0,0,6.45474327537e-05,3.56841776302,0,0,0,0
149,1609059028.66,3,0,2047,2046,1,0,0,0,0,1,0,0,0,0,0,0,0,0.113809397529,0.113809397529,0.113809397529,0.00101022699344,0.00101022699344,0.00101022699344,3.58070580189,3.58070580189,3.58070580189,6.45279542494e-05,6.45279542494e-05,6.45279542494e-05,0.000277915423048,0.000277915423048,0.000277915423048,0.000647699711178,0.000647699711178,0.000647699711178,2.00839049598e-05,2.00839049598e-05,2.00839049598e-05,5,20,0,2,0,9,0,174,1,923,0,939,0,0,0,0,0,6.45279542494e-05,3.58070580189,0,0,0,0
150,1609059028.76,1,0,2068,2068,0,0,0,0,0,0,0,0,0,0,0,0,0,1e+300,0,0,1e+300,0,0,1e+300,0,0,1e+300,0,0,1e+300,0,0,1e+300,0,0,1e+300,0,0,0,0,0,1,0,10,0,183,0,923,0,951,0,0,0,0,0,0,0,0,0,0,0
150,1609059028.76,2,0,2068,2068,0,0,0,0,0,0,0,0,0,0,0,0,0,1e+300,0,0,1e+300,0,0,1e+300,0,0,1e+300,0,0,1e+300,0,0,1e+300,0,0,1e+300,0,0,0,0,0,1,0,10,0,182,0,919,0,956,0,0,0,0,0,0,0,0,0,0,0
151,1609059028.86,1,0,2056,2053,3,0,0,0,0,3,0,0,0,0,0,0,0,0.0868964517243,0.123331637093,0.188619660249,9.41689503054e-05,0.00134468369602,0.00334790617634,3.2598702832,5.52245450477,9.73599855282,1.43847220112e-06,8.55863563085e-05,0.000195892931383,6.34551658072e-05,0.000204711642124,0.000294032564901,1.37418543005e-05,0.00104074114105,0.00298344238676,1.10035593328e-05,1.3644556531e-05,1.55334579966e-05,11.0666666031,20,1,1,0,5,0,182,0,927,3,941,0,0,0,0,0,0,0,8.55863563085e-05,5.52245450477,0,0
151,1609059028.86,2,0,2056,2053,3,0,0,0,0,3,0,0,0,0,0,0,0,0.0880346477477,0.122401258389,0.186537757596,9.41987497634e-05,0.00134639129485,0.00334794792173,3.22386913831,5.4569723596,9.54411177802,1.44901190792e-06,8.73031224694e-05,0.000200966684578,6.34744255584e-05,0.000204702474794,0.000294008304714,1.37418543005e-05,0.00104074114105,0.00298344238676,1.10035593328e-05,1.3644556531e-05,1.55334579966e-05,11.0666666031,20,1,1,0,5,0,181,0,929,3,940,0,0,0,0,0,0,0,8.73031224694e-05,5.4569723596,0,0
152,1609059028.97,1,0,2063,2063,0,0,0,0,0,0,0,0,0,0,0,0,0,1e+300,0,0,1e+300,0,0,1e+300,0,0,1e+300,0,0,1e+300,0,0,1e+300,0,0,1e+300,0,0,0,0,0,1,0,9,0,178,0,940,0,935,0,0,0,0,0,0,0,0,0,0,0
152,1609059028.97,2,0,2063,2063,0,0,0,0,0,0,0,0,0,0,0,0,0,1e+300,0,0,1e+300,0,0,1e+300,0,0,1e+300,0,0,1e+300,0,0,1e+300,0,0,1e+300,0,0,0,0,0,1,0,9,0,174,0,944,0,935,0,0,0,0,0,0,0,0,0,0,0
153,1609059029.07,1,0,2065,2064,1,0,0,0,0,1,0,0,0,0,0,0,0,0.106783332121,0.106783332121,0.106783332121,0.000618618992377,0.000618618992377,0.000618618992377,4.29330600663,4.29330600663,4.29330600663,0.000230615927424,0.000230615927424,0.000230615927424,0.000256637888035,0.000256637888035,0.000256637888035,0.000117534799659,0.000117534799659,0.000117534799659,1.38303772575e-05,1.38303772575e-05,1.38303772575e-05,11.3999996185,20,1,2,0,4,0,163,0,957,1,939,0,0,0,0,0,0,0,0.000230615927424,4.29330600663,0,0
153,1609059029.07,2,0,2065,2064,1,0,0,0,0,1,0,0,0,0,0,0,0,0.106082753555,0.106082753555,0.106082753555,0.000616411565094,0.000616411565094,0.000616411565094,4.27276881127,4.27276881127,4.27276881127,0.000228457263208,0.000228457263208,0.000228457263208,0.000256589124969,0.000256589124969,0.000256589124969,0.000117534799659,0.000117534799659,0.000117534799659,1.38303772575e-05,1.38303772575e-05,1.38303772575e-05,11.3999996185,20,1,2,0,4,0,162,0,951,1,946,0,0,0,0,0,0,0,0.000228457263208,4.27276881127,0,0
154,1609059029.17,1,0,2055,2053,2,0,0,0,0,2,0,0,0,0,0,0,0,0.0844401092111,0.131710630524,0.178981151836,0.000601079912872,0.00172017303251,0.00283926615214,3.35895546783,3.40155519754,3.44415492724,0.000209779334855,0.00105594324746,0.00190210716006,0.00025660696547,0.000274255311088,0.000291903656707,0.000120839666816,0.000377458277594,0.000634076888371,1.1178447008e-05,1.25161963696e-05,1.38539457313e-05,11.2999997139,20,1,2,0,8,0,176,0,919,2,950,0,0,0,0,0,0,0,0.00105594324746,3.40155519754,0,0
154,1609059029.17,2,0,2054,2052,2,0,0,0,0,2,0,0,0,0,0,0,0,0.0864620819887,0.133058252106,0.179654422223,0.000597241876856,0.00172300552434,0.00284876917182,3.36596256367,3.45195168845,3.53794081322,0.000205953516813,0.00105877483798,0.00191159615914,0.000256594747496,0.000274256212399,0.000291917677302,0.000120839666816,0.000377458277594,0.000634076888371,1.1178447008e-05,1.25161963696e-05,1.38539457313e-05,11.2999997139,20,1,2,0,9,0,174,0,919,2,950,0,0,0,0,0,0,0,0.00105877483798,3.45195168845,0,0
155,1609059029.28,1,0,2074,2073,1,0,0,0,0,1,0,0,0,0,0,0,0,0.0873869088094,0.0873869088094,0.0873869088094,0.000596307339392,0.000596307339392,0.000596307339392,3.57858469093,3.57858469093,3.57858469093,0.000207771633694,0.000207771633694,0.000207771633694,0.000256590987309,0.000256590987309,0.000256590987309,0.000117961105312,0.000117961105312,0.000117961105312,1.39836130777e-05,1.39836130777e-05,1.39836130777e-05,11.3999996185,20,1,2,0,6,0,167,0,956,1,943,0,0,0,0,0,0,0,0.000207771633694,3.57858469093,0,0
155,1609059029.28,2,0,2074,2073,1,0,0,0,0,1,0,0,0,0,0,0,0,0.0874308258903,0.0874308258903,0.0874308258903,0.00059576794419,0.00059576794419,0.00059576794419,3.58200357442,3.58200357442,3.58200357442,0.000207247092168,0.000207247092168,0.000207247092168,0.000256576133632,0.000256576133632,0.000256576133632,0.000117961105312,0.000117961105312,0.000117961105312,1.39836130777e-05,1.39836130777e-05,1.39836130777e-05,11.3999996185,20,1,2,0,6,0,167,0,955,1,944,0,0,0,0,0,0,0,0.000207247092168,3.58200357442,0,0
156,1609059029.38,1,0,2066,2064,2,0,0,0,0,2,0,0,0,0,0,0,0,0.0786456549206,0.0792080963467,0.0797705377728,0.000638224151094,0.000657633815697,0.000677043480299,3.02250099985,3.09004609863,3.15759119742,8.19618607294e-05,0.000115072552188,0.000148183243647,0.000358756792746,0.00036244883641,0.000366140880074,0.000158709681172,0.000168982568342,0.000179255455512,1.08659547781e-05,1.11298587561e-05,1.1393762734e-05,10.7999997139,20,2,0,0,6,0,176,1,937,0,947,1,0,0,0,0,0.000148183243647,3.02250099985,0,0,8.19618607294e-05,3.15759119742
156,1609059029.38,2,0,2064,2063,1,0,0,0,0,1,0,0,1,0,1,0,0,0.0808395670141,0.0808395670141,0.0808395670141,0.000639126453591,0.000639126453591,0.000639126453591,3.197647466,3.197647466,3.197647466,8.28555587907e-05,8.28555587907e-05,8.28555587907e-05,0.00036614948451,0.00036614948451,0.00036614948451,0.000179255455512,0.000179255455512,0.000179255455512,1.08659547781e-05,1.08659547781e-05,1.08659547781e-05,14.3999996185,20,1,0,0,6,0,176,0,935,0,947,1,0,0,0,0,0,0,0,0,8.28555587907e-05,3.197647466
157,1609059029.48,1,0,2056,2055,1,0,0,0,0,1,0,0,0,0,0,0,0,0.0767500149284,0.0767500149284,0.0767500149284,0.000602794318894,0.000602794318894,0.000602794318894,3.12603541117,3.12603541117,3.12603541117,0.000209317462718,0.000209317462718,0.000209317462718,0.000256623948853,0.000256623948853,0.000256623948853,0.000122447638658,0.000122447638658,0.000122447638658,1.44052686654e-05,1.44052686654e-05,1.44052686654e-05,11.3999996185,20,1,0,0,5,0,166,0,933,1,952,0,0,0,0,0,0,0,0.000209317462718,3.12603541117,0,0
157,1609059029.48,2,0,2054,2053,1,0,0,0,0,1,0,0,0,0,0,0,0,0.0760727579316,0.0760727579316,0.0760727579316,0.000596351519288,0.000596351519288,0.000596351519288,3.11514306265,3.11514306265,3.11514306265,0.000202920124957,0.000202920124957,0.000202920124957,0.000256578487008,0.000256578487008,0.000256578487008,0.000122447638658,0.000122447638658,0.000122447638658,1.44052686654e-05,1.44052686654e-05,1.44052686654e-05,11.3999996185,20,1,0,0,5,0,171,0,927,1,951,0,0,0,0,0,0,0,0.000202920124957,3.11514306265,0,0
158,1609059029.55,1,0,2083,2081,2,0,0,0,0,2,0,0,0,0,0,0,0,0.0807231626534,0.196697339988,0.312671517322,0.0005540148313,0.00308844154633,0.00562286826137,3.42955263987,3.79964819747,4.16974375507,2.05381082473e-05,0.000111418202663,0.000202298297079,8.58183898595e-05,0.000171210503108,0.000256602616357,8.30722279719e-05,0.00279485703181,0.00550664183564,9.8699276205e-06,1.09558087559e-05,1.20416898913e-05,8.49999976158,20,1,0,0,9,0,173,1,941,1,960,0,0,0,0,0,2.05381082473e-05,4.16974375507,0.000202298297079,3.42955263987,0,0
158,1609059029.55,2,0,2083,2081,2,0,0,0,0,2,0,0,0,0,0,0,0,0.076608222971,0.192345658549,0.308083094127,0.000545935787954,0.00308419035203,0.00562244491611,3.27872208518,3.69371497169,4.1087078582,2.00571003869e-05,0.000107105571104,0.000194154041821,8.58760524648e-05,0.000171271940367,0.00025666782827,8.30722279719e-05,0.00279485703181,0.00550664183564,9.8699276205e-06,1.09558087559e-05,1.20416898913e-05,8.49999976158,20,1,0,0,9,0,173,1,940,1,961,0,0,0,0,0,2.00571003869e-05,4.1087078582,0.000194154041821,3.27872208518,0,0
159,1609059029.66,1,0,2075,2074,1,0,0,0,0,1,0,0,0,0,0,0,0,0.0838292867379,0.0838292867379,0.0838292867379,0.000576946617929,0.000576946617929,0.000576946617929,3.49002031585,3.49002031585,3.49002031585,0.000194800938227,0.000194800938227,0.000194800938227,0.000256686030147,0.000256686030147,0.000256686030147,0.00011300767011,0.00011300767011,0.00011300767011,1.24519794446e-05,1.24519794446e-05,1.24519794446e-05,11.3999996185,20,1,2,0,6,0,167,0,944,1,956,0,0,0,0,0,0,0,0.000194800938227,3.49002031585,0,0
159,1609059029.66,2,0,2075,2074,1,0,0,0,0,1,0,0,0,0,0,0,0,0.0856515079922,0.0856515079922,0.0856515079922,0.000575843235805,0.000575843235805,0.000575843235805,3.56929857632,3.56929857632,3.56929857632,0.000193735621235,0.000193735621235,0.000193735621235,0.000256647965016,0.000256647965016,0.000256647965016,0.00011300767011,0.00011300767011,0.00011300767011,1.24519794446e-05,1.24519794446e-05,1.24519794446e-05,11.3999996185,20,1,2,0,6,0,168,0,935,1,964,0,0,0,0,0,0,0,0.000193735621235,3.56929857632,0,0
160,1609059029.76,1,0,2050,2048,2,0,0,0,0,2,0,0,0,0,0,0,0,0.0836948108335,0.087378928937,0.0910630470406,0.000583558136082,0.000614738937082,0.000645919738081,3.46462685915,3.52383855934,3.58305025952,7.7441433548e-05,0.000133189337191,0.000188937240835,0.000256638955669,0.000311416830579,0.000366194705489,0.000124922558934,0.000158342337482,0.000191762116029,1.05214830141e-05,1.17904318291e-05,1.30593806441e-05,12.8999996185,20,2,2,0,5,0,152,0,913,1,978,1,0,0,0,0,0,0,0.000188937240835,3.46462685915,7.7441433548e-05,3.58305025952
160,1609059029.76,2,0,2050,2048,2,0,0,0,0,2,0,0,0,0,0,0,0,0.0830806414004,0.0868892721359,0.0906979028715,0.000586212393159,0.000615312652616,0.000644412912072,3.43140786923,3.50213035375,3.57285283827,7.59489940989e-05,0.000133784410007,0.000191619825916,0.000256610627666,0.000311395473297,0.000366180318929,0.000124922558934,0.000158342337482,0.000191762116029,1.05214830141e-05,1.17904318291e-05,1.30593806441e-05,12.8999996185,20,2,2,0,5,0,153,0,909,1,981,1,0,0,0,0,0,0,0.000191619825916,3.43140786923,7.59489940989e-05,3.57285283827
161,1609059029.87,1,0,2074,2071,3,0,0,0,0,3,0,0,0,0,0,0,0,0.0786726300937,0.0911309821855,0.107509746493,0.000511801229796,0.000594821976678,0.000656248235087,3.07106914756,3.75208139505,4.3302275867,2.84668968152e-05,0.000106428379017,0.00021537978432,0.000158934045327,0.000260563816572,0.000366158240069,0.000130150522595,0.000215535439511,0.000313240843284,1.11594443693e-05,1.22943415773e-05,1.42869939168e-05,12.7333329519,20,2,1,0,3,0,165,0,924,2,981,1,0,0,0,0,0,0,0.000121923340567,4.0925875188,7.54384559176e-05,3.07106914756
161,1609059029.87,2,0,2073,2070,3,0,0,0,0,3,0,0,0,0,0,0,0,0.0799796394462,0.0917063701217,0.108278453131,0.000510341672784,0.000596796711007,0.000655617393416,3.12359132899,3.76722828965,4.33311077468,2.70451490604e-05,0.000108442282034,0.000223462331096,0.00015889623607,0.000260524647884,0.000366146488369,0.000130150522595,0.000215535439511,0.000313240843284,1.11594443693e-05,1.22943415773e-05,1.42869939168e-05,12.7333329519,20,2,1,0,4,0,167,0,923,2,978,1,0,0,0,0,0,0,0.000125253740078,4.08904676999,7.48193659459e-05,3.12359132899
162,1609059029.97,1,0,2064,2062,2,0,0,0,0,2,0,0,0,0,0,0,0,0.0890850677376,0.11756013414,0.146035200542,0.000607590748619,0.00145857069655,0.00230955064448,3.03874184523,3.32641748253,3.61409311983,0.000207387943842,0.000220220552061,0.00023305316028,4.09164086172e-06,0.00013033334373,0.000256575046598,0.000129073316954,0.00109457372848,0.00206007414001,1.23317033291e-05,1.34430722767e-05,1.45544412243e-05,12.0999999046,20,2,1,0,7,0,183,0,904,2,969,0,0,0,0,0,0,0,0.000220220552061,3.32641748253,0,0
162,1609059029.97,2,0,2064,2061,3,0,0,0,0,3,0,0,1,1,0,0,0,0.0771797818643,0.104742602531,0.144183458142,0.000606243486363,0.0011902493936,0.00230380474833,3.00262717679,3.25939469095,3.77160756443,8.30822479859e-05,0.000172138484895,0.000227302017825,4.09688716874e-06,0.000208945270898,0.000366154386214,0.000129073316954,0.000796384388591,0.00206007414001,1.14576031105e-05,1.27812492213e-05,1.45544412243e-05,12.8666664759,20,3,1,0,7,0,180,0,912,2,964,1,0,0,0,0,0,0,0.00021666660335,3.38777844803,8.30822479859e-05,3.00262717679
162,1609059029.97,3,0,2064,2062,2,0,0,0,0,2,0,0,1,0,1,0,0,0.0925108743662,0.118405131831,0.144299389296,0.000606140892896,0.00145294577718,0.00229975066146,3.00901336586,3.38328698345,3.75756060104,0.000205924100203,0.000214585931223,0.000223247762244,4.09705587438e-06,0.000130343045194,0.000256589034514,0.000129073316954,0.00109457372848,0.00206007414001,1.23317033291e-05,1.34430722767e-05,1.45544412243e-05,12.0999999046,20,2,1,0,7,0,179,0,912,2,965,0,0,0,0,0,0,0,0.000214585931223,3.38328698345,0,0
163,1609059030.07,1,0,2068,2067,1,0,0,0,0,1,0,0,0,0,0,0,0,0.0809916001763,0.0809916001763,0.0809916001763,0.000591236701573,0.000591236701573,0.000591236701573,3.33088230055,3.33088230055,3.33088230055,0.000203608335424,0.000203608335424,0.000203608335424,0.000256601602798,0.000256601602798,0.000256601602798,0.000117106589413,0.000117106589413,0.000117106589413,1.3920173938e-05,1.3920173938e-05,1.3920173938e-05,11.3999996185,20,1,1,0,7,0,165,0,921,1,974,0,0,0,0,0,0,0,0.000203608335424,3.33088230055,0,0
163,1609059030.07,2,0,2067,2066,1,0,0,0,0,1,0,0,0,0,0,0,0,0.0792365047326,0.0792365047326,0.0792365047326,0.000591577404367,0.000591577404367,0.000591577404367,3.25776325883,3.25776325883,3.25776325883,0.000203931779522,0.000203931779522,0.000203931779522,0.000256618861494,0.000256618861494,0.000256618861494,0.000117106589413,0.000117106589413,0.000117106589413,1.3920173938e-05,1.3920173938e-05,1.3920173938e-05,11.3999996185,20,1,1,0,7,0,165,0,915,1,979,0,0,0,0,0,0,0,0.000203931779522,3.25776325883,0,0
164,1609059030.18,1,0,2066,2063,3,0,0,0,0,3,0,0,0,0,0,0,0,0.0731245019065,0.0775220207004,0.081259229394,0.000142776174336,0.000498245420475,0.000694889142277,3.05001855854,4.08412399114,6.11976929668,1.91170608832e-06,7.6768987742e-05,0.000147945999028,5.63015793678e-05,0.000260416648609,0.00036616864753,6.90918194998e-05,0.000148314231121,0.000199324988837,1.11280503371e-05,1.27455530034e-05,1.54710693804e-05,11.3333330154,20,2,0,0,6,0,166,1,903,1,991,1,0,0,0,0,0.000147945999028,3.08258411819,1.91170608832e-06,6.11976929668,8.04492581093e-05,3.05001855854
164,1609059030.18,2,0,2065,2064,1,0,0,0,0,1,0,0,2,0,2,0,0,0.0807916251679,0.0807916251679,0.0807916251679,0.000653771669711,0.000653771669711,0.000653771669711,3.15975417053,3.15975417053,3.15975417053,7.71590719737e-05,7.71590719737e-05,7.71590719737e-05,0.000366159558564,0.000366159558564,0.000366159558564,0.000199324988837,0.000199324988837,0.000199324988837,1.11280503371e-05,1.11280503371e-05,1.11280503371e-05,14.3999996185,20,1,0,0,6,0,170,0,903,0,986,1,0,0,0,0,0,0,0,0,7.71590719737e-05,3.15975417053
164,1609059030.18,3,0,2065,2063,2,0,0,0,0,2,0,0,1,1,0,0,0,0.0790892735384,0.0796622908408,0.0802353081432,0.000654932671363,0.000674437561847,0.000693942452331,3.0023122493,3.06876315062,3.13521405193,7.83243351833e-05,0.000112672717706,0.00014702110023,0.000358757927782,0.000362456612394,0.000366155297006,0.000176525885026,0.000187925436932,0.000199324988837,1.11280503371e-05,1.13827948149e-05,1.16375392927e-05,10.7999997139,20,2,0,0,6,0,170,1,900,0,989,1,0,0,0,0,0.00014702110023,3.0023122493,0,0,7.83243351833e-05,3.13521405193
165,1609059030.28,1,0,2067,2066,1,0,0,0,0,1,0,0,0,0,0,0,0,0.106259563237,0.106259563237,0.106259563237,0.000656420669822,0.000656420669822,0.000656420669822,4.14740935078,4.14740935078,4.14740935078,3.3781194919e-05,3.3781194919e-05,3.3781194919e-05,0.000323941841405,0.000323941841405,0.000323941841405,0.000286868733137,0.000286868733137,0.000286868733137,1.18289003616e-05,1.18289003616e-05,1.18289003616e-05,18,20,1,1,0,7,0,167,0,900,0,992,1,0,0,0,0,0,0,0,0,3.3781194919e-05,4.14740935078
165,1609059030.28,2,0,2065,2064,1,0,0,0,0,1,0,0,0,0,0,0,0,0.105631783501,0.105631783501,0.105631783501,0.000656252018885,0.000656252018885,0.000656252018885,4.12343626631,4.12343626631,4.12343626631,3.36026217276e-05,3.36026217276e-05,3.36026217276e-05,0.000323951763658,0.000323951763658,0.000323951763658,0.000286868733137,0.000286868733137,0.000286868733137,1.18289003616e-05,1.18289003616e-05,1.18289003616e-05,18,20,1,1,0,7,0,164,0,904,0,989,1,0,0,0,0,0,0,0,0,3.36026217276e-05,4.12343626631
166,1609059030.38,1,0,2066,2066,0,0,0,0,0,0,0,0,0,0,0,0,0,1e+300,0,0,1e+300,0,0,1e+300,0,0,1e+300,0,0,1e+300,0,0,1e+300,0,0,1e+300,0,0,0,0,0,1,0,7,0,169,0,902,0,987,0,0,0,0,0,0,0,0,0,0,0
166,1609059030.38,2,0,2066,2066,0,0,0,0,0,0,0,0,0,0,0,0,0,1e+300,0,0,1e+300,0,0,1e+300,0,0,1e+300,0,0,1e+300,0,0,1e+300,0,0,1e+300,0,0,0,0,0,1,0,7,0,170,0,900,0,988,0,0,0,0,0,0,0,0,0,0,0
167,1609059030.46,1,0,2063,2062,1,0,0,0,0,1,0,0,0,0,0,0,0,0.0847967427062,0.0847967427062,0.0847967427062,0.000580230212317,0.000580230212317,0.000580230212317,3.52029452959,3.52029452959,3.52029452959,7.29087492263e-05,7.29087492263e-05,7.29087492263e-05,0.000366142708607,0.000366142708607,0.000366142708607,0.000132184015469,0.000132184015469,0.000132184015469,8.99473901474e-06,8.99473901474e-06,8.99473901474e-06,14.3999996185,20,1,2,0,9,0,156,0,897,0,999,1,0,0,0,0,0,0,0,0,7.29087492263e-05,3.52029452959
167,1609059030.46,2,0,2063,2061,2,0,0,0,0,2,0,0,1,1,0,0,0,0.0853393716072,0.0961530480407,0.106966724474,0.000579771720312,0.000923862347935,0.00126795297556,3.00398059896,3.27410133894,3.54422207892,7.24252309725e-05,0.000158570913398,0.000244716595823,0.000196030978909,0.000281099356882,0.000366167734856,0.000132184015469,0.000475542623122,0.000818901230776,8.30417005056e-06,8.64945453265e-06,8.99473901474e-06,15.6999998093,20,2,2,0,9,0,157,0,895,0,1000,2,0,0,0,0,0,0,0,0,0.000158570913398,3.27410133894
167,1609059030.46,3,0,2063,2061,2,0,0,0,0,2,0,0,0,0,0,0,0,0.085052407986,0.0961346719347,0.107216935883,0.000580157171774,0.00092462469659,0.00126909222141,3.00965559322,3.27039309972,3.53113060621,7.28132837299e-05,0.000159332521401,0.000245851759073,0.000196035061506,0.000281100097533,0.00036616513356,0.000132184015469,0.000475542623122,0.000818901230776,8.30417005056e-06,8.64945453265e-06,8.99473901474e-06,15.6999998093,20,2,2,0,9,0,158,0,896,0,998,2,0,0,0,0,0,0,0,0,0.000159332521401,3.27039309972
168,1609059030.56,1,0,2073,2071,2,0,0,0,0,2,0,0,0,0,0,0,0,0.0833924954006,0.224374158343,0.365355821286,0.000584938610192,0.00384218419301,0.00709942977583,3.44803626752,3.89209313518,4.33615000285,0.000197508823275,0.00167348899107,0.00314946915886,0.000256617986537,0.000272915379469,0.000289212772401,0.000117738668808,0.00188162947412,0.00364552027942,1.30731315716e-05,1.41503483595e-05,1.52275651474e-05,8.19999980927,20,1,1,0,7,0,159,1,908,1,998,0,0,0,0,0,0.00314946915886,4.33615000285,0.000197508823275,3.44803626752,0,0
168,1609059030.56,2,0,2073,2071,2,0,0,0,0,2,0,0,0,0,0,0,0,0.0821501472393,0.223097653341,0.364045159442,0.000583120474101,0.00384386206376,0.00710460365342,3.40195998514,3.86049058055,4.31902117596,0.000195687235104,0.00167518935923,0.00315469148337,0.000256621438617,0.00027289288205,0.000289164325483,0.000117738668808,0.00188162947412,0.00364552027942,1.30731315716e-05,1.41503483595e-05,1.52275651474e-05,8.19999980927,20,1,1,0,7,0,159,1,906,1,1000,0,0,0,0,0,0.00315469148337,4.31902117596,0.000195687235104,3.40195998514,0,0
169,1609059030.66,1,0,2061,2060,1,0,0,0,0,1,0,0,0,0,0,0,0,0.0802861541679,0.0802861541679,0.0802861541679,0.000590662884917,0.000590662884917,0.000590662884917,3.30347339805,3.30347339805,3.30347339805,0.000191248782632,0.000191248782632,0.000191248782632,0.000256628314017,0.000256628314017,0.000256628314017,0.000128778815542,0.000128778815542,0.000128778815542,1.40069727264e-05,1.40069727264e-05,1.40069727264e-05,11.3999996185,20,1,1,0,5,0,152,0,904,1,999,0,0,0,0,0,0,0,0.000191248782632,3.30347339805,0,0
169,1609059030.66,2,0,2061,2060,1,0,0,0,0,1,0,0,0,0,0,0,0,0.0814680600375,0.0814680600375,0.0814680600375,0.000594967603201,0.000594967603201,0.000594967603201,3.33995576945,3.33995576945,3.33995576945,0.000195558938073,0.000195558938073,0.000195558938073,0.000256622876859,0.000256622876859,0.000256622876859,0.000128778815542,0.000128778815542,0.000128778815542,1.40069727264e-05,1.40069727264e-05,1.40069727264e-05,11.3999996185,20,1,1,0,5,0,155,0,900,1,1000,0,0,0,0,0,0,0,0.000195558938073,3.33995576945,0,0
170,1609059030.77,1,0,2066,2064,2,0,0,0,0,2,0,0,0,0,0,0,0,0.0785334665821,0.0829129790898,0.0872924915974,0.000527544363006,0.000565503010672,0.000603461658338,3.41920606256,3.48633555842,3.55346505428,3.40180339244e-05,0.000115847865449,0.000197677696973,0.000158900995553,0.000207759038291,0.000256617081028,0.000134849337504,0.000229190329639,0.000323531321775,1.10940117535e-05,1.27057772926e-05,1.43175428317e-05,11.8999996185,20,2,1,0,7,0,167,0,899,2,992,0,0,0,0,0,0,0,0.000115847865449,3.48633555842,0,0
170,1609059030.77,2,0,2066,2064,2,0,0,0,0,2,0,0,0,0,0,0,0,0.0771093359306,0.0817636555717,0.0864179752127,0.000527415945778,0.000568464894751,0.000609513843724,3.35761065945,3.42898366585,3.50035667225,3.38640687656e-05,0.000118806771652,0.000203749474538,0.000158926543484,0.000207762016167,0.00025659748885,0.000134849337504,0.000229190329639,0.000323531321775,1.10940117535e-05,1.27057772926e-05,1.43175428317e-05,11.8999996185,20,2,1,0,7,0,168,0,902,2,988,0,0,0,0,0,0,0,0.000118806771652,3.42898366585,0,0
171,1609059030.87,1,0,2074,2071,2,1,0,0,0,2,0,0,0,0,0,0,0,0.0804827212512,0.0845929818189,0.0887032423866,0.00060696017527,0.000621621080934,0.000636281986598,3.19064023864,3.39555594883,3.60047165903,6.30259984692e-05,0.00013615326715,0.000209280535831,0.0002565900485,0.000311372584433,0.000366155120366,0.00012649671205,0.000161123417656,0.000195750123262,1.13507445011e-05,1.29718116949e-05,1.45928788888e-05,12.8999996185,20,2,1,0,7,0,153,0,904,1,1009,1,0,0,0,0,0,0,0.000209280535831,3.60047165903,6.30259984692e-05,3.19064023864
171,1609059030.87,2,0,2074,2071,2,1,0,0,0,2,0,0,0,0,0,0,0,0.0802480708116,0.0845999385135,0.0889518062153,0.000607006738211,0.000622841621886,0.000638676505562,3.17536848677,3.39289544363,3.6104224005,6.5415816152e-05,0.000137363506735,0.000209311197318,0.000256605949954,0.000311382885801,0.000366159821647,0.00012649671205,0.000161123417656,0.000195750123262,1.13507445011e-05,1.29718116949e-05,1.45928788888e-05,12.8999996185,20,2,1,0,7,0,154,0,900,1,1012,1,0,0,0,0,0,0,0.000209311197318,3.6104224005,6.5415816152e-05,3.17536848677
172,1609059030.97,1,0,2096,2093,3,0,0,0,0,3,0,0,0,0,0,0,0,0.0723835049029,0.0803253502075,0.095134792719,0.000494141254121,0.000669301649724,0.000917455525758,3.00816919804,3.13507971771,3.25622234207,3.37948128609e-05,0.00019512743952,0.000347755928625,0.000159003538861,0.000208523658161,0.000256630235452,0.000121334467392,0.000253235539582,0.000348259839713,1.12305907578e-05,1.24150124608e-05,1.45118893735e-05,12.933333079,20,3,2,0,11,0,172,0,900,2,1011,1,0,0,0,0,0,0,0.000118813194968,3.13219577005,0.000347755928625,3.14084761303
172,1609059030.97,2,0,2096,2093,3,0,0,0,0,3,0,0,0,0,0,0,0,0.0738783839332,0.0835530732034,0.0951551765794,0.000594750384605,0.000725006875878,0.00092330028858,3.02935396208,3.11516948672,3.18459307931,3.67185674436e-05,0.000197533249354,0.000353581615382,0.000100725850585,0.000189095529808,0.000256604462604,0.000121334467392,0.000327480274681,0.000512846516938,6.67901948079e-06,1.08978220351e-05,1.45118893735e-05,14.2000001272,20,3,2,0,11,0,169,0,903,1,1011,2,0,0,0,0,0,0,0.000202299565236,3.02935396208,0.000195150091413,3.15807724905
172,1609059030.97,3,0,2096,2093,3,0,0,0,0,3,0,0,0,0,0,0,0,0.0742494952226,0.0835607987615,0.0948378801064,0.000595116236737,0.000725699310553,0.000924849173528,3.0436352537,3.11504791685,3.18300395207,3.6880330319e-05,0.000198229565852,0.000355136210038,0.000100726654655,0.000189091647985,0.000256597722774,0.000121334467392,0.000327480274681,0.000512846516938,6.67901948079e-06,1.08978220351e-05,1.45118893735e-05,14.2000001272,20,3,2,0,10,0,172,0,902,1,1010,2,0,0,0,0,0,0,0.000202672157198,3.0436352537,0.000196008270178,3.15075424843
173,1609059031.07,1,0,2074,2071,2,1,0,0,0,2,0,0,0,0,0,0,0,0.0766434948081,0.0832413372294,0.0898391796506,0.000477466737969,0.000537431127613,0.000597395517257,3.13577085913,3.62360665818,4.11144245724,2.58051966124e-05,0.000116619000727,0.000207432804842,0.000158941683166,0.000207769684333,0.000256597685501,0.000119351038468,0.000200618744348,0.000281886450228,1.08334079629e-05,1.24236982046e-05,1.40139884463e-05,11.8999996185,20,1,0,0,7,0,161,0,919,2,987,0,0,0,0,0,0,0,0.000116619000727,3.62360665818,0,0
173,1609059031.07,2,0,2073,2070,2,1,0,0,0,2,0,0,0,0,0,0,0,0.0740113599037,0.0809609850949,0.0879106102861,0.000477765981996,0.000536110297905,0.000594454613814,3.03556147911,3.52874192172,4.02192236433,2.61152934802e-05,0.000115304185495,0.000204493077509,0.000158930830325,0.000207763669858,0.000256596509391,0.000119351038468,0.000200618744348,0.000281886450228,1.08334079629e-05,1.24236982046e-05,1.40139884463e-05,11.8999996185,20,1,0,0,7,0,160,0,914,2,992,0,0,0,0,0,0,0,0.000115304185495,3.52874192172,0,0
173,1609059031.07,3,0,2073,2070,2,1,0,0,0,2,0,0,0,0,0,0,0,0.0739101420165,0.0808511278876,0.0877921137588,0.000477976651226,0.000536285923133,0.000594595195039,3.03105166514,3.52333377948,4.01561589382,2.63304314146e-05,0.000115484716695,0.000204639001975,0.000158926361621,0.000207758763885,0.00025659116615,0.000119351038468,0.000200618744348,0.000281886450228,1.08334079629e-05,1.24236982046e-05,1.40139884463e-05,11.8999996185,20,1,0,0,7,0,161,0,914,2,991,0,0,0,0,0,0,0,0.000115484716695,3.52333377948,0,0
173,1609059031.07,4,1,0,0,0,0,0,0,0,0,0,0,0,0,0,0,0,1e+300,0,0,1e+300,0,0,1e+300,0,0,1e+300,0,0,1e+300,0,0,1e+300,0,0,1e+300,0,0,0,0,0,0,0,0,0,0,0,0,0,0,0,0,0,0,0,0,0,0,0,0,0
174,1609059031.18,1,0,2060,2059,1,0,0,0,0,1,0,0,0,0,0,0,0,0.297009781552,0.297009781552,0.297009781552,0.00709799883632,0.00709799883632,0.00709799883632,3.5253544632,3.5253544632,3.5253544632,0.000196292922187,0.000196292922187,0.000196292922187,0.000314710944325,0.000314710944325,0.000314710944325,0.00656600458597,0.00656600458597,0.00656600458597,2.09903838444e-05,2.09903838444e-05,2.09903838444e-05,8.19999980927,20,0,2,0,5,0,162,1,881,0,1010,0,0,0,0,0,0.000196292922187,3.5253544632,0,0,0,0
174,1609059031.18,2,0,2060,2059,1,0,0,0,0,1,0,0,0,0,0,0,0,0.29616617788,0.29616617788,0.29616617788,0.00709610686532,0.00709610686532,0.00709610686532,3.515809919,3.515809919,3.515809919,0.000194413102137,0.000194413102137,0.000194413102137,0.000314698793373,0.000314698793373,0.000314698793373,0.00656600458597,0.00656600458597,0.00656600458597,2.09903838444e-05,2.09903838444e-05,2.09903838444e-05,8.19999980927,20,0,2,0,5,0,163,1,880,0,1010,0,0,0,0,0,0.000194413102137,3.515809919,0,0,0,0
174,1609059031.18,3,0,2060,2059,1,0,0,0,0,1,0,0,0,0,0,0,0,0.296126331381,0.296126331381,0.296126331381,0.00709760003299,0.00709760003299,0.00709760003299,3.51496710691,3.51496710691,3.51496710691,0.000195914055511,0.000195914055511,0.000195914055511,0.00031469100767,0.00031469100767,0.00031469100767,0.00656600458597,0.00656600458597,0.00656600458597,2.09903838444e-05,2.09903838444e-05,2.09903838444e-05,8.19999980927,20,0,2,0,5,0,162,1,884,0,1007,0,0,0,0,0,0.000195914055511,3.51496710691,0,0,0,0
175,1609059031.28,1,0,2073,2073,0,0,0,0,0,0,0,0,0,0,0,0,0,1e+300,0,0,1e+300,0,0,1e+300,0,0,1e+300,0,0,1e+300,0,0,1e+300,0,0,1e+300,0,0,0,0,0,2,0,6,0,167,0,901,0,997,0,0,0,0,0,0,0,0,0,0,0
175,1609059031.28,2,0,2073,2073,0,0,0,0,0,0,0,0,0,0,0,0,0,1e+300,0,0,1e+300,0,0,1e+300,0,0,1e+300,0,0,1e+300,0,0,1e+300,0,0,1e+300,0,0,0,0,0,2,0,6,0,167,0,904,0,994,0,0,0,0,0,0,0,0,0,0,0
175,1609059031.28,3,0,2073,2073,0,0,0,0,0,0,0,0,0,0,0,0,0,1e+300,0,0,1e+300,0,0,1e+300,0,0,1e+300,0,0,1e+300,0,0,1e+300,0,0,1e+300,0,0,0,0,0,2,0,6,0,168,0,903,0,994,0,0,0,0,0,0,0,0,0,0,0
176,1609059031.38,1,0,2050,2048,2,0,0,0,0,2,0,0,0,0,0,0,0,0.0753317656143,0.0951042512002,0.114876736786,0.000137660429875,0.000412875800553,0.000688091171231,4.3793443734,5.39995719088,6.42057000836,1.87286150646e-06,7.25397586285e-05,0.000143206655751,5.65862877111e-05,0.000208014835348,0.000359443382984,6.36793077125e-05,0.000118696677494,0.000173714047276,1.17270852195e-05,1.36245290822e-05,1.55219729449e-05,10.0000002384,20,1,0,0,6,0,156,1,876,1,1012,0,0,0,0,0,0.000143206655751,4.3793443734,1.87286150646e-06,6.42057000836,0,0
176,1609059031.38,2,0,2050,2048,2,0,0,0,0,2,0,0,0,0,0,0,0,0.0740345417682,0.093769656845,0.113504771922,0.000137680790236,0.000413827833044,0.000689974875851,4.32113148957,5.31533588813,6.30954028669,1.87274918017e-06,7.34895363561e-05,0.000145106323532,5.66067603985e-05,0.000208017090111,0.000359427419823,6.36793077125e-05,0.000118696677494,0.000173714047276,1.17270852195e-05,1.36245290822e-05,1.55219729449e-05,10.0000002384,20,1,0,0,6,0,159,1,871,1,1014,0,0,0,0,0,0.000145106323532,4.32113148957,1.87274918017e-06,6.30954028669,0,0
177,1609059031.45,1,0,2078,2077,1,0,0,0,0,1,0,0,0,0,0,0,0,0.178408382055,0.178408382055,0.178408382055,0.00129172671478,0.00129172671478,0.00129172671478,4.9639789818,4.9639789818,4.9639789818,0.000145765769838,0.000145765769838,0.000145765769838,3.1344753457e-06,3.1344753457e-06,3.1344753457e-06,0.00112640372176,0.00112640372176,0.00112640372176,1.64227478364e-05,1.64227478364e-05,1.64227478364e-05,12,20,0,1,0,5,0,167,0,905,1,1000,0,0,0,0,0,0,0,0.000145765769838,4.9639789818,0,0
177,1609059031.45,2,0,2078,2076,2,0,0,0,0,2,0,0,1,1,0,0,0,0.0741480191845,0.123455968042,0.1727639169,0.0005597241459,0.000926273750676,0.00129282335545,3.13409771271,3.96949384264,4.80488997258,6.32158738665e-05,0.000105038240325,0.000146860606783,3.13627907245e-06,0.000184652045538,0.000366167812003,0.000121416618495,0.000623910170128,0.00112640372176,8.92384153583e-06,1.26732946861e-05,1.64227478364e-05,13.1999998093,20,1,2,0,4,0,167,0,912,1,993,1,0,0,0,0,0,0,0.000146860606783,4.80488997258,6.32158738665e-05,3.13409771271
177,1609059031.45,3,0,2078,2076,2,0,0,0,0,2,0,0,0,0,0,0,0,0.074243922974,0.123624390842,0.17300485871,0.00056070602162,0.000926904655323,0.00129310328903,3.13540250814,3.97323634337,4.8110701786,6.41981920173e-05,0.000105669277207,0.000147140362397,3.1364570325e-06,0.000184651913302,0.000366167369572,0.000121416618495,0.000623910170128,0.00112640372176,8.92384153583e-06,1.26732946861e-05,1.64227478364e-05,13.1999998093,20,1,2,0,4,0,167,0,908,1,997,1,0,0,0,0,0,0,0.000147140362397,4.8110701786,6.41981920173e-05,3.13540250814
178,1609059031.56,1,0,2085,2083,2,0,0,0,0,2,0,0,0,0,0,0,0,0.0786161009532,0.0787815230235,0.0789469450939,0.000628040501987,0.000650846374347,0.000673652246707,3.04170749616,3.08936514638,3.1370227966,6.35786390783e-05,9.75300437994e-05,0.00013148144852,0.000359489966232,0.000362829392501,0.000366168818769,0.000172263784651,0.000180307700704,0.000188351616756,9.94142738334e-06,1.01792373434e-05,1.04170473034e-05,10.8999998569,20,2,1,0,7,0,167,1,902,0,1008,1,0,0,0,0,0.00013148144852,3.04170749616,0,0,6.35786390783e-05,3.1370227966
178,1609059031.56,2,0,2085,2083,2,0,0,0,0,2,0,0,0,0,0,0,0,0.0785241975864,0.078772692589,0.0790211875916,0.000630233822357,0.000652996330267,0.000675758838177,3.03981871922,3.08385861731,3.12789851541,6.57550053606e-05,9.9668145255e-05,0.000133581285149,0.000359496721073,0.000362841246965,0.000366185772857,0.000172263784651,0.000180307700704,0.000188351616756,9.94142738334e-06,1.01792373434e-05,1.04170473034e-05,10.8999998569,20,2,1,0,7,0,169,1,902,0,1006,1,0,0,0,0,0.000133581285149,3.03981871922,0,0,6.57550053606e-05,3.12789851541
179,1609059031.66,1,0,2071,2070,1,0,0,0,0,1,0,0,0,0,0,0,0,0.0758177081882,0.0758177081882,0.0758177081882,0.000634444008184,0.000634444008184,0.000634444008184,3.01005202835,3.01005202835,3.01005202835,6.69188376606e-05,6.69188376606e-05,6.69188376606e-05,0.000366217238307,0.000366217238307,0.000366217238307,0.000190730827368,0.000190730827368,0.000190730827368,1.05771048484e-05,1.05771048484e-05,1.05771048484e-05,14.3999996185,20,1,2,0,6,0,159,0,875,0,1029,1,0,0,0,0,0,0,0,0,6.69188376606e-05,3.01005202835
179,1609059031.66,2,0,2071,2070,1,0,0,0,0,1,0,0,0,0,0,0,0,0.0765317142204,0.0765317142204,0.0765317142204,0.000637458389081,0.000637458389081,0.000637458389081,3.03120647992,3.03120647992,3.03120647992,6.99606228702e-05,6.99606228702e-05,6.99606228702e-05,0.000366189833995,0.000366189833995,0.000366189833995,0.000190730827368,0.000190730827368,0.000190730827368,1.05771048484e-05,1.05771048484e-05,1.05771048484e-05,14.3999996185,20,1,2,0,6,0,158,0,882,0,1023,1,0,0,0,0,0,0,0,0,6.99606228702e-05,3.03120647992
179,1609059031.66,3,0,2071,2070,1,0,0,0,0,1,0,0,0,0,0,0,0,0.0761096642543,0.0761096642543,0.0761096642543,0.000637632620834,0.000637632620834,0.000637632620834,3.01407838523,3.01407838523,3.01407838523,7.01353624263e-05,7.01353624263e-05,7.01353624263e-05,0.000366189326191,0.000366189326191,0.000366189326191,0.000190730827368,0.000190730827368,0.000190730827368,1.05771048484e-05,1.05771048484e-05,1.05771048484e-05,14.3999996185,20,1,2,0,6,0,157,0,882,0,1024,1,0,0,0,0,0,0,0,0,7.01353624263e-05,3.01407838523
180,1609059031.76,1,0,2059,2058,1,0,0,0,0,1,0,0,0,0,0,0,0,0.0860120285278,0.0860120285278,0.0860120285278,0.000592024683014,0.000592024683014,0.000592024683014,3.53499890266,3.53499890266,3.53499890266,0.000193873958732,0.000193873958732,0.000193873958732,0.000256563254336,0.000256563254336,0.000256563254336,0.000127297941561,0.000127297941561,0.000127297941561,1.42895283851e-05,1.42895283851e-05,1.42895283851e-05,11.3999996185,20,1,1,0,5,0,155,0,881,1,1017,0,0,0,0,0,0,0,0.000193873958732,3.53499890266,0,0
180,1609059031.76,2,0,2058,2057,1,0,0,0,0,1,0,0,0,0,0,0,0,0.0852281703983,0.0852281703983,0.0852281703983,0.000596281939052,0.000596281939052,0.000596281939052,3.49025644692,3.49025644692,3.49025644692,0.000198077592495,0.000198077592495,0.000198077592495,0.00025661687661,0.00025661687661,0.00025661687661,0.000127297941561,0.000127297941561,0.000127297941561,1.42895283851e-05,1.42895283851e-05,1.42895283851e-05,11.3999996185,20,1,1,0,5,0,155,0,884,1,1013,0,0,0,0,0,0,0,0.000198077592495,3.49025644692,0,0
181,1609059031.87,1,0,2063,2063,0,0,0,0,0,0,0,0,0,0,0,0,0,1e+300,0,0,1e+300,0,0,1e+300,0,0,1e+300,0,0,1e+300,0,0,1e+300,0,0,1e+300,0,0,0,0,0,1,0,7,0,158,0,875,0,1022,0,0,0,0,0,0,0,0,0,0,0
181,1609059031.87,2,0,2062,2062,0,0,0,0,0,0,0,0,0,0,0,0,0,1e+300,0,0,1e+300,0,0,1e+300,0,0,1e+300,0,0,1e+300,0,0,1e+300,0,0,1e+300,0,0,0,0,0,1,0,8,0,155,0,877,0,1021,0,0,0,0,0,0,0,0,0,0,0
182,1609059031.97,1,0,2080,2079,1,0,0,0,0,1,0,0,0,0,0,0,0,0.10754474856,0.10754474856,0.10754474856,0.000475180677653,0.000475180677653,0.000475180677653,4.93355327444,4.93355327444,4.93355327444,2.59740234403e-05,2.59740234403e-05,2.59740234403e-05,0.000158988644717,0.000158988644717,0.000158988644717,0.000279720708791,0.000279720708791,0.000279720708791,1.04973007042e-05,1.04973007042e-05,1.04973007042e-05,12.3999996185,20,0,0,0,8,0,161,0,886,1,1025,0,0,0,0,0,0,0,2.59740234403e-05,4.93355327444,0,0
182,1609059031.97,2,0,2080,2079,1,0,0,0,0,1,0,0,0,0,0,0,0,0.107231300231,0.107231300231,0.107231300231,0.000474958233405,0.000474958233405,0.000474958233405,4.92032581338,4.92032581338,4.92032581338,2.58488870698e-05,2.58488870698e-05,2.58488870698e-05,0.00015889133684,0.00015889133684,0.00015889133684,0.000279720708791,0.000279720708791,0.000279720708791,1.04973007042e-05,1.04973007042e-05,1.04973007042e-05,12.3999996185,20,0,0,0,8,0,163,0,879,1,1030,0,0,0,0,0,0,0,2.58488870698e-05,4.92032581338,0,0
183,1609059032.07,1,0,2073,2071,2,0,0,0,0,2,0,0,0,0,0,0,0,0.0766203671373,0.0770353724435,0.0774503777496,0.000593033205333,0.000616376709395,0.000639720213457,3.02934817852,3.10488247389,3.18041676926,8.1324572118e-05,0.000143127827293,0.000204931082468,0.000256569944712,0.000311358202531,0.00036614646035,0.000117776353727,0.000149501332378,0.000181226311029,1.10228699594e-05,1.23893471924e-05,1.37558244255e-05,12.8999996185,20,2,1,0,5,0,154,0,889,1,1024,1,0,0,0,0,0,0,0.000204931082468,3.18041676926,8.1324572118e-05,3.02934817852
183,1609059032.07,2,0,2072,2070,2,0,0,0,0,2,0,0,0,0,0,0,0,0.0760260945943,0.0762128512268,0.0763996078593,0.000591059931617,0.000613727725464,0.00063639551931,3.01369380279,3.07809720346,3.14250060413,7.7978430231e-05,0.000140449175775,0.000202919921319,0.000256607832145,0.000311387870118,0.000366167908091,0.000117776353727,0.000149501332378,0.000181226311029,1.10228699594e-05,1.23893471924e-05,1.37558244255e-05,12.8999996185,20,2,1,0,4,0,150,0,893,1,1024,1,0,0,0,0,0,0,0.000202919921319,3.14250060413,7.7978430231e-05,3.01369380279
184,1609059032.18,1,0,2080,2078,2,0,0,0,0,2,0,0,0,0,0,0,0,0.0845681751253,0.0857338273055,0.0868994794858,0.000598516151796,0.000620468771631,0.000642421391466,3.33654481363,3.44429809051,3.55205136739,7.79712785983e-05,0.000142143204469,0.000206315130341,0.000256644174328,0.000311426447051,0.000366208719774,0.000121410087254,0.000154279551783,0.000187149016313,1.10923767808e-05,1.26195683272e-05,1.41467598736e-05,12.8999996185,20,2,2,0,5,0,152,0,904,1,1017,1,0,0,0,0,0,0,0.000206315130341,3.55205136739,7.79712785983e-05,3.33654481363
184,1609059032.18,2,0,2079,2077,2,0,0,0,0,2,0,0,0,0,0,0,0,0.084018993024,0.0846817076595,0.0853444222951,0.00060087404416,0.000612594989043,0.000624315933925,3.41564662594,3.42160601253,3.42756539913,5.98810558375e-05,0.000134257193468,0.000208633331098,0.000256683865935,0.000311438675465,0.000366193484995,0.000121410087254,0.000154279551783,0.000187149016313,1.10923767808e-05,1.26195683272e-05,1.41467598736e-05,12.8999996185,20,2,2,0,5,0,154,0,897,1,1021,1,0,0,0,0,0,0,0.000208633331098,3.42756539913,5.98810558375e-05,3.41564662594
184,1609059032.18,3,0,2079,2077,2,0,0,0,0,2,0,0,0,0,0,0,0,0.0857844426991,0.0862675917051,0.0867507407111,0.000600772302452,0.000618470559875,0.000636168817299,3.40112305532,3.47021505038,3.53930704544,7.17540754801e-05,0.000140180905464,0.000208607735447,0.000256607719877,0.000311390534301,0.000366173348725,0.000121410087254,0.000154279551783,0.000187149016313,1.10923767808e-05,1.26195683272e-05,1.41467598736e-05,12.8999996185,20,2,2,0,5,0,152,0,904,1,1016,1,0,0,0,0,0,0,0.000208607735447,3.53930704544,7.17540754801e-05,3.40112305532
184,1609059032.18,4,1,0,0,0,0,0,0,0,0,0,0,0,0,0,0,0,1e+300,0,0,1e+300,0,0,1e+300,0,0,1e+300,0,0,1e+300,0,0,1e+300,0,0,1e+300,0,0,0,0,0,0,0,0,0,0,0,0,0,0,0,0,0,0,0,0,0,0,0,0,0
185,1609059032.28,1,0,2073,2070,3,0,0,0,0,3,0,0,0,0,0,0,0,0.0786733738484,0.127638825216,0.22389624225,0.000483447896428,0.00214167370331,0.00532638324393,3.06782511768,3.29798888659,3.65421477359,3.36810047109e-05,7.70083753692e-05,0.000140766272067,0.000158973421624,0.000259337117735,0.000366190550191,0.000181059348775,0.00179095329729,0.00491204006637,1.10329933809e-05,1.43749129175e-05,2.07295241032e-05,10.7999997139,20,3,2,0,4,0,155,1,891,1,1021,1,0,0,0,0,0.000140766272067,3.06782511768,3.36810047109e-05,3.65421477359,5.65778493295e-05,3.1719267685
185,1609059032.28,2,0,2072,2069,3,0,0,0,0,3,0,0,0,0,0,0,0,0.0780092139594,0.127523264417,0.224586671662,0.000483458859702,0.00214161632439,0.00532552139105,3.07753437314,3.28605387956,3.63721149571,3.36921740174e-05,7.6948635113e-05,0.000139872427332,0.000158973215592,0.000259339479077,0.000366165848394,0.000181059348775,0.00179095329729,0.00491204006637,1.10329933809e-05,1.43749129175e-05,2.07295241032e-05,10.7999997139,20,3,2,0,5,0,156,1,887,1,1022,1,0,0,0,0,0.000139872427332,3.07753437314,3.36921740174e-05,3.63721149571,5.72813039899e-05,3.14341576984
186,1609059032.38,1,0,2084,2084,0,0,0,0,0,0,0,0,0,0,0,0,0,1e+300,0,0,1e+300,0,0,1e+300,0,0,1e+300,0,0,1e+300,0,0,1e+300,0,0,1e+300,0,0,0,0,0,3,0,6,0,154,0,896,0,1025,0,0,0,0,0,0,0,0,0,0,0
186,1609059032.38,2,0,2082,2081,1,0,0,0,0,1,0,0,1,1,0,0,0,0.0733918240267,0.0733918240267,0.0733918240267,0.000591740434473,0.000591740434473,0.000591740434473,3.01704687921,3.01704687921,3.01704687921,0.000202411813497,0.000202411813497,0.000202411813497,0.000256616509848,0.000256616509848,0.000256616509848,0.000118594934954,0.000118594934954,0.000118594934954,1.4117176175e-05,1.4117176175e-05,1.4117176175e-05,11.3999996185,20,1,3,0,6,0,156,0,894,1,1023,0,0,0,0,0,0,0,0.000202411813497,3.01704687921,0,0
186,1609059032.38,3,0,2082,2081,1,0,0,0,0,1,0,0,0,0,0,0,0,0.0730423319421,0.0730423319421,0.0730423319421,0.00059173391406,0.00059173391406,0.00059173391406,3.00269623645,3.00269623645,3.00269623645,0.000202425322548,0.000202425322548,0.000202425322548,0.000256596480383,0.000256596480383,0.000256596480383,0.000118594934954,0.000118594934954,0.000118594934954,1.4117176175e-05,1.4117176175e-05,1.4117176175e-05,11.3999996185,20,1,3,0,6,0,157,0,896,1,1020,0,0,0,0,0,0,0,0.000202425322548,3.00269623645,0,0
186,1609059032.38,4,1,0,0,0,0,0,0,0,0,0,0,0,0,0,0,0,1e+300,0,0,1e+300,0,0,1e+300,0,0,1e+300,0,0,1e+300,0,0,1e+300,0,0,1e+300,0,0,0,0,0,0,0,0,0,0,0,0,0,0,0,0,0,0,0,0,0,0,0,0,0
187,1609059032.48,1,0,2071,2071,0,0,0,0,0,0,0,0,0,0,0,0,0,1e+300,0,0,1e+300,0,0,1e+300,0,0,1e+300,0,0,1e+300,0,0,1e+300,0,0,1e+300,0,0,0,0,0,1,0,5,0,152,0,880,0,1033,0,0,0,0,0,0,0,0,0,0,0
187,1609059032.48,2,0,2071,2071,0,0,0,0,0,0,0,0,0,0,0,0,0,1e+300,0,0,1e+300,0,0,1e+300,0,0,1e+300,0,0,1e+300,0,0,1e+300,0,0,1e+300,0,0,0,0,0,1,0,5,0,151,0,884,0,1030,0,0,0,0,0,0,0,0,0,0,0
188,1609059032.55,1,0,2068,2066,2,0,0,0,0,2,0,0,0,0,0,0,0,0.0755480845371,0.166016671764,0.256485258991,0.000568273316857,0.00216378341784,0.00375929351882,3.16916481381,3.67618560047,4.18320638712,6.97204697255e-05,0.00010231834705,0.000134916224374,0.00025494216672,0.000310555323532,0.000366168480344,0.000123422032793,0.00173744148601,0.00335146093922,8.96233399354e-06,1.34682612479e-05,1.79741885023e-05,10.0999999046,20,1,1,0,4,0,150,1,872,0,1041,1,0,0,0,0,0.000134916224374,4.18320638712,0,0,6.97204697255e-05,3.16916481381
188,1609059032.55,2,0,2068,2066,2,0,0,0,0,2,0,0,0,0,0,0,0,0.075825984474,0.164979355427,0.25413272638,0.000562512614661,0.00216188084936,0.00376124908405,3.19706837487,3.6704139697,4.14375956454,6.39503786219e-05,0.000100413863858,0.000136877349093,0.000254936607233,0.000310557238242,0.000366177869252,0.000123422032793,0.00173744148601,0.00335146093922,8.96233399354e-06,1.34682612479e-05,1.79741885023e-05,10.0999999046,20,1,1,0,4,0,150,1,874,0,1039,1,0,0,0,0,0.000136877349093,4.14375956454,0,0,6.39503786219e-05,3.19706837487
189,1609059032.66,1,0,2065,2065,0,0,0,0,0,0,0,0,0,0,0,0,0,1e+300,0,0,1e+300,0,0,1e+300,0,0,1e+300,0,0,1e+300,0,0,1e+300,0,0,1e+300,0,0,0,0,0,2,0,9,0,152,0,892,0,1010,0,0,0,0,0,0,0,0,0,0,0
189,1609059032.66,2,0,2065,2064,1,0,0,0,0,1,0,0,1,1,0,0,0,0.0727744953838,0.0727744953838,0.0727744953838,0.000578982453613,0.000578982453613,0.000578982453613,3.02445064324,3.02445064324,3.02445064324,0.000190578896028,0.000190578896028,0.000190578896028,0.000256621665404,0.000256621665404,0.000256621665404,0.000118822226971,0.000118822226971,0.000118822226971,1.29596652103e-05,1.29596652103e-05,1.29596652103e-05,11.3999996185,20,1,2,0,9,0,156,0,891,1,1007,0,0,0,0,0,0,0,0.000190578896028,3.02445064324,0,0
190,1609059032.76,1,0,2086,2085,1,0,0,0,0,1,0,0,0,0,0,0,0,0.0732578563262,0.0732578563262,0.0732578563262,0.000590505544876,0.000590505544876,0.000590505544876,3.01468691665,3.01468691665,3.01468691665,0.000187607732865,0.000187607732865,0.000187607732865,0.000256641475161,0.000256641475161,0.000256641475161,0.00013184019936,0.00013184019936,0.00013184019936,1.44161374898e-05,1.44161374898e-05,1.44161374898e-05,11.3999996185,20,1,3,0,7,0,141,0,913,1,1022,0,0,0,0,0,0,0,0.000187607732865,3.01468691665,0,0
190,1609059032.76,2,0,2085,2084,1,0,0,0,0,1,0,0,0,0,0,0,0,0.0747591849916,0.0747591849916,0.0747591849916,0.000593826693308,0.000593826693308,0.000593826693308,3.06785408944,3.06785408944,3.06785408944,0.000190941088452,0.000190941088452,0.000190941088452,0.000256629268007,0.000256629268007,0.000256629268007,0.00013184019936,0.00013184019936,0.00013184019936,1.44161374898e-05,1.44161374898e-05,1.44161374898e-05,11.3999996185,20,1,3,0,7,0,144,0,902,1,1029,0,0,0,0,0,0,0,0.000190941088452,3.06785408944,0,0
190,1609059032.76,3,0,2085,2084,1,0,0,0,0,1,0,0,0,0,0,0,0,0.0743640977246,0.0743640977246,0.0743640977246,0.000593805193045,0.000593805193045,0.000593805193045,3.05169634298,3.05169634298,3.05169634298,0.000190921881488,0.000190921881488,0.000190921881488,0.000256626974708,0.000256626974708,0.000256626974708,0.00013184019936,0.00013184019936,0.00013184019936,1.44161374898e-05,1.44161374898e-05,1.44161374898e-05,11.3999996185,20,1,3,0,7,0,145,0,900,1,1030,0,0,0,0,0,0,0,0.000190921881488,3.05169634298,0,0
191,1609059032.86,1,0,2067,2066,1,0,0,0,0,1,0,0,0,0,0,0,0,0.0833365423486,0.0833365423486,0.0833365423486,0.000609718153117,0.000609718153117,0.000609718153117,3.37497775596,3.37497775596,3.37497775596,0.000197511859478,0.000197511859478,0.000197511859478,0.000256618356671,0.000256618356671,0.000256618356671,0.000140690743643,0.000140690743643,0.000140690743643,1.48971933247e-05,1.48971933247e-05,1.48971933247e-05,11.3999996185,20,1,2,0,8,0,145,0,885,1,1027,0,0,0,0,0,0,0,0.000197511859478,3.37497775596,0,0
191,1609059032.86,2,0,2066,2065,1,0,0,0,0,1,0,0,0,0,0,0,0,0.0831739810583,0.0831739810583,0.0831739810583,0.000610900804654,0.000610900804654,0.000610900804654,3.3651322799,3.3651322799,3.3651322799,0.000198726073042,0.000198726073042,0.000198726073042,0.000256586794644,0.000256586794644,0.000256586794644,0.000140690743643,0.000140690743643,0.000140690743643,1.48971933247e-05,1.48971933247e-05,1.48971933247e-05,11.3999996185,20,1,2,0,8,0,148,0,880,1,1028,0,0,0,0,0,0,0,0.000198726073042,3.3651322799,0,0
191,1609059032.86,3,0,2066,2065,1,0,0,0,0,1,0,0,0,0,0,0,0,0.083327106275,0.083327106275,0.083327106275,0.000610863699499,0.000610863699499,0.000610863699499,3.37142995525,3.37142995525,3.37142995525,0.000198682147245,0.000198682147245,0.000198682147245,0.000256593615286,0.000256593615286,0.000256593615286,0.000140690743643,0.000140690743643,0.000140690743643,1.48971933247e-05,1.48971933247e-05,1.48971933247e-05,11.3999996185,20,1,2,0,8,0,148,0,882,1,1026,0,0,0,0,0,0,0,0.000198682147245,3.37142995525,0,0
192,1609059032.97,1,0,2079,2077,1,1,0,0,0,1,0,0,0,0,0,0,0,0.0744296375657,0.0744296375657,0.0744296375657,0.000588249487148,0.000588249487148,0.000588249487148,3.06877555188,3.06877555188,3.06877555188,0.000197426264659,0.000197426264659,0.000197426264659,0.000256617425323,0.000256617425323,0.000256617425323,0.000119941386296,0.000119941386296,0.000119941386296,1.42644108706e-05,1.42644108706e-05,1.42644108706e-05,11.3999996185,20,1,1,0,3,0,151,0,882,1,1042,0,0,0,0,0,0,0,0.000197426264659,3.06877555188,0,0
192,1609059032.97,2,0,2079,2077,1,1,0,0,0,1,0,0,0,0,0,0,0,0.0736152240466,0.0736152240466,0.0736152240466,0.00058878768489,0.00058878768489,0.00058878768489,3.03380930721,3.03380930721,3.03380930721,0.000197980629653,0.000197980629653,0.000197980629653,0.00025660125807,0.00025660125807,0.00025660125807,0.000119941386296,0.000119941386296,0.000119941386296,1.42644108706e-05,1.42644108706e-05,1.42644108706e-05,11.3999996185,20,1,1,0,3,0,150,0,882,1,1043,0,0,0,0,0,0,0,0.000197980629653,3.03380930721,0,0
193,1609059033.07,1,0,2072,2072,0,0,0,0,0,0,0,0,0,0,0,0,0,1e+300,0,0,1e+300,0,0,1e+300,0,0,1e+300,0,0,1e+300,0,0,1e+300,0,0,1e+300,0,0,0,0,0,2,0,4,0,142,0,880,0,1044,0,0,0,0,0,0,0,0,0,0,0
193,1609059033.07,2,0,2072,2072,0,0,0,0,0,0,0,0,0,0,0,0,0,1e+300,0,0,1e+300,0,0,1e+300,0,0,1e+300,0,0,1e+300,0,0,1e+300,0,0,1e+300,0,0,0,0,0,2,0,4,0,142,0,881,0,1043,0,0,0,0,0,0,0,0,0,0,0
194,1609059033.17,1,0,2087,2085,2,0,0,0,0,2,0,0,0,0,0,0,0,0.0762485601107,0.077638203381,0.0790278466513,0.000585903654159,0.000632720934296,0.000679538214433,3.03160912855,3.09083353981,3.15005795107,0.000122917767267,0.000160728481358,0.000198539195449,0.000256579885738,0.000306143752499,0.00035570761926,0.000117176914749,0.00015356704138,0.000189957168012,1.09556598942e-05,1.22816590589e-05,1.36076582236e-05,9.49999976158,20,2,1,0,3,0,146,1,897,1,1040,0,0,0,0,0,0.000122917767267,3.03160912855,0.000198539195449,3.15005795107,0,0
194,1609059033.17,2,0,2087,2085,2,0,0,0,0,2,0,0,0,0,0,0,0,0.0769283074714,0.0775846563442,0.0782410052169,0.000588476384789,0.000633610313034,0.000678744241279,3.00317985822,3.08718271803,3.17118557785,0.000122144449861,0.00016163877663,0.000201133103398,0.000256558708419,0.000306122835965,0.000355686963512,0.000117176914749,0.00015356704138,0.000189957168012,1.09556598942e-05,1.22816590589e-05,1.36076582236e-05,9.49999976158,20,2,1,0,3,0,146,1,893,1,1044,0,0,0,0,0,0.000122144449861,3.00317985822,0.000201133103398,3.17118557785,0,0
195,1609059033.27,1,0,2089,2088,1,0,0,0,0,1,0,0,0,0,0,0,0,0.0852580158318,0.0852580158318,0.0852580158318,0.000602144746518,0.000602144746518,0.000602144746518,3.47443963372,3.47443963372,3.47443963372,0.000206319904493,0.000206319904493,0.000206319904493,0.000256566717869,0.000256566717869,0.000256566717869,0.000125410873001,0.000125410873001,0.000125410873001,1.38472511556e-05,1.38472511556e-05,1.38472511556e-05,11.3999996185,20,1,3,0,6,0,146,0,883,1,1051,0,0,0,0,0,0,0,0.000206319904493,3.47443963372,0,0
195,1609059033.27,2,0,2089,2088,1,0,0,0,0,1,0,0,0,0,0,0,0,0.0849037441651,0.0849037441651,0.0849037441651,0.000603240765466,0.000603240765466,0.000603240765466,3.45685769235,3.45685769235,3.45685769235,0.000207382255835,0.000207382255835,0.000207382255835,0.000256600385475,0.000256600385475,0.000256600385475,0.000125410873001,0.000125410873001,0.000125410873001,1.38472511556e-05,1.38472511556e-05,1.38472511556e-05,11.3999996185,20,1,3,0,6,0,145,0,888,1,1047,0,0,0,0,0,0,0,0.000207382255835,3.45685769235,0,0
195,1609059033.27,3,0,2089,2088,1,0,0,0,0,1,0,0,0,0,0,0,0,0.084383316301,0.084383316301,0.084383316301,0.000603416837859,0.000603416837859,0.000603416837859,3.43516717376,3.43516717376,3.43516717376,0.00020756928443,0.00020756928443,0.00020756928443,0.000256589429272,0.000256589429272,0.000256589429272,0.000125410873001,0.000125410873001,0.000125410873001,1.38472511556e-05,1.38472511556e-05,1.38472511556e-05,11.3999996185,20,1,3,0,6,0,144,0,888,1,1048,0,0,0,0,0,0,0,0.00020756928443,3.43516717376,0,0
195,1609059033.27,4,1,0,0,0,0,0,0,0,0,0,0,0,0,0,0,0,1e+300,0,0,1e+300,0,0,1e+300,0,0,1e+300,0,0,1e+300,0,0,1e+300,0,0,1e+300,0,0,0,0,0,0,0,0,0,0,0,0,0,0,0,0,0,0,0,0,0,0,0,0,0
196,1609059033.38,1,0,2081,2081,0,0,0,0,0,0,0,0,0,0,0,0,0,1e+300,0,0,1e+300,0,0,1e+300,0,0,1e+300,0,0,1e+300,0,0,1e+300,0,0,1e+300,0,0,0,0,0,1,0,6,0,148,0,870,0,1056,0,0,0,0,0,0,0,0,0,0,0
196,1609059033.38,2,0,2081,2081,0,0,0,0,0,0,0,0,0,0,0,0,0,1e+300,0,0,1e+300,0,0,1e+300,0,0,1e+300,0,0,1e+300,0,0,1e+300,0,0,1e+300,0,0,0,0,0,1,0,6,0,148,0,873,0,1053,0,0,0,0,0,0,0,0,0,0,0
197,1609059033.48,1,0,2084,2084,0,0,0,0,0,0,0,0,0,0,0,0,0,1e+300,0,0,1e+300,0,0,1e+300,0,0,1e+300,0,0,1e+300,0,0,1e+300,0,0,1e+300,0,0,0,0,0,1,0,3,0,142,0,898,0,1040,0,0,0,0,0,0,0,0,0,0,0
197,1609059033.48,2,0,2084,2084,0,0,0,0,0,0,0,0,0,0,0,0,0,1e+300,0,0,1e+300,0,0,1e+300,0,0,1e+300,0,0,1e+300,0,0,1e+300,0,0,1e+300,0,0,0,0,0,1,0,3,0,142,0,899,0,1039,0,0,0,0,0,0,0,0,0,0,0
198,1609059033.58,1,0,2076,2076,0,0,0,0,0,0,0,0,0,0,0,0,0,1e+300,0,0,1e+300,0,0,1e+300,0,0,1e+300,0,0,1e+300,0,0,1e+300,0,0,1e+300,0,0,0,0,0,1,0,2,0,145,0,886,0,1042,0,0,0,0,0,0,0,0,0,0,0
198,1609059033.58,2,0,2076,2076,0,0,0,0,0,0,0,0,0,0,0,0,0,1e+300,0,0,1e+300,0,0,1e+300,0,0,1e+300,0,0,1e+300,0,0,1e+300,0,0,1e+300,0,0,0,0,0,1,0,2,0,144,0,887,0,1042,0,0,0,0,0,0,0,0,0,0,0
199,1609059033.65,1,0,2095,2095,0,0,0,0,0,0,0,0,0,0,0,0,0,1e+300,0,0,1e+300,0,0,1e+300,0,0,1e+300,0,0,1e+300,0,0,1e+300,0,0,1e+300,0,0,0,0,0,2,0,4,0,148,0,890,0,1051,0,0,0,0,0,0,0,0,0,0,0
199,1609059033.65,2,0,2095,2095,0,0,0,0,0,0,0,0,0,0,0,0,0,1e+300,0,0,1e+300,0,0,1e+300,0,0,1e+300,0,0,1e+300,0,0,1e+300,0,0,1e+300,0,0,0,0,0,2,0,4,0,148,0,891,0,1050,0,0,0,0,0,0,0,0,0,0,0
200,1609059033.76,1,0,2079,2078,1,0,0,0,0,1,0,0,0,0,0,0,0,0.0730143487893,0.0730143487893,0.0730143487893,0.000574722149163,0.000574722149163,0.000574722149163,3.04564477651,3.04564477651,3.04564477651,0.00018891286113,0.00018891286113,0.00018891286113,0.000256593279329,0.000256593279329,0.000256593279329,0.000116168869581,0.000116168869581,0.000116168869581,1.30471391226e-05,1.30471391226e-05,1.30471391226e-05,11.3999996185,20,1,2,0,3,0,142,0,873,1,1059,0,0,0,0,0,0,0,0.00018891286113,3.04564477651,0,0
200,1609059033.76,2,0,2079,2078,1,0,0,0,0,1,0,0,0,0,0,0,0,0.0737343308504,0.0737343308504,0.0737343308504,0.000575673060316,0.000575673060316,0.000575673060316,3.0731360708,3.0731360708,3.0731360708,0.000189815143446,0.000189815143446,0.000189815143446,0.000256641908166,0.000256641908166,0.000256641908166,0.000116168869581,0.000116168869581,0.000116168869581,1.30471391226e-05,1.30471391226e-05,1.30471391226e-05,11.3999996185,20,1,2,0,3,0,143,0,876,1,1055,0,0,0,0,0,0,0,0.000189815143446,3.0731360708,0,0
201,1609059033.86,1,0,2076,2075,0,1,0,0,0,0,0,0,0,0,0,0,0,1e+300,0,0,1e+300,0,0,1e+300,0,0,1e+300,0,0,1e+300,0,0,1e+300,0,0,1e+300,0,0,0,0,0,1,0,8,0,150,0,849,0,1068,0,0,0,0,0,0,0,0,0,0,0
201,1609059033.86,2,0,2075,2074,0,1,0,0,0,0,0,0,0,0,0,0,0,1e+300,0,0,1e+300,0,0,1e+300,0,0,1e+300,0,0,1e+300,0,0,1e+300,0,0,1e+300,0,0,0,0,0,1,0,8,0,147,0,851,0,1068,0,0,0,0,0,0,0,0,0,0,0
202,1609059033.96,1,0,2088,2087,1,0,0,0,0,1,0,0,0,0,0,0,0,0.0814546292529,0.0814546292529,0.0814546292529,0.000700797637808,0.000700797637808,0.000700797637808,3.07694303958,3.07694303958,3.07694303958,0.000141153370631,0.000141153370631,0.000141153370631,0.000355751688445,0.000355751688445,0.000355751688445,0.000192627499466,0.000192627499466,0.000192627499466,1.1265079266e-05,1.1265079266e-05,1.1265079266e-05,7.59999990463,20,1,3,0,7,0,142,1,864,0,1072,0,0,0,0,0,0.000141153370631,3.07694303958,0,0,0,0
202,1609059033.96,2,0,2088,2087,1,0,0,0,0,1,0,0,0,0,0,0,0,0.0814379134814,0.0814379134814,0.0814379134814,0.000697602307154,0.000697602307154,0.000697602307154,3.08334899477,3.08334899477,3.08334899477,0.000137983240503,0.000137983240503,0.000137983240503,0.000355726487918,0.000355726487918,0.000355726487918,0.000192627499466,0.000192627499466,0.000192627499466,1.1265079266e-05,1.1265079266e-05,1.1265079266e-05,7.59999990463,20,1,3,0,7,0,140,1,877,0,1061,0,0,0,0,0,0.000137983240503,3.08334899477,0,0,0,0
203,1609059034.07,1,0,2086,2084,2,0,0,0,0,2,0,0,0,0,0,0,0,0.0849050325152,0.141896910344,0.198888788172,0.000584537774835,0.00169861143347,0.00281268509211,3.51177871013,3.63096913366,3.7501595572,2.50596066267e-05,0.000111810659852,0.000198561713078,2.8537273768e-05,0.000142580090372,0.000256622906976,0.000116191581594,0.00142764320392,0.00273909482624,1.31615731883e-05,1.65774793291e-05,1.99933854698e-05,6.29999983311,11,1,1,0,7,1,140,0,869,1,1069,0,0,0,2.50596066267e-05,3.7501595572,0,0,0.000198561713078,3.51177871013,0,0
203,1609059034.07,2,0,2085,2083,2,0,0,0,0,2,0,0,0,0,0,0,0,0.0861196106249,0.141675420626,0.197231230627,0.000586167225318,0.00169939241091,0.0028126175965,3.55706082543,3.63800541403,3.71895000263,2.49683836249e-05,0.000112604661114,0.000200240938602,2.85610011574e-05,0.000142567066546,0.000256573131934,0.000116191581594,0.00142764320392,0.00273909482624,1.31615731883e-05,1.65774793291e-05,1.99933854698e-05,6.29999983311,11,1,1,0,8,1,142,0,872,1,1062,0,0,0,2.49683836249e-05,3.71895000263,0,0,0.000200240938602,3.55706082543,0,0
204,1609059034.17,1,0,2097,2096,1,0,0,0,0,1,0,0,0,0,0,0,0,0.0808378489236,0.0808378489236,0.0808378489236,0.00059631571144,0.00059631571144,0.00059631571144,3.31037064719,3.31037064719,3.31037064719,0.000200708353051,0.000200708353051,0.000200708353051,0.000256575129436,0.000256575129436,0.000256575129436,0.00012546097824,0.00012546097824,0.00012546097824,1.35712507135e-05,1.35712507135e-05,1.35712507135e-05,11.3999996185,20,1,0,0,9,0,148,0,875,1,1065,0,0,0,0,0,0,0,0.000200708353051,3.31037064719,0,0
204,1609059034.17,2,0,2097,2096,1,0,0,0,0,1,0,0,0,0,0,0,0,0.0811376828437,0.0811376828437,0.0811376828437,0.000598077608956,0.000598077608956,0.000598077608956,3.31775130829,3.31775130829,3.31775130829,0.000202461571367,0.000202461571367,0.000202461571367,0.000256583808635,0.000256583808635,0.000256583808635,0.00012546097824,0.00012546097824,0.00012546097824,1.35712507135e-05,1.35712507135e-05,1.35712507135e-05,11.3999996185,20,1,0,0,9,0,150,0,877,1,1061,0,0,0,0,0,0,0,0.000202461571367,3.31775130829,0,0
205,1609059034.27,1,0,2090,2089,1,0,0,0,0,1,0,0,0,0,0,0,0,0.0835789601137,0.0835789601137,0.0835789601137,0.000710644603306,0.000710644603306,0.000710644603306,3.13523957327,3.13523957327,3.13523957327,2.61236057085e-05,2.61236057085e-05,2.61236057085e-05,6.59089875108e-05,6.59089875108e-05,6.59089875108e-05,0.000612500802289,0.000612500802289,0.000612500802289,6.11120779708e-06,6.11120779708e-06,6.11120779708e-06,8.60000038147,20,1,0,0,8,0,130,1,898,0,1054,0,0,0,0,0,2.61236057085e-05,3.13523957327,0,0,0,0
205,1609059034.27,2,0,2089,2088,1,0,0,0,0,1,0,0,0,0,0,0,0,0.08419570848,0.08419570848,0.08419570848,0.000708949516292,0.000708949516292,0.000708949516292,3.16214878522,3.16214878522,3.16214878522,2.44145521229e-05,2.44145521229e-05,2.44145521229e-05,6.5922954083e-05,6.5922954083e-05,6.5922954083e-05,0.000612500802289,0.000612500802289,0.000612500802289,6.11120779708e-06,6.11120779708e-06,6.11120779708e-06,8.60000038147,20,1,0,0,7,0,135,1,895,0,1052,0,0,0,0,0,2.44145521229e-05,3.16214878522,0,0,0,0
206,1609059034.37,1,0,2092,2091,1,0,0,0,0,1,0,0,0,0,0,0,0,0.0852764845465,0.0852764845465,0.0852764845465,0.000661967101707,0.000661967101707,0.000661967101707,3.31444705024,3.31444705024,3.31444705024,4.35068462704e-05,4.35068462704e-05,4.35068462704e-05,0.000100761722308,0.000100761722308,0.000100761722308,0.000511270003791,0.000511270003791,0.000511270003791,6.4285293379e-06,6.4285293379e-06,6.4285293379e-06,16.2000007629,20,1,1,0,5,0,141,0,866,0,1079,1,0,0,0,0,0,0,0,0,4.35068462704e-05,3.31444705024
206,1609059034.37,2,0,2088,2087,1,0,0,0,0,1,0,0,0,0,0,0,0,0.0854081583414,0.0854081583414,0.0854081583414,0.000660762482656,0.000660762482656,0.000660762482656,3.32258935346,3.32258935346,3.32258935346,4.23355043997e-05,4.23355043997e-05,4.23355043997e-05,0.000100728445128,0.000100728445128,0.000100728445128,0.000511270003791,0.000511270003791,0.000511270003791,6.4285293379e-06,6.4285293379e-06,6.4285293379e-06,16.2000007629,20,1,1,0,4,0,143,0,862,0,1078,1,0,0,0,0,0,0,0,0,4.23355043997e-05,3.32258935346
207,1609059034.48,1,0,2098,2095,3,0,0,0,0,3,0,0,0,0,0,0,0,0.0771824532906,0.135945931079,0.240704263137,0.000468520647423,0.00227372773247,0.00575380328765,3.15396008826,3.49430122368,4.15567905394,2.01149179271e-05,0.000132990595609,0.000210729658334,0.000156497852845,0.000263577012248,0.000377548034882,0.000117496168139,0.00186545636163,0.00519823292177,9.89512043365e-06,1.17037629842e-05,1.39482868528e-05,14.6666666667,20,1,0,0,8,0,151,0,873,2,1066,1,0,0,0,0,0,0,0.000115422288131,3.6548195711,0.000168127210565,3.17326452885
207,1609059034.48,2,0,2098,2095,3,0,0,0,0,3,0,0,0,0,0,0,0,0.0779788510468,0.136743305476,0.241089314344,0.000469235896301,0.00227150822785,0.00575330311228,3.17847891007,3.53060967938,4.20840031577,2.09066397548e-05,0.000130811506882,0.000203915102809,0.000156421379895,0.00026353659635,0.000377562291999,0.000117496168139,0.00186545636163,0.00519823292177,9.89512043365e-06,1.17037629842e-05,1.39482868528e-05,14.6666666667,20,1,0,0,8,0,155,0,876,2,1059,1,0,0,0,0,0,0,0.000112410871282,3.70667506403,0.000167612778081,3.17847891007
208,1609059034.58,1,0,2084,2081,3,0,0,0,0,3,0,0,0,0,0,0,0,0.0875725320105,0.157853969828,0.290588412898,0.000598074145513,0.00199493838199,0.00475079275216,3.47261805623,3.86318660862,4.21594804624,1.52310806888e-05,0.000102269781232,0.0002117861953,5.08833830569e-05,0.000224559806175,0.000366174844386,0.000115835381239,0.00165628251232,0.00467398918597,1.06891024504e-05,1.1826282259e-05,1.3831377893e-05,8.99999976158,14,2,2,0,5,1,144,0,881,1,1052,1,0,0,1.52310806888e-05,4.21594804624,0,0,0.0002117861953,3.90099372338,7.97920677068e-05,3.47261805623
208,1609059034.58,2,0,2084,2081,3,0,0,0,0,3,0,0,0,0,0,0,0,0.0878580891691,0.157021107204,0.288617176671,0.00060029148079,0.0019937681724,0.00475056453234,3.49910475346,3.84905254746,4.18744931147,1.50360902038e-05,0.000101091452227,0.000213946778944,5.08501537167e-05,0.000224567925597,0.00036617568036,0.000115835381239,0.00165628251232,0.00467398918597,1.06891024504e-05,1.1826282259e-05,1.3831377893e-05,8.99999976158,14,2,2,0,5,1,144,0,875,1,1058,1,0,0,1.50360902038e-05,4.18744931147,0,0,0.000213946778944,3.86060357745,7.4291487535e-05,3.49910475346
209,1609059034.68,1,0,2075,2074,1,0,0,0,0,1,0,0,0,0,0,0,0,0.273460679512,0.273460679512,0.273460679512,0.00340822166773,0.00340822166773,0.00340822166773,4.68415192059,4.68415192059,4.68415192059,2.75642819295e-05,2.75642819295e-05,2.75642819295e-05,8.77197266762e-05,8.77197266762e-05,8.77197266762e-05,0.00328473106233,0.00328473106233,0.00328473106233,8.20659679537e-06,8.20659679537e-06,8.20659679537e-06,1,1,0,1,1,7,0,141,0,852,0,1074,0,2.75642819295e-05,4.68415192059,0,0,0,0,0,0,0,0
209,1609059034.68,2,0,2075,2074,1,0,0,0,0,1,0,0,0,0,0,0,0,0.271908851368,0.271908851368,0.271908851368,0.00340823135796,0.00340823135796,0.00340823135796,4.6575637858,4.6575637858,4.6575637858,2.75942188295e-05,2.75942188295e-05,2.75942188295e-05,8.76994800052e-05,8.76994800052e-05,8.76994800052e-05,0.00328473106233,0.00328473106233,0.00328473106233,8.20659679537e-06,8.20659679537e-06,8.20659679537e-06,1,1,0,1,1,6,0,138,0,858,0,1072,0,2.75942188295e-05,4.6575637858,0,0,0,0,0,0,0,0
210,1609059034.75,1,0,2087,2084,3,0,0,0,0,3,0,0,0,0,0,0,0,0.0791644628014,0.134190716405,0.228064559026,0.000378355251213,0.00166953049122,0.00406183572267,3.32049662758,3.93352631284,4.90161854352,2.36037491779e-05,8.69019560756e-05,0.000166244839365,0.000156433337446,0.000300069589253,0.000377575718773,0.000122178219164,0.0012737627987,0.00350996818546,8.0469790635e-06,8.79614719294e-06,9.17617311189e-06,15.6666666667,20,1,3,0,6,0,135,0,863,1,1080,2,0,0,0,0,0,0,2.36037491779e-05,4.90161854352,0.000118551059524,3.44948019751
210,1609059034.75,2,0,2087,2084,3,0,0,0,0,3,0,0,0,0,0,0,0,0.0781669367647,0.133318850453,0.22658959739,0.000378695091703,0.00166973941066,0.00406051435312,3.27402746013,3.90733044424,4.89206466154,2.39739472289e-05,8.71313609897e-05,0.000164939649801,0.000156402979885,0.000300049103773,0.000377559538795,0.000122178219164,0.0012737627987,0.00350996818546,8.0469790635e-06,8.79614719294e-06,9.17617311189e-06,15.6666666667,20,1,3,0,6,0,138,0,858,1,1082,2,0,0,0,0,0,0,2.39739472289e-05,4.89206466154,0.00011871006787,3.4149633356
211,1609059034.85,1,0,2095,2093,2,0,0,0,0,2,0,0,0,0,0,0,0,0.0923298941558,0.10188601123,0.111442128304,0.000651477910893,0.000670242685557,0.000689007460222,3.51746978525,3.94181440739,4.36615902952,3.36427102512e-05,8.34831191062e-05,0.000133323527961,0.000323948133357,0.000339841766311,0.000355735399265,0.000189659904307,0.000236405216908,0.000283150529509,1.02886286896e-05,1.05125832327e-05,1.07365377758e-05,12.7999999523,20,1,3,0,7,0,147,1,870,0,1068,1,0,0,0,0,0.000133323527961,3.51746978525,0,0,3.36427102512e-05,4.36615902952
211,1609059034.85,2,0,2095,2093,2,0,0,0,0,2,0,0,0,0,0,0,0,0.0935799243832,0.10180317674,0.110026429097,0.00065171086657,0.000667637606798,0.000683564347026,3.57925786921,3.94459056225,4.30992325529,3.38987118486e-05,8.08866866417e-05,0.000127874661435,0.000323925087437,0.000339833120016,0.000355741152595,0.000189659904307,0.000236405216908,0.000283150529509,1.02886286896e-05,1.05125832327e-05,1.07365377758e-05,12.7999999523,20,1,3,0,7,0,147,1,871,0,1067,1,0,0,0,0,0.000127874661435,3.57925786921,0,0,3.38987118486e-05,4.30992325529
212,1609059034.96,1,0,2093,2093,0,0,0,0,0,0,0,0,0,0,0,0,0,1e+300,0,0,1e+300,0,0,1e+300,0,0,1e+300,0,0,1e+300,0,0,1e+300,0,0,1e+300,0,0,0,0,0,3,0,8,0,136,0,864,0,1082,0,0,0,0,0,0,0,0,0,0,0
212,1609059034.96,2,0,2093,2093,0,0,0,0,0,0,0,0,0,0,0,0,0,1e+300,0,0,1e+300,0,0,1e+300,0,0,1e+300,0,0,1e+300,0,0,1e+300,0,0,1e+300,0,0,0,0,0,3,0,8,0,136,0,866,0,1080,0,0,0,0,0,0,0,0,0,0,0
213,1609059035.06,1,0,2065,2063,2,0,0,0,0,2,0,0,0,0,0,0,0,0.0729233557589,0.0759006569832,0.0788779582075,0.000585581330103,0.000613923664604,0.000642265999106,3.01351276009,3.06296636941,3.11241997873,6.51461240462e-05,0.000124996011279,0.000184845898512,0.000256623078523,0.000311407867196,0.00036619265587,0.000130310807551,0.000165239036377,0.000200167265202,1.07599539875e-05,1.22807497522e-05,1.3801545517e-05,12.8999996185,20,2,1,0,6,0,130,0,858,1,1070,1,0,0,0,0,0,0,0.000184845898512,3.01351276009,6.51461240462e-05,3.11241997873
213,1609059035.06,2,0,2065,2063,2,0,0,0,0,2,0,0,0,0,0,0,0,0.0736748203705,0.0764306030709,0.0791863857714,0.000589753611623,0.000617496845064,0.000645240078505,3.03377788423,3.07557933277,3.11738078131,6.81222103752e-05,0.00012857406747,0.000189025924564,0.000256615333992,0.000311402991466,0.00036619064894,0.000130310807551,0.000165239036377,0.000200167265202,1.07599539875e-05,1.22807497522e-05,1.3801545517e-05,12.8999996185,20,2,1,0,7,0,129,0,859,1,1069,1,0,0,0,0,0,0,0.000189025924564,3.03377788423,6.81222103752e-05,3.11738078131
214,1609059035.16,1,0,2082,2081,1,0,0,0,0,1,0,0,0,0,0,0,0,0.101466540088,0.101466540088,0.101466540088,0.000649502747639,0.000649502747639,0.000649502747639,3.98136830955,3.98136830955,3.98136830955,7.11677785522e-05,7.11677785522e-05,7.11677785522e-05,0.000366229411676,0.000366229411676,0.000366229411676,0.000201111462845,0.000201111462845,0.000201111462845,1.0994094566e-05,1.0994094566e-05,1.0994094566e-05,14.3999996185,20,1,0,0,4,0,142,0,857,0,1079,1,0,0,0,0,0,0,0,0,7.11677785522e-05,3.98136830955
214,1609059035.16,2,0,2081,2080,1,0,0,0,0,1,0,0,0,0,0,0,0,0.100694996386,0.100694996386,0.100694996386,0.000653709402206,0.000653709402206,0.000653709402206,3.93836102545,3.93836102545,3.93836102545,7.54150518349e-05,7.54150518349e-05,7.54150518349e-05,0.000366188792961,0.000366188792961,0.000366188792961,0.000201111462845,0.000201111462845,0.000201111462845,1.0994094566e-05,1.0994094566e-05,1.0994094566e-05,14.3999996185,20,1,0,0,4,0,142,0,854,0,1081,1,0,0,0,0,0,0,0,0,7.54150518349e-05,3.93836102545
215,1609059035.27,1,0,2083,2083,0,0,0,0,0,0,0,0,0,0,0,0,0,1e+300,0,0,1e+300,0,0,1e+300,0,0,1e+300,0,0,1e+300,0,0,1e+300,0,0,1e+300,0,0,0,0,0,1,0,10,0,138,0,842,0,1092,0,0,0,0,0,0,0,0,0,0,0
215,1609059035.27,2,0,2083,2083,0,0,0,0,0,0,0,0,0,0,0,0,0,1e+300,0,0,1e+300,0,0,1e+300,0,0,1e+300,0,0,1e+300,0,0,1e+300,0,0,1e+300,0,0,0,0,0,1,0,10,0,140,0,842,0,1090,0,0,0,0,0,0,0,0,0,0,0
215,1609059035.27,3,0,2083,2083,0,0,0,0,0,0,0,0,0,0,0,0,0,1e+300,0,0,1e+300,0,0,1e+300,0,0,1e+300,0,0,1e+300,0,0,1e+300,0,0,1e+300,0,0,0,0,0,1,0,10,0,140,0,840,0,1092,0,0,0,0,0,0,0,0,0,0,0
216,1609059035.37,1,0,2059,2059,0,0,0,0,0,0,0,0,0,0,0,0,0,1e+300,0,0,1e+300,0,0,1e+300,0,0,1e+300,0,0,1e+300,0,0,1e+300,0,0,1e+300,0,0,0,0,0,2,0,3,0,148,0,818,0,1088,0,0,0,0,0,0,0,0,0,0,0
216,1609059035.37,2,0,2057,2057,0,0,0,0,0,0,0,0,0,0,0,0,0,1e+300,0,0,1e+300,0,0,1e+300,0,0,1e+300,0,0,1e+300,0,0,1e+300,0,0,1e+300,0,0,0,0,0,2,0,3,0,145,0,826,0,1081,0,0,0,0,0,0,0,0,0,0,0
217,1609059035.47,1,0,2078,2078,0,0,0,0,0,0,0,0,0,0,0,0,0,1e+300,0,0,1e+300,0,0,1e+300,0,0,1e+300,0,0,1e+300,0,0,1e+300,0,0,1e+300,0,0,0,0,0,2,0,1,0,143,0,851,0,1081,0,0,0,0,0,0,0,0,0,0,0
217,1609059035.47,2,0,2078,2078,0,0,0,0,0,0,0,0,0,0,0,0,0,1e+300,0,0,1e+300,0,0,1e+300,0,0,1e+300,0,0,1e+300,0,0,1e+300,0,0,1e+300,0,0,0,0,0,2,0,1,0,143,0,852,0,1080,0,0,0,0,0,0,0,0,0,0,0
218,1609059035.58,1,0,2094,2093,1,0,0,0,0,1,0,0,0,0,0,0,0,0.0795831832297,0.0795831832297,0.0795831832297,0.000679637174097,0.000679637174097,0.000679637174097,3.05269027874,3.05269027874,3.05269027874,0.000123832615308,0.000123832615308,0.000123832615308,0.000355663970206,0.000355663970206,0.000355663970206,0.000188671701755,0.000188671701755,0.000188671701755,1.14688868277e-05,1.14688868277e-05,1.14688868277e-05,7.59999990463,20,1,0,0,7,0,143,1,858,0,1086,0,0,0,0,0,0.000123832615308,3.05269027874,0,0,0,0
218,1609059035.58,2,0,2093,2092,1,0,0,0,0,1,0,0,0,0,0,0,0,0.0801682907074,0.0801682907074,0.0801682907074,0.000676037559529,0.000676037559529,0.000676037559529,3.08331014106,3.08331014106,3.08331014106,0.000120191983802,0.000120191983802,0.000120191983802,0.000355704987144,0.000355704987144,0.000355704987144,0.000188671701755,0.000188671701755,0.000188671701755,1.14688868277e-05,1.14688868277e-05,1.14688868277e-05,7.59999990463,20,1,0,0,7,0,142,1,866,0,1078,0,0,0,0,0,0.000120191983802,3.08331014106,0,0,0,0
219,1609059035.68,1,0,2096,2096,0,0,0,0,0,0,0,0,0,0,0,0,0,1e+300,0,0,1e+300,0,0,1e+300,0,0,1e+300,0,0,1e+300,0,0,1e+300,0,0,1e+300,0,0,0,0,0,3,0,6,0,142,0,850,0,1095,0,0,0,0,0,0,0,0,0,0,0
219,1609059035.68,2,0,2096,2096,0,0,0,0,0,0,0,0,0,0,0,0,0,1e+300,0,0,1e+300,0,0,1e+300,0,0,1e+300,0,0,1e+300,0,0,1e+300,0,0,1e+300,0,0,0,0,0,3,0,6,0,143,0,846,0,1098,0,0,0,0,0,0,0,0,0,0,0
219,1609059035.68,3,0,2096,2096,0,0,0,0,0,0,0,0,0,0,0,0,0,1e+300,0,0,1e+300,0,0,1e+300,0,0,1e+300,0,0,1e+300,0,0,1e+300,0,0,1e+300,0,0,0,0,0,3,0,6,0,142,0,850,0,1095,0,0,0,0,0,0,0,0,0,0,0
219,1609059035.68,4,1,0,0,0,0,0,0,0,0,0,0,0,0,0,0,0,1e+300,0,0,1e+300,0,0,1e+300,0,0,1e+300,0,0,1e+300,0,0,1e+300,0,0,1e+300,0,0,0,0,0,0,0,0,0,0,0,0,0,0,0,0,0,0,0,0,0,0,0,0,0
220,1609059035.78,1,0,2061,2061,0,0,0,0,0,0,0,0,0,0,0,0,0,1e+300,0,0,1e+300,0,0,1e+300,0,0,1e+300,0,0,1e+300,0,0,1e+300,0,0,1e+300,0,0,0,0,0,0,0,5,0,133,0,841,0,1082,0,0,0,0,0,0,0,0,0,0,0
220,1609059035.78,2,0,2061,2061,0,0,0,0,0,0,0,0,0,0,0,0,0,1e+300,0,0,1e+300,0,0,1e+300,0,0,1e+300,0,0,1e+300,0,0,1e+300,0,0,1e+300,0,0,0,0,0,0,0,5,0,133,0,842,0,1081,0,0,0,0,0,0,0,0,0,0,0
220,1609059035.78,3,0,2061,2061,0,0,0,0,0,0,0,0,0,0,0,0,0,1e+300,0,0,1e+300,0,0,1e+300,0,0,1e+300,0,0,1e+300,0,0,1e+300,0,0,1e+300,0,0,0,0,0,0,0,5,0,134,0,840,0,1082,0,0,0,0,0,0,0,0,0,0,0
221,1609059035.85,1,0,2071,2069,2,0,0,0,0,2,0,0,0,0,0,0,0,0.0680522576433,0.0693615506311,0.0706708436189,0.000491692091276,0.000521545083169,0.000551398075062,3.00959220128,3.03929270055,3.06899319981,2.70337380073e-05,0.000112740729387,0.000198447720767,0.000100747498626,0.000178669012251,0.000256590525877,8.3922083421e-05,0.000221318183018,0.000358714282616,5.19657202778e-06,8.81715851223e-06,1.24377449967e-05,13.8000001907,20,2,2,0,3,0,137,0,827,1,1102,1,0,0,0,0,0,0,0.000198447720767,3.00959220128,2.70337380073e-05,3.06899319981
221,1609059035.85,2,0,2071,2069,2,0,0,0,0,2,0,0,0,0,0,0,0,0.0694251901509,0.0700679970772,0.0707108040035,0.00049160423928,0.000518474550978,0.000545344862676,3.0279601983,3.07957454742,3.13118889655,2.69636492637e-05,0.0001096659852,0.000192368321137,0.000100729735373,0.000178673224247,0.000256616713121,8.3922083421e-05,0.000221318183018,0.000358714282616,5.19657202778e-06,8.81715851223e-06,1.24377449967e-05,13.8000001907,20,2,2,0,2,0,136,0,830,1,1101,1,0,0,0,0,0,0,0.000192368321137,3.0279601983,2.69636492637e-05,3.13118889655
222,1609059035.96,1,0,2102,2102,0,0,0,0,0,0,0,0,0,0,0,0,0,1e+300,0,0,1e+300,0,0,1e+300,0,0,1e+300,0,0,1e+300,0,0,1e+300,0,0,1e+300,0,0,0,0,0,2,0,6,0,145,0,857,0,1092,0,0,0,0,0,0,0,0,0,0,0
222,1609059035.96,2,0,2101,2101,0,0,0,0,0,0,0,0,0,0,0,0,0,1e+300,0,0,1e+300,0,0,1e+300,0,0,1e+300,0,0,1e+300,0,0,1e+300,0,0,1e+300,0,0,0,0,0,2,0,6,0,144,0,860,0,1089,0,0,0,0,0,0,0,0,0,0,0
223,1609059036.06,1,0,2078,2077,1,0,0,0,0,1,0,0,0,0,0,0,0,0.258866629803,0.258866629803,0.258866629803,0.00552202816307,0.00552202816307,0.00552202816307,3.48358780071,3.48358780071,3.48358780071,4.21509017317e-05,4.21509017317e-05,4.21509017317e-05,3.08569756012e-05,3.08569756012e-05,3.08569756012e-05,0.0054324657085,0.0054324657085,0.0054324657085,1.65545772371e-05,1.65545772371e-05,1.65545772371e-05,1,1,0,4,1,4,0,138,0,850,0,1082,0,4.21509017317e-05,3.48358780071,0,0,0,0,0,0,0,0
223,1609059036.06,2,0,2078,2077,1,0,0,0,0,1,0,0,0,0,0,0,0,0.255091087238,0.255091087238,0.255091087238,0.00552239964199,0.00552239964199,0.00552239964199,3.43266457959,3.43266457959,3.43266457959,4.24898561001e-05,4.24898561001e-05,4.24898561001e-05,3.08895001554e-05,3.08895001554e-05,3.08895001554e-05,0.0054324657085,0.0054324657085,0.0054324657085,1.65545772371e-05,1.65545772371e-05,1.65545772371e-05,1,1,0,4,1,4,0,137,0,850,0,1083,0,4.24898561001e-05,3.43266457959,0,0,0,0,0,0,0,0
224,1609059036.16,1,0,2096,2095,1,0,0,0,0,1,0,0,0,0,0,0,0,0.0862125283456,0.0862125283456,0.0862125283456,0.00064224956917,0.00064224956917,0.00064224956917,3.40187593466,3.40187593466,3.40187593466,3.79059846876e-05,3.79059846876e-05,3.79059846876e-05,0.000100653870361,0.000100653870361,0.000100653870361,0.00049740843256,0.00049740843256,0.00049740843256,6.28128156138e-06,6.28128156138e-06,6.28128156138e-06,16.2000007629,20,0,3,0,3,0,136,0,877,0,1077,1,0,0,0,0,0,0,0,0,3.79059846876e-05,3.40187593466
224,1609059036.16,2,0,2096,2095,1,0,0,0,0,1,0,0,0,0,0,0,0,0.0852256208623,0.0852256208623,0.0852256208623,0.000642796224108,0.000642796224108,0.000642796224108,3.36150309323,3.36150309323,3.36150309323,3.84210384408e-05,3.84210384408e-05,3.84210384408e-05,0.000100685471546,0.000100685471546,0.000100685471546,0.00049740843256,0.00049740843256,0.00049740843256,6.28128156138e-06,6.28128156138e-06,6.28128156138e-06,16.2000007629,20,1,3,0,4,0,135,0,878,0,1076,1,0,0,0,0,0,0,0,0,3.84210384408e-05,3.36150309323
225,1609059036.27,1,0,2100,2099,1,0,0,0,0,1,0,0,0,0,0,0,0,0.0926071760664,0.0926071760664,0.0926071760664,0.000596085836135,0.000596085836135,0.000596085836135,3.7930646057,3.7930646057,3.7930646057,0.000203192476179,0.000203192476179,0.000203192476179,0.000256604662906,0.000256604662906,0.000256604662906,0.00012189180066,0.00012189180066,0.00012189180066,1.439689639e-05,1.439689639e-05,1.439689639e-05,11.3999996185,20,1,2,0,4,0,146,0,866,1,1082,0,0,0,0,0,0,0,0.000203192476179,3.7930646057,0,0
225,1609059036.27,2,0,2099,2098,1,0,0,0,0,1,0,0,0,0,0,0,0,0.0933852046158,0.0933852046158,0.0933852046158,0.000599972852672,0.000599972852672,0.000599972852672,3.81252126468,3.81252126468,3.81252126468,0.000207092854759,0.000207092854759,0.000207092854759,0.000256591300863,0.000256591300863,0.000256591300863,0.00012189180066,0.00012189180066,0.00012189180066,1.439689639e-05,1.439689639e-05,1.439689639e-05,11.3999996185,20,1,2,0,4,0,146,0,868,1,1079,0,0,0,0,0,0,0,0.000207092854759,3.81252126468,0,0
226,1609059036.37,1,0,2089,2088,1,0,0,0,0,1,0,0,0,0,0,0,0,0.0832833331936,0.0832833331936,0.0832833331936,0.000643561373187,0.000643561373187,0.000643561373187,3.28294126984,3.28294126984,3.28294126984,3.83652475855e-05,3.83652475855e-05,3.83652475855e-05,0.000100708305377,0.000100708305377,0.000100708305377,0.000498171352956,0.000498171352956,0.000498171352956,6.316467269e-06,6.316467269e-06,6.316467269e-06,16.2000007629,20,1,3,0,6,0,141,0,842,0,1097,1,0,0,0,0,0,0,0,0,3.83652475855e-05,3.28294126984
226,1609059036.37,2,0,2089,2088,1,0,0,0,0,1,0,0,0,0,0,0,0,0.0821938538699,0.0821938538699,0.0821938538699,0.000642815373355,0.000642815373355,0.000642815373355,3.24187463626,3.24187463626,3.24187463626,3.76127217981e-05,3.76127217981e-05,3.76127217981e-05,0.000100714831332,0.000100714831332,0.000100714831332,0.000498171352956,0.000498171352956,0.000498171352956,6.316467269e-06,6.316467269e-06,6.316467269e-06,16.2000007629,20,1,3,0,6,0,142,0,844,0,1094,1,0,0,0,0,0,0,0,0,3.76127217981e-05,3.24187463626
227,1609059036.47,1,0,2094,2093,1,0,0,0,0,1,0,0,0,0,0,0,0,0.310636126614,0.310636126614,0.310636126614,0.0103094865711,0.0103094865711,0.0103094865711,3.05938014352,3.05938014352,3.05938014352,0.000470434970782,0.000470434970782,0.000470434970782,0.000319125357974,0.000319125357974,0.000319125357974,0.00949970418966,0.00949970418966,0.00949970418966,2.02220526454e-05,2.02220526454e-05,2.02220526454e-05,8.60000038147,20,1,1,0,12,0,142,1,858,0,1081,0,0,0,0,0,0.000470434970782,3.05938014352,0,0,0,0
227,1609059036.47,2,0,2094,2093,1,0,0,0,0,1,0,0,0,0,0,0,0,0.306972241853,0.306972241853,0.306972241853,0.0103085420771,0.0103085420771,0.0103085420771,3.02343392563,3.02343392563,3.02343392563,0.000469461222763,0.000469461222763,0.000469461222763,0.000319154611994,0.000319154611994,0.000319154611994,0.00949970418966,0.00949970418966,0.00949970418966,2.02220526454e-05,2.02220526454e-05,2.02220526454e-05,8.60000038147,20,1,1,0,12,0,143,1,857,0,1081,0,0,0,0,0,0.000469461222763,3.02343392563,0,0,0,0
228,1609059036.58,1,0,2076,2075,1,0,0,0,0,1,0,0,0,0,0,0,0,0.171103810621,0.171103810621,0.171103810621,0.00172400039422,0.00172400039422,0.00172400039422,4.12088980451,4.12088980451,4.12088980451,0.000151935043404,0.000151935043404,0.000151935043404,0.000375103615179,0.000375103615179,0.000375103615179,0.00118484891194,0.00118484891194,0.00118484891194,1.21128236946e-05,1.21128236946e-05,1.21128236946e-05,7,20,0,2,0,8,0,133,1,850,0,1083,0,0,0,0,0,0.000151935043404,4.12088980451,0,0,0,0
228,1609059036.58,2,0,2076,2075,1,0,0,0,0,1,0,0,0,0,0,0,0,0.170081707541,0.170081707541,0.170081707541,0.00172637151396,0.00172637151396,0.00172637151396,4.09345929971,4.09345929971,4.09345929971,0.000154293940639,0.000154293940639,0.000154293940639,0.000375115837683,0.000375115837683,0.000375115837683,0.00118484891194,0.00118484891194,0.00118484891194,1.21128236946e-05,1.21128236946e-05,1.21128236946e-05,7,20,0,2,0,8,0,135,1,856,0,1075,0,0,0,0,0,0.000154293940639,4.09345929971,0,0,0,0
228,1609059036.58,3,0,2076,2075,1,0,0,0,0,1,0,0,0,0,0,0,0,0.169549807592,0.169549807592,0.169549807592,0.0017266668679,0.0017266668679,0.0017266668679,4.08030871988,4.08030871988,4.08030871988,0.000154582782792,0.000154582782792,0.000154582782792,0.000375122349465,0.000375122349465,0.000375122349465,0.00118484891194,0.00118484891194,0.00118484891194,1.21128236946e-05,1.21128236946e-05,1.21128236946e-05,7,20,0,2,0,8,0,135,1,856,0,1075,0,0,0,0,0,0.000154582782792,4.08030871988,0,0,0,0
229,1609059036.68,1,0,2095,2095,0,0,0,0,0,0,0,0,0,0,0,0,0,1e+300,0,0,1e+300,0,0,1e+300,0,0,1e+300,0,0,1e+300,0,0,1e+300,0,0,1e+300,0,0,0,0,0,4,0,6,0,137,0,858,0,1090,0,0,0,0,0,0,0,0,0,0,0
229,1609059036.68,2,0,2094,2094,0,0,0,0,0,0,0,0,0,0,0,0,0,1e+300,0,0,1e+300,0,0,1e+300,0,0,1e+300,0,0,1e+300,0,0,1e+300,0,0,1e+300,0,0,0,0,0,4,0,6,0,136,0,853,0,1095,0,0,0,0,0,0,0,0,0,0,0
229,1609059036.68,3,0,2094,2094,0,0,0,0,0,0,0,0,0,0,0,0,0,1e+300,0,0,1e+300,0,0,1e+300,0,0,1e+300,0,0,1e+300,0,0,1e+300,0,0,1e+300,0,0,0,0,0,4,0,6,0,136,0,853,0,1095,0,0,0,0,0,0,0,0,0,0,0
230,1609059036.78,1,0,2087,2086,1,0,0,0,0,1,0,0,0,0,0,0,0,0.080438455098,0.080438455098,0.080438455098,0.000660870482747,0.000660870482747,0.000660870482747,3.12899985843,3.12899985843,3.12899985843,3.61404139445e-05,3.61404139445e-05,3.61404139445e-05,0.000100686712913,0.000100686712913,0.000100686712913,0.000517300867161,0.000517300867161,0.000517300867161,6.74248872785e-06,6.74248872785e-06,6.74248872785e-06,16.2000007629,20,1,1,0,9,0,137,0,855,0,1085,1,0,0,0,0,0,0,0,0,3.61404139445e-05,3.12899985843
230,1609059036.78,2,0,2086,2085,1,0,0,0,0,1,0,0,0,0,0,0,0,0.0809116378567,0.0809116378567,0.0809116378567,0.000661108462748,0.000661108462748,0.000661108462748,3.14683979926,3.14683979926,3.14683979926,3.63388938091e-05,3.63388938091e-05,3.63388938091e-05,0.00010072621305,0.00010072621305,0.00010072621305,0.000517300867161,0.000517300867161,0.000517300867161,6.74248872785e-06,6.74248872785e-06,6.74248872785e-06,16.2000007629,20,1,1,0,9,0,137,0,853,0,1086,1,0,0,0,0,0,0,0,0,3.63388938091e-05,3.14683979926
231,1609059036.88,1,0,2084,2082,2,0,0,0,0,2,0,0,0,0,0,0,0,0.0860496392097,0.0885244887689,0.0909993383281,0.000635963250297,0.000685411598885,0.000734859947474,3.35688099872,3.38453486196,3.4121887252,6.70773580637e-05,8.47068286698e-05,0.000102336299276,0.000100953130927,0.000233543318498,0.000366133506069,0.000191409857129,0.000358184194961,0.000524958532793,6.61198447753e-06,8.97725675664e-06,1.13425290358e-05,15.3000001907,20,2,5,0,6,0,149,0,852,0,1072,2,0,0,0,0,0,0,0,0,8.47068286698e-05,3.38453486196
231,1609059036.88,2,0,2083,2081,2,0,0,0,0,2,0,0,0,0,0,0,0,0.086872272482,0.0894281006129,0.0919839287437,0.00063661009593,0.000686125717923,0.000735641339916,3.39139902905,3.41722884261,3.44305865618,6.77178225404e-05,8.54227478486e-05,0.000103127673157,0.000100943149488,0.000233541518356,0.000366139887225,0.000191409857129,0.000358184194961,0.000524958532793,6.61198447753e-06,8.97725675664e-06,1.13425290358e-05,15.3000001907,20,2,5,0,6,0,148,0,853,0,1071,2,0,0,0,0,0,0,0,0,8.54227478486e-05,3.41722884261
232,1609059036.95,1,0,2089,2086,3,0,0,0,0,3,0,0,0,0,0,0,0,0.075243864149,0.119802672108,0.205994662087,0.000552374017838,0.00097144035051,0.00179538767002,3.20150710122,3.7823889532,4.86157340486,5.19699736766e-05,0.000106880625461,0.000202120827501,4.60204024085e-06,0.000209128038666,0.000366125272371,8.11121635046e-05,0.000643997170187,0.00172612952949,9.1331985233e-06,1.14345161958e-05,1.26861266167e-05,13.1999998093,20,2,2,0,11,0,137,0,849,2,1090,1,0,0,0,0,0,0,0.000127045400589,4.03154025304,6.65510752043e-05,3.28408635353
232,1609059036.95,2,0,2087,2084,3,0,0,0,0,3,0,0,0,0,0,0,0,0.07621373875,0.119092148749,0.203015346788,0.000546166438633,0.000970791563914,0.00179547166639,3.26114990253,3.77307732754,4.79114805199,5.20567738029e-05,0.000106257870701,0.000196009666769,4.59923647762e-06,0.000209102006829,0.000366146399098,8.11121635046e-05,0.000643997170187,0.00172612952949,9.1331985233e-06,1.14345161958e-05,1.26861266167e-05,13.1999998093,20,2,2,0,11,0,139,0,854,2,1081,1,0,0,0,0,0,0,0.000124033220286,4.02614897726,7.07071715323e-05,3.26693402809
233,1609059037.06,1,0,2096,2094,1,1,0,0,0,1,0,0,0,0,0,0,0,0.181705157777,0.181705157777,0.181705157777,0.00362496083594,0.00362496083594,0.00362496083594,3.01797470687,3.01797470687,3.01797470687,0.000143863793664,0.000143863793664,0.000143863793664,0.000398484952467,0.000398484952467,0.000398484952467,0.00307261394825,0.00307261394825,0.00307261394825,9.99814155271e-06,9.99814155271e-06,9.99814155271e-06,20,20,1,2,0,9,0,149,0,836,0,1100,1,0,0,0,0,0,0,0,0,0.000143863793664,3.01797470687
233,1609059037.06,2,0,2096,2094,1,1,0,0,0,1,0,0,0,0,0,0,0,0.183093751192,0.183093751192,0.183093751192,0.00362577480808,0.00362577480808,0.00362577480808,3.04069674305,3.04069674305,3.04069674305,0.000144686663776,0.000144686663776,0.000144686663776,0.000398476054502,0.000398476054502,0.000398476054502,0.00307261394825,0.00307261394825,0.00307261394825,9.99814155271e-06,9.99814155271e-06,9.99814155271e-06,20,20,1,2,0,8,0,154,0,831,0,1101,1,0,0,0,0,0,0,0,0,0.000144686663776,3.04069674305
234,1609059037.16,1,0,2091,2091,0,0,0,0,0,0,0,0,0,0,0,0,0,1e+300,0,0,1e+300,0,0,1e+300,0,0,1e+300,0,0,1e+300,0,0,1e+300,0,0,1e+300,0,0,0,0,0,1,0,8,0,135,0,870,0,1077,0,0,0,0,0,0,0,0,0,0,0
234,1609059037.16,2,0,2091,2091,0,0,0,0,0,0,0,0,0,0,0,0,0,1e+300,0,0,1e+300,0,0,1e+300,0,0,1e+300,0,0,1e+300,0,0,1e+300,0,0,1e+300,0,0,0,0,0,1,0,8,0,132,0,872,0,1078,0,0,0,0,0,0,0,0,0,0,0
235,1609059037.26,1,0,2084,2084,0,0,0,0,0,0,0,0,0,0,0,0,0,1e+300,0,0,1e+300,0,0,1e+300,0,0,1e+300,0,0,1e+300,0,0,1e+300,0,0,1e+300,0,0,0,0,0,1,0,6,0,138,0,837,0,1102,0,0,0,0,0,0,0,0,0,0,0
235,1609059037.26,2,0,2082,2082,0,0,0,0,0,0,0,0,0,0,0,0,0,1e+300,0,0,1e+300,0,0,1e+300,0,0,1e+300,0,0,1e+300,0,0,1e+300,0,0,1e+300,0,0,0,0,0,1,0,7,0,140,0,834,0,1100,0,0,0,0,0,0,0,0,0,0,0
235,1609059037.26,3,0,2082,2082,0,0,0,0,0,0,0,0,0,0,0,0,0,1e+300,0,0,1e+300,0,0,1e+300,0,0,1e+300,0,0,1e+300,0,0,1e+300,0,0,1e+300,0,0,0,0,0,1,0,6,0,141,0,836,0,1098,0,0,0,0,0,0,0,0,0,0,0
235,1609059037.26,4,1,0,0,0,0,0,0,0,0,0,0,0,0,0,0,0,1e+300,0,0,1e+300,0,0,1e+300,0,0,1e+300,0,0,1e+300,0,0,1e+300,0,0,1e+300,0,0,0,0,0,0,0,0,0,0,0,0,0,0,0,0,0,0,0,0,0,0,0,0,0
236,1609059037.37,1,0,2099,2096,2,0,1,0,0,3,0,0,0,0,0,0,0,0.0837960157844,0.12174892667,0.159701837556,0.000594842225447,0.00103795537834,0.00148106853122,3.43575727704,3.79275556107,4.14975384509,0.000198975320397,0.000319504614316,0.000440033908235,9.14632504809e-07,0.000128757756528,0.00025660088055,0.000124749596923,0.000580459948199,0.00103617029947,3.94969100978e-06,9.23305929318e-06,1.45164275766e-05,8.39999985695,20,1,3,0,8,0,138,1,842,1,1108,0,0,0,0,0,0.000440033908235,4.14975384509,0.000198975320397,3.43575727704,0,0
236,1609059037.37,2,0,2099,2096,2,0,1,0,0,3,0,0,0,0,0,0,0,0.0827432755229,0.121518653792,0.160294032061,0.0005970909743,0.00104119322945,0.0014852954846,3.38619883484,3.77270477351,4.15921071218,0.000201225837397,0.000322742796592,0.000444259755787,9.15738327107e-07,0.000128757425365,0.000256599112403,0.000124749596923,0.000580459948199,0.00103617029947,3.94969100978e-06,9.23305929318e-06,1.45164275766e-05,8.39999985695,20,1,3,0,8,0,139,1,844,1,1105,0,0,0,0,0,0.000444259755787,4.15921071218,0.000201225837397,3.38619883484,0,0
237,1609059037.47,1,0,2084,2083,1,0,0,0,0,1,0,0,0,0,0,0,0,0.0874885781461,0.0874885781461,0.0874885781461,0.000625365971791,0.000625365971791,0.000625365971791,3.49851898834,3.49851898834,3.49851898834,6.29670526745e-05,6.29670526745e-05,6.29670526745e-05,0.000366131131382,0.000366131131382,0.000366131131382,0.000184932951648,0.000184932951648,0.000184932951648,1.13348360873e-05,1.13348360873e-05,1.13348360873e-05,14.3999996185,20,1,1,0,8,0,139,0,857,0,1079,1,0,0,0,0,0,0,0,0,6.29670526745e-05,3.49851898834
237,1609059037.47,2,0,2084,2083,1,0,0,0,0,1,0,0,0,0,0,0,0,0.0863410238898,0.0863410238898,0.0863410238898,0.000625983932619,0.000625983932619,0.000625983932619,3.4509256412,3.4509256412,3.4509256412,6.3560922122e-05,6.3560922122e-05,6.3560922122e-05,0.000366155222762,0.000366155222762,0.000366155222762,0.000184932951648,0.000184932951648,0.000184932951648,1.13348360873e-05,1.13348360873e-05,1.13348360873e-05,14.3999996185,20,1,1,0,8,0,139,0,858,0,1078,1,0,0,0,0,0,0,0,0,6.3560922122e-05,3.4509256412
238,1609059037.57,1,0,2080,2080,0,0,0,0,0,0,0,0,0,0,0,0,0,1e+300,0,0,1e+300,0,0,1e+300,0,0,1e+300,0,0,1e+300,0,0,1e+300,0,0,1e+300,0,0,0,0,0,3,0,6,0,121,0,860,0,1090,0,0,0,0,0,0,0,0,0,0,0
238,1609059037.57,2,0,2080,2080,0,0,0,0,0,0,0,0,0,0,0,0,0,1e+300,0,0,1e+300,0,0,1e+300,0,0,1e+300,0,0,1e+300,0,0,1e+300,0,0,1e+300,0,0,0,0,0,3,0,6,0,123,0,859,0,1089,0,0,0,0,0,0,0,0,0,0,0
239,1609059037.67,1,0,2084,2083,1,0,0,0,0,1,0,0,0,0,0,0,0,0.0795777733517,0.0795777733517,0.0795777733517,0.000672715489609,0.000672715489609,0.000672715489609,3.06814633392,3.06814633392,3.06814633392,8.11081709861e-05,8.11081709861e-05,8.11081709861e-05,0.000366151900971,0.000366151900971,0.000366151900971,0.000214457747491,0.000214457747491,0.000214457747491,1.09976701602e-05,1.09976701602e-05,1.09976701602e-05,14.3999996185,20,1,2,0,5,0,139,0,857,0,1081,1,0,0,0,0,0,0,0,0,8.11081709861e-05,3.06814633392
239,1609059037.67,2,0,2084,2083,1,0,0,0,0,1,0,0,0,0,0,0,0,0.0787876548897,0.0787876548897,0.0787876548897,0.000664496444776,0.000664496444776,0.000664496444776,3.05641162658,3.05641162658,3.05641162658,7.28803854556e-05,7.28803854556e-05,7.28803854556e-05,0.000366160641669,0.000366160641669,0.000366160641669,0.000214457747491,0.000214457747491,0.000214457747491,1.09976701602e-05,1.09976701602e-05,1.09976701602e-05,14.3999996185,20,1,2,0,5,0,137,0,860,0,1080,1,0,0,0,0,0,0,0,0,7.28803854556e-05,3.05641162658
240,1609059037.78,1,0,2083,2083,0,0,0,0,0,0,0,0,0,0,0,0,0,1e+300,0,0,1e+300,0,0,1e+300,0,0,1e+300,0,0,1e+300,0,0,1e+300,0,0,1e+300,0,0,0,0,0,1,0,4,0,132,0,855,0,1091,0,0,0,0,0,0,0,0,0,0,0
240,1609059037.78,2,0,2082,2082,0,0,0,0,0,0,0,0,0,0,0,0,0,1e+300,0,0,1e+300,0,0,1e+300,0,0,1e+300,0,0,1e+300,0,0,1e+300,0,0,1e+300,0,0,0,0,0,1,0,4,0,133,0,848,0,1096,0,0,0,0,0,0,0,0,0,0,0
241,1609059037.88,1,0,2093,2091,2,0,0,0,0,2,0,0,0,0,0,0,0,0.082820299386,0.105919257809,0.129018216232,0.000598612365872,0.00108898877939,0.00157936519291,3.24645772503,3.31574944352,3.38504116202,5.32780486912e-05,0.000129943486105,0.000206608923519,0.000234919304305,0.00024575459968,0.000256589895055,0.000120168739631,0.000699663482331,0.00127915822503,1.20096148805e-05,1.36272112736e-05,1.52448076668e-05,6.19999980927,10.5,1,2,1,4,0,130,0,862,1,1095,0,5.32780486912e-05,3.24645772503,0,0,0,0,0.000206608923519,3.38504116202,0,0
241,1609059037.88,2,0,2093,2091,2,0,0,0,0,2,0,0,0,0,0,0,0,0.0822229953902,0.105810744241,0.129398493091,0.000599211236591,0.00108937190283,0.00157953256907,3.25585403211,3.30740116747,3.35894830284,5.3468985525e-05,0.000130342022569,0.000207215059614,0.000234895743631,0.000245739186655,0.000256582629679,0.000120168739631,0.000699663482331,0.00127915822503,1.20096148805e-05,1.36272112736e-05,1.52448076668e-05,6.19999980927,10.5,1,2,1,4,0,129,0,864,1,1094,0,5.3468985525e-05,3.25585403211,0,0,0,0,0.000207215059614,3.35894830284,0,0
242,1609059037.98,1,0,2071,2070,1,0,0,0,0,1,0,0,0,0,0,0,0,0.0772119996158,0.0772119996158,0.0772119996158,0.000601481595465,0.000601481595465,0.000601481595465,3.14828201433,3.14828201433,3.14828201433,0.000208957408792,0.000208957408792,0.000208957408792,0.000256607030432,0.000256607030432,0.000256607030432,0.000121109419135,0.000121109419135,0.000121109419135,1.48077371059e-05,1.48077371059e-05,1.48077371059e-05,11.3999996185,20,1,2,0,1,0,124,0,861,1,1083,0,0,0,0,0,0,0,0.000208957408792,3.14828201433,0,0
242,1609059037.98,2,0,2071,2070,1,0,0,0,0,1,0,0,0,0,0,0,0,0.077096472514,0.077096472514,0.077096472514,0.000596234606823,0.000596234606823,0.000596234606823,3.15737319603,3.15737319603,3.15737319603,0.000203733313662,0.000203733313662,0.000203733313662,0.00025658413692,0.00025658413692,0.00025658413692,0.000121109419135,0.000121109419135,0.000121109419135,1.48077371059e-05,1.48077371059e-05,1.48077371059e-05,11.3999996185,20,1,2,0,1,0,125,0,861,1,1082,0,0,0,0,0,0,0,0.000203733313662,3.15737319603,0,0
242,1609059037.98,3,0,2071,2070,1,0,0,0,0,1,0,0,0,0,0,0,0,0.0767780494217,0.0767780494217,0.0767780494217,0.000596097578377,0.000596097578377,0.000596097578377,3.14469402664,3.14469402664,3.14469402664,0.000203599927479,0.000203599927479,0.000203599927479,0.000256580494657,0.000256580494657,0.000256580494657,0.000121109419135,0.000121109419135,0.000121109419135,1.48077371059e-05,1.48077371059e-05,1.48077371059e-05,11.3999996185,20,1,2,0,1,0,125,0,862,1,1081,0,0,0,0,0,0,0,0.000203599927479,3.14469402664,0,0
243,1609059038.05,1,0,2084,2083,1,0,0,0,0,1,0,0,0,0,0,0,0,0.09342203804,0.09342203804,0.09342203804,0.000380362323108,0.000380362323108,0.000380362323108,4.79016630759,4.79016630759,4.79016630759,2.10859197839e-05,2.10859197839e-05,2.10859197839e-05,0.000156451736187,0.000156451736187,0.000156451736187,0.000192884777712,0.000192884777712,0.000192884777712,9.9398894248e-06,9.9398894248e-06,9.9398894248e-06,12.6000003815,20,0,1,0,4,0,134,0,849,1,1096,0,0,0,0,0,0,0,2.10859197839e-05,4.79016630759,0,0
243,1609059038.05,2,0,2084,2083,1,0,0,0,0,1,0,0,0,0,0,0,0,0.093949578088,0.093949578088,0.093949578088,0.000382839283857,0.000382839283857,0.000382839283857,4.80160672691,4.80160672691,4.80160672691,2.35934482141e-05,2.35934482141e-05,2.35934482141e-05,0.000156421168506,0.000156421168506,0.000156421168506,0.000192884777712,0.000192884777712,0.000192884777712,9.9398894248e-06,9.9398894248e-06,9.9398894248e-06,12.6000003815,20,0,1,0,4,0,135,0,846,1,1098,0,0,0,0,0,0,0,2.35934482141e-05,4.80160672691,0,0
244,1609059038.16,1,0,2097,2096,1,0,0,0,0,1,0,0,0,0,0,0,0,0.073586861881,0.073586861881,0.073586861881,0.000581108348397,0.000581108348397,0.000581108348397,3.0526128316,3.0526128316,3.0526128316,0.000192195921486,0.000192195921486,0.000192195921486,0.000256641865167,0.000256641865167,0.000256641865167,0.0001190476924,0.0001190476924,0.0001190476924,1.32228693444e-05,1.32228693444e-05,1.32228693444e-05,11.3999996185,20,1,1,0,5,0,129,0,853,1,1109,0,0,0,0,0,0,0,0.000192195921486,3.0526128316,0,0
244,1609059038.16,2,0,2096,2095,1,0,0,0,0,1,0,0,0,0,0,0,0,0.0748208795941,0.0748208795941,0.0748208795941,0.000580385802732,0.000580385802732,0.000580385802732,3.10573516421,3.10573516421,3.10573516421,0.000191503700529,0.000191503700529,0.000191503700529,0.000256611540459,0.000256611540459,0.000256611540459,0.0001190476924,0.0001190476924,0.0001190476924,1.32228693444e-05,1.32228693444e-05,1.32228693444e-05,11.3999996185,20,1,1,0,5,0,132,0,852,1,1106,0,0,0,0,0,0,0,0.000191503700529,3.10573516421,0,0
244,1609059038.16,3,0,2096,2095,1,0,0,0,0,1,0,0,0,0,0,0,0,0.075147782781,0.075147782781,0.075147782781,0.000580560715724,0.000580560715724,0.000580560715724,3.11883463604,3.11883463604,3.11883463604,0.000191677394107,0.000191677394107,0.000191677394107,0.000256612759872,0.000256612759872,0.000256612759872,0.0001190476924,0.0001190476924,0.0001190476924,1.32228693444e-05,1.32228693444e-05,1.32228693444e-05,11.3999996185,20,1,1,0,5,0,132,0,851,1,1107,0,0,0,0,0,0,0,0.000191677394107,3.11883463604,0,0
244,1609059038.16,4,1,0,0,0,0,0,0,0,0,0,0,0,0,0,0,0,1e+300,0,0,1e+300,0,0,1e+300,0,0,1e+300,0,0,1e+300,0,0,1e+300,0,0,1e+300,0,0,0,0,0,0,0,0,0,0,0,0,0,0,0,0,0,0,0,0,0,0,0,0,0
245,1609059038.26,1,0,2113,2112,1,0,0,0,0,1,0,0,0,0,0,0,0,0.0870597849723,0.0870597849723,0.0870597849723,0.00066739535251,0.00066739535251,0.00066739535251,3.36996973928,3.36996973928,3.36996973928,3.856640869e-05,3.856640869e-05,3.856640869e-05,0.000100668002082,0.000100668002082,0.000100668002082,0.000521716702049,0.000521716702049,0.000521716702049,6.44423968852e-06,6.44423968852e-06,6.44423968852e-06,16.2000007629,20,0,1,0,7,0,132,0,869,0,1104,1,0,0,0,0,0,0,0,0,3.856640869e-05,3.36996973928
245,1609059038.26,2,0,2113,2111,2,0,0,0,0,2,0,0,0,0,0,0,0,0.0871982369198,0.0962052717346,0.105212306549,0.000668558601307,0.0007600990201,0.000851639438893,3.37239132632,3.48883425081,3.6052771753,3.97090853841e-05,7.00538800604e-05,0.000100398674737,0.000100688574186,0.000194067756617,0.000287446939047,0.00045264274085,0.00048717972145,0.000521716702049,6.44423968852e-06,8.79766197385e-06,1.11510842592e-05,12.6000003815,20,0,1,0,7,0,132,1,871,0,1102,1,0,0,0,0,0.000100398674737,3.6052771753,0,0,3.97090853841e-05,3.37239132632
245,1609059038.26,3,0,2113,2111,2,0,0,0,0,2,0,0,0,0,0,0,0,0.0869922020986,0.0962579394857,0.105523676873,0.000668441615351,0.000759965702848,0.000851489790345,3.36471732672,3.49049093357,3.61626454042,3.95918158976e-05,6.9921130771e-05,0.000100250445644,0.000100688857716,0.000194067188654,0.000287445519592,0.00045264274085,0.00048717972145,0.000521716702049,6.44423968852e-06,8.79766197385e-06,1.11510842592e-05,12.6000003815,20,0,1,0,7,0,132,1,871,0,1102,1,0,0,0,0,0.000100250445644,3.61626454042,0,0,3.95918158976e-05,3.36471732672
246,1609059038.36,1,0,2095,2094,1,0,0,0,0,1,0,0,0,0,0,0,0,0.0722471232891,0.0722471232891,0.0722471232891,0.000577360525342,0.000577360525342,0.000577360525342,3.00674789404,3.00674789404,3.00674789404,0.000191379977445,0.000191379977445,0.000191379977445,0.000256604444266,0.000256604444266,0.000256604444266,0.000115558145247,0.000115558145247,0.000115558145247,1.38179583842e-05,1.38179583842e-05,1.38179583842e-05,11.3999996185,20,1,3,0,4,0,128,0,860,1,1100,0,0,0,0,0,0,0,0.000191379977445,3.00674789404,0,0
246,1609059038.36,2,0,2095,2095,0,0,0,0,0,0,0,0,1,0,1,0,0,1e+300,0,0,1e+300,0,0,1e+300,0,0,1e+300,0,0,1e+300,0,0,1e+300,0,0,1e+300,0,0,0,0,0,3,0,4,0,131,0,860,0,1097,0,0,0,0,0,0,0,0,0,0,0
246,1609059038.36,3,0,2095,2095,0,0,0,0,0,0,0,0,0,0,0,0,0,1e+300,0,0,1e+300,0,0,1e+300,0,0,1e+300,0,0,1e+300,0,0,1e+300,0,0,1e+300,0,0,0,0,0,3,0,4,0,131,0,861,0,1096,0,0,0,0,0,0,0,0,0,0,0
247,1609059038.46,1,0,2098,2096,2,0,0,0,0,2,0,0,0,0,0,0,0,0.0858963548165,0.100239002605,0.114581650394,0.000596211600034,0.000609719632461,0.000623227664889,3.51782736803,4.05380285206,4.58977833609,6.69330274661e-05,0.000137368534232,0.000207804040997,0.00025664294774,0.000311405000043,0.000366167052346,0.000117779598458,0.0001486640957,0.000179548592942,1.05789921354e-05,1.22820024864e-05,1.39850128375e-05,12.8999996185,20,1,0,0,3,0,119,0,866,1,1110,1,0,0,0,0,0,0,0.000207804040997,3.51782736803,6.69330274661e-05,4.58977833609
247,1609059038.46,2,0,2098,2096,2,0,0,0,0,2,0,0,0,0,0,0,0,0.0864803632678,0.100074694778,0.113669026288,0.0005933914575,0.000611359594753,0.000629327732006,3.55015128464,4.0406259439,4.53110060317,7.30294585761e-05,0.000139031724438,0.0002050339903,0.000256592855904,0.000311381772128,0.000366170688352,0.000117779598458,0.0001486640957,0.000179548592942,1.05789921354e-05,1.22820024864e-05,1.39850128375e-05,12.8999996185,20,1,0,0,3,0,118,0,869,1,1108,1,0,0,0,0,0,0,0.0002050339903,3.55015128464,7.30294585761e-05,4.53110060317
248,1609059038.57,1,0,2116,2114,2,0,0,0,0,2,0,0,0,0,0,0,0,0.0820361910537,0.0828565876737,0.0836769842937,0.000592511135,0.000609429567191,0.000626347999382,3.34347571124,3.35684389062,3.37021207,6.87266208013e-05,0.000136585663104,0.000204444705406,0.000256606639086,0.000311379124659,0.000366151610233,0.000117477014714,0.000149182545525,0.000180888076335,1.05816920136e-05,1.22822339038e-05,1.39827757939e-05,12.8999996185,20,2,1,0,8,0,133,0,862,1,1112,1,0,0,0,0,0,0,0.000204444705406,3.37021207,6.87266208013e-05,3.34347571124
248,1609059038.57,2,0,2116,2114,2,0,0,0,0,2,0,0,0,0,0,0,0,0.0809008717279,0.0817044159279,0.0825079601279,0.000590538563554,0.000607979160427,0.0006254197573,3.29921069685,3.31416389114,3.32911708542,6.77784483881e-05,0.000135123694985,0.000202468941581,0.000256609831464,0.000311390686014,0.000366171540564,0.000117477014714,0.000149182545525,0.000180888076335,1.05816920136e-05,1.22822339038e-05,1.39827757939e-05,12.8999996185,20,2,1,0,8,0,135,0,860,1,1112,1,0,0,0,0,0,0,0.000202468941581,3.32911708542,6.77784483881e-05,3.29921069685
249,1609059038.67,1,0,2121,2119,2,0,0,0,0,2,0,0,0,0,0,0,0,0.0759549208345,0.089935533561,0.103916146287,0.000592667703615,0.000630679836389,0.000668691969164,3.11996904056,3.56926230813,4.01855557571,3.34838353055e-05,0.000116017443537,0.000198551051768,0.00025663168796,0.0002902736156,0.00032391554324,0.000123665078974,0.000211848149608,0.000300031220241,1.12613703773e-05,1.25406276449e-05,1.38198849125e-05,15.0999994278,20,2,1,0,7,0,123,0,882,1,1108,1,0,0,0,0,0,0,0.000198551051768,3.11996904056,3.34838353055e-05,4.01855557571
249,1609059038.67,2,0,2121,2119,2,0,0,0,0,2,0,0,0,0,0,0,0,0.076207979566,0.0894631108245,0.102718242083,0.000594786345092,0.000631675207146,0.000668564069199,3.12478364544,3.54869741982,3.97261119419,3.32982121483e-05,0.000117011508282,0.000200724804417,0.000256576576789,0.000290274921611,0.000323973266432,0.000123665078974,0.000211848149608,0.000300031220241,1.12613703773e-05,1.25406276449e-05,1.38198849125e-05,15.0999994278,20,2,1,0,7,0,128,0,881,1,1104,1,0,0,0,0,0,0,0.000200724804417,3.12478364544,3.32982121483e-05,3.97261119419
249,1609059038.67,3,0,2121,2119,2,0,0,0,0,2,0,0,0,0,0,0,0,0.0763799403258,0.0898497818527,0.103319623379,0.000594776158468,0.000631688665507,0.000668601172546,3.13186143441,3.56381003844,3.99575864246,3.33379588175e-05,0.000117024079359,0.0002007101999,0.000256580994681,0.000290275808896,0.00032397062311,0.000123665078974,0.000211848149608,0.000300031220241,1.12613703773e-05,1.25406276449e-05,1.38198849125e-05,15.0999994278,20,2,1,0,7,0,128,0,880,1,1105,1,0,0,0,0,0,0,0.0002007101999,3.13186143441,3.33379588175e-05,3.99575864246
250,1609059038.77,1,0,2101,2100,1,0,0,0,0,1,0,0,0,0,0,0,0,0.0774301035754,0.0774301035754,0.0774301035754,0.000589020676422,0.000589020676422,0.000589020676422,3.19039583851,3.19039583851,3.19039583851,0.00020007670825,0.00020007670825,0.00020007670825,0.000256562120627,0.000256562120627,0.000256562120627,0.000118368234745,0.000118368234745,0.000118368234745,1.40136127996e-05,1.40136127996e-05,1.40136127996e-05,11.3999996185,20,1,1,0,6,0,125,0,847,1,1122,0,0,0,0,0,0,0,0.00020007670825,3.19039583851,0,0
250,1609059038.77,2,0,2101,2100,1,0,0,0,0,1,0,0,0,0,0,0,0,0.0771762881251,0.0771762881251,0.0771762881251,0.000591360842285,0.000591360842285,0.000591360842285,3.17363958878,3.17363958878,3.17363958878,0.00020243591032,0.00020243591032,0.00020243591032,0.00025654308442,0.00025654308442,0.00025654308442,0.000118368234745,0.000118368234745,0.000118368234745,1.40136127996e-05,1.40136127996e-05,1.40136127996e-05,11.3999996185,20,1,1,0,6,0,124,0,847,1,1123,0,0,0,0,0,0,0,0.00020243591032,3.17363958878,0,0
251,1609059038.88,1,0,2096,2095,1,0,0,0,0,1,0,0,0,0,0,0,0,0.0747818474341,0.0747818474341,0.0747818474341,0.000597273919059,0.000597273919059,0.000597273919059,3.05991536516,3.05991536516,3.05991536516,0.000204610524032,0.000204610524032,0.000204610524032,0.000256533624702,0.000256533624702,0.000256533624702,0.000121753326398,0.000121753326398,0.000121753326398,1.43764439277e-05,1.43764439277e-05,1.43764439277e-05,11.3999996185,20,1,0,0,8,0,132,0,847,1,1109,0,0,0,0,0,0,0,0.000204610524032,3.05991536516,0,0
251,1609059038.88,2,0,2095,2094,1,0,0,0,0,1,0,0,0,0,0,0,0,0.0739607160517,0.0739607160517,0.0739607160517,0.000596145536767,0.000596145536767,0.000596145536767,3.02917914885,3.02917914885,3.02917914885,0.000203415458282,0.000203415458282,0.000203415458282,0.00025660030816,0.00025660030816,0.00025660030816,0.000121753326398,0.000121753326398,0.000121753326398,1.43764439277e-05,1.43764439277e-05,1.43764439277e-05,11.3999996185,20,1,0,0,7,0,132,0,847,1,1109,0,0,0,0,0,0,0,0.000203415458282,3.02917914885,0,0
251,1609059038.88,3,0,2095,2094,1,0,0,0,0,1,0,0,0,0,0,0,0,0.0738307475873,0.0738307475873,0.0738307475873,0.000596048954207,0.000596048954207,0.000596048954207,3.02410106281,3.02410106281,3.02410106281,0.000203329096398,0.000203329096398,0.000203329096398,0.000256590087484,0.000256590087484,0.000256590087484,0.000121753326398,0.000121753326398,0.000121753326398,1.43764439277e-05,1.43764439277e-05,1.43764439277e-05,11.3999996185,20,1,0,0,7,0,131,0,850,1,1107,0,0,0,0,0,0,0,0.000203329096398,3.02410106281,0,0
252,1609059038.98,1,0,2096,2096,0,0,0,0,0,0,0,0,0,0,0,0,0,1e+300,0,0,1e+300,0,0,1e+300,0,0,1e+300,0,0,1e+300,0,0,1e+300,0,0,1e+300,0,0,0,0,0,1,0,2,0,130,0,845,0,1118,0,0,0,0,0,0,0,0,0,0,0
252,1609059038.98,2,0,2094,2094,0,0,0,0,0,0,0,0,0,0,0,0,0,1e+300,0,0,1e+300,0,0,1e+300,0,0,1e+300,0,0,1e+300,0,0,1e+300,0,0,1e+300,0,0,0,0,0,1,0,2,0,129,0,845,0,1117,0,0,0,0,0,0,0,0,0,0,0
253,1609059039.08,1,0,2108,2108,0,0,0,0,0,0,0,0,0,0,0,0,0,1e+300,0,0,1e+300,0,0,1e+300,0,0,1e+300,0,0,1e+300,0,0,1e+300,0,0,1e+300,0,0,0,0,0,2,0,7,0,119,0,864,0,1116,0,0,0,0,0,0,0,0,0,0,0
253,1609059039.08,2,0,2108,2108,0,0,0,0,0,0,0,0,0,0,0,0,0,1e+300,0,0,1e+300,0,0,1e+300,0,0,1e+300,0,0,1e+300,0,0,1e+300,0,0,1e+300,0,0,0,0,0,2,0,7,0,119,0,863,0,1117,0,0,0,0,0,0,0,0,0,0,0
254,1609059039.15,1,0,2097,2095,2,0,0,0,0,2,0,0,0,0,0,0,0,0.0736177613867,0.111566135125,0.149514508863,0.00055114468871,0.0015001778591,0.00244921102948,3.021135717,3.07847304991,3.13581038282,0.000198527913947,0.000469151021875,0.000739774129803,0.000256584228963,0.000315214264429,0.000373844299896,8.36580090153e-05,0.000704921843079,0.00132618567714,9.40692264114e-06,1.08907297132e-05,1.23745367852e-05,12.3999996185,20,2,1,0,3,0,125,0,858,2,1110,0,0,0,0,0,0,0,0.000469151021875,3.07847304991,0,0
254,1609059039.15,2,0,2097,2094,3,0,0,0,0,3,0,0,1,1,0,0,0,0.0727621747501,0.098445372415,0.149299716437,0.000546534696734,0.00119386784807,0.00245674546615,3.0121659942,3.05738007992,3.13431304942,7.4436438989e-05,0.000338540723827,0.000747317818796,0.000256634237238,0.000332216515307,0.000373835047569,8.36580090153e-05,0.000512857874779,0.00132618567714,8.97674303511e-06,1.02527341538e-05,1.23745367852e-05,13.0666662852,20,3,1,0,3,0,123,0,863,2,1107,1,0,0,0,0,0,0,0.000470592866245,3.07323952181,7.4436438989e-05,3.02566119614
254,1609059039.15,3,0,2097,2094,3,0,0,0,0,3,0,0,0,0,0,0,0,0.0727266532445,0.0983407867143,0.149394523556,0.000546384484247,0.00119160828331,0.00245195224301,3.01702336839,3.05493404937,3.11878472749,7.26020659839e-05,0.000336282765953,0.000742523653958,0.000256629360531,0.000332214908425,0.000373835989268,8.36580090153e-05,0.000512857874779,0.00132618567714,8.97674303511e-06,1.02527341538e-05,1.23745367852e-05,13.0666662852,20,3,1,0,3,0,123,0,864,2,1106,1,0,0,0,0,0,0,0.000468123115937,3.06790404794,7.26020659839e-05,3.02899405222
255,1609059039.26,1,0,2096,2096,0,0,0,0,0,0,0,0,0,0,0,0,0,1e+300,0,0,1e+300,0,0,1e+300,0,0,1e+300,0,0,1e+300,0,0,1e+300,0,0,1e+300,0,0,0,0,0,0,0,3,0,126,0,853,0,1114,0,0,0,0,0,0,0,0,0,0,0
255,1609059039.26,2,0,2095,2095,0,0,0,0,0,0,0,0,0,0,0,0,0,1e+300,0,0,1e+300,0,0,1e+300,0,0,1e+300,0,0,1e+300,0,0,1e+300,0,0,1e+300,0,0,0,0,0,0,0,2,0,128,0,852,0,1113,0,0,0,0,0,0,0,0,0,0,0
256,1609059039.36,1,0,2109,2107,2,0,0,0,0,2,0,0,0,0,0,0,0,0.0737859398327,0.0792121182867,0.0846382967406,0.00057682993477,0.000606851988922,0.000636874043074,3.07220165173,3.21301233326,3.3538230148,7.83080708064e-05,0.00013309278849,0.000187877506173,0.000256619002647,0.00031139242142,0.000366165840192,0.000118794289142,0.000150346930603,0.000181899572065,1.05005600106e-05,1.20198484091e-05,1.35391368075e-05,12.8999996185,20,2,1,0,8,0,119,0,855,1,1126,1,0,0,0,0,0,0,0.000187877506173,3.07220165173,7.83080708064e-05,3.3538230148
256,1609059039.36,2,0,2108,2106,2,0,0,0,0,2,0,0,0,0,0,0,0,0.0726492260191,0.0785947261437,0.0845402262683,0.000580436786032,0.000606107405902,0.000631778025773,3.01545969133,3.18944002131,3.36342035128,7.32089412253e-05,0.000132356047631,0.000191503154036,0.000256600206046,0.000311384579259,0.000366168952472,0.000118794289142,0.000150346930603,0.000181899572065,1.05005600106e-05,1.20198484091e-05,1.35391368075e-05,12.8999996185,20,2,1,0,8,0,120,0,852,1,1127,1,0,0,0,0,0,0,0.000191503154036,3.01545969133,7.32089412253e-05,3.36342035128
257,1609059039.46,1,0,2109,2106,3,0,0,0,0,3,0,0,0,0,0,0,0,0.0472182072127,0.0696733408678,0.0834653655255,0.000239404450859,0.000495949668251,0.000663647861759,3.05171086259,3.17701033225,3.23994359798,4.03659610329e-06,0.000106508176186,0.000195249045658,5.34165466952e-06,0.00020555243316,0.000354691000724,0.000119286627631,0.000174398916127,0.000226026836183,3.99936390239e-06,9.49014277746e-06,1.36363747607e-05,7.13333328565,15.3333333333,2,1,0,7,1,137,1,853,1,1111,0,0,0,4.03659610329e-06,3.05171086259,0.000120238886798,3.23994359798,0.000195249045658,3.2393765362,0,0
257,1609059039.46,2,0,2109,2107,2,0,0,0,0,2,0,0,1,0,1,0,0,0.0782195376648,0.0808612219971,0.0835029063293,0.000585663018812,0.000624302520687,0.000662942022562,3.23214878038,3.23763737151,3.24312596265,0.000119539090823,0.000157843743929,0.000196148397035,0.000256591619386,0.000305638288444,0.000354684957503,0.000119286627631,0.000148584956099,0.000177883284568,1.08346896693e-05,1.2235532215e-05,1.36363747607e-05,9.59999990463,20,2,1,0,7,0,136,1,855,1,1110,0,0,0,0,0,0.000119539090823,3.24312596265,0.000196148397035,3.23214878038,0,0
258,1609059039.57,1,0,2120,2120,0,0,0,0,0,0,0,0,0,0,0,0,0,1e+300,0,0,1e+300,0,0,1e+300,0,0,1e+300,0,0,1e+300,0,0,1e+300,0,0,1e+300,0,0,0,0,0,0,0,5,0,129,0,845,0,1141,0,0,0,0,0,0,0,0,0,0,0
258,1609059039.57,2,0,2120,2120,0,0,0,0,0,0,0,0,0,0,0,0,0,1e+300,0,0,1e+300,0,0,1e+300,0,0,1e+300,0,0,1e+300,0,0,1e+300,0,0,1e+300,0,0,0,0,0,0,0,5,0,127,0,844,0,1144,0,0,0,0,0,0,0,0,0,0,0
259,1609059039.65,1,0,2103,2102,1,0,0,0,0,1,0,0,0,0,0,0,0,0.0769188623649,0.0769188623649,0.0769188623649,0.000609360487327,0.000609360487327,0.000609360487327,3.11598750441,3.11598750441,3.11598750441,7.6682085313e-05,7.6682085313e-05,7.6682085313e-05,0.000366191539511,0.000366191539511,0.000366191539511,0.000156651171988,0.000156651171988,0.000156651171988,9.83569051452e-06,9.83569051452e-06,9.83569051452e-06,14.3999996185,20,1,0,0,4,0,122,0,843,0,1134,1,0,0,0,0,0,0,0,0,7.6682085313e-05,3.11598750441
259,1609059039.65,2,0,2102,2101,1,0,0,0,0,1,0,0,0,0,0,0,0,0.076340943761,0.076340943761,0.076340943761,0.000607571372736,0.000607571372736,0.000607571372736,3.09712599379,3.09712599379,3.09712599379,7.49011521026e-05,7.49011521026e-05,7.49011521026e-05,0.000366183358131,0.000366183358131,0.000366183358131,0.000156651171988,0.000156651171988,0.000156651171988,9.83569051452e-06,9.83569051452e-06,9.83569051452e-06,14.3999996185,20,1,0,0,4,0,123,0,840,0,1135,1,0,0,0,0,0,0,0,0,7.49011521026e-05,3.09712599379
260,1609059039.76,1,0,2118,2118,0,0,0,0,0,0,0,0,0,0,0,0,0,1e+300,0,0,1e+300,0,0,1e+300,0,0,1e+300,0,0,1e+300,0,0,1e+300,0,0,1e+300,0,0,0,0,0,1,0,5,0,122,0,856,0,1134,0,0,0,0,0,0,0,0,0,0,0
260,1609059039.76,2,0,2118,2118,0,0,0,0,0,0,0,0,0,0,0,0,0,1e+300,0,0,1e+300,0,0,1e+300,0,0,1e+300,0,0,1e+300,0,0,1e+300,0,0,1e+300,0,0,0,0,0,1,0,5,0,122,0,860,0,1130,0,0,0,0,0,0,0,0,0,0,0
261,1609059039.86,1,0,2115,2113,1,1,0,0,0,1,0,0,0,0,0,0,0,0.0855720425203,0.0855720425203,0.0855720425203,0.000594311446566,0.000594311446566,0.000594311446566,3.5101433333,3.5101433333,3.5101433333,0.000198398115931,0.000198398115931,0.000198398115931,0.000256626803961,0.000256626803961,0.000256626803961,0.000125367709673,0.000125367709673,0.000125367709673,1.39188170011e-05,1.39188170011e-05,1.39188170011e-05,11.3999996185,20,1,0,0,6,0,125,0,860,1,1124,0,0,0,0,0,0,0,0.000198398115931,3.5101433333,0,0
261,1609059039.86,2,0,2115,2113,1,1,0,0,0,1,0,0,0,0,0,0,0,0.0854065512555,0.0854065512555,0.0854065512555,0.000594416601653,0.000594416601653,0.000594416601653,3.50304503021,3.50304503021,3.50304503021,0.000198507560726,0.000198507560726,0.000198507560726,0.000256622514253,0.000256622514253,0.000256622514253,0.000125367709673,0.000125367709673,0.000125367709673,1.39188170011e-05,1.39188170011e-05,1.39188170011e-05,11.3999996185,20,1,0,0,6,0,124,0,862,1,1123,0,0,0,0,0,0,0,0.000198507560726,3.50304503021,0,0
262,1609059039.96,1,0,2098,2097,1,0,0,0,0,1,0,0,0,0,0,0,0,0.0825774744907,0.0825774744907,0.0825774744907,0.000591871547393,0.000591871547393,0.000591871547393,3.39428156199,3.39428156199,3.39428156199,0.000199088949825,0.000199088949825,0.000199088949825,0.000256629871377,0.000256629871377,0.000256629871377,0.000122444202431,0.000122444202431,0.000122444202431,1.37085237606e-05,1.37085237606e-05,1.37085237606e-05,11.3999996185,20,1,2,0,6,0,107,0,880,1,1103,0,0,0,0,0,0,0,0.000199088949825,3.39428156199,0,0
262,1609059039.96,2,0,2098,2097,1,0,0,0,0,1,0,0,0,0,0,0,0,0.0801751418286,0.0801751418286,0.0801751418286,0.000590939534879,0.000590939534879,0.000590939534879,3.2981333714,3.2981333714,3.2981333714,0.000198192925557,0.000198192925557,0.000198192925557,0.000256593883131,0.000256593883131,0.000256593883131,0.000122444202431,0.000122444202431,0.000122444202431,1.37085237606e-05,1.37085237606e-05,1.37085237606e-05,11.3999996185,20,1,2,0,6,0,105,0,882,1,1103,0,0,0,0,0,0,0,0.000198192925557,3.2981333714,0,0
263,1609059040.06,1,0,2096,2095,1,0,0,0,0,1,0,0,0,0,0,0,0,0.0877444008865,0.0877444008865,0.0877444008865,0.000664723691789,0.000664723691789,0.000664723691789,3.40328903114,3.40328903114,3.40328903114,0.000206508859618,0.000206508859618,0.000206508859618,0.000256608111168,0.000256608111168,0.000256608111168,0.00018768576261,0.00018768576261,0.00018768576261,1.3920958393e-05,1.3920958393e-05,1.3920958393e-05,11.3999996185,20,1,1,0,8,0,115,0,854,1,1118,0,0,0,0,0,0,0,0.000206508859618,3.40328903114,0,0
263,1609059040.06,2,0,2096,2095,1,0,0,0,0,1,0,0,0,0,0,0,0,0.0870480269043,0.0870480269043,0.0870480269043,0.000663761269596,0.000663761269596,0.000663761269596,3.37872602978,3.37872602978,3.37872602978,0.000205547947438,0.000205547947438,0.000205547947438,0.000256606601156,0.000256606601156,0.000256606601156,0.00018768576261,0.00018768576261,0.00018768576261,1.3920958393e-05,1.3920958393e-05,1.3920958393e-05,11.3999996185,20,1,1,0,8,0,115,0,852,1,1120,0,0,0,0,0,0,0,0.000205547947438,3.37872602978,0,0
264,1609059040.17,1,0,2096,2094,2,0,0,0,0,2,0,0,0,0,0,0,0,0.0783929523928,0.0900923911741,0.101791829955,0.000664774877052,0.00087673639248,0.00108869790791,3.04046299276,3.06274591431,3.08502883586,7.69440581712e-05,9.38659022282e-05,0.000110787746285,0.000111732626358,0.000233217434852,0.000354702243346,0.000187552388372,0.000538472104524,0.000889391820675,1.06294027026e-05,1.11809508757e-05,1.17324990488e-05,8.5,20,2,1,0,4,0,116,1,838,1,1137,0,0,0,0,0,0.000110787746285,3.04046299276,7.69440581712e-05,3.08502883586,0,0
264,1609059040.17,2,0,2096,2095,1,0,0,0,0,1,0,0,1,0,1,0,0,0.102283828157,0.102283828157,0.102283828157,0.00108937483038,0.00108937483038,0.00108937483038,3.09897666101,3.09897666101,3.09897666101,7.75979236288e-05,7.75979236288e-05,7.75979236288e-05,0.000111755683373,0.000111755683373,0.000111755683373,0.000889391820675,0.000889391820675,0.000889391820675,1.06294027026e-05,1.06294027026e-05,1.06294027026e-05,9.19999980927,20,1,1,0,3,0,117,0,849,1,1126,0,0,0,0,0,0,0,7.75979236288e-05,3.09897666101,0,0
265,1609059040.28,1,0,2119,2118,1,0,0,0,0,1,0,0,0,0,0,0,0,0.121427804562,0.121427804562,0.121427804562,0.000802248343897,0.000802248343897,0.000802248343897,4.28710112977,4.28710112977,4.28710112977,0.00043143953818,0.00043143953818,0.00043143953818,0.000249528557665,0.000249528557665,0.000249528557665,0.000106225368046,0.000106225368046,0.000106225368046,1.50548800067e-05,1.50548800067e-05,1.50548800067e-05,11.3999996185,20,1,3,0,7,0,116,0,860,1,1133,0,0,0,0,0,0,0,0.00043143953818,4.28710112977,0,0
265,1609059040.28,2,0,2119,2118,1,0,0,0,0,1,0,0,0,0,0,0,0,0.121462150614,0.121462150614,0.121462150614,0.000815505257637,0.000815505257637,0.000815505257637,4.25331535382,4.25331535382,4.25331535382,0.000444674809833,0.000444674809833,0.000444674809833,0.000249550199752,0.000249550199752,0.000249550199752,0.000106225368046,0.000106225368046,0.000106225368046,1.50548800067e-05,1.50548800067e-05,1.50548800067e-05,11.3999996185,20,1,3,0,7,0,117,0,862,1,1130,0,0,0,0,0,0,0,0.000444674809833,4.25331535382,0,0
266,1609059040.38,1,0,2113,2113,0,0,0,0,0,0,0,0,0,0,0,0,0,1e+300,0,0,1e+300,0,0,1e+300,0,0,1e+300,0,0,1e+300,0,0,1e+300,0,0,1e+300,0,0,0,0,0,4,0,4,0,118,0,857,0,1130,0,0,0,0,0,0,0,0,0,0,0
266,1609059040.38,2,0,2113,2113,0,0,0,0,0,0,0,0,0,0,0,0,0,1e+300,0,0,1e+300,0,0,1e+300,0,0,1e+300,0,0,1e+300,0,0,1e+300,0,0,1e+300,0,0,0,0,0,4,0,4,0,118,0,858,0,1129,0,0,0,0,0,0,0,0,0,0,0
267,1609059040.48,1,0,2098,2097,1,0,0,0,0,1,0,0,0,0,0,0,0,0.123687252715,0.123687252715,0.123687252715,0.000816339997956,0.000816339997956,0.000816339997956,4.32901813619,4.32901813619,4.32901813619,0.000446708717546,0.000446708717546,0.000446708717546,0.000249613203418,0.000249613203418,0.000249613203418,0.000105664784493,0.000105664784493,0.000105664784493,1.43532924984e-05,1.43532924984e-05,1.43532924984e-05,11.3999996185,20,1,0,0,5,0,120,0,851,1,1122,0,0,0,0,0,0,0,0.000446708717546,4.32901813619,0,0
267,1609059040.48,2,0,2097,2096,1,0,0,0,0,1,0,0,0,0,0,0,0,0.124858326382,0.124858326382,0.124858326382,0.000808718639505,0.000808718639505,0.000808718639505,4.3905485394,4.3905485394,4.3905485394,0.000439119441355,0.000439119441355,0.000439119441355,0.000249581121158,0.000249581121158,0.000249581121158,0.000105664784493,0.000105664784493,0.000105664784493,1.43532924984e-05,1.43532924984e-05,1.43532924984e-05,11.3999996185,20,1,0,0,5,0,121,0,851,1,1120,0,0,0,0,0,0,0,0.000439119441355,4.3905485394,0,0
268,1609059040.55,1,0,2101,2101,0,0,0,0,0,0,0,0,0,0,0,0,0,1e+300,0,0,1e+300,0,0,1e+300,0,0,1e+300,0,0,1e+300,0,0,1e+300,0,0,1e+300,0,0,0,0,0,3,0,3,0,117,0,844,0,1134,0,0,0,0,0,0,0,0,0,0,0
268,1609059040.55,2,0,2101,2101,0,0,0,0,0,0,0,0,0,0,0,0,0,1e+300,0,0,1e+300,0,0,1e+300,0,0,1e+300,0,0,1e+300,0,0,1e+300,0,0,1e+300,0,0,0,0,0,3,0,3,0,117,0,847,0,1131,0,0,0,0,0,0,0,0,0,0,0
269,1609059040.65,1,0,2098,2097,1,0,0,0,0,1,0,0,0,0,0,0,0,0.14715596707,0.14715596707,0.14715596707,0.000857210884816,0.000857210884816,0.000857210884816,5.02613371779,5.02613371779,5.02613371779,0.000346423073782,0.000346423073782,0.000346423073782,0.000214046983955,0.000214046983955,0.000214046983955,0.000283381705806,0.000283381705806,0.000283381705806,1.33591212723e-05,1.33591212723e-05,1.33591212723e-05,10.8000001907,20,0,2,0,4,0,126,0,846,1,1120,0,0,0,0,0,0,0,0.000346423073782,5.02613371779,0,0
269,1609059040.65,2,0,2098,2097,1,0,0,0,0,1,0,0,0,0,0,0,0,0.119505625957,0.119505625957,0.119505625957,0.00085548060165,0.00085548060165,0.00085548060165,4.08585798904,4.08585798904,4.08585798904,0.000440952812489,0.000440952812489,0.000440952812489,0.000249619491297,0.000249619491297,0.000249619491297,0.000152365655172,0.000152365655172,0.000152365655172,1.25426426919e-05,1.25426426919e-05,1.25426426919e-05,11.3999996185,20,1,2,0,4,0,124,0,848,1,1120,0,0,0,0,0,0,0,0.000440952812489,4.08585798904,0,0
270,1609059040.76,1,0,2109,2107,2,0,0,0,0,2,0,0,0,0,0,0,0,0.091333572992,0.0918147831184,0.0922959932448,0.000645354196555,0.0007544074147,0.000863460632845,3.10820157913,3.37067767126,3.63315376339,4.42873850284e-05,0.000174330724188,0.000304374063348,0.000100652262248,0.000155249176955,0.000209846091662,0.000338445555227,0.000416263649682,0.000494081744137,6.33280514118e-06,8.56386387455e-06,1.07949226079e-05,15.9000005722,20,1,1,0,5,0,125,0,851,0,1127,2,0,0,0,0,0,0,0,0,0.000174330724188,3.37067767126
270,1609059040.76,2,0,2108,2106,2,0,0,0,0,2,0,0,0,0,0,0,0,0.0892691719178,0.090836127407,0.0924030828963,0.000646887393522,0.000754093080342,0.000861298767163,3.0417575408,3.33740687525,3.63305620971,4.58026953573e-05,0.000174014100713,0.000302225506068,0.000100670148886,0.000155251466073,0.000209832783259,0.000338445555227,0.000416263649682,0.000494081744137,6.33280514118e-06,8.56386387455e-06,1.07949226079e-05,15.9000005722,20,1,1,0,5,0,126,0,854,0,1122,2,0,0,0,0,0,0,0,0,0.000174014100713,3.33740687525
271,1609059040.86,1,0,2092,2090,2,0,0,0,0,2,0,0,0,0,0,0,0,0.0911449320131,0.107228451911,0.123311971809,0.000466944836116,0.000633457517248,0.00079997019838,4.21793358236,4.28887568126,4.35981778016,2.33987458631e-05,0.000228356471089,0.000433314196315,0.000156401900898,0.000203006585085,0.000249611269272,0.00010305082907,0.000189492501126,0.000275934173182,1.12100161726e-05,1.26019599474e-05,1.39939037222e-05,12,20,1,1,0,6,0,121,0,841,2,1123,0,0,0,0,0,0,0,0.000228356471089,4.28887568126,0,0
271,1609059040.86,2,0,2092,2090,2,0,0,0,0,2,0,0,0,0,0,0,0,0.0866300316268,0.102490552591,0.118351073556,0.000471611864031,0.000629185044947,0.000786758225863,3.98911091726,4.10425962193,4.2194083266,2.80506089847e-05,0.000224076406821,0.000420102204658,0.000156417065691,0.000203014177052,0.000249611288412,0.00010305082907,0.000189492501126,0.000275934173182,1.12100161726e-05,1.26019599474e-05,1.39939037222e-05,12,20,2,1,0,6,0,120,0,845,2,1120,0,0,0,0,0,0,0,0.000224076406821,4.10425962193,0,0
271,1609059040.86,3,0,2092,2090,2,0,0,0,0,2,0,0,0,0,0,0,0,0.0866798006314,0.102531275761,0.118382750891,0.000471060449477,0.000630608591589,0.000790156733702,3.99373811126,4.1025948114,4.21145151155,2.74981702043e-05,0.000225498787207,0.00042349940421,0.000156418089918,0.000203015343309,0.0002496125967,0.00010305082907,0.000189492501126,0.000275934173182,1.12100161726e-05,1.26019599474e-05,1.39939037222e-05,12,20,2,1,0,6,0,120,0,845,2,1120,0,0,0,0,0,0,0,0.000225498787207,4.1025948114,0,0
272,1609059040.96,1,0,2099,2098,1,0,0,0,0,1,0,0,0,0,0,0,0,0.0861181341703,0.0861181341703,0.0861181341703,0.000715921793248,0.000715921793248,0.000715921793248,3.21856156227,3.21856156227,3.21856156227,3.83752148685e-05,3.83752148685e-05,3.83752148685e-05,0.000100741186597,0.000100741186597,0.000100741186597,0.000570233413228,0.000570233413228,0.000570233413228,6.57197855417e-06,6.57197855417e-06,6.57197855417e-06,16.2000007629,20,1,1,0,6,0,124,0,827,0,1141,1,0,0,0,0,0,0,0,0,3.83752148685e-05,3.21856156227
272,1609059040.96,2,0,2099,2098,1,0,0,0,0,1,0,0,0,0,0,0,0,0.0857420070395,0.0857420070395,0.0857420070395,0.000715810297655,0.000715810297655,0.000715810297655,3.20475382295,3.20475382295,3.20475382295,3.82949150195e-05,3.82949150195e-05,3.82949150195e-05,0.000100709990853,0.000100709990853,0.000100709990853,0.000570233413228,0.000570233413228,0.000570233413228,6.57197855417e-06,6.57197855417e-06,6.57197855417e-06,16.2000007629,20,1,1,0,6,0,126,0,829,0,1137,1,0,0,0,0,0,0,0,0,3.82949150195e-05,3.20475382295
273,1609059041.07,1,0,2115,2113,1,0,1,0,0,2,0,0,0,0,0,0,0,0.126006297543,0.126006297543,0.126006297543,0.000767141083232,0.000767141083232,0.000767141083232,4.54940530926,4.54940530926,4.54940530926,0.000378947731244,0.000378947731244,0.000378947731244,0.000249617239738,0.000249617239738,0.000249617239738,0.000124323521597,0.000124323521597,0.000124323521597,1.42525906535e-05,1.42525906535e-05,1.42525906535e-05,11.3999996185,20,1,1,0,5,0,121,0,857,1,1131,0,0,0,0,0,0,0,0.000378947731244,4.54940530926,0,0
273,1609059041.07,2,0,2114,2112,1,0,1,0,0,2,0,0,0,0,0,0,0,0.125478944581,0.125478944581,0.125478944581,0.000765083409749,0.000765083409749,0.000765083409749,4.53645351241,4.53645351241,4.53645351241,0.000376948050568,0.000376948050568,0.000376948050568,0.000249559246931,0.000249559246931,0.000249559246931,0.000124323521597,0.000124323521597,0.000124323521597,1.42525906535e-05,1.42525906535e-05,1.42525906535e-05,11.3999996185,20,1,1,0,4,0,121,0,860,1,1128,0,0,0,0,0,0,0,0.000376948050568,4.53645351241,0,0
274,1609059041.17,1,0,2095,2094,1,0,0,0,0,1,0,0,0,0,0,0,0,0.122373375278,0.122373375278,0.122373375278,0.000752608798235,0.000752608798235,0.000752608798235,4.46069257525,4.46069257525,4.46069257525,0.000380066114158,0.000380066114158,0.000380066114158,0.000249545145918,0.000249545145918,0.000249545145918,0.000109003493753,0.000109003493753,0.000109003493753,1.39940444053e-05,1.39940444053e-05,1.39940444053e-05,11.3999996185,20,1,1,0,7,0,116,0,841,1,1130,0,0,0,0,0,0,0,0.000380066114158,4.46069257525,0,0
274,1609059041.17,2,0,2095,2094,1,0,0,0,0,1,0,0,0,0,0,0,0,0.122421772262,0.122421772262,0.122421772262,0.000759523227303,0.000759523227303,0.000759523227303,4.44209796842,4.44209796842,4.44209796842,0.000386966789912,0.000386966789912,0.000386966789912,0.000249558899232,0.000249558899232,0.000249558899232,0.000109003493753,0.000109003493753,0.000109003493753,1.39940444053e-05,1.39940444053e-05,1.39940444053e-05,11.3999996185,20,1,1,0,7,0,116,0,840,1,1131,0,0,0,0,0,0,0,0.000386966789912,4.44209796842,0,0
275,1609059041.27,1,0,2101,2100,1,0,0,0,0,1,0,0,0,0,0,0,0,0.114603703328,0.114603703328,0.114603703328,0.000775783692088,0.000775783692088,0.000775783692088,4.11460669837,4.11460669837,4.11460669837,0.000406898089323,0.000406898089323,0.000406898089323,0.000249568365734,0.000249568365734,0.000249568365734,0.00010543329741,0.00010543329741,0.00010543329741,1.3883939621e-05,1.3883939621e-05,1.3883939621e-05,11.3999996185,20,1,0,0,6,0,125,0,842,1,1128,0,0,0,0,0,0,0,0.000406898089323,4.11460669837,0,0
275,1609059041.27,2,0,2101,2100,1,0,0,0,0,1,0,0,0,0,0,0,0,0.116055435459,0.116055435459,0.116055435459,0.00079747534123,0.00079747534123,0.00079747534123,4.10966908962,4.10966908962,4.10966908962,0.000428596657186,0.000428596657186,0.000428596657186,0.000249561447014,0.000249561447014,0.000249561447014,0.00010543329741,0.00010543329741,0.00010543329741,1.3883939621e-05,1.3883939621e-05,1.3883939621e-05,11.3999996185,20,1,0,0,6,0,124,0,842,1,1129,0,0,0,0,0,0,0,0.000428596657186,4.10966908962,0,0
275,1609059041.27,3,0,2101,2100,1,0,0,0,0,1,0,0,0,0,0,0,0,0.115744751254,0.115744751254,0.115744751254,0.00079808062514,0.00079808062514,0.00079808062514,4.09711281105,4.09711281105,4.09711281105,0.000429204254163,0.000429204254163,0.000429204254163,0.000249559133947,0.000249559133947,0.000249559133947,0.00010543329741,0.00010543329741,0.00010543329741,1.3883939621e-05,1.3883939621e-05,1.3883939621e-05,11.3999996185,20,1,0,0,6,0,124,0,841,1,1130,0,0,0,0,0,0,0,0.000429204254163,4.09711281105,0,0
276,1609059041.38,1,0,2108,2107,1,0,0,0,0,1,0,0,0,0,0,0,0,0.141555353639,0.141555353639,0.141555353639,0.000805585266561,0.000805585266561,0.000805585266561,4.98735797766,4.98735797766,4.98735797766,0.00035774989761,0.00035774989761,0.00035774989761,0.000213983045362,0.000213983045362,0.000213983045362,0.000218827259485,0.000218827259485,0.000218827259485,1.50250641029e-05,1.50250641029e-05,1.50250641029e-05,10.8000001907,20,0,2,0,5,0,121,0,843,1,1137,0,0,0,0,0,0,0,0.00035774989761,4.98735797766,0,0
276,1609059041.38,2,0,2108,2107,1,0,0,0,0,1,0,0,0,0,0,0,0,0.142449669876,0.142449669876,0.142449669876,0.000802098602582,0.000802098602582,0.000802098602582,5.0297635265,5.0297635265,5.0297635265,0.000354270353154,0.000354270353154,0.000354270353154,0.00021397592584,0.00021397592584,0.00021397592584,0.000218827259485,0.000218827259485,0.000218827259485,1.50250641029e-05,1.50250641029e-05,1.50250641029e-05,10.8000001907,20,0,2,0,5,0,119,0,846,1,1136,0,0,0,0,0,0,0,0.000354270353154,5.0297635265,0,0
277,1609059041.48,1,0,2123,2121,2,0,0,0,0,2,0,0,0,0,0,0,0,0.106625702848,0.121966533685,0.137307364523,0.000831874597204,0.00102696165106,0.00122204870492,3.05012508036,3.90538012192,4.76063516347,7.85625659583e-05,0.000219311537483,0.000360060509008,0.000111724684552,0.000162843261318,0.000213961838084,0.000242641674375,0.000631987127754,0.00102133258113,1.04288732809e-05,1.28197245094e-05,1.52105757379e-05,10,20,1,1,0,4,0,121,0,850,2,1147,0,0,0,0,0,0,0,0.000219311537483,3.90538012192,0,0
277,1609059041.48,2,0,2123,2121,2,0,0,0,0,2,0,0,0,0,0,0,0,0.107026297663,0.122803885281,0.1385814729,0.000827535912224,0.00102486514523,0.00122219437824,3.06140199837,3.93939567317,4.81738934797,7.86873896548e-05,0.000217189925944,0.000355692462234,0.000111745534175,0.000162868367026,0.000213991199878,0.000242641674375,0.000631987127754,0.00102133258113,1.04288732809e-05,1.28197245094e-05,1.52105757379e-05,10,20,1,1,0,4,0,121,0,848,2,1149,0,0,0,0,0,0,0,0.000217189925944,3.93939567317,0,0
278,1609059041.58,1,0,2106,2105,1,0,0,0,0,1,0,0,0,0,0,0,0,0.145347520631,0.145347520631,0.145347520631,0.00078832811742,0.00078832811742,0.00078832811742,5.17671337343,5.17671337343,5.17671337343,0.000354446098761,0.000354446098761,0.000354446098761,0.000213992353057,0.000213992353057,0.000213992353057,0.000204350157704,0.000204350157704,0.000204350157704,1.55395078981e-05,1.55395078981e-05,1.55395078981e-05,10.8000001907,20,0,1,0,5,0,123,0,846,1,1131,0,0,0,0,0,0,0,0.000354446098761,5.17671337343,0,0
278,1609059041.58,2,0,2105,2104,1,0,0,0,0,1,0,0,0,0,0,0,0,0.144443648924,0.144443648924,0.144443648924,0.000785731915249,0.000785731915249,0.000785731915249,5.15301318937,5.15301318937,5.15301318937,0.000351841588966,0.000351841588966,0.000351841588966,0.000214000660681,0.000214000660681,0.000214000660681,0.000204350157704,0.000204350157704,0.000204350157704,1.55395078981e-05,1.55395078981e-05,1.55395078981e-05,10.8000001907,20,0,1,0,5,0,123,0,847,1,1129,0,0,0,0,0,0,0,0.000351841588966,5.15301318937,0,0
279,1609059041.65,1,0,2113,2110,3,0,0,0,0,3,0,0,0,0,0,0,0,0.0832332910094,0.122290409308,0.151421349147,0.000389948211435,0.000976252643415,0.0018182716516,3.55105768713,4.23053341208,4.92558116207,2.61013757316e-05,0.00021858751574,0.000385552612207,0.000156394388994,0.000229433947477,0.000282316782845,7.32332373288e-05,0.000515600852382,0.00127575825672,9.64138360909e-06,1.26303278158e-05,1.60880527592e-05,13.3333333333,20,2,1,0,7,0,132,0,850,2,1123,1,0,0,0,0,0,0,0.000205826993969,4.57027127455,0.000244108559281,3.55105768713
279,1609059041.65,2,0,2112,2109,3,0,0,0,0,3,0,0,0,0,0,0,0,0.0827814958765,0.120897682319,0.148564873386,0.000393675575795,0.000972601778894,0.00182007911726,3.48233865576,4.20155478869,4.950136129,2.98090428661e-05,0.000214909189456,0.000369043571013,0.00015641408622,0.000229461409239,0.000282357853296,7.32332373288e-05,0.000515600852382,0.00127575825672,9.64138360909e-06,1.26303278158e-05,1.60880527592e-05,13.3333333333,20,3,1,0,7,0,133,0,850,2,1121,1,0,0,0,0,0,0,0.00019942630694,4.56116285515,0.00024587495449,3.48233865576
280,1609059041.75,1,0,2109,2108,1,0,0,0,0,1,0,0,0,0,0,0,0,0.115287438191,0.115287438191,0.115287438191,0.000788616959836,0.000788616959836,0.000788616959836,4.1053381255,4.1053381255,4.1053381255,0.000417777846031,0.000417777846031,0.000417777846031,0.000249599652467,0.000249599652467,0.000249599652467,0.000108255686441,0.000108255686441,0.000108255686441,1.29837748973e-05,1.29837748973e-05,1.29837748973e-05,11.3999996185,20,1,1,0,5,0,115,0,849,1,1139,0,0,0,0,0,0,0,0.000417777846031,4.1053381255,0,0
280,1609059041.75,2,0,2108,2107,1,0,0,0,0,1,0,0,0,0,0,0,0,0.116477987848,0.116477987848,0.116477987848,0.000786198822001,0.000786198822001,0.000786198822001,4.15410687079,4.15410687079,4.15410687079,0.000415330717078,0.000415330717078,0.000415330717078,0.000249628643584,0.000249628643584,0.000249628643584,0.000108255686441,0.000108255686441,0.000108255686441,1.29837748973e-05,1.29837748973e-05,1.29837748973e-05,11.3999996185,20,1,1,0,5,0,115,0,850,1,1137,0,0,0,0,0,0,0,0.000415330717078,4.15410687079,0,0
281,1609059041.86,1,0,2107,2105,2,0,0,0,0,2,0,0,0,0,0,0,0,0.09148026285,0.106914874709,0.122349486567,0.000764689963662,0.000771065031182,0.000777440098702,3.28090711512,3.85267939553,4.42445167595,9.68454069063e-05,0.000244115440786,0.000391385474665,6.39270335548e-05,0.000156785672752,0.00024964431195,0.000109690137935,0.000360145050639,0.000610599963343,6.06769489736e-06,1.00188670045e-05,1.39700391117e-05,10.0999999046,20,2,3,0,4,0,122,1,846,1,1132,0,0,0,0,0,9.68454069063e-05,3.28090711512,0.000391385474665,4.42445167595,0,0
281,1609059041.86,2,0,2106,2104,2,0,0,0,0,2,0,0,0,0,0,0,0,0.0901515579526,0.105837020223,0.121522482494,0.000771246151945,0.000773925053016,0.000776603954086,3.23499368826,3.8054102639,4.37582683955,9.59860481339e-05,0.000246981126812,0.000397976205489,6.39502477119e-05,0.00015678000856,0.000249609769408,0.000109690137935,0.000360145050639,0.000610599963343,6.06769489736e-06,1.00188670045e-05,1.39700391117e-05,10.0999999046,20,2,3,0,4,0,123,1,839,1,1137,0,0,0,0,0,9.59860481339e-05,3.23499368826,0.000397976205489,4.37582683955,0,0
282,1609059041.96,1,0,2108,2107,1,0,0,0,0,1,0,0,0,0,0,0,0,0.115501987134,0.115501987134,0.115501987134,0.000796457211205,0.000796457211205,0.000796457211205,4.09268416964,4.09268416964,4.09268416964,0.000423658013569,0.000423658013569,0.000423658013569,0.000249619052252,0.000249619052252,0.000249619052252,0.000108980059835,0.000108980059835,0.000108980059835,1.4200085549e-05,1.4200085549e-05,1.4200085549e-05,11.3999996185,20,1,2,0,4,0,121,0,819,1,1162,0,0,0,0,0,0,0,0.000423658013569,4.09268416964,0,0
282,1609059041.96,2,0,2108,2107,1,0,0,0,0,1,0,0,0,0,0,0,0,0.117479378058,0.117479378058,0.117479378058,0.000798731030958,0.000798731030958,0.000798731030958,4.15682135062,4.15682135062,4.15682135062,0.000425953845858,0.000425953845858,0.000425953845858,0.000249597039717,0.000249597039717,0.000249597039717,0.000108980059835,0.000108980059835,0.000108980059835,1.4200085549e-05,1.4200085549e-05,1.4200085549e-05,11.3999996185,20,1,2,0,4,0,119,0,819,1,1164,0,0,0,0,0,0,0,0.000425953845858,4.15682135062,0,0
282,1609059041.96,3,0,2108,2107,1,0,0,0,0,1,0,0,0,0,0,0,0,0.117658171772,0.117658171772,0.117658171772,0.00080096055564,0.00080096055564,0.00080096055564,4.15734945143,4.15734945143,4.15734945143,0.00042818067531,0.00042818067531,0.00042818067531,0.000249599734947,0.000249599734947,0.000249599734947,0.000108980059835,0.000108980059835,0.000108980059835,1.4200085549e-05,1.4200085549e-05,1.4200085549e-05,11.3999996185,20,1,2,0,4,0,119,0,819,1,1164,0,0,0,0,0,0,0,0.00042818067531,4.15734945143,0,0
283,1609059042.06,1,0,2108,2107,1,0,0,0,0,1,0,0,0,0,0,0,0,0.128729380551,0.128729380551,0.128729380551,0.000765835016325,0.000765835016325,0.000765835016325,4.65168255568,4.65168255568,4.65168255568,0.000395908590641,0.000395908590641,0.000395908590641,0.000249594992141,0.000249594992141,0.000249594992141,0.000106743233834,0.000106743233834,0.000106743233834,1.35881997077e-05,1.35881997077e-05,1.35881997077e-05,11.3999996185,20,1,1,0,6,0,125,0,844,1,1132,0,0,0,0,0,0,0,0.000395908590641,4.65168255568,0,0
283,1609059042.06,2,0,2108,2107,1,0,0,0,0,1,0,0,0,0,0,0,0,0.127798673661,0.127798673661,0.127798673661,0.000765081395847,0.000765081395847,0.000765081395847,4.62032500335,4.62032500335,4.62032500335,0.000395192393308,0.000395192393308,0.000395192393308,0.000249557568998,0.000249557568998,0.000249557568998,0.000106743233834,0.000106743233834,0.000106743233834,1.35881997077e-05,1.35881997077e-05,1.35881997077e-05,11.3999996185,20,1,1,0,7,0,121,0,845,1,1134,0,0,0,0,0,0,0,0.000395192393308,4.62032500335,0,0
284,1609059042.17,1,0,2127,2125,1,0,1,0,0,2,0,0,0,0,0,0,0,0.124885840578,0.124885840578,0.124885840578,0.000776511789117,0.000776511789117,0.000776511789117,4.48166277281,4.48166277281,4.48166277281,0.000407241688868,0.000407241688868,0.000407241688868,0.000249569400466,0.000249569400466,0.000249569400466,0.000106245188606,0.000106245188606,0.000106245188606,1.34555111773e-05,1.34555111773e-05,1.34555111773e-05,11.3999996185,20,1,4,0,5,0,117,0,849,1,1152,0,0,0,0,0,0,0,0.000407241688868,4.48166277281,0,0
284,1609059042.17,2,0,2127,2125,1,0,1,0,0,2,0,0,0,0,0,0,0,0.124493800963,0.124493800963,0.124493800963,0.00078377916965,0.00078377916965,0.00078377916965,4.44683349418,4.44683349418,4.44683349418,0.000414510503474,0.000414510503474,0.000414510503474,0.000249567966393,0.000249567966393,0.000249567966393,0.000106245188606,0.000106245188606,0.000106245188606,1.34555111773e-05,1.34555111773e-05,1.34555111773e-05,11.3999996185,20,1,4,0,4,0,118,0,848,1,1153,0,0,0,0,0,0,0,0.000414510503474,4.44683349418,0,0
285,1609059042.27,1,0,2109,2108,1,0,0,0,0,1,0,0,0,0,0,0,0,0.140701123785,0.140701123785,0.140701123785,0.000815752233693,0.000815752233693,0.000815752233693,4.92627248751,4.92627248751,4.92627248751,0.000352566759923,0.000352566759923,0.000352566759923,0.000213975286864,0.000213975286864,0.000213975286864,0.000234627504684,0.000234627504684,0.000234627504684,1.4582682222e-05,1.4582682222e-05,1.4582682222e-05,10.8000001907,20,0,4,0,6,0,116,0,845,1,1138,0,0,0,0,0,0,0,0.000352566759923,4.92627248751,0,0
285,1609059042.27,2,0,2109,2108,1,0,0,0,0,1,0,0,0,0,0,0,0,0.140334033214,0.140334033214,0.140334033214,0.000816752892014,0.000816752892014,0.000816752892014,4.91040899447,4.91040899447,4.91040899447,0.000353579691574,0.000353579691574,0.000353579691574,0.000213963013535,0.000213963013535,0.000213963013535,0.000234627504684,0.000234627504684,0.000234627504684,1.4582682222e-05,1.4582682222e-05,1.4582682222e-05,10.8000001907,20,0,4,0,6,0,116,0,848,1,1135,0,0,0,0,0,0,0,0.000353579691574,4.91040899447,0,0
286,1609059042.37,1,0,2114,2112,1,1,0,0,0,1,0,0,0,0,0,0,0,0.141264778497,0.141264778497,0.141264778497,0.000781977696962,0.000781977696962,0.000781977696962,5.05169020459,5.05169020459,5.05169020459,0.000355338574606,0.000355338574606,0.000355338574606,0.000213965082229,0.000213965082229,0.000213965082229,0.000197859587676,0.000197859587676,0.000197859587676,1.48144524497e-05,1.48144524497e-05,1.48144524497e-05,10.8000001907,20,0,3,0,7,0,120,0,838,1,1146,0,0,0,0,0,0,0,0.000355338574606,5.05169020459,0,0
286,1609059042.37,2,0,2114,2112,1,1,0,0,0,1,0,0,0,0,0,0,0,0.139974530181,0.139974530181,0.139974530181,0.000781580548108,0.000781580548108,0.000781580548108,5.00682194853,5.00682194853,5.00682194853,0.000354897771127,0.000354897771127,0.000354897771127,0.000214008736855,0.000214008736855,0.000214008736855,0.000197859587676,0.000197859587676,0.000197859587676,1.48144524497e-05,1.48144524497e-05,1.48144524497e-05,10.8000001907,20,0,3,0,7,0,120,0,841,1,1143,0,0,0,0,0,0,0,0.000354897771127,5.00682194853,0,0
286,1609059042.37,3,0,2114,2112,1,1,0,0,0,1,0,0,0,0,0,0,0,0.139761652767,0.139761652767,0.139761652767,0.000781634104317,0.000781634104317,0.000781634104317,4.99903615389,4.99903615389,4.99903615389,0.000354964001416,0.000354964001416,0.000354964001416,0.000213996062775,0.000213996062775,0.000213996062775,0.000197859587676,0.000197859587676,0.000197859587676,1.48144524497e-05,1.48144524497e-05,1.48144524497e-05,10.8000001907,20,0,3,0,7,0,120,0,843,1,1141,0,0,0,0,0,0,0,0.000354964001416,4.99903615389,0,0
287,1609059042.48,1,0,2123,2121,2,0,0,0,0,2,0,0,0,0,0,0,0,0.0810831471678,0.110344146364,0.13960514556,0.000501046000691,0.000651520824487,0.000801995648284,3.62236156481,4.27600200249,4.92964244016,2.51575479179e-05,0.000192010880751,0.000358864213584,0.000156471422735,0.000185242075935,0.000214012729135,0.00021419617346,0.000261170868631,0.000308145563803,1.1271466235e-05,1.30969991697e-05,1.49225321045e-05,11.7000002861,20,1,2,0,7,0,121,0,856,2,1137,0,0,0,0,0,0,0,0.000192010880751,4.27600200249,0,0
287,1609059042.48,2,0,2123,2121,2,0,0,0,0,2,0,0,0,0,0,0,0,0.0808533469012,0.109925416029,0.138997485156,0.000501526007136,0.000650620069844,0.000799714132551,3.6103663501,4.26277391308,4.91518147606,2.5694414418e-05,0.000191161568981,0.000356628723544,0.00015641456268,0.000185190633062,0.000213966703444,0.00021419617346,0.000261170868631,0.000308145563803,1.1271466235e-05,1.30969991697e-05,1.49225321045e-05,11.7000002861,20,1,2,0,7,0,121,0,856,2,1137,0,0,0,0,0,0,0,0.000191161568981,4.26277391308,0,0
288,1609059042.58,1,0,2118,2117,1,0,0,0,0,1,0,0,0,0,0,0,0,0.142104650656,0.142104650656,0.142104650656,0.000787664311206,0.000787664311206,0.000787664311206,5.06334718478,5.06334718478,5.06334718478,0.000357334011382,0.000357334011382,0.000357334011382,0.000213929893268,0.000213929893268,0.000213929893268,0.000201136099638,0.000201136099638,0.000201136099638,1.52643069179e-05,1.52643069179e-05,1.52643069179e-05,10.8000001907,20,0,3,0,4,0,112,0,851,1,1148,0,0,0,0,0,0,0,0.000357334011382,5.06334718478,0,0
288,1609059042.58,2,0,2118,2117,1,0,0,0,0,1,0,0,0,0,0,0,0,0.141753124345,0.141753124345,0.141753124345,0.000785164638211,0.000785164638211,0.000785164638211,5.05885549319,5.05885549319,5.05885549319,0.000354787746806,0.000354787746806,0.000354787746806,0.000213976484849,0.000213976484849,0.000213976484849,0.000201136099638,0.000201136099638,0.000201136099638,1.52643069179e-05,1.52643069179e-05,1.52643069179e-05,10.8000001907,20,0,3,0,4,0,112,0,848,1,1151,0,0,0,0,0,0,0,0.000354787746806,5.05885549319,0,0
289,1609059042.68,1,0,2125,2124,1,0,0,0,0,1,0,0,0,0,0,0,0,0.124492722179,0.124492722179,0.124492722179,0.00100612943223,0.00100612943223,0.00100612943223,3.92479553341,3.92479553341,3.92479553341,0.000401990282846,0.000401990282846,0.000401990282846,0.000101316039697,0.000101316039697,0.000101316039697,0.000482131308512,0.000482131308512,0.000482131308512,2.06918011749e-05,2.06918011749e-05,2.06918011749e-05,1.39999997616,2,0,3,0,9,1,122,0,845,0,1146,0,0,0,0.000401990282846,3.92479553341,0,0,0,0,0,0
289,1609059042.68,2,0,2125,2124,1,0,0,0,0,1,0,0,0,0,0,0,0,0.121976238309,0.121976238309,0.121976238309,0.00100828944046,0.00100828944046,0.00100828944046,3.84133891819,3.84133891819,3.84133891819,0.000404140262303,0.000404140262303,0.000404140262303,0.000101326068471,0.000101326068471,0.000101326068471,0.000482131308512,0.000482131308512,0.000482131308512,2.06918011749e-05,2.06918011749e-05,2.06918011749e-05,1.39999997616,2,0,3,0,9,1,122,0,845,0,1146,0,0,0,0.000404140262303,3.84133891819,0,0,0,0,0,0
290,1609059042.75,1,0,2102,2102,0,0,0,0,0,0,0,0,0,0,0,0,0,1e+300,0,0,1e+300,0,0,1e+300,0,0,1e+300,0,0,1e+300,0,0,1e+300,0,0,1e+300,0,0,0,0,0,1,0,4,0,116,0,830,0,1151,0,0,0,0,0,0,0,0,0,0,0
290,1609059042.75,2,0,2102,2101,1,0,0,0,0,1,0,0,1,1,0,0,0,0.14068846421,0.14068846421,0.14068846421,0.000716129850395,0.000716129850395,0.000716129850395,5.25729806697,5.25729806697,5.25729806697,0.000349502121363,0.000349502121363,0.000349502121363,0.000214042193833,0.000214042193833,0.000214042193833,0.000139547290047,0.000139547290047,0.000139547290047,1.30382451524e-05,1.30382451524e-05,1.30382451524e-05,10.8000001907,20,0,1,0,4,0,113,0,831,1,1153,0,0,0,0,0,0,0,0.000349502121363,5.25729806697,0,0
291,1609059042.85,1,0,2103,2102,1,0,0,0,0,1,0,0,0,0,0,0,0,0.0885504065195,0.0885504065195,0.0885504065195,0.000495253044477,0.000495253044477,0.000495253044477,3.9790278816,3.9790278816,3.9790278816,2.3099658315e-05,2.3099658315e-05,2.3099658315e-05,0.000156382981323,0.000156382981323,0.000156382981323,0.000305477156565,0.000305477156565,0.000305477156565,1.02932482741e-05,1.02932482741e-05,1.02932482741e-05,12.6000003815,20,0,1,0,7,0,111,0,854,1,1130,0,0,0,0,0,0,0,2.3099658315e-05,3.9790278816,0,0
291,1609059042.85,2,0,2102,2101,1,0,0,0,0,1,0,0,0,0,0,0,0,0.0875089461535,0.0875089461535,0.0875089461535,0.000498158503156,0.000498158503156,0.000498158503156,3.9207457458,3.9207457458,3.9207457458,2.59739038177e-05,2.59739038177e-05,2.59739038177e-05,0.0001564141945,0.0001564141945,0.0001564141945,0.000305477156565,0.000305477156565,0.000305477156565,1.02932482741e-05,1.02932482741e-05,1.02932482741e-05,12.6000003815,20,0,1,0,7,0,110,0,854,1,1130,0,0,0,0,0,0,0,2.59739038177e-05,3.9207457458,0,0
292,1609059042.96,1,0,2130,2128,2,0,0,0,0,2,0,0,0,0,0,0,0,0.0862692511696,0.113682023243,0.141094795315,0.000479152982481,0.000625173401555,0.00077119382063,3.94111339253,4.51093987094,5.08076634935,2.68250585205e-05,0.000185702369484,0.000344579680448,0.000156454400912,0.000185262063836,0.000214069726759,0.000198463407286,0.000241853926105,0.000285244444924,1.06290781245e-05,1.2355042131e-05,1.40810061376e-05,11.7000002861,20,1,1,0,6,0,124,0,846,2,1153,0,0,0,0,0,0,0,0.000185702369484,4.51093987094,0,0
292,1609059042.96,2,0,2130,2128,2,0,0,0,0,2,0,0,0,0,0,0,0,0.0851405689843,0.112660837773,0.140181106563,0.00048023077871,0.000626418217217,0.000772605655723,3.88518365145,4.46421708819,5.04325052493,2.79306669754e-05,0.000186966616932,0.000346002566888,0.000156426588687,0.000185242632049,0.000214058675412,0.000198463407286,0.000241853926105,0.000285244444924,1.06290781245e-05,1.2355042131e-05,1.40810061376e-05,11.7000002861,20,1,1,0,6,0,125,0,843,2,1155,0,0,0,0,0,0,0,0.000186966616932,4.46421708819,0,0
293,1609059043.06,1,0,2119,2118,1,0,0,0,0,1,0,0,0,0,0,0,0,0.13726701903,0.13726701903,0.13726701903,0.000772386138183,0.000772386138183,0.000772386138183,4.93911305192,4.93911305192,4.93911305192,0.00034802420678,0.00034802420678,0.00034802420678,0.000214093021143,0.000214093021143,0.000214093021143,0.000196200352185,0.000196200352185,0.000196200352185,1.40685580743e-05,1.40685580743e-05,1.40685580743e-05,10.8000001907,20,0,2,0,5,0,117,0,829,1,1166,0,0,0,0,0,0,0,0.00034802420678,4.93911305192,0,0
293,1609059043.06,2,0,2119,2118,1,0,0,0,0,1,0,0,0,0,0,0,0,0.136262622885,0.136262622885,0.136262622885,0.000773854826058,0.000773854826058,0.000773854826058,4.89831823031,4.89831823031,4.89831823031,0.000349536645227,0.000349536645227,0.000349536645227,0.000214049270572,0.000214049270572,0.000214049270572,0.000196200352185,0.000196200352185,0.000196200352185,1.40685580743e-05,1.40685580743e-05,1.40685580743e-05,10.8000001907,20,0,2,0,6,0,117,0,832,1,1162,0,0,0,0,0,0,0,0.000349536645227,4.89831823031,0,0
