sequence,selection_rank,event_timestamp,timestamp,relative_time_s,native_x,native_y,native_z,intervention_x,intervention_y,intervention_z,separation_translation_m,separation_rotation_rad,native_error_m,intervention_error_m,native_used,intervention_used
stairs_alpha,1,1705542315.8823693,1705542315.978669,0.09629964828491211,-11.150300329455773,2.3346941170210616,-0.24756635893000908,-11.147658372223267,2.3358275538220994,-0.28591529780508157,0.03845654339438712,0.0020185156319835035,0.31429445479805185,0.31585106833427545,420,424
stairs_alpha,1,1705542315.8823693,1705542316.0795438,0.1971745491027832,-11.137989135578046,2.342150636378574,-0.19404097471893428,-11.13566413315083,2.3411124855511645,-0.2235434864818084,0.02961218657488063,0.0031688771994436917,0.3199968941082723,0.323427428182414,431,434
stairs_alpha,1,1705542315.8823693,1705542316.178494,0.2961246967315674,-11.138565327570246,2.3469024976963366,-0.13624520851702532,-11.135200934959363,2.346030872719816,-0.16212647829584004,0.026113578711154318,0.004247125854626737,0.3208752451808976,0.32360665427168445,409,407
stairs_alpha,1,1705542315.8823693,1705542316.278851,0.3964817523956299,-11.13911023943025,2.3474924836884927,-0.08838769392177037,-11.134833915419074,2.3457998999923713,-0.11260356706053898,0.02464873827379146,0.004995180540248826,0.3196670511318275,0.3242959511383869,447,445
stairs_alpha,1,1705542315.8823693,1705542316.3793502,0.4969809055328369,-11.139282764843154,2.3487395021937485,-0.053131288297276424,-11.133474920753544,2.34555031258758,-0.07555458563788398,0.023381750296729373,0.0014335461892480497,0.31628106262946865,0.32256788196727076,460,471
stairs_alpha,1,1705542315.8823693,1705542316.4791381,0.596768856048584,-11.143095575545994,2.3445177543555777,-0.0342626816210575,-11.140879897499595,2.3392136264617744,-0.05790746121066914,0.024333487291393983,0.0051362982127401285,0.31020417498591435,0.3169496358011713,528,523
stairs_alpha,1,1705542315.8823693,1705542316.5789106,0.6965413093566895,-11.152196348856918,2.3313448838707242,-0.0350528656547891,-11.151227156513714,2.32822890412035,-0.057304315227539315,0.02248945690076828,0.00930270351205855,0.30401509120085285,0.30792266740644647,546,552
stairs_alpha,1,1705542315.8823693,1705542316.6788306,0.7964613437652588,-11.164799813620116,2.3033181295226473,-0.03379663472376204,-11.161583376655154,2.301788425725086,-0.05722378222062946,0.023696343606088875,0.008009853802056434,0.2999866183157473,0.3005868181805302,551,551
stairs_alpha,1,1705542315.8823693,1705542316.7786827,0.8963134288787842,-11.179845110367811,2.2680581857259927,-0.03913982503861019,-11.175547169051022,2.2693275777062905,-0.059458207980726485,0.02080673787369587,0.0023348817942588657,0.28991630228566695,0.2869958340844701,549,550
stairs_alpha,1,1705542315.8823693,1705542316.8796031,0.9972338676452637,-11.19460251689451,2.2268129836928305,-0.05157713606284048,-11.190668173492107,2.2263612926005467,-0.07214796274903473,0.0209485558787311,0.007785593964837029,0.2814100745007736,0.2807182889793447,543,541
stairs_alpha,1,1705542315.8823693,1705542316.9787571,1.0963878631591797,-11.213877791341524,2.1833926407473334,-0.05178544242089872,-11.209577947276589,2.185201411204604,-0.06920613302881473,0.018034432921680218,0.004128048818139036,0.27950578632862644,0.27800928175697026,539,533
stairs_alpha,1,1705542315.8823693,1705542317.0788007,1.1964313983917236,-11.231096953485775,2.1334239132534765,-0.04870236336752615,-11.226944326890871,2.1339822803814563,-0.06129544516053698,0.013271842017284893,0.001493705410892604,0.27631415074510124,0.2771541534663722,539,547
stairs_alpha,1,1705542315.8823693,1705542317.1780689,1.2956995964050293,-11.255265127682442,2.0744984448368373,-0.04206882304448667,-11.252230576822697,2.074901922221467,-0.05245726316872462,0.010830096081529614,0.0005367835060475728,0.278097830338904,0.2790504100265112,565,575
stairs_alpha,1,1705542315.8823693,1705542317.2781575,1.3957881927490234,-11.28917993747389,2.008209371939372,-0.04202686832362701,-11.28493960929399,2.0074418834359236,-0.054010049649609315,0.01273444370074873,0.0016871712110217022,0.28466905853773455,0.28771977909885876,572,569
stairs_alpha,1,1705542315.8823693,1705542317.3781314,1.4957621097564697,-11.332935389475246,1.9305480594462447,-0.04172347943049842,-11.328941840936578,1.931797452122992,-0.05367889299018874,0.012666543544891612,0.010505871946782918,0.2908775736870382,0.2926722039612782,587,589
stairs_alpha,1,1705542315.8823693,1705542317.4781473,1.595777988433838,-11.377997807232031,1.858464813201193,-0.041281191693786023,-11.376890387457344,1.8605811672545445,-0.05600547224750124,0.01491676140658628,0.025981244761561995,0.29938343778195664,0.3004349577605768,553,541
stairs_alpha,1,1705542315.8823693,1705542317.5782902,1.6959209442138672,-11.42561594022798,1.783607126729962,-0.04231140831690755,-11.422849771120614,1.783837613448919,-0.0584163552068957,0.01634240282172419,0.011433228139134574,0.3090629566697864,0.31395049700405026,592,576
stairs_alpha,1,1705542315.8823693,1705542317.6781728,1.7958035469055176,-11.471044171160601,1.7119820842085707,-0.037664100388462296,-11.46712052522601,1.710522424896832,-0.056753687750131065,0.019543232802306933,0.008313499083218783,0.3150353755302439,0.3237200244129144,538,528
stairs_alpha,1,1705542315.8823693,1705542317.778174,1.8958046436309814,-11.519686907453568,1.6353175013267225,-0.0462532527302158,-11.514429773759266,1.633748804880319,-0.0630208889630463,0.0176423322737459,0.017521514943197935,0.32757947530028475,0.33632806678686733,527,528
stairs_alpha,1,1705542315.8823693,1705542317.8780048,1.9956355094909668,-11.561306002965809,1.5551826421254789,-0.05913838481422645,-11.555741503816298,1.5520603059754867,-0.07737738335014716,0.019322880256622484,0.017499352203241617,0.338304591405783,0.34859141044971353,576,586
stairs_alpha,1,1705542315.8823693,1705542317.9779327,2.0955634117126465,-11.603100598791595,1.472678752439885,-0.06935358752140985,-11.59477097007074,1.467931584693001,-0.08784861338286526,0.020832289789176995,0.012382994419272075,0.34073688049979883,0.3531829255907024,574,577
stairs_alpha,1,1705542315.8823693,1705542318.0781345,2.195765256881714,-11.644903110875575,1.3858240623994336,-0.07168275507544092,-11.63583235817058,1.3798304330748947,-0.0939184199467889,0.024751301771544037,0.019657329811877105,0.3352409735222901,0.34970126212523944,619,618
stairs_alpha,1,1705542315.8823693,1705542318.178115,2.295745611190796,-11.686895124050869,1.3077279173247691,-0.0667303798721845,-11.674959735980776,1.2997513765319335,-0.0903424477306875,0.02763346594182557,0.01821008719512688,0.3289837745972351,0.34596685511119774,548,575
stairs_alpha,1,1705542315.8823693,1705542318.2783585,2.395989179611206,-11.727994762806802,1.2303550251026654,-0.06296590691125403,-11.714686248001128,1.2210592284030817,-0.08868767889105078,0.030416080556072495,0.017979029387284434,0.3243527786096148,0.34304650947872756,575,581
stairs_alpha,1,1705542315.8823693,1705542318.3775284,2.495159149169922,-11.774986831709597,1.1512210456894756,-0.06409956617307416,-11.760164505497912,1.14244487502389,-0.0895124056124243,0.03070073181940947,0.020860617982995218,0.3181385017190437,0.3360033807623462,604,606
stairs_alpha,1,1705542315.8823693,1705542318.4777908,2.595421552658081,-11.828140463915341,1.0720264146110883,-0.06361857824336042,-11.811949143327523,1.0646572959812883,-0.09129376500050024,0.032899524826358044,0.01672198507023021,0.3050954441378724,0.32033764859018804,621,614
stairs_alpha,1,1705542315.8823693,1705542318.5778222,2.695452928543091,-11.891415997498987,0.9933398021646207,-0.06547275525294166,-11.874317999623843,0.9845436997072459,-0.09033564155375373,0.031430495780152314,0.013344926398312817,0.29574507841335645,0.31100487447805675,657,662
stairs_alpha,1,1705542315.8823693,1705542318.678053,2.7956836223602295,-11.962019762382667,0.913375735569042,-0.06035596677555616,-11.943872123065631,0.9033102058098055,-0.08612820818658906,0.033088670711647714,0.012958082560558748,0.2930449090843623,0.3093184423860028,670,671
stairs_alpha,1,1705542315.8823693,1705542318.777974,2.8956046104431152,-12.035473139094876,0.8309977408530098,-0.053891969541212115,-12.014951536955781,0.8208819525308939,-0.07533012934340522,0.031353788023738324,0.013321823873573715,0.289322288489067,0.30686554807404154,650,644
stairs_alpha,1,1705542315.8823693,1705542318.8782244,2.9958550930023193,-12.110432207820503,0.7491013956852413,-0.05077756038901016,-12.092300686475355,0.7394022870471226,-0.07189207672969888,0.029472827739543798,0.014097442788284816,0.28955402495331767,0.3067682740290332,639,648
stairs_alpha,1,1705542315.8823693,1705542318.9784577,3.096088409423828,-12.19794559526391,0.659961723193975,-0.05221208488818524,-12.178535907830133,0.6513868210349658,-0.07227679364572615,0.02920372323588963,0.018831706977141205,0.29371383736750045,0.31159934941121437,702,721
stairs_alpha,1,1705542315.8823693,1705542319.0783172,3.1959478855133057,-12.286331807541199,0.5685207313272136,-0.05295805450530522,-12.268911920124074,0.5565731542303909,-0.06228388332364726,0.02309043436704581,0.05431010522244883,0.2982763115227256,0.3172348373068368,618,612
stairs_alpha,1,1705542315.8823693,1705542319.178197,3.295827627182007,-12.37773713721923,0.4741554912280179,-0.053897490495443845,-12.357184467504252,0.46261663673972264,-0.06438707821131046,0.025799008619787137,0.01970471843009322,0.2955997273656091,0.3155019100894617,680,681
stairs_alpha,1,1705542315.8823693,1705542319.2781072,3.395737886428833,-12.465044749619098,0.3854001524926336,-0.05176555536517141,-12.442838222867199,0.37288102866846695,-0.060141175896381294,0.02683298922950021,0.02004104784456682,0.2981522947081575,0.31846323381348884,678,674
stairs_alpha,1,1705542315.8823693,1705542319.3780365,3.4956672191619873,-12.549905009579648,0.29806698838805845,-0.05073099237202211,-12.524604118299075,0.28493973204707723,-0.05941548469515101,0.02979732144914487,0.019392618196091286,0.30121240655533327,0.32268436108635884,676,671
stairs_alpha,1,1705542315.8823693,1705542319.4778504,3.5954811573028564,-12.630619380542292,0.21921375806936094,-0.049820538531945124,-12.606128594708231,0.20802668174914274,-0.059486189599498696,0.028607238208606087,0.018095895230205283,0.30434583949398486,0.32399727978302567,705,718
stairs_alpha,1,1705542315.8823693,1705542319.5778322,3.695462942123413,-12.716349193125867,0.13316857823753603,-0.054204699798726164,-12.6943441125378,0.12328263391189331,-0.0649040964225518,0.026390008620895144,0.021242690639703847,0.30339739620840056,0.32069974311676425,723,717
stairs_alpha,1,1705542315.8823693,1705542319.6777031,3.7953338623046875,-12.794544813924126,0.03712981191638942,-0.06050917271715428,-12.772946777007212,0.02845003539448232,-0.07080762470629753,0.02545332655091188,0.0160803262984964,0.2966705334779623,0.3121530305020373,722,720
stairs_alpha,1,1705542315.8823693,1705542319.7785778,3.8962085247039795,-12.86883110508024,-0.0672023363159524,-0.055147260308733514,-12.845731439215244,-0.07589024645565434,-0.06492561792208457,0.026546009554819106,0.016568937169903607,0.3048935828928375,0.3207630996711367,760,764
stairs_alpha,1,1705542315.8823693,1705542319.8777375,3.995368242263794,-12.938256136338001,-0.1745367558605313,-0.052442133176160255,-12.91248824356114,-0.184311949714989,-0.06462437370337282,0.03013213728421648,0.006626054377122387,0.31275432057562447,0.33092375324902473,742,723
stairs_alpha,1,1705542315.8823693,1705542319.9781015,4.09573221206665,-12.995783942924268,-0.2825834068599695,-0.058899927777044114,-12.968445828813206,-0.29321984492346553,-0.07218883195432929,0.03220405676403385,0.007857212143567608,0.3138688746672111,0.3336075567210896,756,758
stairs_alpha,1,1705542315.8823693,1705542320.0782676,4.1958982944488525,-13.046150780775704,-0.38810176206735614,-0.06762900774882835,-13.020420940567229,-0.40066589162411637,-0.08430787366995562,0.03313708793916073,0.010733028698086405,0.30985153308790003,0.332131532406802,776,766
stairs_alpha,1,1705542315.8823693,1705542320.178159,4.29578971862793,-13.091124895726713,-0.5032090342797502,-0.06970903028550157,-13.067410493486431,-0.5175814951624953,-0.08577000618082886,0.032045209503921396,0.010320512643151359,0.30864829596983007,0.3324218690632796,802,805
stairs_alpha,1,1705542315.8823693,1705542320.2783372,4.395967960357666,-13.13021696772994,-0.6184601538552701,-0.06925998139112477,-13.110649223003085,-0.6323091069839744,-0.08509095288752438,0.028728205564848917,0.010618544574512395,0.3131243801197706,0.3355293561708827,848,825
stairs_alpha,1,1705542315.8823693,1705542320.3781807,4.495811462402344,-13.168755175186295,-0.7348465600809013,-0.07274631220377387,-13.152234254353848,-0.7476622939638098,-0.08924236746600195,0.026632756134579445,0.016699153234082068,0.3206723577193238,0.3416092748986542,782,783
stairs_alpha,1,1705542315.8823693,1705542320.47817,4.5958006381988525,-13.213534053134033,-0.852949156157647,-0.08109315942107564,-13.20054989838224,-0.8626837211113294,-0.09663234747074007,0.022468119518526806,0.014959226858689218,0.32943004529850145,0.3463426334420123,772,760
stairs_alpha,1,1705542315.8823693,1705542320.5775425,4.695173263549805,-13.25684884795695,-0.9695330329277847,-0.0927908264863887,-13.24714237449125,-0.9767048681225212,-0.10658446087752449,0.018327989440119256,0.014678209677670154,0.3423363220181746,0.3556127990529827,756,749
stairs_alpha,1,1705542315.8823693,1705542320.6785324,4.796163082122803,-13.304442602264869,-1.0842208924190833,-0.09935212850303732,-13.295266907648063,-1.0898338984275338,-0.11183479787203071,0.01647774992914342,0.013714319150533715,0.35343017097169593,0.36493980245485363,776,760
stairs_alpha,1,1705542315.8823693,1705542320.7780066,4.895637273788452,-13.345954311163407,-1.1937921166747016,-0.09458326484037494,-13.338738018303077,-1.2003929223215875,-0.10711683326438332,0.015897668233841748,0.014843149100210234,0.3615403191168894,0.3733588665658003,778,759
stairs_alpha,1,1705542315.8823693,1705542320.8784928,4.996123552322388,-13.389481086250607,-1.3001605382229737,-0.09007591588742458,-13.38025676942932,-1.3081006493605773,-0.10017559523037917,0.01581571713604795,0.016348967716171843,0.3641456698903319,0.37753593116259015,725,714
stairs_alpha,1,1705542315.8823693,1705542320.9776955,5.09532618522644,-13.433935715419734,-1.4103427154515948,-0.08530269235709043,-13.424511080405836,-1.417312826843626,-0.09696263455525855,0.01653361575781728,0.009987880943725163,0.3646371886405609,0.37773800084311626,837,822
stairs_alpha,1,1705542315.8823693,1705542321.0784063,5.19603705406189,-13.482287983532915,-1.5180585098225952,-0.08551625857643902,-13.471742152554416,-1.5243432778481671,-0.0972382334937818,0.01697402592566457,0.011426614388925706,0.3510968537447551,0.36411955126211065,797,781
stairs_alpha,1,1705542315.8823693,1705542321.1783369,5.2959675788879395,-13.53829437567048,-1.6284887451015764,-0.07006034857422089,-13.524453163390394,-1.6356413657001432,-0.08167459640778968,0.0194327016019134,0.016439025862046392,0.3364726566915077,0.3514057410444652,847,848
stairs_alpha,1,1705542315.8823693,1705542321.2783961,5.396026849746704,-13.595989958239473,-1.732638172237892,-0.04792960642042199,-13.580948386456672,-1.742130151012402,-0.05977484059440419,0.021369513690989137,0.012609531343450138,0.3224565475398726,0.3398573527238977,906,907
stairs_alpha,1,1705542315.8823693,1705542321.378589,5.496219635009766,-13.65323144629371,-1.8331728263933647,-0.02801719405550568,-13.639068508869437,-1.8455577245807042,-0.04045394220342485,0.022553208288165753,0.015224786797052877,0.3164840343849789,0.3361288042292312,864,848
stairs_alpha,1,1705542315.8823693,1705542321.4783938,5.596024513244629,-13.716644434334865,-1.9354826434213175,-0.027434661232351387,-13.701602638392014,-1.9474233206097882,-0.04058012047280596,0.023273128185701503,0.015601642814275932,0.31428733953402826,0.33378440925463654,868,860
stairs_alpha,1,1705542315.8823693,1705542321.5781467,5.695777416229248,-13.786318059122838,-2.0410677416940146,-0.03691307809177202,-13.769717709963398,-2.0554147268786096,-0.04935557325182954,0.025223466492739405,0.014852137198154395,0.3093456135053141,0.3307706057135988,927,891
stairs_alpha,1,1705542315.8823693,1705542321.6780283,5.795659065246582,-13.8595183066629,-2.1511311954300742,-0.03761350715631745,-13.841500839964933,-2.165228770584931,-0.05191443515066019,0.026979386074530782,0.01497267512578318,0.30588320410393516,0.3276556566883656,935,943
stairs_alpha,1,1705542315.8823693,1705542321.7783136,5.895944356918335,-13.9302780187627,-2.253654237850248,-0.022010615160567237,-13.91207500122799,-2.266561454824802,-0.03516023555718473,0.025900938476670982,0.013175136981660682,0.3067376250364366,0.32687610909935405,906,910
stairs_alpha,1,1705542315.8823693,1705542321.8782551,5.995885848999023,-14.003215005816479,-2.3575870179804044,-0.002418144771312025,-13.98354754342812,-2.3715010743270977,-0.017887832207166887,0.02863077487913155,0.013435133621149484,0.3108522009871998,0.3325777186573681,950,931
stairs_alpha,1,1705542315.8823693,1705542321.9784374,6.0960681438446045,-14.075217789594982,-2.457919326372086,-0.004035686482183165,-14.055171452611523,-2.4731616842243005,-0.018831344700064034,0.029207817471521014,0.015872157388947927,0.31293925326800787,0.3352581806488274,931,916
stairs_alpha,1,1705542315.8823693,1705542322.078244,6.1958746910095215,-14.156031013978259,-2.5711219872915034,-0.016241223334157062,-14.135779575143923,-2.5860334214199066,-0.030806824697775348,0.02906249104447856,0.013675780943712655,0.3166770496893488,0.3383496662001592,938,929
stairs_alpha,1,1705542315.8823693,1705542322.1784852,6.296115875244141,-14.233085053035769,-2.6837681826542275,-0.021233532649712727,-14.21158360014249,-2.6992190183400417,-0.03561698573882616,0.03013178591916946,0.013503212066494857,0.31403658143496355,0.33614082246495985,912,909
stairs_alpha,1,1705542315.8823693,1705542322.2784007,6.396031379699707,-14.304945848221413,-2.780416885898032,-0.015026381495421792,-14.282292119173468,-2.7958671028831024,-0.028904548882983827,0.030732786640665703,0.012054721909878476,0.3128750699638767,0.3348953939569372,896,894
stairs_alpha,1,1705542315.8823693,1705542322.378426,6.496056795120239,-14.38091126949925,-2.8783154871089565,0.000698502012458857,-14.359006000419694,-2.892650924101406,-0.015836700150833938,0.03096382530943568,0.009847575771572152,0.3180806090828643,0.339567160535416,922,938
stairs_alpha,1,1705542315.8823693,1705542322.4781146,6.595745325088501,-14.455804036692196,-2.9652981200466764,0.000746511497677016,-14.435173024303712,-2.9789473386428114,-0.01541953231109816,0.029551325061427054,0.01246217946705805,0.3225544675489706,0.3436709146748668,912,930
stairs_alpha,1,1705542315.8823693,1705542322.5782466,6.695877313613892,-14.535733381453442,-3.0528730086372384,-0.013547918137042814,-14.51538460862799,-3.0651473051238067,-0.029550003795601965,0.028649566404500726,0.0114486294642806,0.32734243389510337,0.34794193180367033,955,960
stairs_alpha,1,1705542315.8823693,1705542322.677958,6.795588731765747,-14.618902297090674,-3.1427827752853474,-0.022289686741748194,-14.600351368473849,-3.155539225061988,-0.03770529347113594,0.02728561698561438,0.012618004465688315,0.33306619225057965,0.3544784564029037,1012,1019
stairs_alpha,1,1705542315.8823693,1705542322.7780325,6.895663261413574,-14.699018418551224,-3.238751272171954,-0.019967125641117134,-14.682220631342384,-3.250951246747574,-0.034438304827840216,0.025306522120068498,0.01155567213652857,0.3394879569499171,0.36022530144391635,1039,1050
stairs_alpha,1,1705542315.8823693,1705542322.8782182,6.995848894119263,-14.770903300015839,-3.328173492987446,-0.013093770438245,-14.7513332019204,-3.341163144071876,-0.02448446786705366,0.026104937515248262,0.013776962766438292,0.3471480198558041,0.3684563155260479,1018,1025
stairs_alpha,1,1705542315.8823693,1705542322.978539,7.096169710159302,-14.841359599705083,-3.415636587496911,-0.010464099211463518,-14.822367305570129,-3.4293347323497514,-0.023588210519044306,0.026843783387066868,0.015522380275090881,0.34056868811856184,0.3630039664233263,1040,1047
stairs_alpha,1,1705542315.8823693,1705542323.0787737,7.196404457092285,-14.911582317615789,-3.5132400491344447,-0.020038988616651876,-14.894852818745877,-3.5273561911789812,-0.032151849991678416,0.025017254232839767,0.013760040997361323,0.3296122028631239,0.3510378366172398,989,991
stairs_alpha,1,1705542315.8823693,1705542323.1784997,7.296130418777466,-14.98411370507634,-3.616924123864589,-0.022194023379661976,-14.96679191069323,-3.631201068082083,-0.03353315647808397,0.02514859113874752,0.016136392156082403,0.3156984905615978,0.33654671447704193,1046,1031
stairs_alpha,1,1705542315.8823693,1705542323.2781672,7.395797967910767,-15.052248888791672,-3.7235593292933142,-0.010223934575302629,-15.032330895625332,-3.7381358688853474,-0.017673739700661995,0.02578180666009077,0.017289111356779022,0.3162204067308594,0.3356776101420844,1029,1025
stairs_alpha,1,1705542315.8823693,1705542323.378397,7.496027708053589,-15.11848646507563,-3.8262571977482844,0.007296051882176358,-15.09840339316958,-3.840505398805793,0.0026739159087549313,0.025054044613905826,0.01885998852919719,0.31851187545326215,0.33569198771310826,1032,1012
stairs_alpha,1,1705542315.8823693,1705542323.4777143,7.5953450202941895,-15.182822568220201,-3.9242106986028906,0.01642963789469054,-15.165021239706032,-3.9389582800504668,0.009903265751168455,0.02402024123063724,0.015708921444091854,0.317324509706501,0.33511064033668736,1090,1099
stairs_alpha,1,1705542315.8823693,1705542323.5778449,7.6954755783081055,-15.244004712998459,-4.028396533269017,0.011122869060409823,-15.22471157887242,-4.042747816538069,0.0035062699411085863,0.025222944673809176,0.01541412032293504,0.3133230597039821,0.3310251820461228,1132,1125
stairs_alpha,1,1705542315.8823693,1705542323.6777322,7.795362949371338,-15.30480667033845,-4.1369529167155275,-0.002027154773406148,-15.286254738689472,-4.151090872413261,-0.013540810077393994,0.02601192452854071,0.011846026899837532,0.3151629055679378,0.33434096438338007,1117,1121
stairs_alpha,1,1705542315.8823693,1705542323.77769,7.895320653915405,-15.36759595555479,-4.249865942803469,-0.009322298919603511,-15.35025140228094,-4.261978248285182,-0.02086825825260674,0.024100843331119354,0.0157201654957186,0.33102977200035183,0.34838739004717595,1111,1090
stairs_alpha,1,1705542315.8823693,1705542323.8785853,7.996216058731079,-15.433975389700027,-4.3635075341021565,-0.009414584841412665,-15.416997994496413,-4.375058836424422,-0.01840217723052051,0.022415203550109574,0.017234278896157314,0.35190366464497136,0.3675415019176847,1141,1129
stairs_alpha,1,1705542315.8823693,1705542323.9784558,8.096086502075195,-15.49368405785237,-4.476135243175508,-0.00855409512080868,-15.474661644853189,-4.487187632974845,-0.019741313692180684,0.024681194783712123,0.014700292382389691,0.36992398162303786,0.38625270023942077,1191,1183
stairs_alpha,1,1705542315.8823693,1705542324.0780947,8.195725440979004,-15.548506361653487,-4.585116011803205,-0.014313484458331582,-15.529942396347604,-4.595515269646608,-0.025952694688614386,0.024253589143801987,0.015611626209376468,0.36332315188252845,0.37922157199376744,1196,1188
stairs_alpha,1,1705542315.8823693,1705542324.1776948,8.295325517654419,-15.595696705386876,-4.693669687415327,-0.02610384964995477,-15.577523518728839,-4.702468324551259,-0.03182424767467973,0.02098579715710012,0.021387275350370154,0.3405314171565022,0.3511399536569907,1208,1182
stairs_alpha,1,1705542315.8823693,1705542324.2780676,8.395698308944702,-15.633391719868197,-4.784215056374074,-0.01841607040571147,-15.614451021052712,-4.7943999895710006,-0.02671069688152322,0.023049593580321194,0.013236032046961254,0.3170647538275759,0.33034433816122827,1200,1222
stairs_alpha,1,1705542315.8823693,1705542324.3782287,8.495859384536743,-15.672264301587706,-4.870413817188945,-0.0125969016534489,-15.652583741901783,-4.882093814593015,-0.020412720886783142,0.024183337222112817,0.016221387227391547,0.29153786237735063,0.3058857681602647,1159,1159
stairs_alpha,1,1705542315.8823693,1705542324.4780076,8.595638275146484,-15.712267837928199,-4.957414493970404,-0.01767427136100791,-15.694725698900347,-4.969750534007458,-0.029395701147636122,0.024439648968655713,0.014535841677622893,0.26266552710806823,0.27976807015237015,1200,1205
stairs_alpha,1,1705542315.8823693,1705542324.5780315,8.695662260055542,-15.757675253485955,-5.044311141031039,-0.032830794359501925,-15.740357570172026,-5.055112431896023,-0.04185619965104603,0.022316540511202448,0.01801914298644222,0.24826401846402113,0.2631036998881826,1243,1238
stairs_alpha,1,1705542315.8823693,1705542324.6782165,8.795847177505493,-15.812917308635441,-5.133767798518739,-0.05136068128118104,-15.793247336232529,-5.14568102665504,-0.061080957426194016,0.02496630904427386,0.01533503080348029,0.23542627511449554,0.25224617941201066,1171,1167
stairs_alpha,1,1705542315.8823693,1705542324.7784894,8.896120071411133,-15.877520519683916,-5.228325406539551,-0.05404422108718038,-15.855799465614266,-5.240801540263957,-0.06687413337115689,0.028143644963302707,0.014279351616189357,0.22591402131498517,0.2453181527002559,1150,1158
stairs_alpha,1,1705542315.8823693,1705542324.8780987,8.995729446411133,-15.950459706717606,-5.333976409792341,-0.04113093851658617,-15.92908881580717,-5.3470226701409524,-0.055635543158054135,0.02893619607334047,0.013636021174412894,0.2180823523847672,0.239077587258512,1183,1180
stairs_alpha,1,1705542315.8823693,1705542324.9782708,9.095901489257812,-16.019941620344884,-5.4451997934962835,-0.029174164992415486,-16.00217268928684,-5.45807268959723,-0.044385696744708325,0.026699008656170434,0.013996714633783281,0.23677422837827714,0.2577129847121523,1242,1238
stairs_alpha,1,1705542315.8823693,1705542325.0783684,9.195999145507812,-16.08947036029866,-5.553049096687438,-0.025079863855583695,-16.071787927274634,-5.566762133166915,-0.04149298833982862,0.027750792105305382,0.014839823462637606,0.2431795667144111,0.2647642904239664,1366,1366
stairs_alpha,1,1705542315.8823693,1705542325.1778035,9.29543423652649,-16.15752254340996,-5.66461529934577,-0.02469835346225624,-16.138188768132906,-5.677263378500865,-0.04298100356434181,0.02946224817512226,0.013094070290041993,0.236347385624352,0.2562611548280886,1384,1377
stairs_alpha,1,1705542315.8823693,1705542325.2778385,9.395469188690186,-16.217066337252106,-5.7724560967761365,-0.02348575595516339,-16.19864882018012,-5.784569475829399,-0.04001032901179152,0.027549961921728938,0.01351857411072099,0.2270039291470971,0.2447735607501978,1399,1411
stairs_alpha,1,1705542315.8823693,1705542325.3777122,9.49534296989441,-16.27584232736529,-5.884402771047037,-0.014766812141870866,-16.258840123454398,-5.894450921299703,-0.030436470371933866,0.02521068127549666,0.014566905347505045,0.22283025221847183,0.23671798281040693,1516,1501
stairs_alpha,1,1705542315.8823693,1705542325.47769,9.595320701599121,-16.33236499758871,-5.989121996141404,-0.007218413413779157,-16.315490725871257,-5.999491138271485,-0.020349872168140715,0.023763319707602044,0.015444987808422145,0.2281507452485979,0.24122555050712569,1484,1487
stairs_alpha,1,1705542315.8823693,1705542325.5784707,9.696101427078247,-16.391909617732082,-6.090418276699105,-0.005967976056213409,-16.373872179407748,-6.102309426085745,-0.015763939775980285,0.023721499114486035,0.014266988170372261,0.23708320937351798,0.2506580670001909,1560,1528
stairs_alpha,1,1705542315.8823693,1705542325.6781983,9.795829057693481,-16.462414221835896,-6.191005701122241,-0.007842105531250088,-16.44463393660791,-6.20455166633941,-0.01906582001541579,0.025012066753376014,0.0146125112685258,0.23811698735869655,0.2523602275061308,1552,1534
stairs_alpha,1,1705542315.8823693,1705542325.778068,9.89569878578186,-16.525197188831733,-6.285367892883829,-0.009350347675393611,-16.509682686258728,-6.297164269929383,-0.021189841927974462,0.02280412080404666,0.015982129331668617,0.2335266425503003,0.24566435144328888,1578,1575
stairs_alpha,1,1705542315.8823693,1705542325.8780487,9.995679378509521,-16.590837603346376,-6.375409472107955,-0.004428294743267114,-16.574004326201372,-6.387611421687326,-0.015008233246585567,0.02332770652490338,0.015639889468344454,0.23460948041000854,0.247830357986405,1561,1557
stairs_alpha,1,1705542315.8823693,1705542325.977891,10.095521688461304,-16.647740178129972,-6.473539675390852,0.0056848315419289475,-16.631260126356818,-6.486483342306525,-0.006328491594842833,0.024154721121516277,0.014318489306497156,0.23206568741983008,0.24700247869834724,1623,1604
stairs_alpha,1,1705542315.8823693,1705542326.077926,10.195556640625,-16.709365769390367,-6.569121566721992,0.013044509834131746,-16.692891527734993,-6.581233521941315,0.0001473745086106315,0.02417511524190404,0.015403221600159233,0.23392437530543447,0.2489784015461552,1606,1601
stairs_alpha,1,1705542315.8823693,1705542326.1773655,10.29499626159668,-16.77135046271013,-6.6690767261053105,0.009940018434652476,-16.755461665926816,-6.681004704817371,-0.002207633612944626,0.023287249507967935,0.014785308320712589,0.23594842717935358,0.2517446454053853,1621,1594
stairs_alpha,1,1705542315.8823693,1705542326.2769709,10.394601583480835,-16.833949987008147,-6.770577736995405,0.0033649664690819647,-16.81874483835147,-6.78179707948524,-0.009666877745320157,0.022954284027263218,0.014722503766317572,0.23590137214890686,0.25157232337607177,1637,1641
stairs_alpha,1,1705542315.8823693,1705542326.3773708,10.495001554489136,-16.900128351412224,-6.881422697691019,0.007762431954841165,-16.88490009415217,-6.8909908462130085,-0.008810105984832506,0.02445604831282437,0.012992604457851055,0.2363525943358654,0.2516478243412566,1685,1661
stairs_alpha,1,1705542315.8823693,1705542326.477597,10.595227718353271,-16.961911485572756,-6.980188222184544,0.016355637324242278,-16.94575429420579,-6.99131058235696,-0.0026569070150192498,0.027317367569479747,0.01361718179612903,0.2352067885691666,0.2529199200678049,1709,1676
stairs_alpha,1,1705542315.8823693,1705542326.5773013,10.694931983947754,-17.027128318792464,-7.075038795469054,0.018680151664957234,-17.00963223956307,-7.088071119723181,5.3914595820936384e-05,0.028686076260470643,0.014117299307950528,0.23676765523578813,0.2559324936624396,1679,1642
stairs_alpha,1,1705542315.8823693,1705542326.676723,10.794353723526001,-17.097463418942784,-7.172104549210064,0.01704166059150869,-17.08151350029022,-7.184437985070644,0.0006636039955387196,0.025976032857447637,0.0152156854189425,0.24145414782340796,0.25878191031525405,1677,1684
stairs_alpha,1,1705542315.8823693,1705542326.7767074,10.894338130950928,-17.17095476325486,-7.274848829700274,0.0030361323490163405,-17.153940428241068,-7.2859191781889185,-0.013302649570319902,0.026057551808049004,0.013968628662390258,0.24322523617027736,0.25894721073848437,1723,1735
stairs_alpha,1,1705542315.8823693,1705542326.8776042,10.995234966278076,-17.25636363862027,-7.379939379413526,-0.007437857070784648,-17.239597799837522,-7.389038924353245,-0.02128603193016143,0.023572590335705287,0.014036374658841833,0.2435353796913582,0.2557945108798484,1826,1822
stairs_alpha,1,1705542315.8823693,1705542326.977067,11.094697713851929,-17.333452866983126,-7.480722948336964,0.003739107353502469,-17.31611340777397,-7.488960778258936,-0.009618441881528494,0.023386808440992075,0.014544887175647087,0.2427485829236401,0.2537161301138658,1756,1750
stairs_alpha,1,1705542315.8823693,1705542327.0772033,11.194833993911743,-17.408635796639196,-7.584999657788921,0.02105266765772612,-17.391997961246837,-7.592865884195667,0.009707595458480489,0.02161956862732271,0.015313652648895589,0.24112786653736834,0.25096022889718234,1747,1731
stairs_alpha,1,1705542315.8823693,1705542327.177037,11.294667720794678,-17.48354177634452,-7.6838789582702995,0.03125491576730682,-17.466667800227288,-7.692876614194817,0.019613224337078627,0.02238789542358907,0.014683381127185558,0.2419368229956655,0.2530121911708994,1774,1793
stairs_alpha,1,1705542315.8823693,1705542327.2774744,11.395105123519897,-17.564102911677363,-7.787788829579664,0.03326563302744989,-17.547312020548034,-7.797869938755034,0.018969386497348972,0.024247586518499877,0.014087244780576848,0.23892167341590584,0.25154694068219546,1855,1847
stairs_alpha,1,1705542315.8823693,1705542327.3769662,11.4945969581604,-17.640551306660534,-7.899710645733225,0.0370620687712232,-17.62476553513715,-7.9113083970968665,0.02233291953064409,0.024508085535850332,0.014824469525929213,0.23061982068172476,0.24448359105191952,1834,1826
stairs_alpha,1,1705542315.8823693,1705542327.4773693,11.59500002861023,-17.70801586551422,-8.006816459059529,0.045418174227774666,-17.691672933908457,-8.017649148138474,0.03465663474002906,0.022366253559728436,0.015581063558979629,0.22215492976780496,0.23481797437889493,1786,1768
stairs_alpha,1,1705542315.8823693,1705542327.57753,11.695160627365112,-17.76516180195493,-8.10566922768691,0.05417295032167946,-17.747074878506478,-8.115576517551084,0.04529508248725017,0.022452343520634688,0.015543494496523272,0.21608754400091754,0.22825738668591927,1825,1813
stairs_alpha,1,1705542315.8823693,1705542327.6776676,11.795298337936401,-17.83046665806326,-8.212295449397239,0.057781577406306184,-17.813114312482902,-8.222242938042928,0.04882594087977832,0.02191483180614237,0.015507195311114793,0.2134091228632096,0.22589289713051788,1816,1791
stairs_alpha,1,1705542315.8823693,1705542327.7775803,11.895210981369019,-17.898856290795653,-8.327686591977788,0.05053034976685378,-17.880701930796846,-8.338596534880839,0.04076478370334102,0.023323248522771234,0.014380408047211912,0.2106539994530352,0.22440508538848825,1751,1731
stairs_alpha,1,1705542315.8823693,1705542327.876792,11.994422674179077,-17.97180753398932,-8.441823625776344,0.03645541699693461,-17.95269614133754,-8.45152631091376,0.02784282221105483,0.023099009002814617,0.01542476004668516,0.20749676454492533,0.2202173129095891,1736,1718
stairs_alpha,1,1705542315.8823693,1705542327.9776385,12.095269203186035,-18.046155531473723,-8.562993093752471,0.03789504735630278,-18.028392439694027,-8.572721429356875,0.02631840555593562,0.023327806981793205,0.01421514471752633,0.20872898043625138,0.2216007892010683,1767,1761
stairs_alpha,1,1705542315.8823693,1705542328.0773137,12.194944381713867,-18.117353885049255,-8.680838214442918,0.04586785857126874,-18.09859653364036,-8.6926290743342,0.032824305290434175,0.025709859802078443,0.014771017070256801,0.2141679102265801,0.2288959456225789,1778,1745
stairs_alpha,1,1705542315.8823693,1705542328.177387,12.295017719268799,-18.18432666979642,-8.793764618865648,0.05552956219813765,-18.165741540588858,-8.806991774942563,0.04350878592761709,0.02578495196215732,0.014956760192175036,0.21518590463481482,0.23010636164430673,1788,1804
stairs_alpha,1,1705542315.8823693,1705542328.2774475,12.395078182220459,-18.240646965864958,-8.901240667609407,0.05926137245317087,-18.22237615814815,-8.912962918129931,0.0480419591947886,0.02443580990580852,0.014926346716863046,0.21632273239880334,0.22941702160225907,1749,1726
stairs_alpha,1,1705542315.8823693,1705542328.3776977,12.495328426361084,-18.29923245170781,-9.007170426835366,0.05868973564254509,-18.281458079507882,-9.018830069943693,0.04931403148068447,0.02323315331688395,0.0155055224732778,0.21176365309234688,0.22430026334059613,1698,1694
stairs_alpha,1,1705542315.8823693,1705542328.4767363,12.594367027282715,-18.36088392383118,-9.122166426306478,0.06514553091295472,-18.345106391606244,-9.131755148764562,0.05658168254563389,0.02035223870598933,0.01572219910525304,0.2010836294112767,0.21187665681714032,1727,1695
stairs_alpha,1,1705542315.8823693,1705542328.577644,12.695274829864502,-18.422129659022936,-9.229995558229472,0.07154628394108264,-18.40427004322006,-9.241046248627292,0.06212306616161545,0.023019136999768233,0.014542954656566671,0.19780942333392884,0.2106313699571227,1668,1675
stairs_alpha,1,1705542315.8823693,1705542328.6769223,12.79455304145813,-18.4931594019584,-9.346347682739477,0.07072481123592034,-18.47600608588628,-9.357998901440876,0.06105387637946391,0.022880431169358707,0.014873977535998784,0.19706357850444084,0.21079129837264213,1698,1673
stairs_alpha,1,1705542315.8823693,1705542328.7768767,12.89450740814209,-18.568563244818556,-9.459464011307528,0.060474939765949975,-18.551583044946288,-9.468703517824643,0.05055459763673065,0.021728066097625003,0.014051561847595453,0.1975091044958467,0.20892071498657935,1656,1646
stairs_alpha,1,1705542315.8823693,1705542328.8770597,12.994690418243408,-18.651306317768203,-9.575703149796055,0.04677886057353631,-18.633980781856437,-9.584574148186508,0.03702353729160629,0.021772348045359765,0.014886875414314372,0.2009335192146879,0.21130467146454102,1687,1690
stairs_alpha,1,1705542315.8823693,1705542328.9769733,13.094604015350342,-18.734735059634104,-9.690467859694909,0.03925685562972148,-18.720050314012372,-9.699930900873419,0.02946172387509438,0.020028367592284196,0.01422969118737126,0.20750306913734687,0.21793361762609073,1656,1635
stairs_alpha,1,1705542315.8823693,1705542329.077492,13.195122718811035,-18.816118213017546,-9.812239560261752,0.04618256588434544,-18.801286792906062,-9.82135629450299,0.03385533019519915,0.02133182142913454,0.01470110615699105,0.21263853680401082,0.22292330460171783,1679,1678
stairs_alpha,1,1705542315.8823693,1705542329.1774962,13.295126914978027,-18.891133737429396,-9.924073095609717,0.049212174072448156,-18.876429123386867,-9.934771280308677,0.03627753856735849,0.022315501913296072,0.014194663750046793,0.21819346634683778,0.23001869926679286,1676,1701
stairs_alpha,1,1705542315.8823693,1705542329.277598,13.395228624343872,-18.9654682454411,-10.0358773975458,0.05320622676253195,-18.950733850017667,-10.045517685993662,0.040815818579064855,0.021530438565088694,0.01441968491187633,0.21841562257885452,0.22878484554044132,1761,1751
stairs_alpha,1,1705542315.8823693,1705542329.3773422,13.494972944259644,-19.03805100599049,-10.146374215487725,0.05943936862639099,-19.02427070902715,-10.155784925120837,0.04412238387191414,0.022651005764986673,0.014087845491453602,0.2154347826113054,0.22594456161825224,1811,1804
stairs_alpha,1,1705542315.8823693,1705542329.4767976,13.594428300857544,-19.111590869427154,-10.258711147868187,0.07117067617386408,-19.095964342719775,-10.269349854653857,0.05574903441629897,0.024396668901851635,0.014373098406099495,0.21187059328278093,0.22341022596158236,1877,1850
stairs_alpha,1,1705542315.8823693,1705542329.5771353,13.6947660446167,-19.18847706706852,-10.367761860935143,0.08144555209063031,-19.17179908586311,-10.378379971479262,0.06828653527834105,0.0237499274121245,0.015008834328125987,0.2142493816718011,0.2253834350667682,1854,1829
stairs_alpha,1,1705542315.8823693,1705542329.6770396,13.794670343399048,-19.263711407216896,-10.47655879656956,0.08284385744786094,-19.247946610791782,-10.487578015720569,0.06995123763985611,0.023155380423067917,0.01508481078837608,0.21506605287299618,0.22616415324233963,1905,1905
stairs_alpha,1,1705542315.8823693,1705542329.7775,13.895130634307861,-19.346146720940567,-10.58768070160292,0.07076877874028187,-19.32899177710744,-10.599049114419447,0.05964667644931032,0.023393034588431293,0.014671528821387109,0.2171093601319311,0.22756184370211038,1851,1852
stairs_alpha,1,1705542315.8823693,1705542329.8774462,13.995076894760132,-19.42777352890967,-10.693166290924143,0.061415528039917344,-19.411193249630067,-10.704406557715739,0.05274134402272235,0.021828667547516403,0.01439219341950735,0.2135969149145255,0.22305330550496758,1935,1926
stairs_alpha,1,1705542315.8823693,1705542329.9771008,14.094731569290161,-19.512437016572203,-10.79932339402393,0.0684880985523666,-19.497592958700054,-10.810613221509787,0.061411885084544315,0.01994690592082744,0.014621004905855457,0.2117371570669736,0.22080983627733333,1837,1806
stairs_alpha,1,1705542315.8823693,1705542330.0773256,14.194956302642822,-19.59066095287782,-10.907106265182989,0.08117340818909247,-19.575848895908237,-10.91828810576212,0.0739641925926302,0.01990988146432581,0.014989907233952503,0.21146235990310644,0.22024524806370488,1881,1858
stairs_alpha,1,1705542315.8823693,1705542330.1771169,14.294747591018677,-19.663698375388947,-11.014551418922824,0.08927686275925961,-19.64839016011825,-11.025397744086195,0.08232222634835207,0.02000877787201099,0.01524931333047204,0.21281009327762748,0.22087499228718305,1853,1844
stairs_alpha,1,1705542315.8823693,1705542330.2774217,14.395052433013916,-19.731822355631543,-11.125685630852523,0.09372650898771762,-19.7153577458594,-11.137373263454048,0.08404188483785313,0.022393661507250667,0.014162072484367145,0.2112968481046526,0.22017216149169416,1798,1802
stairs_alpha,1,1705542315.8823693,1705542330.3776612,14.495291948318481,-19.79847365341781,-11.241629655284285,0.09654651364720879,-19.781707148531062,-11.253176962599873,0.08571855373462944,0.02305863630456818,0.013863191471979215,0.2109570666939916,0.21982185161430476,1845,1842
stairs_alpha,1,1705542315.8823693,1705542330.4774938,14.59512448310852,-19.85964995798886,-11.361954492061262,0.09984129669251895,-19.843381192554734,-11.371855586979503,0.08907864891018769,0.021875534201870116,0.014569630566732081,0.20681454993131523,0.21439976465493527,1845,1868
stairs_alpha,1,1705542315.8823693,1705542330.5775425,14.695173263549805,-19.92182280410673,-11.4743631374586,0.09905754846784831,-19.90489442910065,-11.48539276230225,0.08866744383975522,0.022719524174612662,0.014779420831987114,0.20744483504441918,0.21600476083819747,1764,1787
stairs_alpha,1,1705542315.8823693,1705542330.6768603,14.794491052627563,-19.986688617387486,-11.591306616852055,0.08819870596519042,-19.971847912834022,-11.601757912614893,0.0792022704228793,0.020258626489287973,0.014602950165253144,0.21265287326527849,0.22102401364864455,1770,1745
stairs_alpha,1,1705542315.8823693,1705542330.7778437,14.895474433898926,-20.053874191442475,-11.711482838089744,0.07199019907002302,-20.03875319490323,-11.720876153473483,0.06484482520387735,0.01918163908338571,0.01496639795510199,0.21802073495526061,0.2250577386938639,1796,1787
stairs_alpha,1,1705542315.8823693,1705542330.8767712,14.994401931762695,-20.118687636949275,-11.828710166403528,0.05835021970669918,-20.10290178302315,-11.837551456698765,0.04784530673323528,0.02092163461208698,0.014266226367401326,0.21881409435805935,0.22534468507845037,1733,1740
stairs_alpha,1,1705542315.8823693,1705542330.9769473,15.09457802772522,-20.188405389093376,-11.94787235333979,0.0554491421386647,-20.17252981752628,-11.957800642292792,0.04640477622848127,0.020794356177425102,0.015079222728404581,0.21536783780875673,0.22274794094863617,1697,1683
stairs_alpha,1,1705542315.8823693,1705542331.077065,15.194695711135864,-20.25308633042624,-12.071016508352866,0.06089312425588278,-20.236534945038706,-12.08031943014764,0.047511900831173626,0.023228212426019988,0.014681894841505906,0.21697801636068392,0.22412102609265025,1690,1675
stairs_alpha,1,1705542315.8823693,1705542331.1767974,15.29442811012268,-20.312607798030403,-12.19694446432404,0.06615676959560468,-20.295482296277036,-12.206995012323262,0.05087457401405415,0.025056772082252456,0.014679306171536786,0.2163177222257193,0.22435576811428745,1683,1687
stairs_alpha,1,1705542315.8823693,1705542331.2769783,15.394608974456787,-20.370079075497124,-12.314763512993604,0.0686865601049429,-20.35316441666633,-12.324467267537507,0.052771009529977486,0.02517088170316455,0.014895834589232016,0.21289744680390246,0.2205866441199467,1679,1706
stairs_alpha,1,1705542315.8823693,1705542331.376898,15.494528770446777,-20.429751116378846,-12.435577237775309,0.07297384279366692,-20.414039733371517,-12.445122120109147,0.05726250333628213,0.024182607847685927,0.014588563652286014,0.21080288545496445,0.21828198191996842,1742,1717
stairs_alpha,1,1705542315.8823693,1705542331.4768312,15.594461917877197,-20.49157748607287,-12.548245625876607,0.07435677024714815,-20.473738365789213,-12.557029395285241,0.06143704935297034,0.02371303450641223,0.014765495137030064,0.20908820347272697,0.21518589148335943,1665,1662
stairs_alpha,1,1705542315.8823693,1705542331.5769162,15.694546937942505,-20.557615042790975,-12.66694922899443,0.07449023794475385,-20.53916224460393,-12.676508840741096,0.061836346526135455,0.024331315330516315,0.014542018742668885,0.21106881998127613,0.21731816350153063,1703,1708
stairs_alpha,1,1705542315.8823693,1705542331.6768134,15.79444408416748,-20.6247337965429,-12.781546288242769,0.06608427091558589,-20.607986469217508,-12.791694532880694,0.053791785536035586,0.023120662589584267,0.014790513159357796,0.21309713980221653,0.2196387452908228,1694,1679
stairs_alpha,1,1705542315.8823693,1705542331.7776973,15.895328044891357,-20.700259696642256,-12.896088596488582,0.05706325432531756,-20.683866013120415,-12.905638504413169,0.04362056402383757,0.02325208642947693,0.014544155423063324,0.21733860065126814,0.2226872027470227,1701,1694
stairs_alpha,1,1705542315.8823693,1705542331.8772485,15.994879245758057,-20.77925208288969,-13.013025224363943,0.05799126461309745,-20.76315057801173,-13.0224899069365,0.04409592927065281,0.023279154190246877,0.014212636676816055,0.2213835670715167,0.22664371668122468,1581,1575
stairs_alpha,1,1705542315.8823693,1705542331.9775977,16.09522843360901,-20.85453282170186,-13.136177361402485,0.06413737873978487,-20.838744697215674,-13.146258629152214,0.05076118222396442,0.02301780761634073,0.014515397225484008,0.22362706507298533,0.22999143554143126,1570,1585
stairs_alpha,1,1705542315.8823693,1705542332.077369,16.19499969482422,-20.923193941980372,-13.25249469900304,0.06727721995723634,-20.908359024389362,-13.262115949810788,0.0545234785422577,0.021801402870406522,0.014919231436904414,0.22348206220440672,0.22977529207751887,1617,1617
stairs_alpha,1,1705542315.8823693,1705542332.1773329,16.294963598251343,-20.992896756579388,-13.359306786541381,0.06563364517500181,-20.975995475794907,-13.369679534119221,0.05187977641996733,0.024133298369683292,0.014603530393627573,0.22213680645499903,0.22842380471894633,1601,1600
stairs_alpha,1,1705542315.8823693,1705542332.2775612,16.39519190788269,-21.06516322163718,-13.469360820168685,0.06699115670416711,-21.048558571173317,-13.480240359267025,0.053815653836416066,0.023825882225797318,0.01436907536974192,0.21931668079272967,0.22590236226176078,1619,1634
stairs_alpha,1,1705542315.8823693,1705542332.377453,16.495083808898926,-21.131127441063384,-13.578567298313263,0.07515902864031099,-21.114436243742414,-13.58870062231837,0.06168043993025163,0.02372662380143817,0.01486624062529877,0.2156209717636894,0.22118840502434847,1612,1576
stairs_alpha,1,1705542315.8823693,1705542332.4774437,16.59507441520691,-21.19830135809672,-13.680788010656688,0.08040381063071877,-21.18291101801036,-13.69037115205488,0.06692180244511692,0.022593443999272808,0.014509686661072692,0.21329782229702876,0.2185006736709127,1605,1589
stairs_alpha,1,1705542315.8823693,1705542332.5774548,16.695085525512695,-21.272112730499053,-13.785256629883957,0.08093717090196861,-21.255834544536203,-13.794933893449336,0.06502137591875568,0.02473744728751569,0.014833618410494851,0.2117433983928341,0.21661564929483787,1558,1556
stairs_alpha,1,1705542315.8823693,1705542332.6769435,16.79457426071167,-21.344237877766947,-13.889984805583481,0.07696741011821351,-21.329674842394226,-13.89979319755998,0.06386689464631079,0.021906849569514143,0.014955261240924554,0.20971517769554768,0.21460052420893053,1589,1581
stairs_alpha,1,1705542315.8823693,1705542332.7774591,16.895089864730835,-21.42136704474166,-13.995432928696626,0.07298147821664314,-21.4063073789116,-14.004597868812368,0.05936473375460671,0.022275668160184895,0.014158120873721656,0.2070093637251775,0.2107375034569567,1567,1562
stairs_alpha,1,1705542315.8823693,1705542332.877526,16.99515676498413,-21.502030451051123,-14.109420295883353,0.0788972779859527,-21.488331287984842,-14.118149261288192,0.06579762810088718,0.020867743837481013,0.014285080606734061,0.20177692955152413,0.20549319726714313,1566,1552
stairs_alpha,1,1705542315.8823693,1705542332.9768314,17.094462156295776,-21.57601264513146,-14.224395705358646,0.08752268715395406,-21.56046541135685,-14.233610046855102,0.07420161747874299,0.022451535906201643,0.014277999190320743,0.19748803938928536,0.20170946846815094,1509,1487
stairs_alpha,1,1705542315.8823693,1705542333.0769978,17.194628477096558,-21.652450870552297,-14.333477131654156,0.08798400082102464,-21.635337345092736,-14.342879622470399,0.07354146810940909,0.024287164065214223,0.014559227994289214,0.19655116896945435,0.20060424267064392,1477,1471
stairs_alpha,1,1705542315.8823693,1705542333.1769307,17.2945613861084,-21.72828867251801,-14.443263199830405,0.08764717873458094,-21.711373784570327,-14.453312595418101,0.07363528283234,0.024154440849166178,0.01478394688991003,0.19802485333457484,0.20285220067385515,1521,1515
stairs_alpha,1,1705542315.8823693,1705542333.2771463,17.394777059555054,-21.806537766687818,-14.555084178260834,0.08673930027461474,-21.790330985510767,-14.56506799353106,0.07628410172594124,0.021717446907105743,0.014216278143931163,0.19997398370492575,0.20483641482343923,1559,1551
stairs_alpha,1,1705542315.8823693,1705542333.3773928,17.495023488998413,-21.884061174445748,-14.66527771195371,0.08656964574878756,-21.868956165538044,-14.673967543051592,0.07526558849991971,0.020771523027866754,0.014783136461313342,0.20705485505921592,0.21072932748566311,1542,1550
stairs_alpha,1,1705542315.8823693,1705542333.477553,17.595183610916138,-21.96342953912507,-14.777317783020106,0.08139295976655458,-21.94764219851489,-14.786476598688555,0.07105174725461993,0.020977719232733553,0.014663634868371266,0.21454136913466176,0.2180784888308812,1598,1580
stairs_alpha,1,1705542315.8823693,1705542333.5777018,17.695332527160645,-22.04656545128673,-14.878359518884352,0.06799059637706462,-22.030163295661577,-14.886853856507233,0.05687983804614816,0.021555357373315,0.014446047357333692,0.21739637340247359,0.21967980850932328,1595,1573
stairs_alpha,1,1705542315.8823693,1705542333.6776989,17.795329570770264,-22.130495618259083,-14.973148765599149,0.0656314475053863,-22.115136250537,-14.982452399629238,0.053028659314438675,0.02193850617462207,0.014767880184037161,0.21458003267610923,0.21742780249544372,1585,1585
stairs_alpha,1,1705542315.8823693,1705542333.7768526,17.8944833278656,-22.216797328403892,-15.075096839049525,0.07234474501555188,-22.200990974088654,-15.083722282274369,0.06086866761064891,0.021352738938299518,0.014582398703691794,0.21227122017456035,0.21450723054183932,1568,1545
stairs_alpha,1,1705542315.8823693,1705542333.8768876,17.994518280029297,-22.298195948079915,-15.179333009714206,0.08270409266330636,-22.283478073114686,-15.18698723244787,0.07133630729519203,0.020110432947207664,0.01518653670981028,0.20650800450248089,0.20855236499020416,1640,1631
stairs_alpha,1,1705542315.8823693,1705542333.9769094,18.094540119171143,-22.377198869673727,-15.279826231274775,0.09085106490178141,-22.360392004743694,-15.290541554875539,0.08054217806830544,0.02244018753020664,0.014842718077368677,0.20148211053765958,0.20623569634403494,1616,1604
stairs_alpha,1,1705542315.8823693,1705542334.0768375,18.1944682598114,-22.456164144611407,-15.383156626747887,0.09657896921564246,-22.44131540446836,-15.392130448816665,0.08506784484459973,0.020821156323400324,0.014975246815320385,0.19695541124316274,0.20013705227564205,1615,1614
stairs_alpha,1,1705542315.8823693,1705542334.177694,18.29532480239868,-22.5370769614403,-15.489775814736845,0.10058809771173371,-22.52194429605594,-15.498936823017868,0.08923764652341126,0.021017953671527537,0.014678546472052795,0.19367632374208726,0.19622468956290687,1586,1557
stairs_alpha,1,1705542315.8823693,1705542334.277836,18.395466804504395,-22.617657000067165,-15.58982510300778,0.10531083056516355,-22.602501709404734,-15.5991614399429,0.09516518195017687,0.020488636075826374,0.014670091738482046,0.1920930892711214,0.19451138558705047,1558,1559
stairs_alpha,1,1705542315.8823693,1705542334.3771935,18.494824171066284,-22.696851866918646,-15.698376832843575,0.10603416461446158,-22.68121154495871,-15.707265175573323,0.09916765978845554,0.019255419912779338,0.015323489714308086,0.19478586604371204,0.19757567739351756,1576,1579
stairs_alpha,1,1705542315.8823693,1705542334.477523,18.59515380859375,-22.777120110034836,-15.806866170104826,0.0948227561029652,-22.76279043728382,-15.817669761262085,0.0886972489797756,0.018962566824159467,0.01462888117654831,0.19801977935484752,0.20246876488376517,1596,1601
stairs_alpha,1,1705542315.8823693,1705542334.5775902,18.695220947265625,-22.855834195533276,-15.919846837070779,0.07939222791290645,-22.841806802257913,-15.930042516940691,0.0720548836360978,0.018829664658401617,0.014531498073143405,0.2020861586909949,0.2054495578429806,1617,1619
stairs_alpha,1,1705542315.8823693,1705542334.6777205,18.795351266860962,-22.932820424648774,-16.030835307115282,0.07232743902659522,-22.918628456505047,-16.04118690853151,0.06571693410995494,0.018768760932090452,0.015189394060106309,0.2020907186373346,0.20577270652933213,1570,1549
stairs_alpha,1,1705542315.8823693,1705542334.7770376,18.894668340682983,-23.003456320624903,-16.14506197962289,0.07826953228163303,-22.98839033312924,-16.154957724721278,0.07249372860667269,0.018928012530728854,0.014177198673265856,0.20070650128773382,0.20421245665555526,1498,1468
stairs_alpha,1,1705542315.8823693,1705542334.877087,18.994717836380005,-23.06980878724979,-16.256657090566893,0.08489369612646436,-23.05441908644545,-16.266725775604503,0.07987167097957137,0.019064156047665815,0.014724527172078101,0.19985112623013368,0.20384000889261897,1541,1498
stairs_alpha,1,1705542315.8823693,1705542334.977434,19.095064640045166,-23.13274370621474,-16.368984061299205,0.08666928580145572,-23.1183730419004,-16.378014186977378,0.08073976040679132,0.01797827672511913,0.014690382963409507,0.20233955238015214,0.20560905181306297,1571,1555
stairs_alpha,1,1705542315.8823693,1705542335.0775757,19.1952064037323,-23.19482003964559,-16.481043200737112,0.08751669994204558,-23.180224067719962,-16.48885065626724,0.07927558153753289,0.018490938074253536,0.01448349063892044,0.2020456019365678,0.20368308011884342,1530,1540
stairs_alpha,1,1705542315.8823693,1705542335.172494,19.290124654769897,-23.249920491681408,-16.58360731649283,0.09304642421241371,-23.235419946790635,-16.592006724300074,0.08379560940145292,0.019141406121504553,0.014878696924214223,0.19277749309578282,0.19456339085532695,1490,1475
stairs_alpha,1,1705542315.8823693,1705542335.276718,19.394348621368408,-23.312718937093354,-16.68429631983588,0.09277521030071911,-23.297788399203426,-16.69384785143383,0.0856725594493245,0.01909451142779043,0.014960699767096583,0.1930028356601034,0.19613879475368415,1452,1457
stairs_alpha,1,1705542315.8823693,1705542335.3766608,19.49429154396057,-23.37910681349812,-16.785435293353338,0.09184194455886208,-23.362232155952224,-16.795019685149494,0.08340010682150978,0.02116315802939724,0.014307874932857616,0.1933481160495312,0.19545884324970852,1452,1460
stairs_alpha,1,1705542315.8823693,1705542335.475943,19.593573808670044,-23.444333287471082,-16.88480530801247,0.08489050869745218,-23.42784905880847,-16.894259690221826,0.07657772185743772,0.020741686590279838,0.014687360014730047,0.19048325453255818,0.19240551611585469,1390,1385
stairs_alpha,1,1705542315.8823693,1705542335.576282,19.693912744522095,-23.514907818216635,-16.984295295563108,0.0791310570516105,-23.49850543679919,-16.99463085432812,0.0726715513716496,0.020434948122709407,0.014603330141736006,0.18754651844859188,0.19068415873247876,1375,1345
stairs_alpha,1,1705542315.8823693,1705542335.6763744,19.794005155563354,-23.58182076874275,-17.086122071606557,0.08310152143055938,-23.56596781561027,-17.096761018281445,0.07531066985254031,0.02062039470239227,0.014532193048914063,0.18384295417286767,0.18743016165795934,1258,1244
stairs_alpha,1,1705542315.8823693,1705542335.7762327,19.893863439559937,-23.646511764558245,-17.184809324640757,0.08485568051598591,-23.631455190331305,-17.194375801149288,0.07715030027621306,0.01943169536811195,0.01488191236843974,0.1789533919226092,0.1820949515858828,1259,1223
stairs_alpha,1,1705542315.8823693,1705542335.8765557,19.994186401367188,-23.707684320051268,-17.28571066588825,0.08645253721841029,-23.692138996916608,-17.29560081994666,0.07975837628856353,0.01960316324511884,0.014494365935711892,0.17718386243156165,0.18076821481712843,1163,1161
stairs_alpha,2,1705542376.9793777,1705542377.0731575,0.0937798023223877,-52.14354121396776,-19.631409925043723,-2.6179266444172513,-52.15430188605852,-19.63872591916582,-2.6282212423837006,0.016592003529721438,0.001603358408711629,0.27212653373037454,0.2622479629328366,296,298
stairs_alpha,2,1705542376.9793777,1705542377.173201,0.19382333755493164,-52.103333112597106,-19.587549601096576,-2.6631462370809857,-52.110679078463725,-19.591862613520266,-2.6706620996651353,0.011360170820206262,0.0016859391209911082,0.26829993230875676,0.26231763360866944,296,291
stairs_alpha,2,1705542376.9793777,1705542377.27337,0.293992280960083,-52.07577255610744,-19.53594113778794,-2.668185350065846,-52.08019564376441,-19.53837122577551,-2.672667778549547,0.006749903492651144,0.002468772692720411,0.2618293012485198,0.25823325273343506,310,309
stairs_alpha,2,1705542376.9793777,1705542377.3736022,0.3942244052886963,-52.04038223014326,-19.47681944798526,-2.677041179318924,-52.04268285451597,-19.477465498585467,-2.6817928040853714,0.005318664475546493,0.0008170646537517841,0.25998276999590475,0.2593236726907384,320,321
stairs_alpha,2,1705542376.9793777,1705542377.4738321,0.49445438385009766,-52.00808764789315,-19.426419263796774,-2.6995320313988325,-52.00876070506669,-19.426273745756873,-2.701859229513929,0.002426938920884331,0.002253631347227398,0.2510610227247261,0.25128491967910177,331,334
stairs_alpha,2,1705542376.9793777,1705542377.5741904,0.5948126316070557,-51.97747427353508,-19.37063006785952,-2.752178955094481,-51.97751496246442,-19.368650715321202,-2.754945976783511,0.0034023375916384675,0.0016298367337384313,0.25729461124762976,0.25931404227981736,315,318
stairs_alpha,2,1705542376.9793777,1705542377.6741447,0.6947669982910156,-51.94865855462047,-19.31548963078839,-2.80884210793017,-51.94772192431205,-19.312380517765543,-2.8078142274688145,0.0034059357548753438,0.006161875082294918,0.2623472481452633,0.2648682209699623,314,315
stairs_alpha,2,1705542376.9793777,1705542377.7732332,0.7938554286956787,-51.922383155244034,-19.26636114031405,-2.825025213029265,-51.922313370591105,-19.263876787735523,-2.8262153123101226,0.002755578692492167,0.013162441859298069,0.2672784955902382,0.2693310735305829,277,286
stairs_alpha,2,1705542376.9793777,1705542377.8733883,0.8940105438232422,-51.886946938136276,-19.209751912614117,-2.8176361523774016,-51.88909049162872,-19.208714220227293,-2.8205386261807184,0.003754461511799646,0.005899409623723478,0.2718495892461826,0.27177718532968687,335,342
stairs_alpha,2,1705542376.9793777,1705542377.9737298,0.9943521022796631,-51.85222150988114,-19.15425163096148,-2.837866302360661,-51.85486572733573,-19.154177446491524,-2.8380177060265814,0.0026495872042231984,0.002785641561574809,0.27205624138489876,0.2702425743860497,310,313
stairs_alpha,2,1705542376.9793777,1705542378.073632,1.0942542552947998,-51.82485200153796,-19.10833726390192,-2.9031141839552848,-51.82969950201124,-19.110312518772755,-2.8975562501378533,0.007634822916224638,0.003367351448111614,0.26705731897722895,0.26111806725512254,281,293
stairs_alpha,2,1705542376.9793777,1705542378.1739447,1.1945669651031494,-51.7993152986394,-19.05733183930596,-2.955521747443989,-51.80474313626558,-19.06031520244628,-2.95057738789889,0.00792518569084653,0.002783030886373657,0.26305544432328654,0.25632488262923014,294,292
stairs_alpha,2,1705542376.9793777,1705542378.2734563,1.2940785884857178,-51.77674327068862,-19.002877253630363,-2.975193718906331,-51.782527309560734,-19.005649842356558,-2.970531706350229,0.007929483904518078,0.0023445427682379522,0.2627183289211972,0.25602294052022995,285,279
stairs_alpha,2,1705542376.9793777,1705542378.3736126,1.3942348957061768,-51.7464794232447,-18.945047696195555,-2.993998616007003,-51.75166507610335,-18.94677380387509,-2.991669455555442,0.005940995850939955,0.0008492910170980799,0.2599803982736932,0.25493765628059667,319,330
stairs_alpha,2,1705542376.9793777,1705542378.4740338,1.4946560859680176,-51.718451848523564,-18.885079236964845,-3.0276735926544944,-51.72270182038457,-18.886019245525617,-3.025220493737514,0.004996355792992435,0.0034382563818871996,0.2557135803266611,0.2518625722439986,299,299
stairs_alpha,2,1705542376.9793777,1705542378.5740864,1.5947086811065674,-51.689895121327964,-18.830207957520184,-3.0913827658333295,-51.692424966767845,-18.832798946780766,-3.0831352029823584,0.00900753219693701,0.003638899096813326,0.2485206793241187,0.24324182726715396,328,335
stairs_alpha,2,1705542376.9793777,1705542378.6740139,1.6946361064910889,-51.65195111854294,-18.776997213873063,-3.143787717960015,-51.65433187700241,-18.78179609582241,-3.1338962396854164,0.01124893867273679,0.001138066674409148,0.24791298625594682,0.24059629778374844,263,271
stairs_alpha,2,1705542376.9793777,1705542378.774031,1.7946531772613525,-51.615737775283,-18.729011545700217,-3.1653335069956667,-51.61779368511051,-18.73147746395311,-3.149922510511728,0.01574186553991521,0.0072939353773246,0.24004117676895922,0.23349328184497395,295,310
stairs_alpha,2,1705542376.9793777,1705542378.8739183,1.894540548324585,-51.57516605765165,-18.67994138506944,-3.1904894912959914,-51.57728650333115,-18.68077633964433,-3.1755569954301954,0.01510539214333268,0.005123423618885691,0.23443412229193308,0.22975834604499382,336,334
stairs_alpha,2,1705542376.9793777,1705542378.9741929,1.9948151111602783,-51.526600804664206,-18.6310555761869,-3.2318097686304164,-51.528071491300516,-18.62629064087964,-3.2137336159312215,0.018751395256599145,0.009304408555702616,0.22664118586283138,0.22584115133528374,305,307
stairs_alpha,2,1705542376.9793777,1705542379.0733392,2.093961477279663,-51.47789362988551,-18.58317999037197,-3.277549922216685,-51.47627818141605,-18.565159676364676,-3.2702474553300007,0.019510699969762655,0.02011489344983274,0.2135641696666014,0.22701697152149394,306,298
stairs_alpha,2,1705542376.9793777,1705542379.1733768,2.1939990520477295,-51.431112312806334,-18.529427216330472,-3.2940369970901853,-51.43082882570058,-18.512672433599704,-3.287475219374879,0.017996111693348082,0.026593773205530233,0.21812300925432093,0.2298677011870763,333,317
stairs_alpha,2,1705542376.9793777,1705542379.2735872,2.2942094802856445,-51.38433442577147,-18.481967922403214,-3.2874243091792033,-51.382869674447015,-18.460521160173023,-3.297968911274444,0.023943636731870888,0.025189025332887437,0.20818103136227484,0.22772749902921216,360,347
stairs_alpha,2,1705542376.9793777,1705542379.3735907,2.3942129611968994,-51.33837797571567,-18.409739917472894,-3.3343629834497133,-51.33378542804201,-18.40029284571908,-3.3463004422627427,0.015900993106386284,0.025732353421687875,0.2198587050875776,0.23277344221011037,417,404
stairs_alpha,2,1705542376.9793777,1705542379.4736576,2.4942798614501953,-51.30154948469781,-18.35006536172753,-3.4001914478789503,-51.291471179631266,-18.33763453089346,-3.390506079323139,0.01870572512097485,0.02473927295471277,0.21869694792814628,0.2317280418851486,430,413
stairs_alpha,2,1705542376.9793777,1705542379.5734208,2.594043016433716,-51.25831782908274,-18.30293869691948,-3.450726174637693,-51.24504146293144,-18.275062552275692,-3.448081863250723,0.030989251702744917,0.027372664567399927,0.21467656517920553,0.24328080060730273,415,391
stairs_alpha,2,1705542376.9793777,1705542379.6732287,2.6938509941101074,-51.20502239224289,-18.2519400485125,-3.489799614278652,-51.18952189274367,-18.225249620399488,-3.489916646512472,0.030865160523230514,0.023121868118598787,0.2113532379904632,0.2404740197077015,443,441
stairs_alpha,2,1705542376.9793777,1705542379.7735488,2.794171094894409,-51.145726187307474,-18.21295697577093,-3.543497744656536,-51.1322181968382,-18.17159427242942,-3.5545810220151846,0.04490187157841354,0.021486683606012157,0.19958824353707075,0.24026964639383944,482,481
stairs_alpha,2,1705542376.9793777,1705542379.8733466,2.8939688205718994,-51.08978243688687,-18.16507488893065,-3.5982371868029563,-51.076178964996245,-18.12731710381587,-3.6375674523064867,0.05619229990693774,0.01896746870785575,0.1898268058861947,0.23786939626721212,495,479
stairs_alpha,2,1705542376.9793777,1705542379.9732947,2.9939169883728027,-51.02542218095546,-18.116450091189513,-3.6338767042028,-51.01249061963655,-18.075919577747197,-3.6829474107749234,0.06494522339271702,0.014473718027042686,0.18363946966062658,0.23894443381232516,539,468
stairs_alpha,2,1705542376.9793777,1705542380.07405,3.094672203063965,-50.95999726551067,-18.068130893811613,-3.6611486103963116,-50.94998062015014,-18.03478528836633,-3.720292114008713,0.06863101781513435,0.009077317009117208,0.18276892267047326,0.24091010613020525,517,503
stairs_alpha,2,1705542376.9793777,1705542380.168923,3.189545154571533,-50.88970019753305,-18.019772070850856,-3.701984055543549,-50.88334582978432,-17.9904595426903,-3.767220085340445,0.07180070946941317,0.00841721186612222,0.17133018610796588,0.2306816959951426,512,514
stairs_alpha,2,1705542376.9793777,1705542380.2723825,3.2930047512054443,-50.815988604240545,-17.97045591110639,-3.7583627007946694,-50.81014549631354,-17.95299940833347,-3.8235292771451306,0.06771671929847312,0.0028395194579876365,0.1588513996488662,0.21420171633917878,479,465
stairs_alpha,2,1705542376.9793777,1705542380.3731663,3.3937885761260986,-50.74750220209754,-17.923643696874343,-3.792620329638398,-50.74052698620528,-17.91221414373873,-3.8547887861154595,0.06359406656570862,0.0026090922065720727,0.16025400480466245,0.2146088575601876,406,406
stairs_alpha,2,1705542376.9793777,1705542380.4724972,3.493119478225708,-50.673002168860066,-17.883861990804217,-3.7977214159937205,-50.66487679700069,-17.87614067985701,-3.8663868961252565,0.06957433774238188,0.007335307004962202,0.1602307114739189,0.22264172563722692,356,354
stairs_alpha,2,1705542376.9793777,1705542380.5725343,3.593156576156616,-50.593646761830534,-17.84884039923434,-3.809661244610775,-50.58557708707511,-17.845071051675966,-3.87149322575756,0.06247016507270126,0.0060147533893891835,0.16568061242598642,0.22332021582125042,349,335
stairs_alpha,2,1705542376.9793777,1705542380.6726332,3.6932554244995117,-50.51016436856645,-17.82257743926423,-3.8312344505147853,-50.50652673671078,-17.82350506502382,-3.8903047474743317,0.059189465599515496,0.010633764626882725,0.17146560490597604,0.22451320184784682,332,324
stairs_alpha,2,1705542376.9793777,1705542380.7726624,3.7932846546173096,-50.41791357623031,-17.810951505364525,-3.8315888067104282,-50.418154975741345,-17.813160019073308,-3.9013804258861775,0.06982697124821201,0.012578074925866515,0.16717670095902104,0.2267650063235873,300,314
stairs_alpha,2,1705542376.9793777,1705542380.8727434,3.8933656215667725,-50.32066894189507,-17.80899379057391,-3.811327229688735,-50.3183399419898,-17.807739447690793,-3.8839391231604683,0.07266006255280498,0.0018138604260213493,0.1627511655686221,0.22404527203941962,276,276
stairs_alpha,2,1705542376.9793777,1705542380.973045,3.9936673641204834,-50.22818388450354,-17.812539328768022,-3.7944349307889,-50.224155169229775,-17.808205411157285,-3.8661463224025576,0.0719551045846023,0.005388938013686314,0.16474735930065706,0.22554877258590206,305,305
stairs_alpha,2,1705542376.9793777,1705542381.072549,4.0931713581085205,-50.143326229077495,-17.826137854246667,-3.7911098779962593,-50.136061975905605,-17.814923302323248,-3.847713061324598,0.05815888506402016,0.004536328380066512,0.16506405531892152,0.2169844314455813,303,309
stairs_alpha,2,1705542376.9793777,1705542381.172842,4.193464279174805,-50.05280085464674,-17.847747302929772,-3.7867031693705293,-50.04671077041658,-17.840975055896784,-3.8389901490505753,0.05307429415326963,0.001140722071429829,0.15820783384081147,0.20510905405619284,318,317
stairs_alpha,2,1705542376.9793777,1705542381.272641,4.29326319694519,-49.96245332761453,-17.877397351081793,-3.785911443826212,-49.96007530994503,-17.869244886612194,-3.828698569221714,0.043621734772644694,0.003453504950281539,0.15367110896440245,0.19127893753778463,341,336
stairs_alpha,2,1705542376.9793777,1705542381.3725803,4.393202543258667,-49.8808317518387,-17.907086669289317,-3.789122480770104,-49.88085002261949,-17.898199937586735,-3.8253299285038564,0.037282081561623014,0.0028382396888058242,0.15747290469779285,0.1895860365922283,332,344
stairs_alpha,2,1705542376.9793777,1705542381.472878,4.493500232696533,-49.806555377152065,-17.940675675558897,-3.77750887128682,-49.808090113537055,-17.932953468154167,-3.8170199082501086,0.04028783867232662,0.0021211048596167727,0.15452775907016897,0.18976137385860767,390,391
stairs_alpha,2,1705542376.9793777,1705542381.5632915,4.583913803100586,-49.75981783759742,-17.994344288269904,-3.779736544248089,-49.75996776679973,-17.986567007501552,-3.8216323188078234,0.04261178828535085,0.0021559581856720115,0.141723644314443,0.1818710259101515,396,398
stairs_alpha,2,1705542376.9793777,1705542381.6623135,4.68293571472168,-49.71807481240631,-18.070998348714664,-3.797043352223115,-49.717007606991515,-18.058797747066464,-3.837386498802905,0.0421611561029088,0.001246602702439808,0.13972057438911548,0.17930440909411696,416,410
stairs_alpha,2,1705542376.9793777,1705542381.7624085,4.78303074836731,-49.67591864894368,-18.15310723992267,-3.813253569134305,-49.674236784548064,-18.139956845594433,-3.8571322574416707,0.0458377663767364,0.0025822755960365337,0.1417830382601295,0.18534477557940393,366,378
stairs_alpha,2,1705542376.9793777,1705542381.8631997,4.883821964263916,-49.64177646060694,-18.25495769307785,-3.8173327803109007,-49.638624926082414,-18.240195647785633,-3.8594141248703715,0.044706707673475635,0.002461836236503583,0.14001540614765146,0.1815735631450254,387,383
stairs_alpha,2,1705542376.9793777,1705542381.9624612,4.983083486557007,-49.614210761303895,-18.355700248893207,-3.812445192319037,-49.61241142178022,-18.34099826992308,-3.8547795750819938,0.04485070537104214,0.0025861274196869355,0.13356562813753897,0.1753502256993865,334,336
stairs_alpha,2,1705542376.9793777,1705542382.0527537,5.073375940322876,-49.59725958750319,-18.45359360214528,-3.8102479875664854,-49.59430865605963,-18.437851536402384,-3.850872348450198,0.04366760043153633,0.003214312012346655,0.13817693935605377,0.17855887163262416,295,289
stairs_alpha,2,1705542376.9793777,1705542382.15284,5.173462152481079,-49.59086351555838,-18.55869158181017,-3.8105236884550746,-49.58726225583313,-18.54193626383913,-3.850134154685646,0.043158994276078486,0.0035107383436340407,0.12825016652695231,0.16677649339644518,276,277
stairs_alpha,2,1705542376.9793777,1705542382.253097,5.273719310760498,-49.59099291717316,-18.67254330677522,-3.8213464772626757,-49.588894573059996,-18.658450471112122,-3.85505673178695,0.03659770928809247,0.0014969135236442756,0.12393364798598225,0.15553243944848869,291,299
stairs_alpha,2,1705542376.9793777,1705542382.3731422,5.393764495849609,-49.603119701434686,-18.817241021233727,-3.828774352345676,-49.6004766737294,-18.80354194794286,-3.8610273050748782,0.03514118899854648,0.001860458049389001,0.11792908643954583,0.14225470008444344,301,307
stairs_alpha,2,1705542376.9793777,1705542382.4731436,5.493765830993652,-49.6209757031916,-18.92056937167353,-3.8237557385479954,-49.61710603492975,-18.906167561332865,-3.857406992714779,0.036807517989436836,0.001458931866074931,0.11094843147259142,0.13506319102141418,332,341
stairs_alpha,2,1705542376.9793777,1705542382.573147,5.593769311904907,-49.645366809254185,-19.01795597932949,-3.818445844248289,-49.63791320209075,-19.005800605053995,-3.853586004318789,0.037922819427153365,0.0009908095280078265,0.11331836783417921,0.13883868261058452,356,355
stairs_alpha,2,1705542376.9793777,1705542382.6731024,5.693724632263184,-49.67764509307409,-19.111141984586716,-3.829545059824054,-49.668862704347,-19.096655461986938,-3.8572718735948746,0.032492551310560225,0.000843478420662482,0.12157154755565165,0.1375944708770133,412,390
stairs_alpha,2,1705542376.9793777,1705542382.7733946,5.7940168380737305,-49.712975838197686,-19.20103292324185,-3.8378490840992385,-49.705678897280805,-19.18634569810779,-3.8602929051719324,0.027797212688076063,0.0016970738134374189,0.12695925763742238,0.13583313445366002,375,379
stairs_alpha,2,1705542376.9793777,1705542382.872521,5.893143177032471,-49.7552954182072,-19.29374116887358,-3.8485832502223043,-49.74905400971257,-19.276960335321338,-3.8709096246200954,0.02861850010841223,0.0011179235959620742,0.12868068588954265,0.1337981456556425,401,392
stairs_alpha,2,1705542376.9793777,1705542382.9725606,5.993182897567749,-49.79371749591719,-19.373729481051924,-3.8439400541337547,-49.78356139847054,-19.361009384656757,-3.863781401961748,0.025663714682011212,0.0009780829789396278,0.12887242723082784,0.13206240781484713,439,435
stairs_alpha,2,1705542376.9793777,1705542383.0730748,6.0936970710754395,-49.830723481387906,-19.453721487444497,-3.8255916341482403,-49.82250639212058,-19.44162475784069,-3.843171296096937,0.02286691796822018,0.0020039311104702155,0.128317566328514,0.12973338379688504,444,431
stairs_alpha,2,1705542376.9793777,1705542383.1729224,6.193544626235962,-49.86413897656719,-19.53017758065,-3.8320473255169434,-49.857091109405445,-19.518454273957218,-3.85401701597923,0.02588002415669958,0.00046135711262842305,0.11946512537179257,0.12236459486206443,443,442
stairs_alpha,2,1705542376.9793777,1705542383.273113,6.2937352657318115,-49.88861275672227,-19.607837459188787,-3.8633195299074568,-49.88285260428543,-19.60053963454674,-3.8785377167138866,0.017833418356473573,0.0004682395058000073,0.11413669071487823,0.11276363488938879,450,442
stairs_alpha,2,1705542376.9793777,1705542383.3730826,6.393704891204834,-49.902213490268885,-19.680016324912053,-3.9111965796086308,-49.897932915932365,-19.67449810386577,-3.9256912507011235,0.016089424173837328,0.0010274628058797993,0.10593404248081575,0.10321406051312977,441,430
stairs_alpha,2,1705542376.9793777,1705542383.4730098,6.493632078170776,-49.917281134857674,-19.74731042467841,-3.9485546056718897,-49.912936408789854,-19.743887808525887,-3.962470138438891,0.014974411444908499,0.0008870136904155821,0.09791887256927981,0.09344497686127948,384,388
stairs_alpha,2,1705542376.9793777,1705542383.5729082,6.5935304164886475,-49.93652666759508,-19.804601111546077,-3.9702623580737657,-49.9318678519627,-19.801706127769172,-3.982615706115471,0.01351631244106816,0.000778354226286837,0.09603016867182239,0.09112714119282059,380,391
stairs_alpha,2,1705542376.9793777,1705542383.6728747,6.693496942520142,-49.9611447121604,-19.85422090768881,-3.9838230187428896,-49.95691646653989,-19.853864471128762,-3.9986722807873614,0.015443629473478408,0.000572326642573139,0.09322873088335436,0.08765275782206808,381,388
stairs_alpha,2,1705542376.9793777,1705542383.7726235,6.793245792388916,-49.98961708484711,-19.906466524659024,-4.019211155004944,-49.98578110070293,-19.9066110619423,-4.03382477000801,0.015109381484313206,0.0004419068344256864,0.0910039429676302,0.08434486069702783,336,339
stairs_alpha,2,1705542376.9793777,1705542383.872754,6.893376350402832,-50.02442139142307,-19.959729090249933,-4.062424240337344,-50.021345188451384,-19.95978491813369,-4.075861956012588,0.013785439566597179,0.0019756045506031153,0.0901903516256558,0.08240386743628923,355,358
stairs_alpha,2,1705542376.9793777,1705542383.9724262,6.993048429489136,-50.05333069319669,-20.012114632698953,-4.091008301980883,-50.04832528973406,-20.013379491878954,-4.10832396646064,0.018068928273267077,0.001448116363220182,0.07884969871453348,0.06970256478027702,337,335
stairs_alpha,2,1705542376.9793777,1705542384.072576,7.093198299407959,-50.085172153748985,-20.059109793421424,-4.103202237722126,-50.08187487083808,-20.055739286862586,-4.124300524504607,0.021618744048013727,0.0005641666266409635,0.07202680277545517,0.06276607041853122,299,285
stairs_alpha,2,1705542376.9793777,1705542384.1729643,7.193586587905884,-50.122434957219184,-20.112152931997045,-4.133088887139699,-50.118963263695626,-20.10680047742759,-4.152580227658145,0.020508870789138874,0.0004844158730196598,0.06527739339195701,0.05702617070002669,314,324
stairs_alpha,2,1705542376.9793777,1705542384.2724795,7.293101787567139,-50.15584987528769,-20.166785345559642,-4.185541347872785,-50.150756307173815,-20.16102591251551,-4.2051982172451625,0.02110706087173834,0.0006288492440943035,0.0621752057938412,0.053797771458587426,327,351
stairs_alpha,2,1705542376.9793777,1705542384.372806,7.393428325653076,-50.18498077935221,-20.219613714231315,-4.24220304714325,-50.18008092598169,-20.214237861103133,-4.260819691648902,0.019987191212328587,0.0006832837969254296,0.061035980705919944,0.056674031151131274,329,323
stairs_alpha,2,1705542376.9793777,1705542384.4727054,7.493327617645264,-50.22206884586003,-20.269377208632783,-4.273027226909678,-50.21696820689226,-20.263498906817986,-4.290953925201165,0.019543220352320496,0.0010829017092973208,0.06588574197306035,0.060870271136182534,320,325
stairs_alpha,2,1705542376.9793777,1705542384.5729146,7.593536853790283,-50.26122446475671,-20.325943374865744,-4.310687099313938,-50.258654906862354,-20.31919174412259,-4.326346532735152,0.0172454341939471,0.000282267707474711,0.07172242190082928,0.07082733468849443,342,344
stairs_alpha,2,1705542376.9793777,1705542384.6730204,7.693642616271973,-50.30028367427676,-20.388592150970315,-4.356613990484067,-50.29719749732747,-20.379906842651486,-4.376439921927463,0.02186382003113166,0.003772876815885952,0.07740404451832332,0.07515757119110497,325,321
stairs_alpha,2,1705542376.9793777,1705542384.7730258,7.79364800453186,-50.34325003311897,-20.438205881987166,-4.4064737747734934,-50.33797374249726,-20.43078988251631,-4.422945077746537,0.01881861080170966,0.0034366366464622976,0.07609420144751874,0.07259125775975392,318,315
stairs_alpha,2,1705542376.9793777,1705542384.8726645,7.89328670501709,-50.383728616881825,-20.493853416794316,-4.423331999583196,-50.3766518571546,-20.48499081495186,-4.440395609538973,0.020488851221522365,0.0004981354127006827,0.07771934367500283,0.0730644570509021,313,319
stairs_alpha,2,1705542376.9793777,1705542384.9726126,7.993234872817993,-50.42041234486061,-20.56026133901936,-4.42630315535709,-50.410333569474744,-20.550732955297438,-4.446159220676461,0.024220552008532046,0.0009157989670983391,0.07976645370198031,0.07281143320512698,317,327
stairs_alpha,2,1705542376.9793777,1705542385.0725982,8.093220472335815,-50.45616630690087,-20.623380027490235,-4.450624852629753,-50.446740755095334,-20.611637813492464,-4.472907239512294,0.026892850008719528,0.00024061724973233138,0.08204580449393258,0.0735071776720149,320,319
stairs_alpha,2,1705542376.9793777,1705542385.1726146,8.193236827850342,-50.487135604760105,-20.687017348743364,-4.4942286323998,-50.478385912819405,-20.676425893587886,-4.518002409527348,0.02745775865357526,0.0032780558874152496,0.0846857348931951,0.07683616468737779,309,310
stairs_alpha,2,1705542376.9793777,1705542385.2726998,8.293322086334229,-50.51632986965395,-20.748715180444904,-4.5405732627199145,-50.50752951847381,-20.740859302135494,-4.561378758728237,0.023917141740985963,0.0022984899024430855,0.08850128395060924,0.0814195719118577,317,312
stairs_alpha,2,1705542376.9793777,1705542385.372625,8.393247365951538,-50.54831879717276,-20.80453651004246,-4.574048254509976,-50.54241548229356,-20.798549796560334,-4.596649644337288,0.02411457416182479,0.0009590605468599464,0.09204558634660281,0.09072084940533116,340,341
stairs_alpha,2,1705542376.9793777,1705542385.4724886,8.49311089515686,-50.587129372987164,-20.862754348038546,-4.605849375900855,-50.58203209604906,-20.859943723826685,-4.632544212247447,0.02732208133022324,0.0014764370776314975,0.09104466358419809,0.09226490579482083,329,330
stairs_alpha,2,1705542376.9793777,1705542385.572909,8.593531370162964,-50.627597266829426,-20.918482673819515,-4.656180908170837,-50.62170071036838,-20.9160881608567,-4.680537363710553,0.025174193073176553,0.0016042692653567229,0.09066296882539986,0.09150968130766728,306,314
stairs_alpha,2,1705542376.9793777,1705542385.6726727,8.693295001983643,-50.66904123368124,-20.965620023595147,-4.691765481602315,-50.66410276419172,-20.96323163865389,-4.715330495843742,0.024195097844919765,0.0008150806005111239,0.08904158104508055,0.08899649805202096,294,292
stairs_alpha,2,1705542376.9793777,1705542385.77278,8.793402194976807,-50.70642414204725,-21.01470043760687,-4.7101113370486996,-50.70186610429666,-21.012956815120663,-4.730979066433284,0.0214307736019588,0.0004752918823491794,0.08620916155994604,0.08443586155184736,280,287
stairs_alpha,2,1705542376.9793777,1705542385.8724663,8.893088579177856,-50.75109591331559,-21.074651704953254,-4.729619718193512,-50.74680565559766,-21.069805725964372,-4.751749182760071,0.023056518072976855,0.00041848964390274934,0.08645732042456299,0.08145412555403336,299,306
stairs_alpha,2,1705542376.9793777,1705542385.9728749,8.993497133255005,-50.799865219197514,-21.129904714391042,-4.7662572420874225,-50.79541076977497,-21.124972808684753,-4.786410073521452,0.02122033054318816,0.0012286077030038169,0.09196909227334306,0.08384895246408246,297,294
stairs_alpha,2,1705542376.9793777,1705542386.0733783,9.094000577926636,-50.84799638907144,-21.18812917142892,-4.809398902686646,-50.842784351699066,-21.183181580807364,-4.831368268815181,0.023114866095635025,0.0009020883850424546,0.1005613928186931,0.08951591676763819,333,326
stairs_alpha,2,1705542376.9793777,1705542386.1727812,9.193403482437134,-50.89495611291939,-21.246227004630565,-4.845756967681232,-50.889191985476295,-21.24071665282851,-4.866746423525052,0.02245320464393294,0.0006986126629040947,0.10623915658456747,0.09526274598961991,327,321
stairs_alpha,2,1705542376.9793777,1705542386.2727976,9.29341983795166,-50.938928170656204,-21.303125250635965,-4.874012084278973,-50.93319054469843,-21.29687180998357,-4.894226396260594,0.021923600993328872,0.0003251426915714921,0.11159993764925208,0.09990499577938473,346,349
stairs_alpha,2,1705542376.9793777,1705542386.3734236,9.39404582977295,-50.987010288069406,-21.35801835974326,-4.9140992730760935,-50.98121184102138,-21.34956866165341,-4.937155200588978,0.02523083786674085,0.0019833664065263728,0.11748194141436383,0.10582104245832832,329,337
stairs_alpha,2,1705542376.9793777,1705542386.473459,9.494081258773804,-51.03683422038067,-21.41315859414227,-4.9671645531551265,-51.03111643311088,-21.40330377185142,-4.9906928659247916,0.026141769554373872,0.0010992792194092428,0.11829386641276202,0.10626134721777211,287,297
stairs_alpha,2,1705542376.9793777,1705542386.5726194,9.593241691589355,-51.08026372362439,-21.46675095914457,-5.001765291211573,-51.07617602105456,-21.45730432185265,-5.026430028513835,0.026726345328422996,0.0009182797570778579,0.11967838540864364,0.10659922970189592,311,318
stairs_alpha,2,1705542376.9793777,1705542386.6725903,9.693212509155273,-51.11912396382154,-21.51931773299654,-5.027016185110094,-51.116269923396885,-21.5121034428954,-5.049636741442291,0.02391403556882625,0.0010759954513351118,0.11191092032595458,0.10140915420059442,323,319
stairs_alpha,2,1705542376.9793777,1705542386.7725956,9.793217897415161,-51.16710078663272,-21.578894118514828,-5.050944800886541,-51.165485771506326,-21.571976203271234,-5.072794687887291,0.02297571298396589,0.0009329811437554405,0.10840799800392438,0.10125845014391269,329,319
stairs_alpha,2,1705542376.9793777,1705542386.872546,9.893168210983276,-51.21045203263286,-21.643023107478875,-5.089603457306987,-51.20943183340077,-21.637830912030413,-5.1138244972276725,0.024792306768181314,0.0006214240694731238,0.10842331371543115,0.10232544471083159,329,344
stairs_alpha,2,1705542376.9793777,1705542386.9728878,9.993510007858276,-51.253466930856625,-21.705784050591017,-5.131228732662591,-51.25329635964444,-21.699940652523715,-5.159621447241226,0.028988284472441506,0.0011812083875654277,0.11298203824026432,0.10438289997969509,337,350
stairs_alpha,2,1705542376.9793777,1705542387.073329,10.093951225280762,-51.29590545476284,-21.765521799552037,-5.172865337418551,-51.2965481253369,-21.76087026660993,-5.199352686405389,0.026900361345692066,0.0016008561449516595,0.11432440705201868,0.10652840666747684,284,283
stairs_alpha,2,1705542376.9793777,1705542387.17325,10.193872213363647,-51.35139934073324,-21.84001030112746,-5.199191704620849,-51.349819764952095,-21.83285936825331,-5.229014173652313,0.030708477001499847,0.003195047645041749,0.12309040596695832,0.11077317283067979,335,336
stairs_alpha,2,1705542376.9793777,1705542387.2733057,10.293927907943726,-51.40776406729071,-21.907416290513186,-5.243792580542398,-51.40811524243743,-21.900005567624415,-5.27945138290277,0.03642241512439672,0.0023343968763424377,0.1245116644334094,0.11365403853993479,355,358
stairs_alpha,2,1705542376.9793777,1705542387.3733807,10.394002914428711,-51.46686992803446,-21.972373890356565,-5.2892825256379234,-51.466097385649114,-21.963821168334846,-5.324900240442672,0.03663833352692759,0.002086893940535142,0.1272311421964047,0.11390355450995297,368,368
stairs_alpha,2,1705542376.9793777,1705542387.4736445,10.494266748428345,-51.525491555859254,-22.035516258629087,-5.325059659427825,-51.52406914640802,-22.023987840267587,-5.363004091982084,0.03968258611065431,0.0024527967869042546,0.13103602902212141,0.11650006438701094,359,359
stairs_alpha,2,1705542376.9793777,1705542387.5727072,10.593329429626465,-51.592410261645874,-22.102189661675215,-5.353142407002918,-51.58988584245933,-22.08982910006851,-5.392300521632026,0.041140176430940825,0.0023119100746928274,0.13993633755717283,0.12369187033493546,393,392
stairs_alpha,2,1705542376.9793777,1705542387.672686,10.693308353424072,-51.657748963588084,-22.163353541239584,-5.405097105260543,-51.65395925830463,-22.14919119071333,-5.445305701950936,0.04279795890430452,0.002053159774692704,0.14726199134822637,0.1286841146393713,365,367
stairs_alpha,2,1705542376.9793777,1705542387.772929,10.793551206588745,-51.71180580201885,-22.2106337010022,-5.4854371979759415,-51.70656350833774,-22.192672267638404,-5.5232735788097544,0.04221002779106553,0.0015647113279513396,0.14222764735775767,0.12320382763182328,301,298
stairs_alpha,2,1705542376.9793777,1705542387.8730335,10.893655776977539,-51.774460667017166,-22.254827232498798,-5.543432572318407,-51.770801279331344,-22.238908500230334,-5.579992112536799,0.04004244168692033,0.004823774493661441,0.13898507774622995,0.12122022041605808,264,268
stairs_alpha,2,1705542376.9793777,1705542387.973224,10.99384617805481,-51.85711395523688,-22.30502847905497,-5.592312857902214,-51.8548216277752,-22.289146301925594,-5.625418228659881,0.03678945349639079,0.0017639589329953625,0.13401084471095634,0.11786950145428703,267,271
stairs_alpha,2,1705542376.9793777,1705542388.0732563,11.093878507614136,-51.94866717824183,-22.347223249567183,-5.6238267352107405,-51.94717321123697,-22.33289781058548,-5.658130126657706,0.037204472905739285,0.009858175457169936,0.11320017167491804,0.10292435224614128,280,275
stairs_alpha,2,1705542376.9793777,1705542388.173497,11.194119215011597,-52.03513762559368,-22.37341809074512,-5.636079662812544,-52.03200530423346,-22.355710186715896,-5.678113024787821,0.04571853914066519,0.014609618928100788,0.09739576472169921,0.0932542142454815,255,251
stairs_alpha,2,1705542376.9793777,1705542388.2728596,11.293481826782227,-52.12629354168462,-22.3928233293082,-5.632889579930812,-52.12072150957326,-22.37721509839066,-5.67848556854919,0.048514519396903315,0.012614298279094814,0.08583265570885273,0.09011210692364485,286,292
stairs_alpha,2,1705542376.9793777,1705542388.373152,11.393774271011353,-52.22697698924873,-22.403706953007774,-5.644597677470405,-52.21895538363985,-22.390942574013916,-5.684138232490713,0.042317029892907684,0.010172727368479224,0.09141217337732861,0.0978784593006938,316,324
stairs_alpha,2,1705542376.9793777,1705542388.4732347,11.49385690689087,-52.32574541327456,-22.404784223218254,-5.669837440119146,-52.31340865074983,-22.392649614015912,-5.688398653678105,0.02537642801630053,0.010941017681904286,0.08814597175445468,0.0941581342440187,308,293
stairs_alpha,2,1705542376.9793777,1705542388.5727217,11.59334397315979,-52.42184680653719,-22.39231751957547,-5.677969490278113,-52.41074253667957,-22.37915105317981,-5.6977223796051035,0.026207580643454693,0.009876878774004085,0.092295481019781,0.10133391614181514,282,298
stairs_alpha,2,1705542376.9793777,1705542388.6727674,11.693389654159546,-52.514692991495465,-22.36846361042727,-5.667863824822847,-52.50621924551551,-22.360354408920628,-5.673675436935654,0.013089627777666549,0.0029558028045996764,0.11190803648067178,0.11745295759177404,355,349
stairs_alpha,2,1705542376.9793777,1705542388.7636204,11.784242630004883,-52.59935884222558,-22.329254242840232,-5.65946250360294,-52.59214907504426,-22.322697971185015,-5.665467892665494,0.011446839678200158,0.0032128292210931273,0.1222374210645169,0.12682320364235694,349,359
stairs_alpha,2,1705542376.9793777,1705542388.8627121,11.883334398269653,-52.681252561874686,-22.281032645619774,-5.674367638277669,-52.67757737368455,-22.27212304313542,-5.677072132668121,0.010010110617277319,0.0029555139899408284,0.13839639243157714,0.1457827991863997,334,348
stairs_alpha,2,1705542376.9793777,1705542388.963008,11.983630180358887,-52.76468945575097,-22.226571549294356,-5.685697468773885,-52.764469147653614,-22.216144988998956,-5.6828460048286376,0.010811685432087789,0.004683723941843584,0.14555387320550456,0.15416225325955316,341,340
stairs_alpha,2,1705542376.9793777,1705542389.0535815,12.074203729629517,-52.83668153503737,-22.164096963392595,-5.695941541331879,-52.83764874227465,-22.15714711151,-5.691788197566331,0.008153906760852623,0.0031507575700655,0.15016478135631967,0.1557516926101669,341,355
stairs_alpha,2,1705542376.9793777,1705542389.1528432,12.173465490341187,-52.90063707197424,-22.09591993054837,-5.696861942451862,-52.90542430531924,-22.09230973466435,-5.690188368763006,0.008971493922476823,0.0009090513150834866,0.16007085823397957,0.16342166903669272,346,348
stairs_alpha,2,1705542376.9793777,1705542389.2519124,12.272534608840942,-52.95262402827679,-22.037207908337034,-5.693618330354648,-52.95635958242491,-22.03440245711549,-5.684255424671514,0.010463695531755463,0.004567416236042362,0.1622757780684738,0.16377339501326782,347,342
stairs_alpha,2,1705542376.9793777,1705542389.351743,12.372365236282349,-52.99260553640544,-21.97081153709293,-5.693732833986382,-52.996751722536565,-21.969441982133404,-5.6858652467223285,0.008998081438761418,0.005202682777868521,0.17064501916355695,0.1711423548434031,346,350
stairs_alpha,2,1705542376.9793777,1705542389.4524953,12.473117589950562,-53.02910075208788,-21.908861722086648,-5.695451869341912,-53.028952037710404,-21.901529337421543,-5.692231190782043,0.008009915806619387,0.004914357264133499,0.17612696158275196,0.1828212160667995,355,356
stairs_alpha,2,1705542376.9793777,1705542389.541702,12.562324285507202,-53.063187104932915,-21.85032340215064,-5.700704728380956,-53.06039305448231,-21.84050081414161,-5.698867444192655,0.01037620192094552,0.0010437683877303665,0.1774762871983174,0.18709401640705708,363,362
stairs_alpha,2,1705542376.9793777,1705542389.6417165,12.662338733673096,-53.09033477751849,-21.79537010770603,-5.6937746419205375,-53.08521909625221,-21.78631755478913,-5.698376980975877,0.011371034865473337,0.001026069476254686,0.17572426805544877,0.1857946340490222,382,384
stairs_alpha,2,1705542376.9793777,1705542389.7417943,12.76241660118103,-53.10894947378661,-21.738850884602655,-5.692659923707602,-53.10637547188508,-21.72638828393005,-5.709967769986111,0.02148263121953223,0.00847979079504066,0.16664812894845069,0.1806776568480008,338,342
stairs_alpha,2,1705542376.9793777,1705542389.8416328,12.862255096435547,-53.12339011441177,-21.677919725183525,-5.7044810156327515,-53.1215413051824,-21.665777436619354,-5.715545358694489,0.01653096955807549,0.00814475712201729,0.16032408291251052,0.17335930679022213,298,312
stairs_alpha,2,1705542376.9793777,1705542389.972081,12.992703199386597,-53.11983906590185,-21.579924775312442,-5.729215939445549,-53.121814350701,-21.579277112495827,-5.737720150937723,0.008754589097462679,0.000953695532818079,0.17727040735500005,0.178350730034329,325,318
stairs_alpha,2,1705542376.9793777,1705542390.0722644,13.092886686325073,-53.111349678690864,-21.503721188503295,-5.7291886554963245,-53.11768163093624,-21.50108749716692,-5.732026701958975,0.007421890393772197,0.01119485612271464,0.17346172463367665,0.1731672583848095,327,338
stairs_alpha,2,1705542376.9793777,1705542390.1721265,13.192748785018921,-53.095631536495944,-21.42510027179889,-5.719649941617778,-53.10341962362466,-21.42227913033728,-5.724893611033269,0.009803530446214112,0.002417090446572927,0.15831968620683431,0.15652504515627266,297,306
stairs_alpha,2,1705542376.9793777,1705542390.2717376,13.292359828948975,-53.07410930299895,-21.338910077809064,-5.709283352213598,-53.081314735077164,-21.338326074287547,-5.713356651224362,0.008297654872192141,0.0018810247768417093,0.15741435143233334,0.1535353132326485,300,306
stairs_alpha,2,1705542376.9793777,1705542390.3722582,13.3928804397583,-53.04960671128699,-21.255895058338503,-5.707012022036036,-53.05608856745156,-21.253717287027527,-5.719529759919543,0.014263621873187164,0.00936045561929129,0.1487264430260468,0.1450411534889665,297,311
stairs_alpha,2,1705542376.9793777,1705542390.4725506,13.493172883987427,-53.028653845820244,-21.165935215364765,-5.699346382876447,-53.035518107065585,-21.162941274891434,-5.709036235604865,0.012246428373225829,0.0035326214012270183,0.1460709471970905,0.14227388147524925,321,332
stairs_alpha,2,1705542376.9793777,1705542390.5725288,13.593151092529297,-52.994557585891954,-21.080244681412488,-5.704060507235663,-53.004567431169086,-21.077704957021133,-5.710578417990952,0.012211894327665552,0.001551771479762323,0.14886621580420697,0.14278695681779102,350,346
stairs_alpha,2,1705542376.9793777,1705542390.671825,13.692447185516357,-52.96064047624026,-20.992755762469827,-5.701124174888164,-52.9710240994811,-20.98899435137402,-5.698712481267914,0.011304163443498914,0.009352557412214834,0.1524777723141801,0.1483580717477806,338,341
stairs_alpha,2,1705542376.9793777,1705542390.7718136,13.792435884475708,-52.925349332847055,-20.917486879367736,-5.697114453747112,-52.936377220678914,-20.908479427755136,-5.677669788064502,0.024100695386105157,0.009707117390966996,0.15024335667759642,0.1489995769044453,329,320
stairs_alpha,2,1705542376.9793777,1705542390.8724563,13.893078565597534,-52.884832391845265,-20.84493921488119,-5.701218742567027,-52.896611361906416,-20.828973627271953,-5.681114086191076,0.028246085240344703,0.008074094514399771,0.1562402767689114,0.15829150537019165,360,343
stairs_alpha,2,1705542376.9793777,1705542390.9723926,13.993014812469482,-52.84590878342417,-20.778684941436143,-5.721414545978285,-52.85630784407996,-20.75734785171749,-5.703374713172112,0.02981354436928357,0.0059761220327555365,0.15713136513299494,0.16551870338599337,345,335
stairs_alpha,2,1705542376.9793777,1705542391.0726218,14.093244075775146,-52.80499113995464,-20.71139052487627,-5.773086542703756,-52.81357665853676,-20.69167299916933,-5.75037526510955,0.031277692998186196,0.0011510699281109562,0.15966397131196625,0.1664004736785723,351,339
stairs_alpha,2,1705542376.9793777,1705542391.1719587,14.192580938339233,-52.76096105758821,-20.649085797809512,-5.823274296096091,-52.76730699496124,-20.628321125140666,-5.800734309191877,0.031296861852730264,0.0009600510072776859,0.1662837636182545,0.17600319166832068,279,287
stairs_alpha,2,1705542376.9793777,1705542391.2719624,14.292584657669067,-52.72054396228198,-20.58448358028339,-5.84979609754273,-52.72267343730589,-20.561557525015854,-5.827684472494974,0.03192276047368292,0.004488122237567763,0.1720159268193474,0.18741360178757763,303,292
stairs_alpha,2,1705542376.9793777,1705542391.371886,14.392508268356323,-52.679917694383725,-20.514613854811802,-5.863438704817915,-52.68207610055049,-20.4945417891329,-5.848050793308761,0.025383742009650122,0.0004342053876632946,0.1797765303068713,0.19301286350368346,270,286
stairs_alpha,2,1705542376.9793777,1705542391.4718933,14.492515563964844,-52.63995756638753,-20.44180701454833,-5.900010871289168,-52.6434191865906,-20.42750181448728,-5.883616081023738,0.022032038286651283,0.0014913305635644361,0.18561860886709536,0.1943655059667097,310,318
stairs_alpha,2,1705542376.9793777,1705542391.5720384,14.592660665512085,-52.59953547706078,-20.377522664738756,-5.950287844722862,-52.59901138212279,-20.362975272321794,-5.936031914830777,0.02037480892487409,0.004979232065106856,0.18753546361689077,0.19864342640736254,294,293
stairs_alpha,2,1705542376.9793777,1705542391.6719787,14.692600965499878,-52.56897658057688,-20.322777004514982,-5.991156610802516,-52.56359887381889,-20.309532486930895,-5.980103546873719,0.01806951018218855,0.008946433716075789,0.1766039967896951,0.19095884363688356,277,282
stairs_alpha,2,1705542376.9793777,1705542391.7719746,14.792596817016602,-52.532010883543165,-20.25752444206871,-6.03447752054552,-52.529467400840524,-20.24435872270277,-6.021468243014693,0.018682793489074544,0.0023403851463899912,0.1782958378680568,0.19163851012199867,286,286
stairs_alpha,2,1705542376.9793777,1705542391.8718174,14.892439603805542,-52.488124690146435,-20.188977718369674,-6.083652867467291,-52.48594982975454,-20.175676810777567,-6.0763798154918005,0.015314746016052667,0.007149340874522,0.18451365785901425,0.19518785084463372,296,286
stairs_alpha,2,1705542376.9793777,1705542391.9720817,14.992703914642334,-52.440947396483494,-20.128201224698664,-6.120579392348144,-52.439538878037595,-20.119385498123737,-6.113010872179592,0.01170399319882303,0.007041478905048783,0.18563428523527573,0.19370762060863284,301,289
stairs_alpha,2,1705542376.9793777,1705542392.0723958,15.093018054962158,-52.40466867114282,-20.06616599472628,-6.1303638062843975,-52.40589515972937,-20.05858874049077,-6.121767734194459,0.011524387679087514,0.0021705972508174053,0.18046487366087388,0.1863616654758571,289,305
stairs_alpha,2,1705542376.9793777,1705542392.172522,15.19314432144165,-52.37177978868942,-19.994009439866307,-6.154662267247367,-52.37271897139111,-19.987930817153348,-6.141233376136044,0.014770471716009374,0.0008740690213653597,0.18071574042400912,0.18797388409343305,331,330
stairs_alpha,2,1705542376.9793777,1705542392.2728426,15.29346489906311,-52.33971412356846,-19.929326187903293,-6.20859257765922,-52.34058636594259,-19.922477588091812,-6.1880372211039205,0.021683791394784744,0.0011761390809386552,0.18205628125779294,0.19262896993475245,330,315
stairs_alpha,2,1705542376.9793777,1705542392.371848,15.392470359802246,-52.31119060307661,-19.868738575126887,-6.2628042209207555,-52.31361957210716,-19.864206954901142,-6.245036432497046,0.01849675046843196,0.0018581027635588933,0.18334518161950358,0.19175361416516348,284,292
stairs_alpha,2,1705542376.9793777,1705542392.4728088,15.493431091308594,-52.28500901507623,-19.813207030144657,-6.303875095402882,-52.286028081282936,-19.805314808892653,-6.294054028887881,0.012640371818752277,0.002407364542964738,0.1747943541981374,0.18267508748113126,255,253
stairs_alpha,2,1705542376.9793777,1705542392.572617,15.593239307403564,-52.25221215513732,-19.750426965087048,-6.3453932227978544,-52.2530810150018,-19.74349134584487,-6.335236559610164,0.012329458173202829,0.0010311876903555607,0.17263809904404828,0.1804071607273677,293,299
stairs_alpha,2,1705542376.9793777,1705542392.6725538,15.693176031112671,-52.20730338266607,-19.680834970365982,-6.393535069604203,-52.21021214617714,-19.674061112469758,-6.387355977185866,0.009619108018727169,0.00183883930810942,0.17499828561464192,0.1799973889654982,292,284
stairs_alpha,2,1705542376.9793777,1705542392.7723565,15.792978763580322,-52.16229756671682,-19.619462892930304,-6.440450869634332,-52.16632752239235,-19.61028649300391,-6.432688306529759,0.012676917776350749,0.005111228761595539,0.17471048991927707,0.18082776659571723,281,285
stairs_alpha,2,1705542376.9793777,1705542392.872687,15.893309354782104,-52.12969627725276,-19.558533081536137,-6.457806504118814,-52.132943532713654,-19.54807241143395,-6.4435586524725705,0.017971409614953547,0.0020469376291479026,0.17059891451547693,0.18014781814965733,266,266
stairs_alpha,2,1705542376.9793777,1705542392.9725437,15.993165969848633,-52.097014724205366,-19.490377768090422,-6.47082425886157,-52.09598472180346,-19.475357070430864,-6.458080579030465,0.019725203136228945,0.005719104045220429,0.16975431676278796,0.1852982992037205,291,283
stairs_alpha,2,1705542376.9793777,1705542393.072503,16.093125343322754,-52.06199382743797,-19.420372465611358,-6.520580338555048,-52.06215748934221,-19.40745865967441,-6.509612063013852,0.016943914463417854,0.010969864614068438,0.16836975026922185,0.18104257092142093,309,303
stairs_alpha,2,1705542376.9793777,1705542393.1718583,16.19248056411743,-52.02656366231386,-19.357618333541005,-6.579378502239853,-52.02707263207979,-19.349134570371465,-6.568689895393584,0.013655753514676164,0.0031582677862811302,0.16072394659135905,0.16901050095696937,278,284
stairs_alpha,2,1705542376.9793777,1705542393.2720137,16.292635917663574,-51.99038410737739,-19.29536338354734,-6.616269086337604,-51.99150271704506,-19.285430484658658,-6.610502644002147,0.01153974112055938,0.0030536271439850176,0.15993602657756334,0.16724597738457242,274,278
stairs_alpha,2,1705542376.9793777,1705542393.3724484,16.393070697784424,-51.95207652448,-19.23024169481177,-6.6450083367193455,-51.95255507416089,-19.223160480518153,-6.637936960931664,0.010018830330922766,0.0018812795834356863,0.16348302616806518,0.17010584225737563,258,267
stairs_alpha,2,1705542376.9793777,1705542393.4728498,16.4934720993042,-51.909349662265505,-19.16530538046612,-6.701005669227349,-51.9093880468926,-19.158634754493225,-6.69663168636691,0.00797686970642439,0.004317118352803096,0.15943877613779958,0.16532456731037856,282,285
stairs_alpha,2,1705542376.9793777,1705542393.5720265,16.59264874458313,-51.86428995399515,-19.09979241588558,-6.752655885937171,-51.8644013552075,-19.096231046220257,-6.74858828844858,0.005407505289168543,0.0036954948627724,0.15713364135672733,0.16079367937001648,303,302
stairs_alpha,2,1705542376.9793777,1705542393.6725762,16.693198442459106,-51.82437863582385,-19.03368237256769,-6.775783242934239,-51.82492049830003,-19.0316023781378,-6.775717853087562,0.00215041103129343,0.0018647684008728782,0.1552193480951603,0.15639507583192597,301,319
stairs_alpha,2,1705542376.9793777,1705542393.772903,16.793525218963623,-51.781928024255535,-18.963938437001193,-6.794945133035339,-51.78387514543873,-18.96240627799095,-6.800003346781116,0.005632434503184976,0.0019290978807611824,0.1634828925949789,0.16164578576614266,302,302
stairs_alpha,2,1705542376.9793777,1705542393.872725,16.89334726333618,-51.73943472207956,-18.89278028454319,-6.842448602700526,-51.73938588873991,-18.887244532377725,-6.8487602329526265,0.00839545193373963,0.004755945653335005,0.16766227573056464,0.16921154794837573,318,317
stairs_alpha,2,1705542376.9793777,1705542393.9725692,16.993191480636597,-51.697439550414174,-18.820837658941983,-6.892909433703734,-51.69685734853895,-18.815993768411087,-6.901105403016577,0.009538141720266473,0.005202934906070033,0.173548422060119,0.17410298807394278,329,330
stairs_alpha,2,1705542376.9793777,1705542394.0726705,17.093292713165283,-51.651097297121616,-18.75748337939511,-6.940556776166678,-51.652137382514695,-18.747966614316873,-6.943495154475807,0.01001422299865718,0.009739792915602397,0.17500267302685255,0.17995461943343377,351,359
stairs_alpha,2,1705542376.9793777,1705542394.1726098,17.19323205947876,-51.60158673362229,-18.68867303783477,-6.979397178054427,-51.603060697650086,-18.676658237103734,-6.98299035129272,0.01262691175553887,0.013709286274491812,0.17777435334014605,0.1840995372374017,345,344
stairs_alpha,2,1705542376.9793777,1705542394.272756,17.293378353118896,-51.544609233184005,-18.611643550809788,-7.0243470662670005,-51.54834765656844,-18.601913966550086,-7.035710573889378,0.015419790035916422,0.009588262730632248,0.1872627673990427,0.18828776093437077,357,370
stairs_alpha,2,1705542376.9793777,1705542394.3728218,17.393444061279297,-51.49087103472452,-18.54549212691672,-7.066580075871605,-51.49827842236842,-18.53341300753576,-7.080657077815682,0.019973394815605786,0.017059273000664076,0.19108248973653064,0.19068451823180219,364,374
stairs_alpha,2,1705542376.9793777,1705542394.472723,17.493345260620117,-51.440101860391195,-18.474977768595792,-7.100146434179331,-51.444978347272325,-18.46266861229292,-7.104258137834635,0.013863677727768822,0.017772889877647965,0.20059574142893738,0.20514635495651332,396,406
stairs_alpha,2,1705542376.9793777,1705542394.5720546,17.592676877975464,-51.38896556266682,-18.40053760110498,-7.133840825384562,-51.39031021954666,-18.39178146542569,-7.139780335989492,0.010665636426613213,0.018598630052345085,0.1994855222579422,0.20331295894724352,433,417
stairs_alpha,2,1705542376.9793777,1705542394.6720142,17.692636489868164,-51.33190005156044,-18.33082678201232,-7.180748929467138,-51.33705119723757,-18.328555554895424,-7.17601984142158,0.007352349838399206,0.014805980923457302,0.19850640324715677,0.19806960215163766,463,480
stairs_alpha,2,1705542376.9793777,1705542394.7721584,17.79278063774109,-51.27607932710509,-18.264866209786753,-7.2289429691120946,-51.279997187278255,-18.26324416160374,-7.237459211220803,0.009513519238360005,0.01890964510917045,0.19899563871837211,0.1954546377426203,478,467
stairs_alpha,2,1705542376.9793777,1705542394.8721793,17.892801523208618,-51.21348354202029,-18.209154038890524,-7.265431310794257,-51.2150908427509,-18.20559676544694,-7.303095516818958,0.037865948099342905,0.024225958076173434,0.19644979411240054,0.18913289446027698,506,496
stairs_alpha,2,1705542376.9793777,1705542394.9721754,17.99279761314392,-51.13739887926249,-18.146964301836842,-7.317976394731629,-51.138315573304034,-18.141788934246097,-7.351494404221195,0.03392759522582961,0.020028569357755825,0.19765944950555556,0.1914111683338687,540,556
stairs_alpha,2,1705542376.9793777,1705542395.072468,18.093090295791626,-51.06286249067538,-18.09349416103924,-7.368332632892595,-51.06818363668608,-18.082283696684716,-7.391265502901379,0.026075000148629256,0.012760625604938321,0.18771011915541774,0.1861298304325388,528,532
stairs_alpha,2,1705542376.9793777,1705542395.1725588,18.193181037902832,-50.983906375164175,-18.044880520655383,-7.383409422101613,-50.98841872198693,-18.0331150531856,-7.406690085394083,0.026472188839775583,0.011067314959744608,0.1830546039632232,0.18021863622126108,552,552
stairs_alpha,2,1705542376.9793777,1705542395.2727616,18.293383836746216,-50.90187016041049,-18.000704548767253,-7.419554858786516,-50.901410138520184,-17.982113088940302,-7.432199688664675,0.022488791014286587,0.012469435560956225,0.15607913456357253,0.16302131440059262,568,544
stairs_alpha,2,1705542376.9793777,1705542395.3719716,18.39259386062622,-50.80991609196578,-17.94082719005053,-7.468178424327083,-50.80769504983699,-17.91851054574392,-7.477546385842109,0.024304821418653373,0.011881714522065654,0.13478898034272657,0.145845644687726,575,580
stairs_alpha,2,1705542376.9793777,1705542395.4722092,18.492831468582153,-50.71276254431238,-17.882346104865743,-7.511607719216044,-50.7105738704895,-17.85742613899176,-7.516223178435156,0.025438110308487923,0.01317937382158863,0.1245547415214948,0.13719160554457555,519,523
stairs_alpha,2,1705542376.9793777,1705542395.572889,18.59351134300232,-50.6316338431842,-17.839527158504712,-7.527933045562947,-50.62477385723423,-17.816926357398145,-7.533918210581162,0.024365504677465066,0.013763317483736054,0.10921425498396953,0.1218073777472508,449,454
stairs_alpha,2,1705542376.9793777,1705542395.6720796,18.692701816558838,-50.53439854941142,-17.802253670165545,-7.53325947535792,-50.527724620139196,-17.78487963899387,-7.546123302159836,0.022624684109941375,0.014965509699124935,0.10181863547988086,0.10892243407583017,392,415
stairs_alpha,2,1705542376.9793777,1705542395.7723002,18.792922496795654,-50.42482002582586,-17.772486151182314,-7.558916765567371,-50.416125538450835,-17.755672633737102,-7.567398359104891,0.02074188777644312,0.012374532636104347,0.08380156405179393,0.0932044903393526,424,422
stairs_alpha,2,1705542376.9793777,1705542395.8726943,18.893316507339478,-50.31665320746432,-17.75944334574927,-7.578639732121652,-50.311217697255906,-17.749320222896717,-7.580929084834293,0.011715951662434445,0.006786350032261232,0.07461626291785432,0.08174665454034988,427,430
stairs_alpha,2,1705542376.9793777,1705542395.972669,18.99329113960266,-50.21454897907033,-17.76228546492675,-7.57883382486205,-50.21246610022953,-17.75810028813304,-7.5776998458595735,0.0048104051220395514,0.006254439314441614,0.07120830848059527,0.07521612224399482,417,418
stairs_alpha,2,1705542376.9793777,1705542396.0726852,19.093307495117188,-50.116923425252175,-17.78237505622894,-7.562314674800249,-50.11558822813074,-17.777087989215637,-7.5584850945224735,0.006663446109947001,0.008348027502037099,0.07291171142246394,0.07734785760294922,467,487
stairs_alpha,2,1705542376.9793777,1705542396.1720254,19.192647695541382,-50.02871999465652,-17.81298353855761,-7.555136583435842,-50.02801761502981,-17.806826071445734,-7.5561410856151054,0.006278277072732533,0.006357495074838495,0.07335458120956559,0.07594130010261324,487,486
stairs_alpha,2,1705542376.9793777,1705542396.2724,19.29302215576172,-49.94598862613181,-17.8501571448456,-7.564507051570757,-49.94686170110125,-17.843253519880705,-7.568308968342384,0.007929493596476779,0.011850842490175864,0.07149988435700506,0.07219793576390225,518,519
stairs_alpha,2,1705542376.9793777,1705542396.3728054,19.39342761039734,-49.86415994999901,-17.904133619230915,-7.569012804338746,-49.86688576532121,-17.89532507132008,-7.579619718809236,0.01405443773519678,0.010500208980347423,0.07248471737325239,0.06945991105177822,503,513
stairs_alpha,2,1705542376.9793777,1705542396.4720182,19.492640495300293,-49.79824014546032,-17.96614960476303,-7.581407006338075,-49.80020849873408,-17.95312234754659,-7.588331338911527,0.014883891520074686,0.0105923541532009,0.05887980096375996,0.05839922199182477,467,502
stairs_alpha,2,1705542376.9793777,1705542396.5720596,19.592681884765625,-49.73449202047221,-18.03098638319618,-7.587427965969697,-49.739885180856746,-18.017236375868823,-7.594281200154067,0.01628237388163959,0.013596192630541184,0.05733768147722033,0.052822410599207635,421,429
stairs_alpha,2,1705542376.9793777,1705542396.6625366,19.68315887451172,-49.69374160979972,-18.100097609643495,-7.593757166120717,-49.69938780670277,-18.086685659529216,-7.600384850972588,0.015990189236890086,0.013668607516016522,0.044956090033479945,0.0384464931407839,420,416
stairs_alpha,2,1705542376.9793777,1705542396.7624497,19.783071994781494,-49.6538521513095,-18.18011622749716,-7.61172954977241,-49.658606218069146,-18.166240752521734,-7.615299762465143,0.015095574689959718,0.012187114284011286,0.040069058510201226,0.032911894437152436,381,376
stairs_alpha,2,1705542376.9793777,1705542396.8623827,19.883004903793335,-49.6226476348255,-18.27238423026713,-7.627907485028893,-49.626286715513004,-18.26045249115461,-7.62794202020351,0.012474393739885306,0.011700336029051125,0.04082233062988525,0.032831654102692336,396,384
stairs_alpha,2,1705542376.9793777,1705542396.9529457,19.973567962646484,-49.60236627334045,-18.36768269367091,-7.632364483399319,-49.603708753863685,-18.35632202955289,-7.632908625684472,0.011452643100362581,0.014134675728007836,0.03534493332764563,0.029691516156769824,328,328
stairs_alpha,3,1705542468.5755563,1705542468.6694677,0.09391140937805176,-47.280270282532555,-18.75243912363501,-23.300676416471212,-47.27994205382745,-18.7470242410467,-23.28635708137513,0.01531248004478599,0.001348705563136298,0.2036057482369156,0.20395470030429996,359,356
stairs_alpha,3,1705542468.5755563,1705542468.7695365,0.19398021697998047,-47.27865823330135,-18.753681024375116,-23.29831796924904,-47.27867676223683,-18.75056135694407,-23.285979053087217,0.01272719608752435,0.0015500724064028127,0.20213412245983425,0.20320279451126033,350,349
stairs_alpha,3,1705542468.5755563,1705542468.869648,0.29409170150756836,-47.27911979934642,-18.753862611930465,-23.294351274432646,-47.27864692682792,-18.752506403662444,-23.285472012631313,0.008994676171025345,0.0009446345883755303,0.19861062553434106,0.20015305255102303,340,339
stairs_alpha,3,1705542468.5755563,1705542468.9699705,0.39441418647766113,-47.278493924084444,-18.75268591503667,-23.29262938447619,-47.27818460773632,-18.752458020240258,-23.287211913377355,0.005431077770401573,0.0005608910060728474,0.19521131683452084,0.196487078282532,347,346
stairs_alpha,3,1705542468.5755563,1705542469.069567,0.49401068687438965,-47.2775535014907,-18.753763307728704,-23.288436459802103,-47.27714102078014,-18.755134984216525,-23.285873407857427,0.002936132148751752,0.0003673902883126504,0.19564271377315917,0.19753732928960666,335,334
stairs_alpha,3,1705542468.5755563,1705542469.1703396,0.5947833061218262,-47.27813260475031,-18.754341062077692,-23.28437977552594,-47.27777563625259,-18.756413114121337,-23.284028415179527,0.0021317317544583816,0.00016070965286201172,0.19546172361566183,0.19739447007122038,345,346
stairs_alpha,3,1705542468.5755563,1705542469.269436,0.6938796043395996,-47.277261155272484,-18.75162951549929,-23.286962749320733,-47.27627277054572,-18.754561647250377,-23.284626113199476,0.0038773920793498916,0.0005682353098611314,0.19286074154179275,0.1962493761196294,354,355
stairs_alpha,3,1705542468.5755563,1705542469.3700767,0.794520378112793,-47.27615346458566,-18.751880652821058,-23.287251801619764,-47.27482853737202,-18.75456737403466,-23.286092321380135,0.0032122106760255065,0.00018101189231126805,0.19372777371871125,0.19685407401306532,362,362
stairs_alpha,3,1705542468.5755563,1705542469.470285,0.8947286605834961,-47.27481273227481,-18.750884186117236,-23.284799491415995,-47.27356901442326,-18.753646243248983,-23.28537410068153,0.003083175230397992,0.00021638125334902543,0.19425871509690237,0.1970514425174243,352,352
stairs_alpha,3,1705542468.5755563,1705542469.5704157,0.9948594570159912,-47.27543238942104,-18.75115039738059,-23.282618403565483,-47.27381535456166,-18.754103896133337,-23.28472705508763,0.0039729545505537344,0.00010996169318157272,0.19441876257273372,0.19727789294312267,339,339
stairs_alpha,3,1705542468.5755563,1705542469.6694365,1.0938801765441895,-47.27552146879837,-18.750296190933906,-23.27988687370324,-47.274096580007686,-18.752985553144146,-23.283038296924868,0.004381146594841263,0.0002919320259278843,0.194669004592167,0.19697535525250556,347,348
stairs_alpha,3,1705542468.5755563,1705542469.7703018,1.1947455406188965,-47.27726393109844,-18.750445584203476,-23.280484287407116,-47.275714284895486,-18.753148603802487,-23.283952294108577,0.004662058428241603,0.00034295514429551443,0.1939755058865564,0.1962925789725856,348,347
stairs_alpha,3,1705542468.5755563,1705542469.8700347,1.294478416442871,-47.27875817812517,-18.749685138891262,-23.27755256637703,-47.27680876526221,-18.752538553533686,-23.28296773942994,0.006423883936128127,0.0005419646222974365,0.19222674014325505,0.19439009771661633,361,362
stairs_alpha,3,1705542468.5755563,1705542469.9698129,1.394256591796875,-47.27970255858284,-18.74963129254451,-23.276982253421714,-47.27731268132676,-18.752217377792345,-23.28309207094175,0.007051894804682351,0.0006500725980738198,0.19095513730188515,0.19291435809817872,344,347
stairs_alpha,3,1705542468.5755563,1705542470.0696678,1.4941115379333496,-47.27909539389623,-18.750874390390926,-23.275164030786033,-47.27681200791402,-18.753139992909038,-23.281869406402244,0.0074369932411085075,0.000546109084951349,0.19189069784928364,0.19329772083149163,341,343
stairs_alpha,3,1705542468.5755563,1705542470.1696694,1.5941131114959717,-47.27759309410782,-18.751333258085438,-23.274071929859083,-47.27551108609506,-18.753000813667388,-23.279649496208584,0.00618261638525239,0.00042167280432654536,0.19380000573176437,0.1947684271551266,343,344
stairs_alpha,3,1705542468.5755563,1705542470.270317,1.694760799407959,-47.27727404555063,-18.75188067172184,-23.273559320359148,-47.27587701149683,-18.753306716797248,-23.27826176992677,0.005108653505632178,0.00039076309453307904,0.1949713911442209,0.19551759663245746,330,331
stairs_alpha,3,1705542468.5755563,1705542470.3703313,1.7947750091552734,-47.278498589542416,-18.751753020541788,-23.273438248096628,-47.27745711504242,-18.752843480189362,-23.27784334460099,0.004656033353603076,0.0005106201129989717,0.19430511557295765,0.19439925258598637,334,334
stairs_alpha,3,1705542468.5755563,1705542470.4703455,1.894789218902588,-47.27845113469344,-18.751716423667617,-23.273726207732057,-47.27767065056303,-18.752405088997264,-23.277327106814276,0.003748318238144234,0.0003633260225408354,0.1949698044560919,0.1948026612249551,348,347
stairs_alpha,3,1705542468.5755563,1705542470.5700953,1.9945390224456787,-47.27898454999731,-18.752150036305277,-23.274248647021558,-47.27842730238375,-18.752443282805547,-23.27710841472273,0.0029282741875385292,0.00028843191877274155,0.19568170893872067,0.19528811275167177,321,321
stairs_alpha,3,1705542468.5755563,1705542470.669923,2.0943667888641357,-47.278282992621406,-18.752630361095232,-23.27504638684884,-47.27752774449826,-18.752544293878483,-23.27732761212685,0.0024045365587481104,0.00037774135430051407,0.19743535722446212,0.19703573573521727,337,336
stairs_alpha,3,1705542468.5755563,1705542470.7696786,2.194122314453125,-47.27986681015833,-18.751217360376593,-23.274957300100944,-47.279516064818715,-18.750850127935184,-23.276460397559678,0.0015865635599429122,0.00017929855386362759,0.19631373287779766,0.1957071762742606,339,339
stairs_alpha,3,1705542468.5755563,1705542470.869693,2.2941367626190186,-47.27843498445861,-18.750319794086856,-23.273936497170528,-47.27810775714195,-18.749749226222804,-23.274707592446905,0.0010135153326463853,0.00011861032275638505,0.1976882191429503,0.1971489664446817,335,335
stairs_alpha,3,1705542468.5755563,1705542470.9696412,2.394084930419922,-47.27993948749045,-18.750298669056193,-23.275828532326017,-47.27950473748993,-18.749704591707808,-23.275765563372868,0.0007388508292470321,0.0002639613853123684,0.1967709509527975,0.1965499315633085,345,343
stairs_alpha,3,1705542468.5755563,1705542471.070548,2.4949917793273926,-47.28102747407261,-18.74927415367397,-23.276616122674373,-47.28080841292363,-18.74954375319563,-23.275086969896613,0.001568113486582354,0.0004274786727286702,0.1960940917663914,0.19693620137590434,340,341
stairs_alpha,3,1705542468.5755563,1705542471.1705072,2.5949509143829346,-47.280034358045434,-18.749686308906764,-23.274334567914867,-47.27954629304539,-18.749781812088862,-23.273552349929744,0.0009269267923118954,0.0001417235458316493,0.19902236873410675,0.19962151421587532,334,335
stairs_alpha,3,1705542468.5755563,1705542471.2695785,2.6940221786499023,-47.27857782620615,-18.748870552225505,-23.2722526301068,-47.278329203563224,-18.74888253401385,-23.271476525636807,0.0008150429008156367,4.511067588743409e-05,0.20068402920435055,0.20110200836001246,327,327
stairs_alpha,3,1705542468.5755563,1705542471.369732,2.794175624847412,-47.27708209756557,-18.749959380568434,-23.273052861241716,-47.27720739234753,-18.749518326970406,-23.27199757982083,0.0011505850407449525,0.0002254580258676083,0.2024179979568032,0.20237708539659618,338,339
stairs_alpha,3,1705542468.5755563,1705542471.4696927,2.894136428833008,-47.275587396968604,-18.750362508911504,-23.275220958763377,-47.275642320995566,-18.75006333825637,-23.274337799456564,0.0009340717803470857,0.00018528925214299216,0.20398091956908104,0.20401675581727416,340,340
stairs_alpha,3,1705542468.5755563,1705542471.5698724,2.9943161010742188,-47.27520198596696,-18.75010845089816,-23.279787266538886,-47.275178029737766,-18.74984260534157,-23.2792229336333,0.0006242750909685353,0.0001272657084318524,0.20116376875731581,0.20114004586167963,348,349
stairs_alpha,3,1705542468.5755563,1705542471.6696022,3.094045877456665,-47.27400029509656,-18.75134825915232,-23.28444217421864,-47.274109155351105,-18.75089345882638,-23.283798580039807,0.0007955547489151097,9.104150493626562e-05,0.20085277699471935,0.2006123484079321,346,344
stairs_alpha,3,1705542468.5755563,1705542471.7700226,3.1944663524627686,-47.271103742795574,-18.751541031201267,-23.285046188704182,-47.27120902034141,-18.75109231611966,-23.28445779383204,0.0007474203045690454,0.00010859134497779476,0.20139282285191626,0.20113303212437955,352,352
stairs_alpha,3,1705542468.5755563,1705542471.8696668,3.2941105365753174,-47.27101160229116,-18.7522805993747,-23.287254405925783,-47.271065282596936,-18.75178767287676,-23.286631040480817,0.0007965190428219678,6.805913501092622e-05,0.20062854646028444,0.20035646147201108,369,369
stairs_alpha,3,1705542468.5755563,1705542471.970599,3.395042657852173,-47.270905498709055,-18.753404962343186,-23.289457835263352,-47.27043348711624,-18.75289606070457,-23.289095064169196,0.0007831849642917882,0.00027446948424266035,0.20023694626601585,0.20016940452225299,362,362
stairs_alpha,3,1705542468.5755563,1705542472.0695817,3.494025468826294,-47.27254726217362,-18.753383528050893,-23.291979172364414,-47.272153565313744,-18.752702182493742,-23.29183808164,0.0007994595538481018,0.0002985146437418014,0.1973859847733963,0.1970743762304719,354,354
stairs_alpha,3,1705542468.5755563,1705542472.1705852,3.595028877258301,-47.27165049101376,-18.75323461739695,-23.292920539925795,-47.27087178808353,-18.75215615986191,-23.29230629788734,0.0014651765048033015,0.00020358082263972454,0.19698825260642575,0.19666272814640962,359,363
stairs_alpha,3,1705542468.5755563,1705542472.2696357,3.6940793991088867,-47.27105480702997,-18.750498545088373,-23.29484299149366,-47.27049517590408,-18.74885793676142,-23.293212544602138,0.002379735225943918,0.000662053304479308,0.1935537000053905,0.192847495736824,368,371
stairs_alpha,3,1705542468.5755563,1705542472.3702605,3.7947041988372803,-47.27159541431081,-18.75065110654291,-23.293916560953075,-47.271267586600715,-18.749274059478644,-23.292526485525073,0.0019839453924560815,0.0003753361019658407,0.19259514033796082,0.19192626069753851,357,358
stairs_alpha,3,1705542468.5755563,1705542472.470341,3.894784688949585,-47.271282781325056,-18.750408007707673,-23.29282049060025,-47.2713566613681,-18.749133466190028,-23.29147875040385,0.0018520748083146437,0.00019770262513140366,0.1925718748414337,0.19175783885070183,386,387
stairs_alpha,3,1705542468.5755563,1705542472.5702589,3.9947025775909424,-47.27060688474544,-18.750597403365017,-23.29142932980519,-47.27075905540369,-18.74965650510378,-23.29034136266818,0.0014464155483284783,0.00019369590194923,0.19084847356312457,0.19019442811581455,375,375
stairs_alpha,3,1705542468.5755563,1705542472.6704628,4.094906568527222,-47.27179647718644,-18.749334170568833,-23.291458231539938,-47.2720354215961,-18.74867956800581,-23.290454530069344,0.001221890170391232,6.830311300143688e-05,0.1901436157887234,0.18966138437774324,373,372
stairs_alpha,3,1705542468.5755563,1705542472.769652,4.194095611572266,-47.27476720906105,-18.749054813554878,-23.28973123291715,-47.27502508021453,-18.74864999516415,-23.28882758209011,0.0010232107693322239,0.0001855008109897355,0.18898726604003696,0.188689971014533,342,342
stairs_alpha,3,1705542468.5755563,1705542472.870433,4.29487681388855,-47.27653114396358,-18.748277652854977,-23.288166740180554,-47.27669060913885,-18.748117819267417,-23.287471949735128,0.0007305543654594661,0.0003486242137450959,0.1874932200583349,0.18741665197433582,340,341
stairs_alpha,3,1705542468.5755563,1705542472.9704428,4.394886493682861,-47.278209968352286,-18.74669280901258,-23.28655854788234,-47.27834329458903,-18.746580302524947,-23.286859277413154,0.0003476662852026703,0.0002628029641092574,0.18428592701242394,0.18406204590112615,355,356
stairs_alpha,3,1705542468.5755563,1705542473.070471,4.494914770126343,-47.27955482519894,-18.746128772732035,-23.283653706462154,-47.27993585246408,-18.745747808628913,-23.284406041153883,0.0009253771733855057,0.0003547849313908821,0.18215299982987637,0.1814794832017193,345,346
stairs_alpha,3,1705542468.5755563,1705542473.1702545,4.594698190689087,-47.28024528481976,-18.745485880042356,-23.28124951835964,-47.280250935239174,-18.744981114198527,-23.283492102507868,0.002298696183973964,0.0006550280500977019,0.18159690520617586,0.1806641351287159,344,347
stairs_alpha,3,1705542468.5755563,1705542473.2702765,4.694720268249512,-47.28009235488861,-18.744775204729045,-23.280008875521332,-47.27994427706286,-18.744707015337788,-23.28203351406972,0.0020311912975337987,0.0004896697425584447,0.18194310636511976,0.18147249274823565,350,353
stairs_alpha,3,1705542468.5755563,1705542473.3702936,4.794737339019775,-47.2799099074055,-18.746226123720476,-23.279131852821525,-47.27979719682725,-18.745950143852497,-23.280969327590803,0.001861499956946432,0.0005029485236041803,0.18426776862510158,0.18362820479192754,344,344
stairs_alpha,3,1705542468.5755563,1705542473.4699862,4.894429922103882,-47.28087654266555,-18.746859787483665,-23.27943866421645,-47.280761301264775,-18.74673257579376,-23.28116323587503,0.0017330928423148278,0.0002898885657959562,0.18483769563791513,0.1843408384299582,359,359
stairs_alpha,3,1705542468.5755563,1705542473.5699344,4.994378089904785,-47.28001653755879,-18.746639470445437,-23.277851598086094,-47.2796856644219,-18.747243754409933,-23.280248681775266,0.002494122361744208,0.00034233191847963764,0.186253898592158,0.18627248773730748,356,356
stairs_alpha,3,1705542468.5755563,1705542473.66978,5.094223737716675,-47.28059928589376,-18.747393873339625,-23.278126065007186,-47.280036465067134,-18.748134962133705,-23.28011060810992,0.0021918921529570762,0.000540126947026201,0.18698000373066215,0.18732197085614644,349,349
stairs_alpha,3,1705542468.5755563,1705542473.770571,5.195014715194702,-47.278890275359174,-18.74836460147492,-23.278902520763815,-47.27853250058821,-18.748544499377378,-23.280485077611438,0.0016324375081467593,0.0002659714236764161,0.18896643600417326,0.18884927287956832,348,348
stairs_alpha,3,1705542468.5755563,1705542473.8704677,5.2949113845825195,-47.2786760576851,-18.7465574975484,-23.278184820133248,-47.27848236572915,-18.7464213369586,-23.27884567891147,0.0007019904591710664,0.0002940251168959754,0.18810932707958655,0.18790420036031066,356,354
stairs_alpha,3,1705542468.5755563,1705542473.969696,5.394139766693115,-47.27672441277756,-18.747658798068983,-23.278330513193804,-47.276986759781266,-18.747314276636732,-23.278656857305982,0.0005422374453929119,0.00017180227485388128,0.18875963336045018,0.18825196008369044,348,349
stairs_alpha,3,1705542468.5755563,1705542474.070287,5.494730710983276,-47.273558247493646,-18.748638493053267,-23.276850618325675,-47.27421334865275,-18.748033222068383,-23.277228942215604,0.0009688340722199186,0.00039101710999709386,0.19105798692826043,0.1901163128686651,354,353
stairs_alpha,3,1705542468.5755563,1705542474.1707413,5.595185041427612,-47.27348677493898,-18.748708182814074,-23.276446022765263,-47.274016175174935,-18.74830000293551,-23.276231752973416,0.0007019878679814075,0.00020241842024472617,0.18986486171612332,0.18931666736726332,350,350
stairs_alpha,3,1705542468.5755563,1705542474.2703767,5.694820404052734,-47.27425096493207,-18.748311744886582,-23.276655782652405,-47.27497563549065,-18.747958575464814,-23.27626775354252,0.0008946746051255478,0.00011543442448142284,0.18774117488512385,0.187178177957748,348,348
stairs_alpha,3,1705542468.5755563,1705542474.3703766,5.794820308685303,-47.27533240278314,-18.748645511628872,-23.27877690691654,-47.27632764958658,-18.747921784856274,-23.278427287733262,0.0012792694065122433,0.00034573740138372345,0.18527415793546798,0.18425176764549842,350,351
stairs_alpha,3,1705542468.5755563,1705542474.4701767,5.894620418548584,-47.27477412776953,-18.748939197911533,-23.28095678600645,-47.27570667236478,-18.74835366870313,-23.280241145800233,0.0013132497023670851,0.00010510186918435391,0.184729227280989,0.18393560154044836,360,359
stairs_alpha,3,1705542468.5755563,1705542474.569685,5.994128704071045,-47.27392735610138,-18.749758895042593,-23.282579742755573,-47.274778148662975,-18.748533134150993,-23.28094391335394,0.002214108303015592,0.00033141216619966623,0.18503542390623817,0.18398555734405414,349,349
stairs_alpha,3,1705542468.5755563,1705542474.669905,6.094348669052124,-47.27321340077185,-18.750474520743467,-23.285250073492954,-47.273347365524934,-18.749023864387787,-23.28159118579546,0.003938249560428272,0.0005033610764745859,0.1847896309951669,0.1843710707397072,350,349
stairs_alpha,3,1705542468.5755563,1705542474.7691312,6.193574905395508,-47.273810525119075,-18.75079693384794,-23.284946937893693,-47.27383249580034,-18.748411603991112,-23.281254578726003,0.004395884149967868,0.000831648239067827,0.18374297712569834,0.1825975816982011,353,352
stairs_alpha,3,1705542468.5755563,1705542474.8687863,6.293230056762695,-47.272359064233534,-18.75216376159567,-23.28573959546741,-47.27179832594764,-18.74987197756548,-23.281418864437917,0.0049229481101786595,0.0005618286748968563,0.18422528476360323,0.18356812517086712,346,346
stairs_alpha,3,1705542468.5755563,1705542474.9691002,6.39354395866394,-47.27399433991103,-18.751917128428406,-23.287823466763182,-47.273053522183424,-18.74898930847225,-23.2838110511743,0.0050553680924478135,0.0008145616487280191,0.1817327453760592,0.18060934313268742,356,354
stairs_alpha,3,1705542468.5755563,1705542475.069788,6.494231700897217,-47.27394974792792,-18.75188205676917,-23.287557765740882,-47.272763602482264,-18.749264959303876,-23.28384241621669,0.004696803407426918,0.00046647830729303123,0.1807680764291108,0.1799667463424484,355,355
stairs_alpha,3,1705542468.5755563,1705542475.169686,6.594129800796509,-47.27416936772144,-18.750934037152636,-23.288921302259464,-47.27337775364794,-18.749040747061855,-23.285316498947697,0.004147988322757622,0.00039182052338554565,0.17806787351989917,0.17755736210969733,350,350
stairs_alpha,3,1705542468.5755563,1705542475.2697375,6.694181203842163,-47.27347743916198,-18.75189022211777,-23.290563235890502,-47.27338829180315,-18.749867602456817,-23.287399847795864,0.0037557904336841573,0.00036703347683759914,0.17681937179417664,0.17568373490039693,372,375
stairs_alpha,3,1705542468.5755563,1705542475.3687441,6.793187856674194,-47.273388051065794,-18.751007931146795,-23.283608333328424,-47.2733575437904,-18.749765721585216,-23.280137895163417,0.003686184524120156,0.00033591839056803813,0.17535254726069635,0.174764350615428,347,350
stairs_alpha,3,1705542468.5755563,1705542475.469759,6.894202709197998,-47.2799546452784,-18.753377326094206,-23.254956388977764,-47.28016562079483,-18.752340925240812,-23.251415566769335,0.003695410573826706,0.00045550846234414114,0.17017608327147057,0.16970993328163314,398,399
stairs_alpha,3,1705542468.5755563,1705542475.5689495,6.993393182754517,-47.28484112190854,-18.757774615140743,-23.210690966209224,-47.2853604540311,-18.75700400191855,-23.20760434273412,0.0032234756193921196,0.0004134952351036415,0.17001483438876047,0.16972686044189547,366,367
stairs_alpha,3,1705542468.5755563,1705542475.6689665,7.09341025352478,-47.28870360182275,-18.761493439772924,-23.16679196087154,-47.2884064379067,-18.76143349803904,-23.165030047498107,0.0017878026009443485,0.0003335510355628654,0.16754634764039122,0.1681012410912112,384,386
stairs_alpha,3,1705542468.5755563,1705542475.768918,7.193361759185791,-47.28651693756249,-18.760400943018436,-23.1165108522734,-47.286255497721065,-18.760755151950512,-23.11480004469747,0.0017665438913602835,0.00015946937275141255,0.16583384863537695,0.16665213657165992,412,413
stairs_alpha,3,1705542468.5755563,1705542475.869216,7.293659687042236,-47.27352056051063,-18.760631377716322,-23.04932923480007,-47.273392145616455,-18.761227228955324,-23.04819196370199,0.0012903157112104094,9.436635146052664e-05,0.17585219829450227,0.17666375653730015,405,406
stairs_alpha,3,1705542468.5755563,1705542475.969233,7.3936767578125,-47.25788139249344,-18.76447187397151,-22.96919923648487,-47.25853665937512,-18.76428920899682,-22.970868187163106,0.0018022590117936312,0.0007751558893861324,0.17966686356687125,0.1789490320819875,410,411
stairs_alpha,3,1705542468.5755563,1705542476.0693486,7.493792295455933,-47.2413348661974,-18.772075961738405,-22.896362559231033,-47.240261421920934,-18.770497476972828,-22.901554813987946,0.005532034547119527,0.0036537647783839947,0.17667118413334706,0.17538403845005276,406,407
stairs_alpha,3,1705542468.5755563,1705542476.1693354,7.59377908706665,-47.2129380404345,-18.783776754911543,-22.835243726943492,-47.21237315478685,-18.782248623198115,-22.840693945767896,0.005688511893490946,0.0008032735315753189,0.1766750195361439,0.17562303383840522,359,359
stairs_alpha,3,1705542468.5755563,1705542476.2693696,7.693813323974609,-47.17279969777055,-18.796259591095424,-22.781120297992352,-47.172735545713444,-18.794658501964534,-22.786709787380406,0.005814636146024584,0.0007236214173177978,0.16907623145916975,0.16792501237489732,407,404
stairs_alpha,3,1705542468.5755563,1705542476.3697927,7.794236421585083,-47.114874190691644,-18.823860288958905,-22.74568841822618,-47.11576144804379,-18.82269705039162,-22.749067185759433,0.0036819043465463005,0.00043480406042908644,0.1746545902256742,0.17346015178914861,363,365
stairs_alpha,3,1705542468.5755563,1705542476.4688663,7.893310070037842,-47.046637282206596,-18.858172768674454,-22.727322660509,-47.04780461140528,-18.85716108710321,-22.73056805408177,0.0035942643895331854,0.0016292733638853909,0.17887060717783593,0.1778505954453127,307,305
stairs_alpha,3,1705542468.5755563,1705542476.5688932,7.993336915969849,-46.97471194052557,-18.89502957740043,-22.7093846478903,-46.975850445144154,-18.89416726161812,-22.711664137344183,0.002689954171601524,0.00028487807567218685,0.17616430693137775,0.17520568663143926,268,270
stairs_alpha,3,1705542468.5755563,1705542476.6690261,8.093469858169556,-46.900832263930546,-18.941131316548137,-22.70795963298827,-46.9024098161154,-18.94041549396571,-22.70923895162298,0.002153538723721492,0.007027652510769707,0.18427330713168802,0.18297597153745493,237,234
stairs_alpha,3,1705542468.5755563,1705542476.7689943,8.193438053131104,-46.84240944291228,-18.978469541235157,-22.712404162043327,-46.84694046888969,-18.977521709449146,-22.714611930541466,0.005128627812967644,0.01042479954720698,0.18812939390618882,0.18480484930361513,217,220
stairs_alpha,3,1705542468.5755563,1705542476.868966,8.293409824371338,-46.79091021392994,-19.015845499546657,-22.718464978265402,-46.79336874894737,-19.014398971397014,-22.720870954144562,0.003731696403882362,0.003476452708138672,0.1895145447898672,0.18741922706347486,264,261
stairs_alpha,3,1705542468.5755563,1705542476.9690208,8.3934645652771,-46.73041092097163,-19.054727421296256,-22.72291887813624,-46.7321250304206,-19.0528339765547,-22.72484360276721,0.0031981039847725073,0.00455629229267621,0.19542339299538342,0.19364669474161944,315,314
stairs_alpha,3,1705542468.5755563,1705542477.0693786,8.4938223361969,-46.68166610126438,-19.091245151237946,-22.71635170406669,-46.68162384871298,-19.088731383958326,-22.71934962513931,0.003912587631203195,0.007535072210070321,0.1887508172644699,0.1885568135935236,322,322
stairs_alpha,3,1705542468.5755563,1705542477.1698246,8.594268321990967,-46.63377942420245,-19.12609637047835,-22.698805435141583,-46.632664038381016,-19.122144862671778,-22.702736989151454,0.0056846826128283704,0.0018515671606514513,0.1767030093693242,0.17697839946930938,355,356
stairs_alpha,3,1705542468.5755563,1705542477.2697124,8.694156169891357,-46.58358304989253,-19.163416972410857,-22.690703455304757,-46.580142189428976,-19.1578676691219,-22.694764283514534,0.007689253115344227,0.002656440615787168,0.164365704467566,0.16558335835024932,324,321
stairs_alpha,3,1705542468.5755563,1705542477.3694966,8.793940305709839,-46.52452329779638,-19.209785760125605,-22.677883025969912,-46.522634497299855,-19.205298364184983,-22.676746882048658,0.004999511241449375,0.0005943190764286473,0.15278977106488165,0.15201229265213542,377,381
stairs_alpha,3,1705542468.5755563,1705542477.469567,8.894010782241821,-46.462046231288966,-19.258804154494776,-22.683039980925294,-46.46000372334896,-19.257196392260983,-22.681693653215653,0.002927342888548488,0.009820474373766208,0.13799869611392626,0.13888430675502336,415,413
stairs_alpha,3,1705542468.5755563,1705542477.5694764,8.993920087814331,-46.388755219539036,-19.311842229006963,-22.68378148993594,-46.38672682678032,-19.310421966688057,-22.682508286503825,0.0027843435882923704,0.003738387934971637,0.12861556502731958,0.12982699375924592,428,423
stairs_alpha,3,1705542468.5755563,1705542477.6697662,9.094209909439087,-46.30790113277136,-19.36741048166129,-22.680234222827792,-46.305802015989926,-19.366686765666692,-22.67798692436072,0.003159178137277947,0.0007330839648430654,0.12265750395342949,0.1245023146688014,426,428
stairs_alpha,3,1705542468.5755563,1705542477.7694144,9.19385814666748,-46.221255207389575,-19.430830707470697,-22.671528518045488,-46.22112935409104,-19.430855149041296,-22.66978642993417,0.0017467991958777347,0.00024815567284630787,0.11820118542830853,0.11870946876027708,430,433
stairs_alpha,3,1705542468.5755563,1705542477.8697166,9.29416036605835,-46.129003307270445,-19.500037407115265,-22.670047696870146,-46.12847508839025,-19.501459016573808,-22.668198854207073,0.002391277447475762,0.0009497178778584293,0.11905616554926236,0.12070667943317677,426,423
stairs_alpha,3,1705542468.5755563,1705542477.969773,9.394216775894165,-46.03006025682243,-19.57879312472352,-22.683899393895615,-46.02867073591878,-19.579156319593373,-22.68396825429538,0.0014378527775207872,0.003996830852426481,0.12422601197551447,0.12550966383244444,428,426
stairs_alpha,3,1705542468.5755563,1705542478.0699227,9.49436640739441,-45.92680792896598,-19.661340120336813,-22.697941133124765,-45.92582901624767,-19.661903343184886,-22.697800891697415,0.0011380499745634897,0.004492018478067408,0.13118099238901107,0.13227945404026126,403,403
stairs_alpha,3,1705542468.5755563,1705542478.1697388,9.59418249130249,-45.82977383284571,-19.747687427135393,-22.701993000980753,-45.829784799077736,-19.74704943188815,-22.701067823919026,0.0011238820175157598,0.002378913722778962,0.13169139881819883,0.1317388529104748,401,405
stairs_alpha,3,1705542468.5755563,1705542478.2696986,9.69414234161377,-45.72870724777845,-19.829612773435645,-22.697263876175914,-45.72715552087282,-19.82990321927947,-22.695485809444314,0.002377758709347408,0.001494348377537239,0.13776489536923425,0.13981326819435544,365,367
stairs_alpha,3,1705542468.5755563,1705542478.3697922,9.794235944747925,-45.62528343829688,-19.91142161278942,-22.692961195651474,-45.62426749891812,-19.911835719022733,-22.69214513272187,0.001367324211318804,0.002624647463816452,0.1431871454990409,0.14449045224638948,388,388
stairs_alpha,3,1705542468.5755563,1705542478.4699023,9.894345998764038,-45.52354440088759,-19.99085166416965,-22.697384348059785,-45.52187636217895,-19.99076188711159,-22.697048356266375,0.001703908312939241,0.0030487957582570604,0.14884894534623025,0.15022612674202132,385,389
stairs_alpha,3,1705542468.5755563,1705542478.5698903,9.994333982467651,-45.41535732369063,-20.065367774158602,-22.714796498058494,-45.41416134928322,-20.065229550048812,-22.713614875137115,0.0016869183193129026,0.002292782805476076,0.14237094806992387,0.14364657747518067,412,413
stairs_alpha,3,1705542468.5755563,1705542478.6694286,10.093872308731079,-45.305234386397075,-20.140643837542125,-22.725948469752076,-45.30446408485313,-20.140750243302218,-22.723494774895304,0.0025739668033085764,0.002628722304918572,0.14099182994257187,0.14246977918640505,433,432
stairs_alpha,3,1705542468.5755563,1705542478.769831,10.194274663925171,-45.19367736915339,-20.218500004175755,-22.721183571548323,-45.192351880072316,-20.21758879270399,-22.71803683399454,0.0035340040864049282,0.003355894558761154,0.14476440681370797,0.1462999431725898,424,421
stairs_alpha,3,1705542468.5755563,1705542478.8690834,10.293527126312256,-45.0838390542963,-20.30114550444368,-22.71119088989012,-45.08437766925177,-20.298945789227595,-22.707491351402314,0.00433767658140742,0.0012980491232554273,0.14213602041636317,0.14168738625861438,396,401
stairs_alpha,3,1705542468.5755563,1705542478.9690027,10.393446445465088,-44.9664279675949,-20.38736622256561,-22.7153478341923,-44.96738031891211,-20.386858650383285,-22.710086219219125,0.005371144633837925,0.007186587695449684,0.14246188202231,0.14304542650463786,431,428
stairs_alpha,3,1705542468.5755563,1705542479.0698068,10.494250535964966,-44.85349760375844,-20.480465545668125,-22.721849479493006,-44.854311342402305,-20.480317129239143,-22.717417211102035,0.004508791535046916,0.0035974190327972993,0.14117389413107118,0.14171394025864337,423,423
stairs_alpha,3,1705542468.5755563,1705542479.1699426,10.594386339187622,-44.74525737837169,-20.57461538998578,-22.720942500601307,-44.74752265720616,-20.574724923110043,-22.717843747164935,0.003840020646122274,0.002412243048639896,0.14010859840787523,0.13942381650871422,422,425
stairs_alpha,3,1705542468.5755563,1705542479.2699056,10.69434928894043,-44.63468311369021,-20.66459393784589,-22.712489438035178,-44.63751956528824,-20.66437973859226,-22.710717591562904,0.0033512354303334457,0.0010623793480801105,0.1441598807136691,0.14241947966139962,403,409
stairs_alpha,3,1705542468.5755563,1705542479.3699732,10.794416904449463,-44.51999490319658,-20.748178695385743,-22.706256258709832,-44.52333183638484,-20.747933374297116,-22.70462936876209,0.003720494112545124,0.0010890412071803217,0.14332198811330676,0.141078746806392,389,395
stairs_alpha,3,1705542468.5755563,1705542479.469566,10.894009828567505,-44.40158728017072,-20.827473703873597,-22.70848440630262,-44.40321008776845,-20.8279931959369,-22.70616725485021,0.002876207112931696,0.0007177919899351442,0.1440954607869229,0.1437724392380571,437,439
stairs_alpha,3,1705542468.5755563,1705542479.5690117,10.993455410003662,-44.280866564136026,-20.906022189545922,-22.718572104252857,-44.28158737886303,-20.906172801329227,-22.71696324627842,0.001769373268092443,0.00021364300503542904,0.13996123579217834,0.13993769417153595,466,467
stairs_alpha,3,1705542468.5755563,1705542479.6696002,11.094043970108032,-44.15744766327421,-20.981106766077986,-22.722733769100035,-44.15691076028479,-20.982261922202994,-22.72220808610451,0.0013780395875965434,0.00028390030521815583,0.13898401011352515,0.14013428252111668,432,434
stairs_alpha,3,1705542468.5755563,1705542479.7697327,11.194176435470581,-44.032709483765075,-21.060830911441496,-22.720175792542474,-44.03197029198526,-21.061869056114347,-22.719951515886436,0.0012940049719987908,0.00020491184223930982,0.14036755532121625,0.14155337299015025,465,469
stairs_alpha,3,1705542468.5755563,1705542479.8699684,11.29441213607788,-43.915651964328895,-21.141090048822356,-22.71085513314735,-43.91454496399035,-21.142618473136054,-22.7108854812335,0.0018874457975179653,0.0005570796736815345,0.134476404279916,0.1361475711464987,478,475
stairs_alpha,3,1705542468.5755563,1705542479.9697645,11.394208192825317,-43.797066781551514,-21.225259384648535,-22.708613839405313,-43.79548000596993,-21.225818165075584,-22.709600944195454,0.0019505045959164232,0.0017469543077026195,0.13635291706584268,0.1377199345255687,477,476
stairs_alpha,3,1705542468.5755563,1705542480.0691783,11.493622064590454,-43.67593743474071,-21.312235600771317,-22.713801821517684,-43.673932820783286,-21.311475812897392,-22.714545902173345,0.0022692313134174075,0.002382344263120257,0.14106656312143837,0.14219140410951553,468,471
stairs_alpha,3,1705542468.5755563,1705542480.169348,11.593791723251343,-43.56290748474691,-21.398210880185317,-22.713092916044275,-43.560650972880744,-21.39678286022635,-22.71393585147095,0.0028002905097325365,0.0016043865437935928,0.13988269826259292,0.14080794524605894,453,464
stairs_alpha,3,1705542468.5755563,1705542480.2696671,11.694110870361328,-43.453216931266006,-21.48483443737126,-22.710269625589074,-43.45141937545058,-21.48345248789534,-22.70811021349807,0.0031311422584007686,0.00020644446899511457,0.13646055379294203,0.13784767448271193,450,452
stairs_alpha,3,1705542468.5755563,1705542480.3695936,11.794037342071533,-43.3432564647466,-21.564868202269146,-22.711115874554206,-43.34189266661574,-21.56339626052933,-22.709355982655378,0.0026690405247413334,0.00038991542794521595,0.13226863928155638,0.13297392629204466,473,479
stairs_alpha,3,1705542468.5755563,1705542480.469722,11.894165754318237,-43.229565685874505,-21.647100565331648,-22.71476176409295,-43.22652762308494,-21.645370795322716,-22.713614796333648,0.003679329400584985,0.0005629744937021006,0.13474542735005504,0.13641489877439125,444,440
stairs_alpha,3,1705542468.5755563,1705542480.5695806,11.994024276733398,-43.10925680589354,-21.720815832299724,-22.726802015193265,-43.10550058536853,-21.720454944960814,-22.72520240494732,0.004098558922692802,0.0003136097439312167,0.14004323407004712,0.1430680312813737,435,435
stairs_alpha,3,1705542468.5755563,1705542480.669698,12.094141721725464,-42.98893725201039,-21.795653344444677,-22.728750294694915,-42.98531176026421,-21.796560908135334,-22.728319169518446,0.003762144491109448,0.0003490283159576908,0.138904220631756,0.1421236111576177,436,440
stairs_alpha,3,1705542468.5755563,1705542480.7698593,12.194303035736084,-42.86347060099685,-21.869345283842527,-22.718293103356704,-42.859972067127984,-21.870781397859762,-22.716966480317488,0.004007753908396273,0.0011780083693717258,0.14044957478874556,0.14412734553765014,391,390
stairs_alpha,3,1705542468.5755563,1705542480.8698056,12.294249296188354,-42.733181204001085,-21.94889351069995,-22.707489300633775,-42.73172350975533,-21.948857235160467,-22.70670148246633,0.001657361123544979,0.0002476475083517746,0.13976632812956716,0.14082461159987636,422,420
stairs_alpha,3,1705542468.5755563,1705542480.9698222,12.39426589012146,-42.60342340548556,-22.024558784120014,-22.705542837681378,-42.60207556224928,-22.02395887327254,-22.705335643573722,0.0014897999237261526,0.0006314168071554176,0.14651189168005663,0.1470460430822835,401,403
stairs_alpha,3,1705542468.5755563,1705542481.0694938,12.493937492370605,-42.466295608483655,-22.101645415567585,-22.71305788891358,-42.465357036987996,-22.101197291186555,-22.711772668779656,0.0016533368398420018,0.0003157020768546056,0.15769211655230617,0.15827734650377004,432,432
stairs_alpha,3,1705542468.5755563,1705542481.169285,12.59372878074646,-42.33284837625375,-22.176714668069994,-22.715385558178774,-42.3323599014719,-22.176689423391455,-22.71358365177087,0.0018671131752394307,0.0003264555947543056,0.16720883644183007,0.16791772052119483,413,413
stairs_alpha,3,1705542468.5755563,1705542481.2695396,12.693983316421509,-42.2013516113569,-22.248586231005483,-22.705108501192306,-42.201173780088595,-22.248101144943817,-22.704023059907012,0.0012021294568514153,0.00045929674798014173,0.17015525133741705,0.17013846671160937,410,409
stairs_alpha,3,1705542468.5755563,1705542481.3698967,12.794340372085571,-42.07104561664404,-22.317171345282148,-22.695952298101833,-42.07090089430116,-22.316499989883745,-22.694828519386352,0.0013170198285759273,0.0008510609308609503,0.17249178668492193,0.1723140885557417,439,442
stairs_alpha,3,1705542468.5755563,1705542481.4697669,12.894210577011108,-41.93941956637609,-22.382851750602597,-22.700362487993655,-41.93901777132953,-22.383000591119078,-22.699735338626414,0.0007595453163658752,0.0007129763964356789,0.17616144795505004,0.17666970212559538,419,419
stairs_alpha,3,1705542468.5755563,1705542481.5697153,12.99415898323059,-41.80621085228921,-22.44727693934294,-22.706101231091942,-41.80520650153752,-22.447211097564246,-22.70605186180577,0.0010077166757896806,0.00039302210196710715,0.18686578301018847,0.18759268019669148,465,463
stairs_alpha,3,1705542468.5755563,1705542481.669701,13.094144821166992,-41.675359747040204,-22.509311902988575,-22.706116085934173,-41.67427244933775,-22.50848574136707,-22.70516565308836,0.0016637553645315495,0.0008276626408385983,0.18978501821666344,0.19047178348861327,515,511
stairs_alpha,3,1705542468.5755563,1705542481.7700706,13.194514274597168,-41.548112615187,-22.571010338345822,-22.691894426935452,-41.54751247620381,-22.569133152784925,-22.690779676944643,0.0022642128811550867,0.0005542332703936165,0.18173007931357424,0.18160860274387888,499,492
stairs_alpha,3,1705542468.5755563,1705542481.8698258,13.294269561767578,-41.42277637413052,-22.636227586186973,-22.687931227217366,-41.421565639811874,-22.633848295669292,-22.68720692568354,0.00276613695788479,0.00032436890985491576,0.17284844445169947,0.17277876177458645,502,500
stairs_alpha,3,1705542468.5755563,1705542481.9695811,13.394024848937988,-41.29549842668189,-22.709207261966807,-22.694152219754123,-41.29553157071564,-22.705902876215973,-22.693646389946636,0.003343041655652821,0.0018876810850926005,0.17168588891533518,0.17016033038458253,523,518
stairs_alpha,3,1705542468.5755563,1705542482.0697024,13.49414610862732,-41.17182289919197,-22.7847267174559,-22.70394588432939,-41.17157676178175,-22.781816215349934,-22.702952429909722,0.0030852160082396867,0.00030202159356800375,0.1707033550177743,0.1697815770129589,520,522
stairs_alpha,3,1705542468.5755563,1705542482.1697037,13.594147443771362,-41.050410596060274,-22.857081098217275,-22.701793741758465,-41.050396159727896,-22.854420946042268,-22.699835670139283,0.0033031291933156804,0.00046035925123297065,0.16945318690032754,0.1690724107545819,473,474
stairs_alpha,3,1705542468.5755563,1705542482.270006,13.694449663162231,-40.92667873830693,-22.92670363792593,-22.692935423901247,-40.92690652523085,-22.925139462170627,-22.691452515147343,0.0021673834567479573,0.00021927242958825517,0.1614946091699445,0.16120652075096858,488,493
stairs_alpha,3,1705542468.5755563,1705542482.369201,13.793644666671753,-40.80140315604184,-22.99112061703456,-22.688981523298057,-40.80079723291379,-22.98966083405678,-22.687551089976054,0.0021317243414719555,0.0006675050617918099,0.15690450559971714,0.15724855482484557,492,496
stairs_alpha,3,1705542468.5755563,1705542482.4697046,13.894148349761963,-40.66953537167359,-23.05736755545145,-22.69708413828204,-40.66940560323214,-23.05493558384021,-22.696630763325647,0.00247727160750727,0.0006956583497924029,0.16349352216824412,0.1625703368309796,483,478
stairs_alpha,3,1705542468.5755563,1705542482.5697706,13.994214296340942,-40.53636204637619,-23.11441560157795,-22.707157301993146,-40.536074147538656,-23.11219258665856,-22.70628923675073,0.0024037924905400384,0.001360298661157936,0.1534586163474719,0.15280463310577036,493,490
stairs_alpha,3,1705542468.5755563,1705542482.6696806,14.09412431716919,-40.40301144525451,-23.169429009850084,-22.706471865329128,-40.402340260192375,-23.167789624576432,-22.705735376954237,0.0019184599525281074,0.000978747813262103,0.14448165730063822,0.14424633173137438,530,526
stairs_alpha,3,1705542468.5755563,1705542482.7698166,14.194260358810425,-40.271594120313395,-23.228581616383075,-22.700075077597564,-40.27079566188381,-23.22723004301733,-22.69920035005724,0.001797062797058366,0.000297256078687047,0.14802932998715612,0.1480509100440959,547,541
stairs_alpha,3,1705542468.5755563,1705542482.8700335,14.294477224349976,-40.14073586667254,-23.292816363902922,-22.701800933154743,-40.1393035943825,-23.29349545721659,-22.70075030981838,0.0019016784787172579,0.0003947477820421501,0.15448098303229552,0.1562454498112677,519,523
stairs_alpha,3,1705542468.5755563,1705542482.9697635,14.394207239151001,-40.01311805371926,-23.36509290822348,-22.71370222315238,-40.0122707715057,-23.36635715477351,-22.713380799135113,0.001555480596972605,0.00039237168197166103,0.16733820332632612,0.16880983971408403,520,517
stairs_alpha,3,1705542468.5755563,1705542483.069894,14.494337797164917,-39.888729090219115,-23.442098194738712,-22.719678577127674,-39.88787117728124,-23.443706780980598,-22.719022188202832,0.0019376301832943071,0.0016489577850860471,0.18403391217217768,0.18579238606936824,504,509
stairs_alpha,3,1705542468.5755563,1705542483.169749,14.594192743301392,-39.76662809195672,-23.51718155867221,-22.714051260248834,-39.765145359632896,-23.518825796376877,-22.71318268463429,0.002378326380406167,0.0002026972921905252,0.1797514505167675,0.18207753536120774,514,505
stairs_alpha,3,1705542468.5755563,1705542483.269951,14.694394826889038,-39.645300299079395,-23.58870482246888,-22.70264586892861,-39.643412016945696,-23.590462644085704,-22.702234669925875,0.002612399447417786,0.00031818831356351257,0.16707253269222097,0.16962407667020812,437,443
stairs_alpha,3,1705542468.5755563,1705542483.369263,14.79370665550232,-39.52612768968774,-23.659967669021615,-22.70190520163638,-39.52377438024725,-23.66227656077146,-22.701495544052108,0.0033221778657335824,0.0005184409087555589,0.169077969998023,0.17228936929321098,499,502
stairs_alpha,3,1705542468.5755563,1705542483.4700446,14.894488334655762,-39.398392034780045,-23.727924724015413,-22.713078184326054,-39.39608101149092,-23.730111139188384,-22.71310991798577,0.003181547890042414,0.0004817268476371052,0.1727619705191405,0.17568533832509697,523,516
stairs_alpha,3,1705542468.5755563,1705542483.5701563,14.994600057601929,-39.26392913165081,-23.799471341298233,-22.718895140486186,-39.26188889583494,-23.801235741733024,-22.718365699953026,0.002748813990941915,0.0001696267190651774,0.17123878635556894,0.17393487870199692,524,521
stairs_alpha,3,1705542468.5755563,1705542483.6744318,15.098875522613525,-39.124800989268955,-23.870418552536144,-22.713489096773056,-39.12316368065535,-23.871576207264464,-22.712701115698188,0.0021544971897246414,0.00024333024463954497,0.17733931597704392,0.17949156357310966,535,535
stairs_alpha,3,1705542468.5755563,1705542483.7690055,15.193449258804321,-39.00262276282362,-23.93967692150136,-22.701424789651874,-39.00105477884803,-23.940536307792566,-22.701280172766133,0.0017938875630497994,8.65251293519241e-05,0.1747424713943489,0.176475471919538,511,516
stairs_alpha,3,1705542468.5755563,1705542483.8686974,15.29314112663269,-38.87944895097132,-24.006162115454458,-22.695403420177872,-38.877763877685766,-24.00676754507343,-22.695203576841312,0.001801653229784977,0.0001883957104645649,0.17403911254297164,0.17574785552898767,504,506
stairs_alpha,3,1705542468.5755563,1705542483.9691725,15.393616199493408,-38.75662837555815,-24.080195276278598,-22.70264501548444,-38.753894802677166,-24.080328084731825,-22.702586803527755,0.002737416192836514,0.002128076920437478,0.1810958306039243,0.18327457127888822,525,523
stairs_alpha,3,1705542468.5755563,1705542484.0692549,15.493698596954346,-38.63788407806497,-24.15371963408319,-22.710087549749346,-38.63502665710415,-24.154129225564656,-22.709371848646132,0.0029740288832120596,0.0018363464798515027,0.18691702254539616,0.18953822855117605,512,508
stairs_alpha,3,1705542468.5755563,1705542484.168618,15.593061685562134,-38.51850144502925,-24.232102616286266,-22.706558517705933,-38.51525053595621,-24.23221239490827,-22.705476117521062,0.0034281265010529132,0.00086780882509048,0.18206690622879798,0.18496037684288913,536,536
stairs_alpha,3,1705542468.5755563,1705542484.268963,15.693406820297241,-38.401953001492146,-24.302160103106687,-22.6937298674659,-38.399077565201466,-24.302279189212992,-22.69287026825694,0.0030035356103298746,0.0009642670391165174,0.1661884442126185,0.16871972367507965,465,470
stairs_alpha,3,1705542468.5755563,1705542484.3689718,15.793415546417236,-38.28555123453681,-24.373352027020204,-22.691490920880355,-38.28297713659779,-24.373688564041274,-22.690105556630037,0.002942528075017399,0.0013033599109269062,0.17406074320975673,0.1766899534556541,520,524
stairs_alpha,3,1705542468.5755563,1705542484.4689553,15.893399000167847,-38.16344743951218,-24.44292301947116,-22.705920803202456,-38.161270321244665,-24.442709922744395,-22.705216115016118,0.002298225316561463,0.0005775716948513226,0.1826714037655741,0.18440016438173884,572,567
stairs_alpha,3,1705542468.5755563,1705542484.56881,15.993253707885742,-38.031898479558336,-24.512064147056996,-22.715142679008885,-38.029611577267566,-24.512099670643384,-22.7139950958164,0.002558931651371397,0.0006421220809564442,0.1796709645253931,0.18178488261723016,580,580
stairs_alpha,3,1705542468.5755563,1705542484.6686563,16.09310007095337,-37.896352477235325,-24.582332223868264,-22.711563328896236,-37.8943087720659,-24.582137919401656,-22.7103400357808,0.0023897554459742314,0.000214275319894182,0.18031373948391133,0.18211957422416591,555,555
stairs_alpha,3,1705542468.5755563,1705542484.7685463,16.19299006462097,-37.769380920649134,-24.656832585329216,-22.700781334601636,-37.76749373734241,-24.656938339130093,-22.6991664051281,0.0024860896814198814,0.0008452176350668307,0.19251526629491816,0.19457242643949565,528,529
stairs_alpha,3,1705542468.5755563,1705542484.8682315,16.292675256729126,-37.642800696466765,-24.7330843771084,-22.69358646185445,-37.64154107232967,-24.73399289364017,-22.691753567712894,0.0024024063331163064,0.0001890399319902496,0.21114527770552394,0.21337892176905668,553,553
stairs_alpha,3,1705542468.5755563,1705542484.9689891,16.39343285560608,-37.51454385042187,-24.812099900537998,-22.69944168937918,-37.5130412870578,-24.813231071671897,-22.698528591301102,0.0020906919661694925,0.0011798756699868645,0.23233754170852283,0.23442099285092174,542,535
stairs_alpha,3,1705542468.5755563,1705542485.0682442,16.492687940597534,-37.39117534005125,-24.889128575153112,-22.705378482135334,-37.389984934540905,-24.890014907297815,-22.704102810420743,0.0019570355830171864,0.0015626451973291711,0.24342915784631564,0.24536573135193385,543,544
stairs_alpha,3,1705542468.5755563,1705542485.1689558,16.59339952468872,-37.269896103752956,-24.968700731063862,-22.703302082529746,-37.26733348203057,-24.97088535522325,-22.701885376265892,0.003653309382990828,0.0002759055679567677,0.2496319155017706,0.25319274240644535,577,576
stairs_alpha,3,1705542468.5755563,1705542485.2687469,16.693190574645996,-37.148841245584556,-25.043955807413692,-22.690841801727913,-37.146197677245965,-25.046076224420123,-22.689514732766057,0.0036394688996454136,8.083789716714533e-05,0.25414187077809514,0.2576497092750607,519,515
stairs_alpha,3,1705542468.5755563,1705542485.368891,16.79333472251892,-37.02618046470819,-25.121170966797983,-22.68623760266009,-37.0236125114897,-25.12293777052003,-22.68560580862149,0.003180431233620332,0.0008895172201685909,0.25722404555367556,0.2600755423633122,531,530
stairs_alpha,3,1705542468.5755563,1705542485.4684463,16.892889976501465,-36.90549767440841,-25.195861933917165,-22.69672528799846,-36.90288155964353,-25.197984773963974,-22.69696739611428,0.003377739283468528,5.42496578711298e-05,0.24709213132931002,0.24948422143247925,546,549
stairs_alpha,3,1705542468.5755563,1705542485.569225,16.993668794631958,-36.78059110775433,-25.268943788940547,-22.701275447197936,-36.777780469673125,-25.270518213473384,-22.70240210463632,0.003412895547273537,0.0014786569296731677,0.2443331589525272,0.24609652001496,537,531
stairs_alpha,3,1705542468.5755563,1705542485.6689425,17.09338617324829,-36.658236308666716,-25.338369962680016,-22.69526930824189,-36.65547162463885,-25.339725868492508,-22.696572165405115,0.0033435602483063787,0.0011964103400397064,0.23759156874781057,0.23914574648378897,557,557
stairs_alpha,3,1705542468.5755563,1705542485.7687683,17.193212032318115,-36.54052896075629,-25.41529624688039,-22.685884739791465,-36.53785890123159,-25.41598860562657,-22.68682608423289,0.002914568210948758,0.0007598847230112426,0.226434872534306,0.22798408677932652,537,541
stairs_alpha,3,1705542468.5755563,1705542485.8688555,17.293299198150635,-36.41669662761865,-25.4985191793744,-22.684128817325043,-36.41414457073452,-25.499556011419788,-22.68472624870602,0.002818676867812089,0.0015298822754232055,0.2123209397518835,0.21419200225397433,544,537
stairs_alpha,3,1705542468.5755563,1705542485.9685764,17.393020153045654,-36.29185641069491,-25.584071884054026,-22.693936130194523,-36.289728349609454,-25.586242751149456,-22.69387375613594,0.0030405917931616436,0.003279141955788768,0.21366455413011534,0.21599518129858117,545,547
stairs_alpha,3,1705542468.5755563,1705542486.0684688,17.492912530899048,-36.16964972043,-25.671945752988446,-22.700334639226458,-36.168730622475636,-25.67411383988194,-22.70014269628446,0.0023626645806049504,0.0031281822027322444,0.20899128998937772,0.21056447030782013,530,533
stairs_alpha,3,1705542468.5755563,1705542486.1684947,17.59293842315674,-36.05011266962736,-25.755579238710606,-22.693368243824327,-36.04844618863352,-25.75752057395026,-22.692286076524596,0.002777953829738706,0.001107319395405724,0.20926541545673147,0.21183527081839765,550,557
stairs_alpha,3,1705542468.5755563,1705542486.2684321,17.692875862121582,-35.92619337414582,-25.835311607001756,-22.682245640627443,-35.924975498125974,-25.836990344000053,-22.681139906588342,0.002350325014628356,0.0015078965485538906,0.20224426991038374,0.20441493145168432,522,519
stairs_alpha,3,1705542468.5755563,1705542486.3693259,17.793769598007202,-35.800467410949345,-25.91620070393339,-22.686068023075087,-35.79909572459414,-25.91730654257816,-22.685199576255506,0.0019643325695418946,0.0006533034511353912,0.1946902438066816,0.19662848523695106,496,498
stairs_alpha,3,1705542468.5755563,1705542486.46937,17.893813610076904,-35.674183077966134,-25.991829477159396,-22.69962130636734,-35.67321492497646,-25.9927312115938,-22.69871748405177,0.001602292101872523,0.000520363138952476,0.18640310361573892,0.18796591153054984,539,535
stairs_alpha,3,1705542468.5755563,1705542486.5694327,17.993876457214355,-35.547866235464724,-26.06272366709796,-22.70668935084233,-35.54742957015473,-26.063529090092544,-22.706149759201445,0.0010632694541210684,0.000190572655776229,0.1776276858155168,0.17855742795476112,549,553
stairs_alpha,3,1705542468.5755563,1705542486.6685421,18.09298586845398,-35.42754248484179,-26.137087493477907,-22.696570650580405,-35.42628879884878,-26.137989862815772,-22.696248591457987,0.001577884998760224,0.0002814914655555088,0.17319839798777584,0.17469688650613394,555,557
stairs_alpha,3,1705542468.5755563,1705542486.768859,18.193302631378174,-35.306078634907806,-26.2121725912513,-22.688003256671113,-35.30508358672664,-26.21277693574635,-22.68740578331756,0.001308559345139337,0.0005341897928489448,0.16427329587252107,0.1655796545381416,532,533
stairs_alpha,3,1705542468.5755563,1705542486.8689907,18.293434381484985,-35.181743511213654,-26.29079411485519,-22.690919897728996,-35.17997195592366,-26.291627474005313,-22.68990593803265,0.0022047698030431937,0.0027549602307210667,0.1508370975890456,0.15304023517688845,547,548
stairs_alpha,3,1705542468.5755563,1705542486.9688618,18.39330554008484,-35.057668374940505,-26.374610781970702,-22.700691648747465,-35.05520538777547,-26.375612327973172,-22.69907446754684,0.003112021080557317,0.0006732556359190171,0.14337058948767814,0.14647742500529892,591,592
stairs_alpha,3,1705542468.5755563,1705542487.0685658,18.493009567260742,-34.9367794080009,-26.46307485293559,-22.699605689992833,-34.935187302380015,-26.46358832681573,-22.698589335937115,0.0019574042250439243,0.00025461043063801955,0.1485397868052304,0.15049639209793575,546,547
stairs_alpha,3,1705542468.5755563,1705542487.1693182,18.593761920928955,-34.81247530954861,-26.547920526333126,-22.68591102045192,-34.81091597794486,-26.54884887533123,-22.68545168550113,0.001871987048501312,0.002081672443866852,0.15523559649580512,0.1569755008178207,530,530
stairs_alpha,3,1705542468.5755563,1705542487.2692997,18.693743467330933,-34.68817796483661,-26.62850258991763,-22.675405109898065,-34.68756063283132,-26.628568521234513,-22.674832344367005,0.0008446929009253524,0.0017547896636686765,0.15306835547644393,0.15388183851602236,531,532
stairs_alpha,3,1705542468.5755563,1705542487.3685427,18.792986392974854,-34.57129465825433,-26.704778464774645,-22.682226805795118,-34.5709362144259,-26.70441319196619,-22.681886704440974,0.00061447142637279,0.003966129747942795,0.14555079676174618,0.14593029889618062,513,515
stairs_alpha,3,1705542468.5755563,1705542487.4688034,18.89324712753296,-34.44859517890102,-26.78263018302374,-22.69851187972966,-34.44804650058889,-26.78271385647669,-22.69774387492868,0.0009475655709591983,0.0022246405297856415,0.13770545911934762,0.1384969057232873,529,532
stairs_alpha,3,1705542468.5755563,1705542487.568882,18.99332571029663,-34.3258466346013,-26.8581228694652,-22.700699180740063,-34.32498283133501,-26.857803849034774,-22.699520666450404,0.0014956022361628106,0.0012577635622409496,0.12721818184062136,0.12821672941760395,546,552
stairs_alpha,3,1705542468.5755563,1705542487.669101,19.093544721603394,-34.20601192828678,-26.938534680497597,-22.68821113766233,-34.20523925683594,-26.93796263113256,-22.687612099125452,0.0011327439320709775,0.000802598810739733,0.11291133553224758,0.11342865266185781,541,542
stairs_alpha,3,1705542468.5755563,1705542487.769342,19.193785667419434,-34.086016250803,-27.021067591077312,-22.680038994452026,-34.08519630776147,-27.020451426570652,-22.679313534593266,0.0012562871078255669,0.0007781424793048108,0.12164533110662369,0.12224649759652277,501,502
stairs_alpha,3,1705542468.5755563,1705542487.8685653,19.293009042739868,-33.96119605119205,-27.10728305399626,-22.683709171118373,-33.96031445274818,-27.10666928425555,-22.683628049429018,0.0010772696223907798,0.002086842606573723,0.12933781336085706,0.12983124655077075,539,542
stairs_alpha,3,1705542468.5755563,1705542487.9689748,19.393418550491333,-33.84045400292386,-27.195188791973145,-22.689005283393183,-33.840065699592195,-27.194639195787094,-22.68850152690471,0.0008405986228789847,0.0022021802601211457,0.13686948779684396,0.1371677182631424,540,538
stairs_alpha,3,1705542468.5755563,1705542488.0690763,19.4935200214386,-33.72087678896719,-27.28409053026048,-22.68161293279689,-33.722417098875134,-27.283130361917127,-22.681437349116525,0.0018235425656958346,0.002025176608893372,0.14562371578472091,0.14413939424332414,495,496
stairs_alpha,3,1705542468.5755563,1705542488.1689932,19.59343695640564,-33.5996548956314,-27.36542827369269,-22.666892317056064,-33.60217968741739,-27.363331808669088,-22.66703335652575,0.003284757417189726,0.00016574570911371024,0.14346954337981674,0.14061459574939167,488,491
stairs_alpha,3,1705542468.5755563,1705542488.26908,19.693523645401,-33.48015193603302,-27.448723760893603,-22.66078910146956,-33.4823784766636,-27.446964135980565,-22.660246839719782,0.002889257831950072,0.0012214776095320387,0.14435549192078906,0.142165367891011,531,533
stairs_alpha,3,1705542468.5755563,1705542488.3691843,19.793627977371216,-33.35637463393458,-27.519385197525704,-22.67112747460068,-33.35829806611022,-27.518123927459996,-22.670823918583427,0.0023200301223402055,0.0011356524152883033,0.15838725724645322,0.15659787263181565,518,520
stairs_alpha,3,1705542468.5755563,1705542488.4693608,19.8938045501709,-33.23304906714014,-27.588314761477275,-22.68492863326434,-33.2348129362702,-27.587002092968014,-22.684558064457335,0.002229720647055747,0.0015723945630122503,0.15258243952898745,0.1509122549635617,526,528
stairs_alpha,3,1705542468.5755563,1705542488.5696313,19.994075059890747,-33.106636196862915,-27.65237304137431,-22.68458939660646,-33.10719395959115,-27.650596142964382,-22.683858097199924,0.0020008163439494834,0.0016852931066491561,0.1516990974488242,0.15094103979691106,535,535
stairs_alpha,4,1705542492.374822,1705542492.4688704,0.09404850006103516,-29.603523754460188,-26.591881494562568,-22.673144116590553,-29.599295432870417,-26.58835867372471,-22.671997185671323,0.005621780914946781,0.0013071929211258355,0.19698169043361313,0.20223139500419277,578,576
stairs_alpha,4,1705542492.374822,1705542492.569654,0.19483208656311035,-29.54709931284697,-26.48030560350051,-22.672870923363387,-29.545397606458984,-26.478880522737946,-22.672217249008387,0.002313860404850591,0.0008233408996770138,0.20066385376656842,0.2028733930647005,521,522
stairs_alpha,4,1705542492.374822,1705542492.6738956,0.2990736961364746,-29.48111219738998,-26.358012451458375,-22.664305463679508,-29.481415201252908,-26.357733143660276,-22.663969200047127,0.0005318810181706511,0.00011627893113068716,0.20797717597261633,0.2081032893359937,547,544
stairs_alpha,4,1705542492.374822,1705542492.7686765,0.39385461807250977,-29.411477970939803,-26.24121248202998,-22.668958504406213,-29.413000549432116,-26.241326175765646,-22.668775533605135,0.001537741800443598,6.727066135715624e-05,0.21507820595423818,0.21408172417078708,552,553
stairs_alpha,4,1705542492.374822,1705542492.8679132,0.493091344833374,-29.336247756212217,-26.128133611154432,-22.67841125776955,-29.33871883040489,-26.128492758688335,-22.678817119046457,0.0025298059200057803,0.000282349827606473,0.2140148260783456,0.21197571040692095,581,583
stairs_alpha,4,1705542492.374822,1705542492.9687223,0.5939004421234131,-29.255841375636262,-26.0159227997385,-22.68725349498537,-29.258203460425264,-26.016283415193833,-22.688034014197157,0.002513702109842901,0.0004755904518440215,0.21853787309503866,0.2163793675203475,581,583
stairs_alpha,4,1705542492.374822,1705542493.068403,0.6935811042785645,-29.173258603522825,-25.903394404207283,-22.678202337460593,-29.175705019251247,-25.904004871235394,-22.67865263333391,0.002561325102794365,0.0010156352593630646,0.22171554103249874,0.21956261116158782,583,586
stairs_alpha,4,1705542492.374822,1705542493.1685174,0.7936954498291016,-29.093632431151022,-25.790146903128992,-22.665762406498516,-29.095085390017154,-25.7909266895535,-22.66617515498257,0.0016998581251417275,0.0002946254443654304,0.22167545008347622,0.22009368286536743,587,591
stairs_alpha,4,1705542492.374822,1705542493.2682056,0.8933837413787842,-29.01628888769742,-25.672013934010643,-22.660198547378478,-29.01689960714328,-25.672834811709002,-22.660390317046883,0.0010409582330403652,0.00010201877789752562,0.22397304754141883,0.22304535384857557,586,592
stairs_alpha,4,1705542492.374822,1705542493.367932,0.993110179901123,-28.94298759600911,-25.555776009520496,-22.660673833647085,-28.942820573557498,-25.556101388210394,-22.660990019125354,0.00048346773196396867,0.004482431412793534,0.22390524767694914,0.22365946488537794,628,627
stairs_alpha,4,1705542492.374822,1705542493.467918,1.0930960178375244,-28.869932828529187,-25.43718132584339,-22.666133810140288,-28.869966010369577,-25.43745688797335,-22.666985038353026,0.0008953351284083178,0.001942097975549755,0.22708537702962034,0.2263943492244287,612,614
stairs_alpha,4,1705542492.374822,1705542493.5678048,1.1929829120635986,-28.797182561139028,-25.32065765055254,-22.66002518670914,-28.79717876707008,-25.32096909405545,-22.6608497437934,0.0008814226203489085,0.0006620542442352892,0.22512136877290886,0.22445565066430578,639,638
stairs_alpha,4,1705542492.374822,1705542493.6679792,1.2931573390960693,-28.721486704378282,-25.20172277419744,-22.65031118713053,-28.721497587138394,-25.20160122729192,-22.65115015076359,0.0008477924641727044,0.00136927759707895,0.22155749285823498,0.22108628443706388,634,629
stairs_alpha,4,1705542492.374822,1705542493.768685,1.3938632011413574,-28.639499373605258,-25.081183294998237,-22.648912808798368,-28.639702316734265,-25.08070038254675,-22.65017206301216,0.0013638590559026992,0.0017935911396282313,0.2225784677699883,0.22186530718078915,659,659
stairs_alpha,4,1705542492.374822,1705542493.8687177,1.4938957691192627,-28.556811175206786,-24.95880461542385,-22.656746944743333,-28.55765991701299,-24.957603530695714,-22.65841279258764,0.0022221647594519375,0.001221987625697987,0.22460452698621938,0.2234917162863541,625,623
stairs_alpha,4,1705542492.374822,1705542493.9687676,1.5939457416534424,-28.471173019585397,-24.833704751282255,-22.657060920468425,-28.4714380683622,-24.83269099488911,-22.65870364054634,0.0019484563462164816,0.001929825666250103,0.23221245665092274,0.23141914024339916,635,631
stairs_alpha,4,1705542492.374822,1705542494.0677836,1.6929616928100586,-28.387869456002452,-24.70565852106789,-22.64582201049767,-28.387721429623436,-24.70497230392849,-22.646361390956237,0.0008852892467285284,0.00016083348947897386,0.23371093473063076,0.23377056624805617,644,645
stairs_alpha,4,1705542492.374822,1705542494.1685193,1.7936973571777344,-28.30647821415227,-24.58116054441599,-22.6411674294382,-28.305631404215834,-24.581243105350254,-22.64070366901181,0.0009690083123494823,0.0007329190160229625,0.23606657657491129,0.2368692577838503,609,606
stairs_alpha,4,1705542492.374822,1705542494.2683406,1.8935186862945557,-28.22665830419501,-24.449448048073428,-22.646397708989685,-28.225422305659812,-24.4498834455227,-22.645681562906823,0.0014933614866606431,0.0013879575443328602,0.24518198057073576,0.2462029907150945,633,627
stairs_alpha,4,1705542492.374822,1705542494.3681037,1.9932818412780762,-28.151906617666466,-24.31630735166955,-22.658392245819336,-28.150059542914857,-24.317012199228923,-22.657504520983345,0.0021671526490813597,0.0016072676386003357,0.2498881310038456,0.2512279940835971,619,620
stairs_alpha,4,1705542492.374822,1705542494.4688697,2.094047784805298,-28.082762625089618,-24.181542629459447,-22.658396254644884,-28.0809817313699,-24.182454999034746,-22.65750590533401,0.0021901421365387932,0.001984553658597443,0.2494586639358011,0.2506499191436485,664,667
stairs_alpha,4,1705542492.374822,1705542494.567892,2.19307017326355,-28.016140187423314,-24.054903783819274,-22.648093571911637,-28.01593988542713,-24.055129726681052,-22.647426629201536,0.0007321090390240165,0.0053012546092641895,0.24570690663413997,0.246113672086522,654,655
stairs_alpha,4,1705542492.374822,1705542494.668083,2.2932610511779785,-27.946233906625743,-23.926784684866906,-22.63703076385384,-27.946088309191882,-23.92680014355158,-22.636355208857672,0.0006912395652199342,0.0028107383992506075,0.24518625488711196,0.24566940949423874,645,651
stairs_alpha,4,1705542492.374822,1705542494.7679927,2.3931708335876465,-27.871558793062945,-23.799238906509302,-22.636919661758178,-27.87055933971435,-23.799388683940002,-22.6369754067914,0.0010121500795299953,0.0012691095922035072,0.2465899626307222,0.247072423744192,676,677
stairs_alpha,4,1705542492.374822,1705542494.8679416,2.493119716644287,-27.796292121749378,-23.677427609891943,-22.643493429111334,-27.795492242256604,-23.67875792270655,-22.643676528807475,0.0015630306735287677,0.0013693085077023073,0.24272294996274724,0.24236757687713872,715,714
stairs_alpha,4,1705542492.374822,1705542494.968424,2.593602180480957,-27.717147061964873,-23.553153944414532,-22.6412121467325,-27.716489662179768,-23.553754023418186,-22.641398971885057,0.0009094904758765377,0.0020154292337796163,0.24185448504096307,0.2417696667045933,708,706
stairs_alpha,4,1705542492.374822,1705542495.068716,2.693894147872925,-27.644508246570787,-23.42706215972714,-22.63132724912065,-27.64462639626016,-23.426045567581262,-22.631687092753623,0.0010848531607322036,0.001013640629233044,0.23593657561909054,0.2362416821603394,768,778
stairs_alpha,4,1705542492.374822,1705542495.1689315,2.794109582901001,-27.567707587850194,-23.302032281345717,-22.62701732818617,-27.56713815623855,-23.299966445363808,-22.627810064384715,0.0022848110085901697,0.0005997955298560543,0.22837186477516702,0.22941370969518968,791,789
stairs_alpha,4,1705542492.374822,1705542495.268683,2.8938610553741455,-27.49164643766664,-23.175901873347325,-22.63801230304923,-27.490299748987297,-23.174867039377386,-22.639524174877376,0.0022738091760628612,0.0006994756363921164,0.2273491732622503,0.2277665774463883,753,748
stairs_alpha,4,1705542492.374822,1705542495.3680363,2.9932143688201904,-27.41833899147019,-23.04406855343502,-22.652750464031886,-27.417147368120006,-23.043076512504708,-22.654611762815097,0.0024225079105146146,0.0009021041805258662,0.22786669442540305,0.22795821841503744,791,789
stairs_alpha,4,1705542492.374822,1705542495.4689717,3.0941498279571533,-27.34493609274695,-22.915596229771946,-22.65345695148024,-27.34524485038554,-22.91349814835359,-22.655780543624246,0.003145847639210528,0.0011217036923419556,0.22876821123208538,0.22843047947615133,791,795
stairs_alpha,4,1705542492.374822,1705542495.5680153,3.1931934356689453,-27.26824998105299,-22.789043876898816,-22.641190512700806,-27.268534086889897,-22.787570280491096,-22.64329091481819,0.002581451443302309,0.0009989441118449275,0.22598477591454721,0.2254674341801578,825,821
stairs_alpha,4,1705542492.374822,1705542495.6688488,3.2940268516540527,-27.18969132069675,-22.66223237731368,-22.639826020647632,-27.18797517801724,-22.66182269582802,-22.6418826053734,0.0027097094586666084,0.0009832816910279255,0.22602746774778812,0.22605022612886289,877,879
stairs_alpha,4,1705542492.374822,1705542495.7679353,3.393113374710083,-27.109180783907227,-22.535979229985077,-22.649475463042336,-27.108129946144544,-22.534763442919456,-22.65157110179179,0.0026408521277487456,0.0003824686341227888,0.22603622735018,0.22606504727325516,951,952
stairs_alpha,4,1705542492.374822,1705542495.8688443,3.4940223693847656,-27.020570925547617,-22.414284621990912,-22.653041827769087,-27.018596192510685,-22.412559127635216,-22.655193592472564,0.003392195848977082,0.0010442200659824348,0.224542883647264,0.2253326721677518,960,960
stairs_alpha,4,1705542492.374822,1705542495.9688594,3.5940375328063965,-26.931271407814418,-22.290211559633985,-22.642108440991986,-26.930699057988452,-22.2878529279211,-22.64324498601443,0.0026800116545168586,0.002363678058181771,0.2202234794208185,0.22113791364886026,1008,1005
stairs_alpha,4,1705542492.374822,1705542496.0679615,3.6931395530700684,-26.854493775408194,-22.16435630589815,-22.62156435679254,-26.853397800092438,-22.162852580303277,-22.62154208581898,0.0018608730622172696,0.0010546253040986972,0.21504179443163465,0.21651917723708466,1059,1047
stairs_alpha,4,1705542492.374822,1705542496.168021,3.793199062347412,-26.776716202142943,-22.034631859481923,-22.621094044652224,-26.775556035704525,-22.03379282851179,-22.622162362138383,0.0017864101950295864,0.0004903351090711828,0.21719559548176987,0.2176443665402176,1085,1089
stairs_alpha,4,1705542492.374822,1705542496.2687685,3.893946647644043,-26.693937687618494,-21.90339791222266,-22.63637787642263,-26.69352014131193,-21.901968450652998,-22.63764930545325,0.001958120802495551,0.00046777375770532307,0.22495065184579668,0.2251681066113884,1139,1142
stairs_alpha,4,1705542492.374822,1705542496.3680542,3.993232250213623,-26.61205266234084,-21.76987469481362,-22.64594782165938,-26.61181711789061,-21.767906210056875,-22.64709301456515,0.0022895152799224058,0.0008195203550559638,0.22551357727588772,0.22599610800273653,1091,1099
stairs_alpha,4,1705542492.374822,1705542496.4679441,4.093122243881226,-26.524475252208735,-21.625836726629984,-22.6352073491686,-26.523688508145746,-21.624240031296058,-22.63614755110035,0.0020130528762304692,0.0003166626187594243,0.22610403286133435,0.22677489454566432,1221,1218
stairs_alpha,4,1705542492.374822,1705542496.5687704,4.19394850730896,-26.4383934803871,-21.48593963901699,-22.616520699151877,-26.436780448356203,-21.486179039149466,-22.618054817149314,0.002238906605061066,0.00038999586164945824,0.23052588874296964,0.23028363351711598,1160,1173
stairs_alpha,4,1705542492.374822,1705542496.668562,4.2937400341033936,-26.350936614727935,-21.34970985664524,-22.60797654994832,-26.348956888327976,-21.350135281092413,-22.610796784668544,0.0034718909049841758,0.00045134621437661285,0.23962373622000566,0.238714404966301,1208,1209
stairs_alpha,4,1705542492.374822,1705542496.7686229,4.393800973892212,-26.26390356997492,-21.21495307882218,-22.611534573527038,-26.261932013424126,-21.215064408852562,-22.613786362385795,0.0029949929337268824,0.0002891223906468142,0.2470399091841066,0.24662762677377803,1309,1309
stairs_alpha,4,1705542492.374822,1705542496.8684552,4.493633270263672,-26.181752071029816,-21.085552863466088,-22.61266298593337,-26.181503252250284,-21.08512375246751,-22.61417305345506,0.0015894498904366666,0.00042844384688341385,0.2504141798264997,0.2497775604117407,1263,1267
stairs_alpha,4,1705542492.374822,1705542496.968289,4.5934669971466064,-26.10374003772899,-20.953739520353803,-22.605941908271895,-26.10388579788326,-20.953120121677244,-22.606721034609706,0.001005951585995501,0.00032134186480365414,0.2425636391315742,0.2422854874429638,1315,1315
stairs_alpha,4,1705542492.374822,1705542497.0680006,4.693178653717041,-26.036734615445734,-20.830471855234514,-22.59757722246726,-26.037135007813795,-20.82964915872173,-22.598439683611314,0.0012573713952327178,0.0001489123371697973,0.2368847171594046,0.23652985653576344,1327,1319
stairs_alpha,4,1705542492.374822,1705542497.1681783,4.793356418609619,-25.96263470959479,-20.7049469365687,-22.601866057490476,-25.963132235775678,-20.703867232145917,-22.60332929883943,0.0018853034733253874,0.0004537310544460773,0.2360708651450472,0.23539034962785613,1347,1357
stairs_alpha,4,1705542492.374822,1705542497.2683365,4.893514633178711,-25.89514206926969,-20.58262847093561,-22.621031139021195,-25.896093872367707,-20.580924699365763,-22.621844989829025,0.002114502266970617,0.00013525507152907824,0.23767109168978875,0.2374529345236436,1370,1380
stairs_alpha,4,1705542492.374822,1705542497.3680937,4.993271827697754,-25.827389520129465,-20.46336120594163,-22.632523476872056,-25.827324430560523,-20.461561118359544,-22.633411491262724,0.002008263307736632,0.00026673571872200735,0.2387480352902679,0.23903135606649098,1358,1345
stairs_alpha,4,1705542492.374822,1705542497.4681883,5.093366384506226,-25.764018899679904,-20.344448109740338,-22.63255361142176,-25.763068933444828,-20.342879934167527,-22.63375884229183,0.0021941266884832086,0.00032848869013191157,0.23583038800603764,0.23624524754723583,1398,1417
stairs_alpha,4,1705542492.374822,1705542497.5682182,5.193396329879761,-25.692611534041315,-20.22859826750485,-22.630138917766043,-25.69169240319509,-20.226751335118518,-22.63027837177674,0.0020677060171268853,0.0002503162968114348,0.23133132363011413,0.23263130269542306,1334,1339
stairs_alpha,4,1705542492.374822,1705542497.6680543,5.293232440948486,-25.62055688306048,-20.10450430236096,-22.632466819847185,-25.619115928785142,-20.10222102103196,-22.632941842728627,0.0027414174415589434,0.000379874065747774,0.23238069135482045,0.23394279004744717,1373,1360
stairs_alpha,4,1705542492.374822,1705542497.7689397,5.394117832183838,-25.550004788056533,-19.98218269748395,-22.641073739846497,-25.548084889919444,-19.980197682379664,-22.641240440008154,0.002766601302127844,0.00010629649103007333,0.24042444259572773,0.24234003354208047,1387,1383
stairs_alpha,4,1705542492.374822,1705542497.8687122,5.493890285491943,-25.480840827526613,-19.858190331964163,-22.642600429011893,-25.477944471815796,-19.857252266909864,-22.643100249450942,0.0030852330415986253,0.0005314632265642625,0.23966466214302626,0.24146137785043476,1329,1336
stairs_alpha,4,1705542492.374822,1705542497.9690566,5.5942347049713135,-25.407239488334447,-19.725945229685973,-22.628341573028834,-25.405385989331467,-19.724677889589515,-22.62861604626774,0.0022620665403594595,0.0001364048682160498,0.2353450539106825,0.23684214808716042,1272,1281
stairs_alpha,4,1705542492.374822,1705542498.068875,5.6940531730651855,-25.33566704921964,-19.599171172937357,-22.617107956016266,-25.33387762130377,-19.597914756508388,-22.61766247397956,0.002255687185913925,0.0001410302860293707,0.23183632256530717,0.23313333353134388,1263,1263
stairs_alpha,4,1705542492.374822,1705542498.1689072,5.794085264205933,-25.264076041367872,-19.468492671419487,-22.627027638235507,-25.263338021206867,-19.46763309582629,-22.627897131275454,0.001428132383564176,0.0003798643695793103,0.22975349578445708,0.23006257113048276,1309,1307
stairs_alpha,4,1705542492.374822,1705542498.2691164,5.894294500350952,-25.194445535719925,-19.33759783360531,-22.647665451918318,-25.19428477359096,-19.33682300022893,-22.64805722701639,0.0008830056346004348,0.00045051600013435307,0.22906874370706762,0.22931523255346736,1351,1350
stairs_alpha,4,1705542492.374822,1705542498.36899,5.994168043136597,-25.121452589027605,-19.20997059172879,-22.655806688530973,-25.1217944030265,-19.208521832851996,-22.656168305123476,0.0015318308173239191,0.00037326620889214786,0.2294284435534613,0.22977691999070146,1345,1348
stairs_alpha,4,1705542492.374822,1705542498.4687943,6.093972444534302,-25.050290490306875,-19.083718001564893,-22.648410283596185,-25.050760766130622,-19.08200370928975,-22.650008234056028,0.0023902725842728585,0.0010743853499841768,0.22876169643898292,0.22841680091115002,1448,1442
stairs_alpha,4,1705542492.374822,1705542498.5689678,6.194145917892456,-24.97239106513846,-18.958033153196297,-22.643303922442097,-24.972351488111478,-18.95697538664111,-22.644946963351405,0.001954487108168873,0.000259235192689337,0.22942469252886738,0.2290189379291664,1406,1402
stairs_alpha,4,1705542492.374822,1705542498.6690078,6.2941858768463135,-24.89016833939715,-18.83178571947903,-22.649985533741788,-24.8891694106849,-18.831761659273877,-22.652130596064005,0.0023663748291055165,0.0006599017090286884,0.23066588259323592,0.22993271549661598,1328,1330
stairs_alpha,4,1705542492.374822,1705542498.7690525,6.394230604171753,-24.80077591012702,-18.706383500290116,-22.66315796205822,-24.79943361931004,-18.706525750217125,-22.66538912957306,0.0026076978656190486,0.0005362521256279941,0.2349364283918202,0.23420581227003595,1344,1339
stairs_alpha,4,1705542492.374822,1705542498.8688815,6.4940595626831055,-24.70806802821308,-18.584051305347835,-22.657765471621804,-24.706588032125705,-18.583757135697304,-22.65943065350865,0.002247165974782761,0.0003716969309897098,0.23618272533842066,0.23609914505725169,1352,1359
stairs_alpha,4,1705542492.374822,1705542498.9687862,6.593964338302612,-24.621904503796877,-18.45094492052069,-22.635250517459223,-24.618711330676064,-18.451461342227475,-22.63594664116059,0.0033087209260267126,0.00045121836716515606,0.23771249102401715,0.23874014210398906,1364,1366
stairs_alpha,4,1705542492.374822,1705542499.068878,6.694056034088135,-24.53428758418516,-18.32600653470598,-22.62153415882899,-24.53206813969741,-18.32560155872724,-22.62166586767317,0.002259930662032433,0.00032581350651556885,0.23511068955039227,0.23648039526055092,1398,1400
stairs_alpha,4,1705542492.374822,1705542499.1688282,6.79400634765625,-24.457913253176013,-18.197842226249705,-22.631359870041027,-24.45687180252392,-18.196297026040387,-22.631701237302323,0.0018944114533816722,0.00032710494185264144,0.2341525805495374,0.23539486619669023,1343,1364
stairs_alpha,4,1705542492.374822,1705542499.2687638,6.893941879272461,-24.380921593848424,-18.072590219864825,-22.647871247587418,-24.380600732706718,-18.070545717383304,-22.648592173797457,0.002191501053963774,0.00011407007371723525,0.24017201584960612,0.2411117838225058,1365,1359
stairs_alpha,4,1705542492.374822,1705542499.3690083,6.9941864013671875,-24.302418042663724,-17.935011476669168,-22.65013805393868,-24.301816528807763,-17.93342846300914,-22.650524011126564,0.001736869055982179,0.00044606372529504404,0.24076235197926804,0.24179365957132276,1407,1409
stairs_alpha,4,1705542492.374822,1705542499.4681597,7.093337774276733,-24.22737272481347,-17.810977245439013,-22.638353442895053,-24.22709007877817,-17.809930806447895,-22.639004861878586,0.001264622487350084,0.00016253447570595763,0.2393800101865159,0.23977104917584405,1406,1413
stairs_alpha,4,1705542492.374822,1705542499.5690744,7.1942524909973145,-24.14759742991033,-17.69109744730132,-22.636782702043384,-24.147069339386803,-17.68978013716751,-22.637578834351356,0.00162727140989935,0.0006209578576596929,0.23886600213406678,0.23949261425723384,1339,1327
stairs_alpha,4,1705542492.374822,1705542499.6689901,7.29416823387146,-24.070651285401127,-17.567022418673215,-22.647635235856654,-24.070292245303364,-17.564937770635186,-22.6480697740772,0.002159511680767878,0.0004962571621073869,0.24130116157594017,0.2425040236342597,1457,1463
stairs_alpha,4,1705542492.374822,1705542499.7687402,7.39391827583313,-23.991206517041316,-17.45179246297286,-22.666065731201588,-23.991557515883365,-17.44980589175355,-22.66604053293381,0.0020174985376000517,0.0008014220305682015,0.24768431106957,0.24874138193194795,1503,1509
stairs_alpha,4,1705542492.374822,1705542499.8686345,7.493812561035156,-23.904790145479325,-17.324110642352636,-22.660898874314686,-23.905235296860717,-17.323809239348442,-22.662146997312632,0.001358975548453671,0.0004814400120157547,0.24709441532169765,0.24631990149322922,1541,1525
stairs_alpha,4,1705542492.374822,1705542499.9685566,7.5937347412109375,-23.817872017480084,-17.192677072524173,-22.64241886461969,-23.8184021667728,-17.193420460361892,-22.643618844640642,0.0015078580173613712,0.0002899191185449476,0.2453517629553119,0.24390065884428794,1607,1604
stairs_alpha,4,1705542492.374822,1705542500.0685954,7.693773508071899,-23.738350119432965,-17.062812105007275,-22.630189098008334,-23.73749321054273,-17.064053801568654,-22.631427406240352,0.0019517967297312947,0.00040081566247470525,0.24544020365566344,0.24428988780185276,1534,1522
stairs_alpha,4,1705542492.374822,1705542500.1685696,7.793747663497925,-23.659454256407074,-16.92759215990179,-22.639540707528678,-23.659431565217893,-16.929801200939906,-22.64079261913608,0.0025392242655777634,0.0005106748841254709,0.24788462325782334,0.24567855311958406,1573,1577
stairs_alpha,4,1705542492.374822,1705542500.2687771,7.893955230712891,-23.584225065021556,-16.792780416392525,-22.65095344277071,-23.584617262343706,-16.79410122522153,-22.652310443074406,0.0019338574214542148,0.00020866309654345923,0.25132693062981415,0.249467571766258,1640,1646
stairs_alpha,4,1705542492.374822,1705542500.368643,7.993821144104004,-23.506286500978298,-16.65854552431456,-22.6441346303491,-23.506395200143853,-16.658644508578934,-22.645356357526538,0.0012305408117064336,0.0009677421848472235,0.2513323438308062,0.25049411051499504,1674,1665
stairs_alpha,4,1705542492.374822,1705542500.4684331,8.093611240386963,-23.429004240902678,-16.53300211467659,-22.621900268066984,-23.42862314307945,-16.531874915757268,-22.623482633695946,0.0019798216935668117,0.00034877829444510756,0.25156182266881016,0.2515507249091661,1749,1758
stairs_alpha,4,1705542492.374822,1705542500.5687053,8.193883419036865,-23.34773274461624,-16.406806295359363,-22.6150032457077,-23.348316392611352,-16.4053540612043,-22.616266663855306,0.0020114309431419146,0.0004572627430546568,0.2532415342199438,0.2531412181022598,1739,1739
stairs_alpha,4,1705542492.374822,1705542500.668714,8.29389214515686,-23.266618921689826,-16.28069666215847,-22.620410196989017,-23.267297047083797,-16.279839173403126,-22.621777130733,0.001750328219487035,0.00028432147353729697,0.2548487787629302,0.25421893917653887,1840,1837
stairs_alpha,4,1705542492.374822,1705542500.7685573,8.393735408782959,-23.178887999372847,-16.163945162595024,-22.628843803459056,-23.179253710822202,-16.162964201516235,-22.63016299155687,0.001684127886978699,0.00047456889919558456,0.2523030222562195,0.25188366015215874,1817,1848
stairs_alpha,4,1705542492.374822,1705542500.8683894,8.49356746673584,-23.090455524043847,-16.048431151686895,-22.617826507400157,-23.09154905099018,-16.047759647615592,-22.61919464766428,0.0018757736223891618,0.0004555944928349316,0.24445578011148072,0.2434344990899679,1829,1827
stairs_alpha,4,1705542492.374822,1705542500.969216,8.594394207000732,-23.00982215837873,-15.924902253609247,-22.600146456458294,-23.011037231981813,-15.92361478920403,-22.60110472277359,0.0020130183274490424,0.00028860609186379,0.2394436776441108,0.23902022572784834,1842,1836
stairs_alpha,4,1705542492.374822,1705542501.0693204,8.694498538970947,-22.92884655937939,-15.80179993514977,-22.595177115384587,-22.929592840134518,-15.800902622695727,-22.59618650664961,0.0015430409364487914,0.00035766784919323666,0.2393795351519443,0.23890529815960931,1774,1780
stairs_alpha,4,1705542492.374822,1705542501.168354,8.793532133102417,-22.851569261649473,-15.676160893768266,-22.607385633083,-22.850664339823474,-15.675853539108331,-22.608412650077145,0.0014028949726973803,0.00022178238774710568,0.2397963277380235,0.23969285260957582,1772,1754
stairs_alpha,4,1705542492.374822,1705542501.268326,8.89350414276123,-22.77397371694841,-15.551315681064157,-22.623202439301455,-22.772551062594093,-15.5508248348148,-22.624442823425827,0.0019502379927491685,0.00027379409494387736,0.24137198128452547,0.24143138929591354,1808,1806
stairs_alpha,4,1705542492.374822,1705542501.368361,8.993539094924927,-22.69975311575486,-15.42848118579181,-22.627655236312318,-22.69924438743446,-15.428197855945701,-22.628268237750596,0.000845488656932928,0.00042526549610206923,0.2414290538356742,0.24139246723531768,1746,1755
stairs_alpha,4,1705542492.374822,1705542501.4685054,9.09368348121643,-22.617267365471378,-15.306897953708983,-22.6172462539216,-22.61736602747177,-15.306525814777032,-22.61793121844459,0.0007857467612080636,0.0002396285769587873,0.2390431226090436,0.2387499234692713,1750,1759
stairs_alpha,4,1705542492.374822,1705542501.5686197,9.193797826766968,-22.53291657437868,-15.180922149934442,-22.61890941210613,-22.532581505289254,-15.180830818512561,-22.619658764678846,0.0008259188831519353,0.0005646009448376428,0.23895834273723218,0.23868378252442057,1829,1812
stairs_alpha,4,1705542492.374822,1705542501.6734817,9.298659801483154,-22.44496017590823,-15.048469948386426,-22.62805762356613,-22.443459304955987,-15.048648811990898,-22.62849352306519,0.0015730906450578787,0.0007081012049587834,0.24605809867664177,0.24643667452509002,1829,1817
stairs_alpha,4,1705542492.374822,1705542501.7678146,9.392992734909058,-22.364121187525637,-14.937666007888858,-22.62919499728656,-22.362882954132065,-14.938563791108074,-22.62986481359827,0.001669697738243344,0.0005128588753877042,0.24694075555589254,0.2466188025026853,1761,1781
stairs_alpha,4,1705542492.374822,1705542501.8680236,9.493201732635498,-22.280544536487326,-14.80794500682071,-22.608855820252405,-22.27905396573545,-14.808278215865602,-22.609597658678112,0.0016979851836230982,0.00018688238430539345,0.24210619568902708,0.2421640266970805,1696,1718
stairs_alpha,4,1705542492.374822,1705542501.9684134,9.593591451644897,-22.206847353924715,-14.68276392874603,-22.58619222969535,-22.204633788231305,-14.683197576362677,-22.586976716752158,0.0023881673468923907,0.00017060520041664533,0.2371416270867014,0.23745434019959102,1721,1720
stairs_alpha,4,1705542492.374822,1705542502.0675232,9.69270133972168,-22.13149697704421,-14.5570288711789,-22.583596488143016,-22.130132660798004,-14.557225014753428,-22.584692196499187,0.0017607975247811902,0.00047223639320562204,0.23531415340181622,0.23512168480150553,1784,1788
stairs_alpha,4,1705542492.374822,1705542502.1678026,9.792980670928955,-22.062195184685343,-14.422383872491842,-22.593671812449006,-22.06113614805162,-14.42241392911837,-22.594713915479815,0.0014860823393025885,0.0002220009382827869,0.2378645284207976,0.2376313376850107,1791,1782
stairs_alpha,4,1705542492.374822,1705542502.2682638,9.893441915512085,-21.99391943722473,-14.289398259664868,-22.60184282886101,-21.992639318394094,-14.289029839891143,-22.602801778499536,0.001641347543773023,0.0003667657557600986,0.24183256694346564,0.24196728697119213,1787,1790
stairs_alpha,4,1705542492.374822,1705542502.3674824,9.992660522460938,-21.927496601670434,-14.156245665931124,-22.59639953180826,-21.92582896969475,-14.156020702608956,-22.59713115695936,0.0018349060641821625,0.00016315545079716788,0.23836956337697462,0.23871428100056655,1807,1797
stairs_alpha,4,1705542492.374822,1705542502.467963,10.093141078948975,-21.85496002975892,-14.024678746438752,-22.58485654069324,-21.85456900521697,-14.0243397846297,-22.585704533048172,0.0009934215290730982,0.00032433728377579394,0.23454115220214852,0.23435272701838272,1764,1763
stairs_alpha,4,1705542492.374822,1705542502.5680714,10.193249464035034,-21.776801553977585,-13.89097937247977,-22.582250676376752,-21.776245769943298,-13.891174179830067,-22.582754071911346,0.0007747598729585102,0.00038107299628169434,0.2379362967423483,0.23772573678580194,1767,1772
stairs_alpha,4,1705542492.374822,1705542502.6680117,10.293189764022827,-21.69554606724428,-13.760373145093908,-22.58504153712694,-21.69436020730943,-13.761173572892957,-22.586082565339126,0.001769375083225516,0.00024053740397517046,0.24480503344535257,0.2441126140986695,1758,1750
stairs_alpha,4,1705542492.374822,1705542502.7681174,10.393295526504517,-21.609143212127023,-13.634728105380304,-22.589473698620782,-21.608087035596675,-13.636250931891773,-22.590709635143554,0.0022275656074760585,0.000493378139655908,0.250828831955707,0.24946874249598575,1729,1745
stairs_alpha,4,1705542492.374822,1705542502.8681278,10.493305921554565,-21.527289385542048,-13.507115881524506,-22.58172026901841,-21.525072773278325,-13.508246705433631,-22.582423890499626,0.0025859651641059133,0.0004050093602082184,0.2493212497759947,0.24895498783055034,1698,1697
stairs_alpha,4,1705542492.374822,1705542502.9681637,10.593341827392578,-21.453485856335167,-13.384131294568501,-22.56882346106551,-21.450871675951845,-13.385151948801656,-22.569389202748027,0.00286281990204436,0.00030240299660486527,0.24630171582813803,0.24625476184261474,1643,1641
stairs_alpha,4,1705542492.374822,1705542503.0683668,10.693544864654541,-21.375642587330184,-13.26034324511296,-22.5717734065676,-21.37348307823858,-13.261783629922988,-22.5728920970426,0.0028265980075949386,0.0002537407743743247,0.24499478919235881,0.24414702966552548,1668,1663
stairs_alpha,4,1705542492.374822,1705542503.1674936,10.79267168045044,-21.29630004105038,-13.135696854984094,-22.59071042229394,-21.294598356677007,-13.136341864632705,-22.590788542535137,0.0018215021069071544,9.215493964320566e-05,0.2449024439973932,0.2451273730247883,1622,1625
stairs_alpha,4,1705542492.374822,1705542503.2674026,10.89258074760437,-21.219712600554708,-13.006543376806409,-22.602926809841108,-21.21849905809318,-13.006943076237057,-22.603109333378676,0.0012906431662385862,0.00022192986693180794,0.24251228177703993,0.24264806021906773,1625,1614
stairs_alpha,4,1705542492.374822,1705542503.3677833,10.992961406707764,-21.146071118338835,-12.87874861458889,-22.597324924724408,-21.145194923740693,-12.879095984768266,-22.59682133159059,0.0010686388818312734,0.0003010317731756583,0.23782078401786005,0.23836364093841822,1559,1559
stairs_alpha,4,1705542492.374822,1705542503.468227,11.09340500831604,-21.07030307224513,-12.750353551230827,-22.58525014002574,-21.069157580202635,-12.751300195583745,-22.584541892421626,0.0016461780642041928,3.7875644776827815e-05,0.2338403181066272,0.23431651672666678,1546,1560
stairs_alpha,4,1705542492.374822,1705542503.5681593,11.193337440490723,-20.991769792688252,-12.620261011363954,-22.585734025653977,-20.992340473731808,-12.620182359293988,-22.585072776621104,0.0008769910404671567,0.0003565192777383504,0.23344248130596898,0.23363579112327088,1608,1607
stairs_alpha,4,1705542492.374822,1705542503.6680007,11.293178796768188,-20.906464475498726,-12.493071379059014,-22.597371074041863,-20.906564585164638,-12.492657258725167,-22.597452689035904,0.0004337955778553646,0.0003281952053584027,0.23454860727312246,0.2346774646088594,1670,1674
stairs_alpha,4,1705542492.374822,1705542503.7685242,11.393702268600464,-20.8204988955393,-12.360223320644298,-22.603567808614443,-20.81937627335705,-12.360159547509777,-22.603841079389134,0.001157162258743951,0.00028215565748406673,0.23697744406939733,0.2373901552119802,1687,1698
stairs_alpha,4,1705542492.374822,1705542503.8674695,11.492647647857666,-20.734116459616665,-12.231023370455237,-22.58976635558194,-20.733407801086813,-12.230165304520284,-22.59022671604712,0.0012043279530755875,0.00033009752564361875,0.235054944039687,0.2356040347428704,1759,1759
stairs_alpha,4,1705542492.374822,1705542503.9685225,11.593700647354126,-20.651309413645,-12.097050392908677,-22.575158933309474,-20.651616601273247,-12.095764067599294,-22.575999960775494,0.0015672664863095123,0.000308965868218611,0.23743094283234797,0.23753278629645233,1722,1715
stairs_alpha,4,1705542492.374822,1705542504.0676801,11.692858219146729,-20.5777178689812,-11.960321626822147,-22.58062677280793,-20.576906321464623,-11.959330770303037,-22.58152711792446,0.0015655757222135078,0.00021477164756483294,0.23991497854191068,0.2403791852494797,1815,1814
stairs_alpha,4,1705542492.374822,1705542504.1678574,11.793035507202148,-20.50799109017059,-11.830661376928848,-22.59841737725047,-20.506327180585977,-11.829998055013817,-22.59962310111531,0.002159250126079472,0.0004157490923096171,0.24285604966321633,0.243297582268224,1845,1855
stairs_alpha,4,1705542492.374822,1705542504.2678354,11.89301347732544,-20.433867695552415,-11.696263254239188,-22.60433093751187,-20.43262530283156,-11.696128584216051,-22.605642949185125,0.001811918960305882,0.0004052606945055977,0.24466575370796342,0.2444857050645044,1840,1844
stairs_alpha,4,1705542492.374822,1705542504.3684304,11.993608474731445,-20.364126508954612,-11.562845855524948,-22.59402298562329,-20.362687659399356,-11.56252987228022,-22.594800308058822,0.0016656421051332586,0.00011860137401375039,0.24683111980187777,0.24718760319842029,1859,1845
stairs_alpha,4,1705542492.374822,1705542504.4674654,12.09264349937439,-20.291089702470288,-11.437056963168807,-22.586031759766414,-20.291264827350204,-11.43689301262841,-22.586198997955552,0.00029243309520095805,2.7406213075305384e-05,0.2443325069575235,0.2442581993840042,1863,1874
stairs_alpha,4,1705542492.374822,1705542504.5677557,12.192933797836304,-20.21565390416049,-11.305488852924015,-22.592499313087778,-20.215437971359894,-11.305270433016439,-22.592492667585237,0.00030721066567240054,0.00013012679594043216,0.2461332291231536,0.24637516399255444,1879,1889
stairs_alpha,4,1705542492.374822,1705542504.6683538,12.293531894683838,-20.135708199100744,-11.176279251180222,-22.607141907664314,-20.134336553955457,-11.175959676017776,-22.60730190102827,0.0014174401453156125,0.0004258017058342019,0.24826160584404827,0.24894250219662387,1873,1872
stairs_alpha,4,1705542492.374822,1705542504.7676532,12.392831325531006,-20.0564037097455,-11.058321944060324,-22.610548484217023,-20.056594958105382,-11.05788034831161,-22.61004451976711,0.000696823440489774,0.00034775833541924304,0.24745911463700623,0.24798771967141664,1802,1813
stairs_alpha,4,1705542492.374822,1705542504.8679574,12.493135452270508,-19.9745588730365,-10.931998680843076,-22.594271756602616,-19.974149507800213,-10.931700752164463,-22.593730496186456,0.0007411506137903344,0.0004003303142909054,0.24343453148503366,0.24414283748538812,1830,1832
stairs_alpha,4,1705542492.374822,1705542504.9676385,12.592816591262817,-19.902183494272037,-10.809085593845243,-22.578309510093472,-19.901850261024332,-10.809060683359128,-22.578537568155227,0.00040456817623945424,0.0003284743635625513,0.2384034639526836,0.23843122366846026,1900,1891
stairs_alpha,4,1705542492.374822,1705542505.0677578,12.692935943603516,-19.832162217047284,-10.67840314319114,-22.586436877488662,-19.83099549160017,-10.679192041787847,-22.58681811444572,0.0014590924858465782,0.0002963501626796516,0.2388058067053748,0.23856801331764804,1914,1907
stairs_alpha,4,1705542492.374822,1705542505.1676652,12.792843341827393,-19.764366815212618,-10.548667486021078,-22.597577660400162,-19.764232141232874,-10.548640021128385,-22.59808284203908,0.0005235454989303811,0.00019096769624116203,0.2441062166021697,0.2438589559465588,1855,1844
stairs_alpha,4,1705542492.374822,1705542505.2675571,12.892735242843628,-19.70237062977167,-10.410644802010019,-22.5936905827384,-19.702053946270528,-10.409763717880274,-22.5937653993525,0.0009392524736882652,0.0001847166286114115,0.24707331424396842,0.24769027912051864,1966,1967
stairs_alpha,4,1705542492.374822,1705542505.3683712,12.993549346923828,-19.64017695510035,-10.285561414341345,-22.575643313851252,-19.6414197524833,-10.284634406599189,-22.575666948819684,0.001550628034319755,0.00032216551076440366,0.2434584803743327,0.24348648372986964,1908,1909
stairs_alpha,4,1705542492.374822,1705542505.4675245,13.092702627182007,-19.577502129614594,-10.154988410271976,-22.564300288036662,-19.578781825839336,-10.154609323936857,-22.564919240851655,0.0014712006879689817,0.00040713152405664343,0.23832308716057285,0.2376288644063599,1917,1913
stairs_alpha,4,1705542492.374822,1705542505.5683563,13.19353437423706,-19.5091241991235,-10.02375742610424,-22.577882688581404,-19.50935579933943,-10.023503931261569,-22.57868295773188,0.0008708208819729365,0.00040436291008335825,0.23828337618869672,0.23781225498471914,1945,1936
stairs_alpha,4,1705542492.374822,1705542505.6683946,13.293572664260864,-19.43711239523821,-9.896036738375447,-22.59855951340855,-19.43682335749485,-9.896489451066554,-22.59922479827693,0.0008550412585782033,0.00034374347504556634,0.23720562800326522,0.23658832212525538,1866,1864
stairs_alpha,4,1705542492.374822,1705542505.7684648,13.393642902374268,-19.356756653016504,-9.763647583846364,-22.6072585948008,-19.355487150327452,-9.765215736059169,-22.60798367176997,0.002143939143551547,0.00014925435384966344,0.23522717708994267,0.23425934287344102,1764,1742
stairs_alpha,4,1705542492.374822,1705542505.8675752,13.492753267288208,-19.27945294994288,-9.631449783111407,-22.59616325366644,-19.279738165052112,-9.632962419430807,-22.59706035146666,0.0017816286808602865,0.0005537804316473932,0.23042438077979704,0.22875069608120768,1723,1713
stairs_alpha,4,1705542492.374822,1705542505.9680073,13.593185424804688,-19.204522458678433,-9.501475728138935,-22.57970234121397,-19.204208203225853,-9.502436262085808,-22.579844677488676,0.0010206084301383398,0.0005414875342415422,0.22848659674670707,0.22787888071481271,1728,1716
stairs_alpha,4,1705542492.374822,1705542506.068357,13.693535089492798,-19.13673700234509,-9.370763023851133,-22.582569786441482,-19.13659408521008,-9.371504527932114,-22.58307590951956,0.0009090732532390604,0.00022756572548742021,0.23384040018862204,0.23308495599870716,1694,1687
stairs_alpha,4,1705542492.374822,1705542506.168197,13.793375015258789,-19.069646607121964,-9.24020745270548,-22.600637808519004,-19.07020721997217,-9.2393307431864,-22.601340142795088,0.001255459989017085,0.0003133531415031485,0.24083879347589301,0.24075458775317155,1709,1711
stairs_alpha,4,1705542492.374822,1705542506.267948,13.893126010894775,-19.007927332383726,-9.110819799302138,-22.609283475292973,-19.007186179140817,-9.109855634830204,-22.60978432698103,0.0013152086039273105,0.00022729631296409557,0.24166137496074125,0.24225828578575098,1597,1593
stairs_alpha,4,1705542492.374822,1705542506.367758,13.992936134338379,-18.943998895737792,-8.981525341616553,-22.593422603324978,-18.94453615199904,-8.980844999304452,-22.59379709343011,0.0009443266334932172,0.00039470440660851683,0.24149770850831154,0.24146046567418322,1561,1575
stairs_alpha,4,1705542492.374822,1705542506.4676943,14.092872381210327,-18.87676408264219,-8.855347849513063,-22.57644384723637,-18.8770073892117,-8.855122742599644,-22.57680926991138,0.0004933608624998249,0.0004342048251432695,0.23806082503272602,0.2378680101926806,1620,1609
stairs_alpha,4,1705542492.374822,1705542506.5676014,14.192779541015625,-18.804483492774892,-8.731156892989183,-22.574943299845888,-18.804481046271626,-8.730197745210884,-22.57560653207151,0.0011661249637583725,0.0003301671941377325,0.23824661693831073,0.23841716652982828,1669,1670
stairs_alpha,4,1705542492.374822,1705542506.6684399,14.293617963790894,-18.72887423471383,-8.607754540586598,-22.591800152753997,-18.727879720814137,-8.60726942727722,-22.592484882361592,0.001301248421762235,0.00016737822161823332,0.23815990529468364,0.23839463428910318,1683,1671
stairs_alpha,4,1705542492.374822,1705542506.7683938,14.393571853637695,-18.64944064001481,-8.485866968446565,-22.602473315067634,-18.648847117858082,-8.485603059114133,-22.60334375310228,0.0010860842777743545,0.0001682865686191381,0.2351171059267386,0.2349140883789263,1565,1555
stairs_alpha,4,1705542492.374822,1705542506.8684194,14.493597507476807,-18.563821242519708,-8.361626291550614,-22.594942715942405,-18.563531009650525,-8.361313202246098,-22.594464618031868,0.0006409661793083068,0.00012427950787721439,0.230322850419556,0.23095749230352586,1556,1545
stairs_alpha,4,1705542492.374822,1705542506.9682968,14.593474864959717,-18.4850711614236,-8.235180657427208,-22.580600059902064,-18.484577448575127,-8.235151929153762,-22.580337081505515,0.000560120815088127,0.00024380117128520957,0.22637337893670623,0.22677500299444855,1541,1531
stairs_alpha,4,1705542492.374822,1705542507.0679705,14.693148612976074,-18.409852176245675,-8.108706768796871,-22.5783111399232,-18.4098584242968,-8.108145320076542,-22.578361509210556,0.0005637382094653416,0.00030358858763166136,0.22745972750596935,0.22778775583281208,1574,1561
stairs_alpha,4,1705542492.374822,1705542507.167964,14.793142080307007,-18.33683673839076,-7.976767736372753,-22.594763340396472,-18.335735851556272,-7.976814368981464,-22.596477480895782,0.002037744850052025,0.00016341646335678303,0.23057903172430994,0.22995140657048804,1551,1551
stairs_alpha,4,1705542492.374822,1705542507.268128,14.893306016921997,-18.269163532843102,-7.839668745860865,-22.60721981869419,-18.268113211923357,-7.839875093960965,-22.609096741501556,0.002160692666178949,0.00026327001699203985,0.23174072657485653,0.23085916500752815,1621,1640
stairs_alpha,4,1705542492.374822,1705542507.3679702,14.99314832687378,-18.194902978981645,-7.707205027901387,-22.60499389726031,-18.194700593567493,-7.70615617356077,-22.60576957546932,0.0013201257393237016,0.0005067324435153761,0.23158461605524758,0.23184899247823834,1662,1676
stairs_alpha,4,1705542492.374822,1705542507.467699,15.09287714958191,-18.11130821268149,-7.584966264241653,-22.593148235797347,-18.110500866745056,-7.583699732198979,-22.593407344740893,0.0015241549530218077,0.0002188217901726597,0.22872295495667208,0.22974209146754307,1672,1683
stairs_alpha,4,1705542492.374822,1705542507.568661,15.193839073181152,-18.021847367064076,-7.456311697759413,-22.590776982619765,-18.021265248757913,-7.456110381472972,-22.59086879608606,0.0006227517018437211,7.98132122752721e-05,0.23235040562580334,0.23268412571248617,1735,1737
stairs_alpha,4,1705542492.374822,1705542507.6677375,15.29291558265686,-17.937085865687564,-7.335909808277374,-22.60849134322186,-17.93670803924538,-7.334971688355263,-22.608549825531096,0.0010130360256019458,0.0003682863158377526,0.23190186927051812,0.2326446646611262,1769,1769
stairs_alpha,4,1705542492.374822,1705542507.7684903,15.393668413162231,-17.847662219741764,-7.211102659665486,-22.625104910971547,-17.846923301754742,-7.210703897829128,-22.62414075237047,0.0012785196915627867,0.00021083971824724807,0.23190330430170125,0.23309175994608233,1751,1739
stairs_alpha,4,1705542492.374822,1705542507.86853,15.49370813369751,-17.75894733311186,-7.082714895465892,-22.62326094803218,-17.75845869402726,-7.082223512084586,-22.622452396011465,0.0010648859810427182,0.0002206279333049416,0.23311500973547963,0.23414894872189493,1786,1783
stairs_alpha,4,1705542492.374822,1705542507.9686913,15.59386944770813,-17.672215114190973,-6.9510127565306155,-22.60982413690704,-17.67178152332764,-6.9502570984410985,-22.60963721553317,0.0008910442104795878,0.0001733219774807633,0.23580279010101482,0.23662105971346648,1742,1747
stairs_alpha,4,1705542492.374822,1705542508.0685067,15.693684816360474,-17.591821033568888,-6.825189165290433,-22.604726898067792,-17.59149890330346,-6.824319783039903,-22.604627659373183,0.0009324385899072571,0.00016107667823790783,0.23924583336871558,0.24004796665443587,1719,1743
stairs_alpha,4,1705542492.374822,1705542508.16836,15.793538093566895,-17.513850718804925,-6.700682634301338,-22.614629906705385,-17.513911457051957,-6.7003126540124205,-22.61397624407476,0.0007535578169701009,0.0005682374402900433,0.2453062468991686,0.24589815651637797,1648,1640
stairs_alpha,4,1705542492.374822,1705542508.2681415,15.893319606781006,-17.432560215877416,-6.56865593054789,-22.61736470380989,-17.43263566530406,-6.568258289767738,-22.617506202389272,0.0004287571037167382,0.0002587793384715062,0.24501914744975883,0.24517352260787587,1662,1668
stairs_alpha,4,1705542492.374822,1705542508.3682272,15.99340534210205,-17.354524484954574,-6.435333716767794,-22.601670087920844,-17.35500703594942,-6.4352559829487115,-22.60122411242433,0.0006616586376279568,0.00018201584136715994,0.24109104930431005,0.24121076517515536,1680,1661
stairs_alpha,4,1705542492.374822,1705542508.468637,16.093815088272095,-17.27578078843948,-6.315243272691258,-22.580784432079245,-17.27554421540413,-6.314743107016112,-22.580351123735714,0.0007027720997755505,0.0003300636620185782,0.23627629960225796,0.23697483376427467,1677,1664
stairs_alpha,4,1705542492.374822,1705542508.5677872,16.192965269088745,-17.191653782429142,-6.192932575392738,-22.575810314771005,-17.190526068507413,-6.193205306510671,-22.575028958382013,0.0013987990415238677,0.00018527644354916697,0.23253029771919947,0.2333282908551341,1666,1664
stairs_alpha,4,1705542492.374822,1705542508.6677911,16.292969226837158,-17.105551435676233,-6.072680042562134,-22.588079089408623,-17.104477267263857,-6.072424925877624,-22.587042950210325,0.0015141026184222414,0.00011869823165956597,0.2339406316610947,0.23522703046521884,1676,1675
stairs_alpha,4,1705542492.374822,1705542508.7686548,16.39383292198181,-17.012217852872617,-5.948933993649535,-22.602519184788566,-17.011573028469623,-5.94925735026844,-22.600474442633036,0.0021682547120403664,0.000398529135098987,0.23651040012132574,0.23790158959373467,1588,1603
stairs_alpha,4,1705542492.374822,1705542508.8678637,16.49304175376892,-16.91546939424557,-5.826533513093238,-22.60270464536442,-16.914718036469406,-5.827092757820144,-22.600228635400832,0.0026472473462364485,0.0004025655497689267,0.23261396381195565,0.23411228855328087,1554,1568
stairs_alpha,4,1705542492.374822,1705542508.9684823,16.593660354614258,-16.826169522749794,-5.700332980943526,-22.58951558370975,-16.825438069735704,-5.699961294067742,-22.587858567266988,0.001849020859006242,0.000243887259433623,0.2291058793513396,0.23063998757739052,1566,1574
stairs_alpha,4,1705542492.374822,1705542509.067842,16.69302010536194,-16.742556235410646,-5.575013178912658,-22.58797577206769,-16.741817483707127,-5.574259008828312,-22.587777653970875,0.0010741402961722266,0.0002685263224704216,0.2254165681985039,0.22636699323337753,1551,1553
stairs_alpha,4,1705542492.374822,1705542509.1681945,16.793372631072998,-16.66404984151906,-5.445757934778159,-22.606252638179992,-16.66387969196809,-5.444757757262871,-22.606903829554227,0.0012055522127476196,0.0003300868260822228,0.22848513287753927,0.2289044515480693,1501,1510
stairs_alpha,4,1705542492.374822,1705542509.2682922,16.893470287322998,-16.59128032620312,-5.314588165677201,-22.621310868800414,-16.59087341662708,-5.314100690440834,-22.62241599185621,0.0012745605037027164,0.00015052416963450672,0.2336636520044569,0.23354977811057392,1480,1474
stairs_alpha,4,1705542492.374822,1705542509.3684194,16.993597507476807,-16.520821761646104,-5.1865580071915,-22.61736102734058,-16.520196499502283,-5.186172499091149,-22.617733481922173,0.0008235846400230336,0.0002484403339944381,0.234723279616058,0.23504951987156752,1457,1437
stairs_alpha,4,1705542492.374822,1705542509.468739,17.09391713142395,-16.43730620124196,-5.060251998764103,-22.600549493228083,-16.43620029651401,-5.05978937587228,-22.600331186987493,0.001218483820992916,0.00011458089940814821,0.23187227389178064,0.23281115188055396,1492,1483
stairs_alpha,4,1705542492.374822,1705542509.5686648,17.193842887878418,-16.349360332167613,-4.928964902614793,-22.588227101520328,-16.34781998562033,-4.9290316702963475,-22.58802904437906,0.0015544619777390133,0.00024191648018308685,0.23521937372104162,0.2359710097333729,1466,1468
stairs_alpha,4,1705542492.374822,1705542509.6676724,17.292850494384766,-16.26740398048528,-4.806142298014134,-22.592539881422425,-16.266729914058544,-4.806650744433836,-22.592928377160046,0.0009294150028433068,0.00021797373579717337,0.2338458430377969,0.23357942320294783,1447,1463
stairs_alpha,4,1705542492.374822,1705542509.7677782,17.392956256866455,-16.186441711883464,-4.688591925606897,-22.601110418469883,-16.18455162809041,-4.6887573369876625,-22.601784980857417,0.0020136563967884167,0.00032079534652525025,0.22941694665193166,0.2297439839909279,1436,1435
stairs_alpha,4,1705542492.374822,1705542509.8681824,17.49336051940918,-16.10346387105767,-4.5667179681720045,-22.60153383385463,-16.100867157735255,-4.567123997855328,-22.600525418005905,0.0028150812966076253,0.0005459197615437706,0.22655125559924089,0.22805101489692514,1382,1378
stairs_alpha,4,1705542492.374822,1705542509.9683673,17.59354543685913,-16.021796967721315,-4.44734765840938,-22.58695463932057,-16.01995631383631,-4.447703932454656,-22.586092310986732,0.0020636249841139496,0.0001774178409525674,0.22424243999563223,0.22535379148412646,1404,1404
stairs_alpha,4,1705542492.374822,1705542510.0681186,17.693296670913696,-15.946639652667237,-4.3255902982539665,-22.579854877918045,-15.94572821523131,-4.32599738334767,-22.578648663065827,0.001565691777725346,8.829130023478538e-05,0.22366885644696233,0.22453729776786124,1302,1304
stairs_alpha,4,1705542492.374822,1705542510.167725,17.792903184890747,-15.88289018944042,-4.198057692516982,-22.590232565573732,-15.882180609012782,-4.198259446555959,-22.589063168195405,0.001382642146026553,0.00016803894329424745,0.2266138354515829,0.22751042525114393,1305,1301
stairs_alpha,4,1705542492.374822,1705542510.2678146,17.892992734909058,-15.827288533090908,-4.0698152515576655,-22.605048686279556,-15.826680196772397,-4.0701215191179525,-22.603779162874574,0.0014406812869960867,0.000148120894274482,0.22855537416549448,0.22944210549946847,1234,1244
stairs_alpha,4,1705542492.374822,1705542510.3683112,17.993489265441895,-15.771971291677511,-3.937426063425278,-22.608580487621225,-15.771446240124938,-3.9376085946510724,-22.607567227309115,0.0011557219567643166,0.0007446935055148983,0.22478205375255406,0.22553400329258608,1094,1088
stairs_alpha,4,1705542492.374822,1705542510.4680269,18.093204975128174,-15.706219127039706,-3.8081922321472046,-22.595945001498976,-15.705179774370665,-3.80878042537198,-22.59543702354701,0.001297793065167728,0.00025792099287481776,0.2186492648678888,0.21888079560619703,989,988
stairs_alpha,4,1705542492.374822,1705542510.5680795,18.193257570266724,-15.634401410665305,-3.684158945038483,-22.582046707378783,-15.633017392835457,-3.6850430262059177,-22.580900915858386,0.0020024842251968908,0.0001560118586697179,0.21266288700880673,0.21315600350617267,903,905
stairs_alpha,4,1705542492.374822,1705542510.6731586,18.29833674430847,-15.551347888587143,-3.5533295574413346,-22.583613016318058,-15.549817804342302,-3.5537059901256374,-22.581597244494404,0.0025585533817295532,0.0004584764111809051,0.21729430317232995,0.21873164926525387,914,906
stairs_alpha,4,1705542492.374822,1705542510.76679,18.39196801185608,-15.464218771299612,-3.436526614799093,-22.593384386022272,-15.463169661893993,-3.43737957464554,-22.591351828345207,0.0024412008838285686,0.0004979394235689404,0.22228209856427175,0.22333114518982872,908,913
stairs_alpha,4,1705542492.374822,1705542510.8668787,18.492056846618652,-15.373033225409841,-3.3206227598429097,-22.60040229703459,-15.371763971247695,-3.320980260566479,-22.599121222969035,0.0018384677470432418,0.0004940702453622023,0.21048775040764905,0.21145403133537607,872,884
stairs_alpha,4,1705542492.374822,1705542510.9670925,18.592270612716675,-15.279579161374013,-3.2037126052473033,-22.598387410057715,-15.279468786102687,-3.2042435355415906,-22.59774567512137,0.000840174628537135,0.00019899198352820252,0.1998977252068882,0.2000158835643344,852,850
stairs_alpha,4,1705542492.374822,1705542511.0675025,18.692680597305298,-15.18936281878564,-3.08309838692682,-22.588517801804617,-15.188330347118157,-3.083739427397326,-22.587899363673966,0.0013635968430674263,0.00018210083524655755,0.19268789706823128,0.19294646014174158,790,792
stairs_alpha,4,1705542492.374822,1705542511.1672661,18.792444229125977,-15.106423159643905,-2.959123689752553,-22.595009702148825,-15.105169085440389,-2.959817920380819,-22.595044881990624,0.0014338395636942804,0.00031585009858144477,0.19284636529338037,0.19270696992118136,761,759
stairs_alpha,4,1705542492.374822,1705542511.267087,18.89226508140564,-15.024933459309542,-2.8339771964833735,-22.61368675434523,-15.023675606807231,-2.8349811206307054,-22.613576387791493,0.001613145184833234,0.0010869949241010387,0.19390322306757932,0.19366062642371534,727,726
stairs_alpha,4,1705542492.374822,1705542511.367136,18.992314100265503,-14.945202352237128,-2.7088026871573145,-22.62793592766248,-14.943681527250678,-2.70922021019373,-22.627589621201157,0.001614670954251464,0.0010905371821076158,0.1973174535698686,0.19777762478237354,741,747
stairs_alpha,4,1705542492.374822,1705542511.4672313,19.092409372329712,-14.868735727125362,-2.583829371637438,-22.62058122145123,-14.867090193292487,-2.5840683730038245,-22.620144884620853,0.0017190965876914153,0.0014644676865707277,0.20069175856187488,0.2014014658364764,675,679
stairs_alpha,4,1705542492.374822,1705542511.5672617,19.192439794540405,-14.7901184135541,-2.462577673066841,-22.60704717288326,-14.788370131283575,-2.463236307462858,-22.606620750704117,0.0019162792176291477,0.00037241452418435413,0.20308803033855258,0.20354821694832753,734,734
stairs_alpha,4,1705542492.374822,1705542511.6673036,19.292481660842896,-14.70606601807431,-2.3387067894435463,-22.610392512890332,-14.704256269774174,-2.3389726685157415,-22.60954322929406,0.002016720907258042,0.0015320920440817121,0.2051847765140738,0.20622686194825698,698,699
stairs_alpha,4,1705542492.374822,1705542511.767083,19.392261028289795,-14.613589593246733,-2.217278534138848,-22.623841872956746,-14.612149274969534,-2.216354682514183,-22.623172048203116,0.001837575512626435,0.0008572838627898365,0.20826642912558618,0.20987539958381063,647,648
stairs_alpha,4,1705542492.374822,1705542511.8669257,19.492103815078735,-14.520726508654802,-2.0929073366666,-22.629240436116593,-14.519782836091327,-2.0925098650649208,-22.6287455257509,0.0011372940918097437,0.0006030443026232089,0.20777897980573498,0.20873779753055316,652,654
stairs_alpha,4,1705542492.374822,1705542511.9677372,19.592915296554565,-14.43245551314037,-1.9677511071250642,-22.617926866247046,-14.430626688069834,-1.9672094528386648,-22.616848076063345,0.002191296138144337,0.0010117179835323817,0.2058819906030948,0.20768763383923738,639,636
stairs_alpha,4,1705542492.374822,1705542512.066925,19.692103147506714,-14.349797458010602,-1.8431931295053516,-22.60120016743104,-14.348170231968854,-1.843214735108095,-22.599901725698107,0.002081893927852876,0.0006800640934808249,0.20560364111658247,0.207083516290597,615,615
stairs_alpha,4,1705542492.374822,1705542512.167739,19.792917013168335,-14.26712998222452,-1.7138129392401744,-22.6051103725306,-14.26530236818411,-1.7141658580990153,-22.60393741423571,0.0022001263516405545,0.0010005234604545327,0.21099043280989324,0.21224963122203158,620,622
stairs_alpha,4,1705542492.374822,1705542512.2673762,19.89255428314209,-14.187241078611251,-1.5866568041787494,-22.621608536011685,-14.183823195277244,-1.5886617452416791,-22.621645140538146,0.003962708044010471,0.0014188545296176787,0.21605598543514257,0.21632959022323783,640,646
stairs_alpha,4,1705542492.374822,1705542512.3670893,19.992267370224,-14.108977561262204,-1.4596110632049157,-22.630975730035473,-14.1054923784605,-1.4607897948753759,-22.631815502778384,0.0037737416143629006,0.0010167583960813006,0.21935252744491754,0.21979654430447873,642,645
stairs_alpha,5,1705542562.371933,1705542562.4647455,0.09281253814697266,-13.917433094780796,14.208975965385164,-13.946315002399432,-13.92979645661418,14.211480882335959,-13.935138754116863,0.016853363178523133,0.001798476214452692,0.22612155164782097,0.2264259883939287,213,214
stairs_alpha,5,1705542562.371933,1705542562.563793,0.19185996055603027,-13.885140733548877,14.268141410248091,-13.906374797867741,-13.891509507879375,14.269626899674751,-13.895796568963586,0.012436514465807302,0.0010703913467735064,0.22950355544284054,0.2286892132793487,238,233
stairs_alpha,5,1705542562.371933,1705542562.664093,0.2921600341796875,-13.855732909506163,14.326212931103704,-13.869573882766533,-13.857395624569037,14.326602998324638,-13.859427858805512,0.01028875969370255,0.0009386359940566786,0.22618949693813317,0.22445529458723587,254,253
stairs_alpha,5,1705542562.371933,1705542562.7639847,0.39205169677734375,-13.830091344315605,14.373196704501137,-13.843998485936302,-13.828717440930566,14.373677888785561,-13.835275718908296,0.008843405082425506,0.0010751215163861852,0.2165172545971653,0.21504840892350424,280,279
stairs_alpha,5,1705542562.371933,1705542562.8639205,0.4919874668121338,-13.793226368719385,14.417955435695628,-13.810954364872961,-13.79106768530696,14.418791088906477,-13.803644582351334,0.007667538775733011,0.0002899257755379899,0.20826300492238545,0.2073002477838749,287,288
stairs_alpha,5,1705542562.371933,1705542562.9638205,0.5918874740600586,-13.756754637910472,14.469683744057523,-13.768902971433628,-13.75225276679599,14.471245995454378,-13.761453602227002,0.008843108872732361,0.00048699711871278307,0.20502783080482895,0.20449381596153923,321,322
stairs_alpha,5,1705542562.371933,1705542563.0646944,0.6927614212036133,-13.728404114262174,14.523113276042256,-13.731606430600726,-13.72458031652441,14.52249621371304,-13.728128451876515,0.005205624944570539,0.0012169116614705747,0.20534356633123563,0.20367196227025827,325,332
stairs_alpha,5,1705542562.371933,1705542563.1645918,0.792658805847168,-13.702623452111414,14.577199816328314,-13.695681912451914,-13.698070728800282,14.576172979580363,-13.693507392384628,0.0051488077044782735,0.003917889143784613,0.2025515751698655,0.20074792247326537,347,342
stairs_alpha,5,1705542562.371933,1705542563.2637122,0.8917791843414307,-13.676599671935302,14.630158164285358,-13.669373095027584,-13.67302310043317,14.629814933325076,-13.669615079249422,0.0036011425361369832,0.0007395149400336211,0.19967993293341185,0.1991063399170154,333,333
stairs_alpha,5,1705542562.371933,1705542563.364069,0.9921360015869141,-13.650782180003684,14.690470524918595,-13.643792110243304,-13.648156097380255,14.691837340920628,-13.6432991537244,0.003001250082552419,0.0022022331973720823,0.1993001801000349,0.20027070287640855,339,342
stairs_alpha,5,1705542562.371933,1705542563.46397,1.0920369625091553,-13.625357601210673,14.748890304738229,-13.605433419556679,-13.623071142237269,14.74956487378703,-13.606318252313006,0.002542806922543141,0.0013130780867679495,0.2012696899427454,0.20199886138748452,323,327
stairs_alpha,5,1705542562.371933,1705542563.5643325,1.192399501800537,-13.600960326452922,14.800358764878386,-13.577138248036869,-13.600250161778002,14.80033484460511,-13.578802882371734,0.0018099484837396371,0.00016838856762875474,0.20685277388331294,0.2071725496372353,373,374
stairs_alpha,5,1705542562.371933,1705542563.6642227,1.2922897338867188,-13.574468851378526,14.84679157210251,-13.56259759255691,-13.57398728281991,14.846037306608636,-13.565538087704395,0.003073651968632305,0.00024107105778389067,0.2093009119037575,0.20934564009209866,411,408
stairs_alpha,5,1705542562.371933,1705542563.764115,1.3921821117401123,-13.537148459242601,14.896254310358412,-13.5486587608974,-13.535916908683003,14.895113217414444,-13.550529901987204,0.002513956814580191,0.0005304317026350498,0.20686302549168048,0.20621024286655765,440,443
stairs_alpha,5,1705542562.371933,1705542563.863961,1.492027997970581,-13.489624030181782,14.943416130424122,-13.532819258769404,-13.48951267672508,14.941689789187453,-13.535312257148274,0.0030344183256084613,0.0007540429848106261,0.2023750160296757,0.20145869721827048,430,432
stairs_alpha,5,1705542562.371933,1705542563.9638894,1.591956377029419,-13.427637191727063,14.987374345440642,-13.51238348133326,-13.428176008157163,14.985497992977756,-13.513832269040327,0.002431050705039996,0.0003944519088950696,0.1992864222718113,0.19798735430369668,449,449
stairs_alpha,5,1705542562.371933,1705542564.0637765,1.6918435096740723,-13.36245706251404,15.026791647034006,-13.475570457183919,-13.362432866283353,15.026283692735262,-13.474389682065706,0.0012856254925064647,0.0010889041049505725,0.19000573541385743,0.18916555747204375,467,461
stairs_alpha,5,1705542562.371933,1705542564.1637352,1.791802167892456,-13.300610199699442,15.05994342864954,-13.441814760626835,-13.300592075780868,15.059749688470571,-13.441076599681145,0.0007633775704813929,0.00029699646117079177,0.17927545180431387,0.17884203123234182,448,448
stairs_alpha,5,1705542562.371933,1705542564.2637799,1.8918468952178955,-13.237296913299417,15.083535505432685,-13.42804658778516,-13.238186257034966,15.082736124266614,-13.427091966076365,0.001530112785232955,0.000268329481031801,0.16648520860131152,0.1653768200457375,479,473
stairs_alpha,5,1705542562.371933,1705542564.364049,1.9921159744262695,-13.162705724434673,15.112821541966973,-13.413382022149277,-13.163594475212214,15.111807234449852,-13.412156997606996,0.0018219173452871918,0.0003931236676908825,0.15200300528672187,0.15056008311550315,491,488
stairs_alpha,5,1705542562.371933,1705542564.4643779,2.092444896697998,-13.083501528326009,15.136427615189582,-13.41015241707541,-13.084316125737164,15.13657339906581,-13.410556394269003,0.0009208797173200988,0.0005096826664195434,0.13589522226355702,0.13623627426924043,495,487
stairs_alpha,5,1705542562.371933,1705542564.5644932,2.1925601959228516,-13.005223198335475,15.167592784890061,-13.403486865572207,-13.006299366666699,15.16839028268647,-13.407239404971046,0.003984431321060087,0.0005421217542687076,0.12454287694094646,0.12716321668067052,502,505
stairs_alpha,5,1705542562.371933,1705542564.6642635,2.292330503463745,-12.925211439838698,15.187441121473302,-13.401686166680179,-12.925224078341646,15.189044061878025,-13.404074077230446,0.002876055366109362,7.546297597919449e-05,0.11681192603131493,0.11935677708125257,508,505
stairs_alpha,5,1705542562.371933,1705542564.763207,2.3912739753723145,-12.840869338693905,15.19700909501055,-13.402414783950988,-12.840220830260103,15.198084111509441,-13.405057180882615,0.0029254888832248005,0.00041180461573700207,0.11280610035186044,0.11492549408320848,487,490
stairs_alpha,5,1705542562.371933,1705542564.8631356,2.4912025928497314,-12.751942012428813,15.196747201364676,-13.401296940658488,-12.752083727077405,15.197703705277924,-13.404009641865475,0.002879883785167301,0.0009416954005538402,0.11120396980966067,0.11311209851247349,529,534
stairs_alpha,5,1705542562.371933,1705542564.9628084,2.5908753871917725,-12.65395007425687,15.183758552425697,-13.403195531686869,-12.654160589682245,15.18696261901917,-13.403400154541481,0.003217488149528464,0.0011662095762816887,0.10966486866071463,0.11274931603823804,540,541
stairs_alpha,5,1705542562.371933,1705542565.0629427,2.691009759902954,-12.554524590346997,15.151231887713038,-13.404397247232085,-12.55557518284958,15.153783629406952,-13.404043095281285,0.002782185091469963,0.0006386941828948335,0.10171701373282846,0.10415023754647544,581,582
stairs_alpha,5,1705542562.371933,1705542565.162889,2.7909560203552246,-12.455587472695443,15.115961641844397,-13.395442515171673,-12.45637018433243,15.117476189082833,-13.395033366081458,0.001753252355524691,0.0005101710569593165,0.09432096833297958,0.09573501424350248,601,600
stairs_alpha,5,1705542562.371933,1705542565.2531586,2.8812255859375,-12.377016116294634,15.0714980026546,-13.392907500585512,-12.379502820283404,15.070217589411495,-13.393385068966472,0.002837468301035133,0.0019037197211546216,0.08702566609498433,0.08678677463369114,613,612
stairs_alpha,5,1705542562.371933,1705542565.3530185,2.9810855388641357,-12.294430735410666,15.017645623934559,-13.38955702289749,-12.296218100267215,15.017042086421839,-13.387204939454092,0.003015166195153055,0.0007643014439605338,0.07607690644413524,0.07575241441664353,578,587
stairs_alpha,5,1705542562.371933,1705542565.453353,3.0814199447631836,-12.210193789454515,14.955766044187211,-13.393843970219065,-12.211772418238827,14.955999875000515,-13.394338120321393,0.001670607677325905,0.0013667645097243865,0.07168273029702596,0.07271989756064716,444,448
stairs_alpha,5,1705542562.371933,1705542565.5528314,3.180898427963257,-12.124908891676325,14.881177103103393,-13.400317721568697,-12.125982277619286,14.881752797953173,-13.401374481534964,0.0016125518809982948,0.0020908386081594566,0.0680334063744857,0.0693167681088471,393,396
stairs_alpha,5,1705542562.371933,1705542565.6434531,3.2715201377868652,-12.04567241947184,14.804753853857576,-13.394431484956582,-12.046312021932655,14.80530191437122,-13.396145763996289,0.0019100299108846777,0.0024305436563704756,0.07127485564819412,0.072450882167455,360,354
stairs_alpha,5,1705542562.371933,1705542565.7433627,3.371429681777954,-11.983454441334233,14.722480149387277,-13.386267504808616,-11.983264720618301,14.724579944554534,-13.387629884836183,0.002510221710129612,0.0017246689042837771,0.07122272640516071,0.07268485862601032,305,305
stairs_alpha,5,1705542562.371933,1705542565.8431761,3.471243143081665,-11.937735180297894,14.63654168948559,-13.378693980403808,-11.938254317128697,14.64082726464946,-13.380110979616603,0.004543516733031293,0.002834487919102067,0.07237269248993147,0.07567588094488405,269,270
stairs_alpha,5,1705542562.371933,1705542565.9328237,3.5608906745910645,-11.905712618628598,14.548897968059634,-13.38090410382363,-11.90547593281692,14.554049181583984,-13.382553808932986,0.005414106380071532,0.0009008495733790486,0.08207747953873981,0.08534350930796844,215,214
stairs_alpha,5,1705542562.371933,1705542566.0329666,3.6610336303710938,-11.88080420434304,14.448162209695873,-13.386888250947926,-11.880162316257364,14.451054361014158,-13.38905393418356,0.0036697061789050223,0.004629333270683859,0.09767474777055056,0.09939689271430355,171,168
stairs_alpha,5,1705542562.371933,1705542566.1329873,3.761054277420044,-11.869728229289857,14.327332049063223,-13.39437950233782,-11.870547830882845,14.329409641921409,-13.396851387593214,0.003331419452943208,0.002929811412135818,0.10884941174334649,0.11116926290237812,153,151
stairs_alpha,5,1705542562.371933,1705542566.233097,3.861164093017578,-11.86452029316828,14.217895380327949,-13.388054500464621,-11.868585666129798,14.21938907506841,-13.390467005775823,0.004957677195068617,0.006420351761630906,0.11623351484140099,0.12082513535681096,140,136
stairs_alpha,5,1705542562.371933,1705542566.3333137,3.96138072013855,-11.876883118837075,14.115769430884072,-13.37874092749884,-11.88117748605786,14.119653652100784,-13.378385034373462,0.005801329520377108,0.010784138120250284,0.1297794693943748,0.13513063379242252,131,130
stairs_alpha,5,1705542562.371933,1705542566.423027,4.051094055175781,-11.890818080171039,14.034456891407057,-13.363820567314534,-11.896368674935896,14.035798669347798,-13.3615863232133,0.006131991274440615,0.002614333713416701,0.14582781410853474,0.1504276729593724,146,147
stairs_alpha,5,1705542562.371933,1705542566.5232677,4.151334762573242,-11.92237400081685,13.94883369702631,-13.33438750940981,-11.92550672856852,13.949809468697335,-13.331545158184209,0.004341091338561307,0.004293415334487465,0.1575181009889017,0.159927345781103,197,201
stairs_alpha,5,1705542562.371933,1705542566.623311,4.251378059387207,-11.951750344002912,13.863554553388667,-13.307876175953497,-11.957869871726942,13.861485824092625,-13.309742637053706,0.006723982265299464,0.0038005822338472214,0.16942719221001457,0.17444534263317507,272,262
stairs_alpha,5,1705542562.371933,1705542566.7635076,4.3915746212005615,-11.995675167366748,13.731293125192323,-13.260399389796346,-12.000372432585166,13.727131454378938,-13.256071025651153,0.007623551709310833,0.0008935364165854083,0.18048156918934216,0.18374927228792037,280,287
stairs_alpha,5,1705542562.371933,1705542566.8627157,4.490782737731934,-12.033459831901423,13.649025723320186,-13.232191897658627,-12.037669382960404,13.646020299515971,-13.22417766101159,0.009538389874387817,0.0005610904180977958,0.19809050694564911,0.20088902566524863,319,320
stairs_alpha,5,1705542562.371933,1705542566.9634085,4.591475486755371,-12.072867445862498,13.582923693625041,-13.208666902126163,-12.07463276439878,13.578078929074827,-13.204467812192348,0.00664984581428886,0.0018821639159870786,0.21333509696134972,0.21360435640444117,348,342
stairs_alpha,5,1705542562.371933,1705542567.0628376,4.69090461730957,-12.107678133195058,13.521485375017843,-13.18361865837025,-12.109700610828641,13.517783250650968,-13.183084320919566,0.0042522531812385165,0.0010001592943817744,0.22230823480196893,0.2232645817613431,391,387
stairs_alpha,5,1705542562.371933,1705542567.1632981,4.791365146636963,-12.14807699719179,13.460797700517624,-13.163254363245478,-12.150901605897838,13.457305401906844,-13.162876135933912,0.00450750705250168,0.0012448563526545797,0.22924748733908146,0.231038142043176,381,366
stairs_alpha,5,1705542562.371933,1705542567.2635198,4.891586780548096,-12.194088419418156,13.405756932062335,-13.132282449718472,-12.196257662663971,13.400229676116453,-13.13287114734357,0.0059668031176332926,0.0019339742201931348,0.2399562275800868,0.24071377330063748,384,370
stairs_alpha,5,1705542562.371933,1705542567.363517,4.991584062576294,-12.231015621485657,13.349891364525167,-13.094332887671582,-12.233799430435102,13.343486721932663,-13.095431460686926,0.007069363597578207,0.0004654354979528952,0.2481258774248676,0.24941301695495355,362,355
stairs_alpha,5,1705542562.371933,1705542567.4636285,5.091695547103882,-12.265007362157991,13.294138500842447,-13.06542633118345,-12.265182615371518,13.291375431033632,-13.063698009607814,0.0032637959381749317,0.0009404525458404406,0.26122164204940534,0.2605914793124428,319,323
stairs_alpha,5,1705542562.371933,1705542567.5626812,5.19074821472168,-12.296157522871688,13.235880009285278,-13.033865972843135,-12.296685280882333,13.233206003364959,-13.029484406153488,0.005160132056015936,0.0009042036103499443,0.2710256350454433,0.27047495184402326,312,319
stairs_alpha,5,1705542562.371933,1705542567.6631932,5.291260242462158,-12.322698087301776,13.170698021534431,-13.004863749324128,-12.322819237962431,13.169337043907145,-13.00177220644629,0.0033800258800875884,0.0004965096071844873,0.2763249843856299,0.27589432503779154,269,280
stairs_alpha,5,1705542562.371933,1705542567.7626987,5.39076566696167,-12.344010758628542,13.106603580357408,-12.97284945704122,-12.344762781556792,13.109797569550825,-12.9682177760782,0.005676228853338173,0.0022011735230951404,0.27810268444241826,0.27889594522999595,274,279
stairs_alpha,5,1705542562.371933,1705542567.8631132,5.491180181503296,-12.358056695291026,13.050863763385738,-12.929459282197787,-12.359810512354482,13.05190401578545,-12.924059893736773,0.005771602472459279,0.0025084842881481465,0.27295723131235394,0.2745016831678897,265,275
stairs_alpha,5,1705542562.371933,1705542567.9631941,5.591261148452759,-12.378527552753042,13.001737861244028,-12.90125866041803,-12.379185584976454,13.003406398280326,-12.89259854711795,0.008843900984224228,0.002018474146216884,0.2701971529562548,0.27059615921938385,305,304
stairs_alpha,5,1705542562.371933,1705542568.0631988,5.691265821456909,-12.39419842504618,12.958134798338776,-12.881469964412675,-12.394631826981817,12.958105006834046,-12.870062927732695,0.011415305978815406,0.0007602060719020329,0.2587039334478327,0.25861414522696163,329,324
stairs_alpha,5,1705542562.371933,1705542568.1631494,5.7912163734436035,-12.42112737457324,12.912816256786922,-12.861288668801462,-12.418917783263932,12.91691633771699,-12.84686720884391,0.015154915529112979,0.0007361436548442714,0.25627198215341046,0.2544464020232642,321,331
stairs_alpha,5,1705542562.371933,1705542568.2631984,5.891265392303467,-12.45480868112631,12.875059653206112,-12.843607830889448,-12.452321836538552,12.878583371959873,-12.832502748481394,0.011913179472708204,0.0008300629541127374,0.2589324372341842,0.2567389069605238,319,328
stairs_alpha,5,1705542562.371933,1705542568.3630147,5.991081714630127,-12.486349519095757,12.841917305287392,-12.814661198459065,-12.484717529069808,12.846009173528852,-12.803990073082389,0.01154468249693397,0.001219718872451833,0.2616876243673543,0.2604329996612427,311,306
stairs_alpha,5,1705542562.371933,1705542568.4629803,6.091047286987305,-12.513485508634634,12.813723670441604,-12.780379754437885,-12.51056936226113,12.818688543294773,-12.766768230516107,0.014779291444212332,0.0009206794988981594,0.26997883238529435,0.2674163220316436,315,309
stairs_alpha,5,1705542562.371933,1705542568.5631144,6.191181421279907,-12.53377956270808,12.787718939572986,-12.755502514041282,-12.531844796950754,12.791576008743075,-12.742513273458814,0.013687244866218383,0.0016274921895885266,0.27481811789488253,0.2729984260202996,323,321
stairs_alpha,5,1705542562.371933,1705542568.6629941,6.291061162948608,-12.563939307188573,12.762170633764711,-12.726070494482379,-12.564038810219097,12.765849771709231,-12.71180626390319,0.014731402882419045,0.0014154571792806543,0.2698842325008987,0.2701374937579808,358,347
stairs_alpha,5,1705542562.371933,1705542568.7632682,6.3913352489471436,-12.60044624054969,12.723522724270651,-12.701017355569345,-12.601158666437907,12.727388830041011,-12.688008464356939,0.01358990710233269,0.00039416474477699373,0.2641586930780097,0.2653175733881749,325,342
stairs_alpha,5,1705542562.371933,1705542568.8636127,6.491679668426514,-12.627817472730165,12.677483579223836,-12.684943004749865,-12.628540817957997,12.682110360048885,-12.673423784657986,0.01243474007154207,0.0016537837764196304,0.2576346475049188,0.25916040394943907,379,389
stairs_alpha,5,1705542562.371933,1705542568.9635632,6.591630220413208,-12.645795852972718,12.628945017414189,-12.658044778179663,-12.647239137251606,12.632358135668518,-12.648659760932073,0.010090143431353346,0.0003921343346656033,0.2516760442216815,0.2536705623056402,363,371
stairs_alpha,5,1705542562.371933,1705542569.0634837,6.6915507316589355,-12.668861419083337,12.584194546282447,-12.624270882032729,-12.66966683983408,12.583537174852534,-12.611770270639822,0.01254376837234629,0.004389345524270672,0.24298337990123334,0.2429665214802866,356,348
stairs_alpha,5,1705542562.371933,1705542569.1632092,6.791276216506958,-12.699782092191004,12.544224516244242,-12.602347785327217,-12.699495570753182,12.543767973150864,-12.587290988686005,0.015066441226289336,0.0028182447130817717,0.241483904075178,0.2397719350789863,370,365
stairs_alpha,5,1705542562.371933,1705542569.262875,6.890942096710205,-12.729559405183831,12.501927748576534,-12.585460737934739,-12.731731018789157,12.499460206792211,-12.568128709158072,0.01764097190132666,0.0020331684272901183,0.23859416946866302,0.23792398378975577,359,359
stairs_alpha,5,1705542562.371933,1705542569.3634562,6.991523265838623,-12.768467100309541,12.456313003489953,-12.569091165932337,-12.767014759694007,12.455047824553638,-12.553443621205986,0.015765647051978863,0.009508329944031774,0.23615812794436836,0.2325363729295572,357,356
stairs_alpha,5,1705542562.371933,1705542569.4632883,7.091355323791504,-12.807372988599504,12.411485602564397,-12.545511217900419,-12.807323906801507,12.4111306031635,-12.532051193340592,0.013464794641904601,0.002474558071267947,0.22952188687931452,0.22740261705884557,373,382
stairs_alpha,5,1705542562.371933,1705542569.5636268,7.1916937828063965,-12.846661652157003,12.359313092448382,-12.510646246483317,-12.848362456504884,12.35863911925442,-12.494975726847851,0.015776950305475844,0.0029181502470577367,0.23013584831339812,0.2291465324398039,353,358
stairs_alpha,5,1705542562.371933,1705542569.6634488,7.291515827178955,-12.875485277006288,12.30545189782984,-12.46996678200761,-12.877603835316942,12.309383713291826,-12.45767163444379,0.013081212319921862,0.003105548888715192,0.23553299658581017,0.23664395049231582,342,343
stairs_alpha,5,1705542562.371933,1705542569.762786,7.390852928161621,-12.901997627832257,12.242059871420249,-12.442380490276962,-12.904898410153208,12.245098458890265,-12.429160710333127,0.013871197988995339,0.004768506361964359,0.24127384133950444,0.24293281287139362,308,293
stairs_alpha,5,1705542562.371933,1705542569.8630214,7.491088390350342,-12.929679417818518,12.175970361092041,-12.422773885191702,-12.92962244596532,12.176787461144269,-12.409939742522127,0.012860253354830356,0.0022274695104080255,0.2502066168274961,0.24895859286413805,299,289
stairs_alpha,5,1705542562.371933,1705542569.9629853,7.591052293777466,-12.948732610291405,12.106299038126277,-12.399464087349951,-12.946700335064422,12.106457219464343,-12.386160842752322,0.013458509603900574,0.0014775439547949985,0.25336663631002315,0.25014797174943004,286,289
stairs_alpha,5,1705542562.371933,1705542570.0630755,7.691142559051514,-12.968282114981674,12.043834381045851,-12.37121983035622,-12.963487028447151,12.04389652620483,-12.358926369754798,0.013195676960772201,0.0027377418956916855,0.2574586960085017,0.25120335198755733,282,276
stairs_alpha,5,1705542562.371933,1705542570.1629617,7.791028738021851,-12.987539645248376,11.993950114695611,-12.341751096121273,-12.982660516020829,11.992996836685652,-12.326488970394596,0.016051390054455314,0.0006082432647790558,0.25304782988482527,0.24603485262038643,255,238
stairs_alpha,5,1705542562.371933,1705542570.2630575,7.891124486923218,-13.01339671445327,11.938487555228907,-12.315729107933478,-13.007708289828436,11.93685211640101,-12.297330154895363,0.019327553072517736,0.0014074325809778437,0.24922370241261457,0.24108059589507194,260,254
stairs_alpha,5,1705542562.371933,1705542570.3632505,7.991317510604858,-13.044727924213845,11.892760962183605,-12.287607021859563,-13.037881171634737,11.891170456127625,-12.269213171875245,0.019691151506176455,0.002715673082848176,0.2515771178374789,0.24246822398904105,268,272
stairs_alpha,5,1705542562.371933,1705542570.4629784,8.091045379638672,-13.075306276569679,11.847048944176123,-12.262461341377376,-13.07057983171349,11.842424663576246,-12.240820060397766,0.022628926056784678,0.008455167390989938,0.24626554550960666,0.23867043677126035,279,276
stairs_alpha,5,1705542562.371933,1705542570.5632093,8.19127631187439,-13.10603737767239,11.796473320896101,-12.217675935851975,-13.102836115743923,11.791740791773908,-12.200080750670466,0.018499606790379867,0.002361390723425881,0.2451029518787171,0.2401694055596199,282,276
stairs_alpha,5,1705542562.371933,1705542570.6631308,8.291197776794434,-13.136688090933157,11.739800768868914,-12.179819896383103,-13.13372109187677,11.735366480813571,-12.161045785071027,0.019517511355615923,0.0013326847268138376,0.24637168946674062,0.24206429477511485,270,278
stairs_alpha,5,1705542562.371933,1705542570.763136,8.391202926635742,-13.16111654463779,11.689324137739451,-12.154757703896651,-13.158384534692761,11.685334037126122,-12.132040581089994,0.023226115685946794,0.002893466063432887,0.24631941730104784,0.24234785524192767,275,270
stairs_alpha,5,1705542562.371933,1705542570.863476,8.491543054580688,-13.18293316286964,11.637956532001315,-12.132680043394425,-13.177224235337869,11.636745418481588,-12.110005625781307,0.02341341204555069,0.00089066827479091,0.2437154758103976,0.23733491328389936,272,268
stairs_alpha,5,1705542562.371933,1705542570.9625819,8.590648889541626,-13.201392438661884,11.580934018760708,-12.107317448091317,-13.197288312939458,11.58325154631553,-12.088035918429082,0.019849235955786842,0.0007678000953846639,0.2373673099057614,0.23267837636121824,268,276
stairs_alpha,5,1705542562.371933,1705542571.0629716,8.691038608551025,-13.22770099899191,11.523185840824091,-12.074669442811842,-13.227120950261458,11.52543809358221,-12.053498832827037,0.02129797704348696,0.0017788345569154545,0.23757879567218412,0.23595780460566368,282,280
stairs_alpha,5,1705542562.371933,1705542571.1629782,8.791045188903809,-13.261075707926818,11.472737755902042,-12.033715119491877,-13.261205703562009,11.47502852433676,-12.01601494644071,0.01784826728082848,0.0015184246779175448,0.2393270991806626,0.23838348783765917,284,274
stairs_alpha,5,1705542562.371933,1705542571.2631612,8.891228199005127,-13.291914632591238,11.429663122393606,-11.995792355211766,-13.292964038401871,11.430795520538563,-11.978520413689798,0.017340805692133913,0.0017709804012938013,0.23245282617787613,0.23268432422458618,304,296
stairs_alpha,5,1705542562.371933,1705542571.3632274,8.991294384002686,-13.32584060222058,11.390481595311083,-11.963642542067339,-13.327448515498974,11.393827777702803,-11.943031066565002,0.02094314312831098,0.0001503120303632695,0.22803871227446323,0.22964149893123423,331,337
stairs_alpha,5,1705542562.371933,1705542571.4633827,9.091449737548828,-13.361320045423696,11.35625009319594,-11.931239551766344,-13.362305910112521,11.360350423415401,-11.911303639249352,0.020377076458080606,0.00027394808158088814,0.22631887285713875,0.2280892663513661,344,343
stairs_alpha,5,1705542562.371933,1705542571.5634615,9.191528558731079,-13.40665142134144,11.319515951789935,-11.890137850073726,-13.406708951308893,11.322051744971034,-11.873684160964967,0.01664804619293753,0.0011987916008854627,0.22358517159957608,0.22458275391946825,371,372
stairs_alpha,5,1705542562.371933,1705542571.6635344,9.291601419448853,-13.44744634971052,11.280813166637564,-11.84543045245392,-13.447799767545407,11.282113723142725,-11.828387921606767,0.017095736575687238,0.0018189188485371061,0.23182807307074874,0.23332418063403212,394,393
stairs_alpha,5,1705542562.371933,1705542571.762546,9.390613079071045,-13.484647853647429,11.24363802553793,-11.807270309841558,-13.486441837396352,11.24357603797797,-11.795318149910601,0.012086204828818331,0.00048106732965326764,0.2326249450288885,0.23489896492145687,446,444
stairs_alpha,5,1705542562.371933,1705542571.8627336,9.490800619125366,-13.523861796933806,11.196122518667018,-11.780539251439455,-13.526581179319523,11.196917209198755,-11.767264027298179,0.013574172151630702,0.001221928950857709,0.23249031304443674,0.23523803258799436,459,454
stairs_alpha,5,1705542562.371933,1705542571.963007,9.591073989868164,-13.565997780312342,11.143871917865514,-11.759927637529398,-13.567908791989906,11.14513527820937,-11.748460574447341,0.01169365557548524,0.0012996901805794711,0.23067075214583013,0.2319518390348023,448,442
stairs_alpha,5,1705542562.371933,1705542572.06282,9.690886974334717,-13.601037508562385,11.084622227032053,-11.738538753916018,-13.603820136835289,11.085954852283454,-11.729323145822432,0.009718350822047512,0.000571736600186484,0.22412964653960815,0.22587207173558582,430,424
stairs_alpha,5,1705542562.371933,1705542572.1629617,9.79102873802185,-13.635950165705314,11.02649799679994,-11.711330492012754,-13.63993389389919,11.02622096428545,-11.702905157671452,0.009323791937806003,0.0006623293918213763,0.2227423383810464,0.22497706164837525,436,445
stairs_alpha,5,1705542562.371933,1705542572.2633495,9.891416549682617,-13.673010728811088,10.9705629278432,-11.68070619972302,-13.675617009121197,10.96717868605555,-11.674871923274386,0.007230807092656669,0.0015820843203845434,0.21708223611361852,0.21790689099695534,451,436
stairs_alpha,5,1705542562.371933,1705542572.3624847,9.990551710128784,-13.711991102062985,10.91451820812117,-11.645745885134323,-13.713294003192896,10.90970928825146,-11.64168734455996,0.006426119611504482,0.0004872870380663219,0.20904062601105372,0.20893223004145287,524,529
stairs_alpha,5,1705542562.371933,1705542572.4630334,10.091100454330444,-13.746788759423548,10.864479970924446,-11.626090572798274,-13.751300323847301,10.85904539290544,-11.621271861578839,0.00855037014465764,0.001311233083958978,0.19780228590002713,0.20059334320325545,505,502
stairs_alpha,5,1705542562.371933,1705542572.5633879,10.191454887390137,-13.808779335303331,10.815473046048123,-11.598604782761035,-13.812880215000728,10.80979921426767,-11.594318534984529,0.008208623597594902,0.0010309921371464607,0.20059745823337014,0.20348669628346844,510,501
stairs_alpha,5,1705542562.371933,1705542572.6633186,10.291385650634766,-13.870600509478226,10.777066310962073,-11.568569976664902,-13.874435227595304,10.77052544856619,-11.565398605493659,0.008218609312111512,0.0005103213121111523,0.20097441404219343,0.20369441983411812,528,522
stairs_alpha,5,1705542562.371933,1705542572.763311,10.391377925872803,-13.937602526377429,10.738082319237531,-11.529017950574067,-13.939686525048462,10.731349316574434,-11.521952442296898,0.0099798688637114,0.0007688329259917303,0.21007693092411064,0.21062186094765456,582,562
stairs_alpha,5,1705542562.371933,1705542572.8634388,10.491505861282349,-14.004373712153097,10.702295260816786,-11.499333649653565,-14.005604596607823,10.696258148198467,-11.49313376129272,0.008740733435707524,0.00047820010012285415,0.22295366412864986,0.22270503612236422,540,537
stairs_alpha,5,1705542562.371933,1705542572.9634867,10.591553688049316,-14.076664508238721,10.660999863384731,-11.479826109941962,-14.077146056345336,10.656911380196274,-11.474825370404686,0.006477266343216584,0.0010143052089946658,0.2351682940976558,0.23463296228677805,626,618
stairs_alpha,5,1705542562.371933,1705542573.0629728,10.691039800643921,-14.15649396454637,10.621714799182332,-11.480166601244981,-14.156648394340998,10.619481907085394,-11.472647564286293,0.007845098626796559,0.00033683243890825866,0.24242104261849787,0.24162763540272345,616,634
stairs_alpha,5,1705542562.371933,1705542573.1632864,10.791353464126587,-14.246520273043137,10.576957570941875,-11.483772855640801,-14.2465612919817,10.576211352218778,-11.475010913943953,0.008793756150530409,0.0004476566281320161,0.25122341729776027,0.2504276930417237,628,635
stairs_alpha,5,1705542562.371933,1705542573.2628329,10.890899896621704,-14.340842435694185,10.534349915397343,-11.49218859673763,-14.341626756860826,10.533280878931063,-11.48335127692603,0.008936230755256527,0.0005423208559990094,0.2564356930549777,0.25617598042672507,686,680
stairs_alpha,5,1705542562.371933,1705542573.3626359,10.990702867507935,-14.426667768513235,10.495968159642064,-11.504803087217013,-14.427150810523724,10.497055959694418,-11.495234490658525,0.009642337820098403,0.0006068698103990401,0.2520941780289036,0.2511762282010552,709,728
stairs_alpha,5,1705542562.371933,1705542573.4625,11.090567111968994,-14.518143662302524,10.474119662206956,-11.502167870902522,-14.51854634526465,10.477350636913087,-11.493472466024478,0.009285010345322572,0.0005571445542551542,0.24689815189048625,0.24620775029423722,713,717
stairs_alpha,5,1705542562.371933,1705542573.562469,11.19053602218628,-14.619859215148265,10.474072710907652,-11.498723310926682,-14.619787734705755,10.47756260327769,-11.490217691750198,0.00919402065385309,0.0002613133415386757,0.2497879231885324,0.2488680589860163,693,693
stairs_alpha,5,1705542562.371933,1705542573.6633904,11.291457414627075,-14.723202151142374,10.491268298920485,-11.513705097319589,-14.72295928698788,10.493437410595629,-11.504720303601696,0.00924610980952937,0.0006005861302458729,0.250154510860077,0.248680524291588,682,674
stairs_alpha,5,1705542562.371933,1705542573.7621622,11.390229225158691,-14.834936880693686,10.526115566343389,-11.52008575688035,-14.833871894380982,10.529650686088853,-11.51095361582823,0.009850242010064592,0.0004585805627597585,0.25808378032452417,0.2564316228286634,726,730
stairs_alpha,5,1705542562.371933,1705542573.862287,11.490354061126709,-14.936389608263337,10.5696741971019,-11.516751833121774,-14.936033469884824,10.572901592307645,-11.5104968684395,0.007047517118475442,0.0015886231238720972,0.2614695358232642,0.2612044787745246,712,715
stairs_alpha,5,1705542562.371933,1705542573.9621603,11.590227365493774,-15.027846179024035,10.624869265515702,-11.513586726246674,-15.027217943039254,10.626364579798974,-11.509164698869219,0.004710092502837972,0.0004961363407686889,0.26824603835476346,0.26752793484832926,742,739
stairs_alpha,5,1705542562.371933,1705542574.0617123,11.689779281616211,-15.106741719303734,10.686827676271413,-11.508324719444895,-15.107712349829898,10.688223981878046,-11.503252755296076,0.005349449812114932,0.000648717542611157,0.2714139745482393,0.2720261800187992,764,761
stairs_alpha,5,1705542562.371933,1705542574.16196,11.790026903152466,-15.184350927210126,10.765665961362846,-11.504243499599033,-15.185412413798812,10.765576864804732,-11.497508743707485,0.006818477021547512,0.00030956998695163423,0.2651553465323381,0.2651716319351978,745,744
stairs_alpha,5,1705542562.371933,1705542574.2619984,11.890065431594849,-15.253301177054169,10.855503430151927,-11.505222127236117,-15.25505273881583,10.85370174394821,-11.49815055379693,0.007504744678360142,0.0005069709208663786,0.2641326705082819,0.2635442882316909,733,730
stairs_alpha,5,1705542562.371933,1705542574.36242,11.990487098693848,-15.308893769195446,10.952332578651504,-11.501305371514302,-15.310685786358697,10.949288575047017,-11.493254271012871,0.008791899836875807,0.0006218162348330248,0.2622450934779927,0.2604994322978195,699,704
stairs_alpha,5,1705542562.371933,1705542574.4615917,12.089658737182617,-15.3456171008477,11.042470747960138,-11.492205348005825,-15.344873990903764,11.040354276122958,-11.485388909948917,0.0071760360373974205,0.0006066088460304844,0.2546708330307613,0.2516304633368446,696,691
stairs_alpha,5,1705542562.371933,1705542574.5620208,12.190087795257568,-15.356205120824338,11.136886277650518,-11.506596482837828,-15.355042927159511,11.136080122841339,-11.499769931435287,0.0069715409876490554,0.0013025620938486246,0.23650604899921887,0.2336677282458788,685,702
stairs_alpha,5,1705542562.371933,1705542574.6619105,12.289977550506592,-15.36044257193818,11.245191691754147,-11.529193785714519,-15.358004439360716,11.24625643429285,-11.52432432965214,0.005548852988000574,0.002626730274640247,0.23058806917620592,0.22869759439325393,594,604
stairs_alpha,5,1705542562.371933,1705542574.7522228,12.380289793014526,-15.343276194482309,11.35858732776509,-11.545695404548534,-15.342348463146292,11.361184193866439,-11.53988544904971,0.006431172667444281,0.0011012684381711386,0.2205088445220459,0.22067097347358852,557,559
stairs_alpha,5,1705542562.371933,1705542574.8523211,12.480388164520264,-15.32208656081714,11.471756016150934,-11.554684914842845,-15.320750137168478,11.474648301929157,-11.54716979452453,0.00816262081628019,0.0005037495479163045,0.22865420538858572,0.2285566680291314,521,511
stairs_alpha,5,1705542562.371933,1705542574.9524324,12.580499410629272,-15.298827556119875,11.5729518943951,-11.54628622721502,-15.29730240130776,11.57448556537151,-11.539588662757495,0.007038154127859334,0.000495463188799994,0.23796734745880757,0.23717222694137702,449,453
stairs_alpha,5,1705542562.371933,1705542575.041763,12.669830083847046,-15.276731058429228,11.66803753541226,-11.53178449029141,-15.276083426619445,11.667990845082247,-11.525195784626813,0.006620623028283408,0.002218901335635114,0.24208438032593313,0.24045145794270284,340,336
stairs_alpha,5,1705542562.371933,1705542575.1615443,12.789611339569092,-15.233104776033434,11.76527097122393,-11.501155886498097,-15.234172940271392,11.764308865577757,-11.498895145757928,0.002679098879831524,0.0019451119617553123,0.25014162851440447,0.24901438264446446,318,312
stairs_alpha,5,1705542562.371933,1705542575.2619188,12.889985799789429,-15.199143980620347,11.851438057795622,-11.47611645948901,-15.199820806719444,11.850738281250248,-11.471481094147258,0.004736495817942859,0.002005855653899438,0.23680967075331436,0.23552691496952224,276,275
stairs_alpha,5,1705542562.371933,1705542575.3617568,12.989823818206787,-15.166848353277391,11.9440104248511,-11.44715719142082,-15.167977414912684,11.943068792969026,-11.441662594137433,0.00568788625802439,0.0009829571025828088,0.22052400222336574,0.21890035840134742,248,250
stairs_alpha,5,1705542562.371933,1705542575.4617422,13.08980917930603,-15.13564468188595,12.025424748105564,-11.4075150367618,-15.136517020686671,12.026551015147092,-11.40291163357844,0.004818793759920116,0.0008275214259749474,0.2017625325032875,0.20242988762699948,349,353
stairs_alpha,5,1705542562.371933,1705542575.5614426,13.189509630203247,-15.104780233750056,12.08583660752134,-11.37456277843482,-15.105457933100734,12.086282926486493,-11.368006225280931,0.006606577501878942,0.0009422756912326034,0.18458629075057698,0.18454085104410833,342,342
stairs_alpha,5,1705542562.371933,1705542575.6615088,13.289575815200806,-15.059480512241453,12.146399456115756,-11.337428610578707,-15.061157955038503,12.14498262797705,-11.333176144228092,0.004785884074557873,0.0024389509694826023,0.16666478621053946,0.16543049934543377,394,398
stairs_alpha,5,1705542562.371933,1705542575.7615542,13.389621257781982,-15.004765449293101,12.203680181383291,-11.305034498413931,-15.005849481695467,12.201879822015684,-11.302313697889188,0.003437902790561921,0.0032603810805875073,0.145859740364427,0.14419402812846144,422,419
stairs_alpha,5,1705542562.371933,1705542575.861366,13.48943305015564,-14.949390233271682,12.255458862858681,-11.269036640371002,-14.949561052925873,12.253816246409361,-11.26642283979644,0.003091815259263367,0.0006492996004032578,0.1352099785320597,0.13347263340799084,432,430
stairs_alpha,5,1705542562.371933,1705542575.9613986,13.589465618133545,-14.899223835317486,12.31083466488868,-11.227454156611614,-14.899274842807241,12.308029002617381,-11.223637210075497,0.004737449039745373,0.0011100495570066282,0.1264865615661296,0.1233326016285726,436,436
stairs_alpha,5,1705542562.371933,1705542576.06202,13.690087080001831,-14.86422297508841,12.360706591466531,-11.182966397669958,-14.864237153566975,12.359197100810157,-11.177545430694497,0.005627223651141908,0.0007973438851933154,0.11726281787946159,0.11512287114916497,417,419
stairs_alpha,5,1705542562.371933,1705542576.1621673,13.790234327316284,-14.833877579420701,12.41601635133167,-11.150363451566399,-14.83505476485255,12.414362125005002,-11.140712423582709,0.009862280234447076,0.002288066325151528,0.11854910636614073,0.11568353173641795,410,407
stairs_alpha,5,1705542562.371933,1705542576.2623622,13.890429258346558,-14.816114895129056,12.474346064979638,-11.128421846489335,-14.817188602967688,12.473578679822221,-11.117997739158106,0.010507318504525364,0.0006787368382636393,0.11885600145428145,0.11661459273724292,366,366
stairs_alpha,5,1705542562.371933,1705542576.3616157,13.989682674407959,-14.801845075435203,12.533997959780105,-11.10341238238253,-14.80461531020719,12.53222008558011,-11.09046337454494,0.013360832359582827,0.0013449682760649677,0.12632525774463546,0.1228251125115692,372,371
stairs_alpha,5,1705542562.371933,1705542576.4614842,14.089551210403442,-14.78793198039238,12.603354313291003,-11.076828233356798,-14.788856233247133,12.599910853020589,-11.062378806587647,0.014882795299623315,0.0019558662942155062,0.136929388143806,0.13145427023378667,336,335
stairs_alpha,5,1705542562.371933,1705542576.5615613,14.18962836265564,-14.774978967989476,12.66413006656266,-11.044940871638087,-14.776449760609488,12.658672936332668,-11.028886016440874,0.017020630913149256,0.0045156138482366085,0.14844242164704302,0.14201458084499,338,339
stairs_alpha,5,1705542562.371933,1705542576.66143,14.289496898651123,-14.754352035849625,12.721542661765081,-11.019197808028736,-14.755470305097624,12.716436844292659,-11.001595274791086,0.018362164212185894,0.0022030230494832614,0.15953915618734296,0.15429498903061667,338,344
stairs_alpha,5,1705542562.371933,1705542576.7618642,14.389931201934814,-14.727899354005816,12.775525839957389,-10.997194009144245,-14.72852674108353,12.770983010124471,-10.98003178130361,0.01776437395153489,0.004181783798755123,0.17093501012644202,0.16630857650852413,351,352
stairs_alpha,5,1705542562.371933,1705542576.86225,14.490317106246948,-14.707454297478929,12.822332285879046,-10.97769480162125,-14.705327460445638,12.81714966169951,-10.960667759740412,0.01792493192077263,0.0040748969670328684,0.17319778816457207,0.16712675697275792,354,350
stairs_alpha,5,1705542562.371933,1705542576.9622226,14.59028959274292,-14.683948450602529,12.861633263419272,-10.943824017881045,-14.680914495315506,12.859133509153487,-10.933863957065066,0.010707776031042542,0.0006245058036566813,0.16299595331625216,0.1593416305705503,331,324
stairs_alpha,5,1705542562.371933,1705542577.0622091,14.690276145935059,-14.653819135225572,12.902889808793041,-10.914964348312935,-14.64891477499862,12.901214171381778,-10.907044036941043,0.00946529673055532,0.0014816043365229077,0.16371811434782932,0.1605577543246812,300,297
stairs_alpha,5,1705542562.371933,1705542577.1619153,14.789982318878174,-14.627034249587147,12.94149670654431,-10.878857829890206,-14.622650881380192,12.940671233984695,-10.871254042923537,0.008815491932893674,0.0026007641867300045,0.17269941453585563,0.17108323013020735,272,270
stairs_alpha,5,1705542562.371933,1705542577.262031,14.890098094940186,-14.602200017692892,12.978333902083584,-10.846259506529423,-14.597200549241553,12.977097023205587,-10.83586469576438,0.011600717434530398,0.0012864166608088602,0.17201783122754793,0.16976508913948343,279,277
stairs_alpha,5,1705542562.371933,1705542577.3622794,14.990346431732178,-14.569657891755295,13.026117554679963,-10.811913075397841,-14.565395173066367,13.02380890615743,-10.80066860522433,0.01224494745209348,0.000944037235132574,0.17882762605746227,0.17569779492048027,284,284
stairs_alpha,5,1705542562.371933,1705542577.4620185,15.090085506439209,-14.548309307145953,13.08016991670468,-10.781485851055011,-14.544425371672462,13.077568404081028,-10.768875303010104,0.013449116873839227,0.0012308530053086624,0.1770801235448705,0.17340530115594305,316,312
stairs_alpha,5,1705542562.371933,1705542577.5618596,15.189926624298096,-14.536394516059712,13.139912024926915,-10.748130640092155,-14.53050364234223,13.137439551086612,-10.73921592589718,0.010967572622251908,0.0027776625795521343,0.178666194566037,0.17509797326094276,316,316
stairs_alpha,5,1705542562.371933,1705542577.661665,15.289731979370117,-14.517494658590955,13.197692290386229,-10.706385876497377,-14.514249634641047,13.193798916606355,-10.699216831740358,0.008779734765551293,0.00545626086808981,0.17851639191452576,0.1740837408142639,324,331
stairs_alpha,5,1705542562.371933,1705542577.7618444,15.389911413192749,-14.492453437549521,13.245115685733811,-10.6792906539844,-14.490810471981117,13.241457149840151,-10.672442179306223,0.007936361015087223,0.0013572079595285604,0.17187381247446903,0.16801566548959637,325,327
stairs_alpha,5,1705542562.371933,1705542577.8619332,15.490000247955322,-14.467367287556165,13.293944883527221,-10.651444709185927,-14.466754634852737,13.289713487134463,-10.646943827101317,0.006207898058700881,0.001140455407345506,0.16609636042146236,0.16206391356168465,365,363
stairs_alpha,5,1705542562.371933,1705542577.9623077,15.59037470817566,-14.436617318620158,13.336151913828548,-10.625308921564333,-14.435259021448708,13.332231735425136,-10.623485200934036,0.0045319672172154995,0.0018481466743935965,0.15423640652454457,0.15024259840314189,354,348
stairs_alpha,5,1705542562.371933,1705542578.062163,15.690230131149292,-14.400009758636443,13.376646235058221,-10.592577026675771,-14.39964717100818,13.374428726753887,-10.590852240352294,0.0028326137628718593,0.0009846728719173808,0.14852420826004964,0.14634296936847047,364,366
stairs_alpha,5,1705542562.371933,1705542578.1621456,15.790212631225586,-14.36673694325753,13.41612734785506,-10.554067529613576,-14.366713460568397,13.414224667593256,-10.550429950789054,0.004105206854709853,0.0012634577618644924,0.14085531651813638,0.13892700897386523,363,370
stairs_alpha,5,1705542562.371933,1705542578.2622178,15.890284776687622,-14.343626915893648,13.452481401663398,-10.520004957985083,-14.341361073885793,13.4535044585053,-10.515722574642504,0.0049517161064745715,0.00048809552526552413,0.1346384807152389,0.13498759697359364,336,344
stairs_alpha,5,1705542562.371933,1705542578.362195,15.990262031555176,-14.313018455017852,13.49905985987953,-10.492890129350316,-14.3095457698483,13.50121670611886,-10.489468694423847,0.005330829667416013,0.002212214957842869,0.1341810576327053,0.13587231003067407,357,359
stairs_alpha,5,1705542562.371933,1705542578.4612339,16.089300870895386,-14.284029308202639,13.54636706793217,-10.47337669204361,-14.282148094609367,13.54893633923178,-10.4697674675764,0.0048131715998100105,0.002118494584406899,0.13550245477980336,0.1377858874055395,340,345
stairs_alpha,5,1705542562.371933,1705542578.5619135,16.189980506896973,-14.268055682463865,13.598710536638308,-10.452041980694252,-14.26393242408993,13.600589336206987,-10.44773567026794,0.006251036468079602,0.00274621410591445,0.1423163718357718,0.14396133647441017,293,302
stairs_alpha,5,1705542562.371933,1705542578.6622205,16.290287494659424,-14.243868587892834,13.655702439924227,-10.417538576127223,-14.239928916308855,13.65578602889715,-10.412266060454394,0.006582356783571208,0.0027302947348419922,0.15535372038141368,0.15526648928003342,296,304
stairs_alpha,5,1705542562.371933,1705542578.7614636,16.389530658721924,-14.221965841671215,13.699529133216036,-10.389941088261443,-14.219255056422899,13.697822785271462,-10.38454440129907,0.00627568403763933,0.00042535719447603495,0.16128221156957415,0.1592419719437069,292,303
stairs_alpha,5,1705542562.371933,1705542578.8621504,16.490217447280884,-14.195148707980024,13.745110851552894,-10.37205239068222,-14.195546620923224,13.744794874084416,-10.367246990841236,0.00483218833476982,0.0014412238235308311,0.16732306097228342,0.1664187491709041,300,289
stairs_alpha,5,1705542562.371933,1705542578.9619853,16.590052366256714,-14.162767466420314,13.792908945453206,-10.356942218148523,-14.16172926075676,13.792384491990376,-10.352902433448104,0.004203900909899244,0.0015010777094795372,0.1668198710765093,0.16594816981213145,298,290
stairs_alpha,5,1705542562.371933,1705542579.061568,16.689635038375854,-14.126430944822967,13.840058223280035,-10.337676329999523,-14.126151371292973,13.842998701085286,-10.337313348665324,0.002975958086199986,0.0030399817299406823,0.16339962679661396,0.1662969427405859,297,295
stairs_alpha,5,1705542562.371933,1705542579.1614482,16.789515256881714,-14.09265537481593,13.884136256415339,-10.311158153739132,-14.090769787884463,13.88679188438142,-10.311601068508459,0.0032869395283820625,0.0004529515024741039,0.16166926094432632,0.16450491141086654,293,292
stairs_alpha,5,1705542562.371933,1705542579.261391,16.889457941055298,-14.059157999370283,13.933761851393335,-10.276089095523172,-14.054919034410773,13.937606091657507,-10.277631627359733,0.0059267538841632555,0.002716996192932273,0.1662460395416927,0.17074014307065272,274,269
stairs_alpha,5,1705542562.371933,1705542579.3620224,16.990089416503906,-14.028200721705124,13.989468737445172,-10.245696360467921,-14.023973987188295,13.990103119713474,-10.249451392338662,0.00568928729177618,0.005439439583280894,0.1728899249453916,0.17484332129287358,268,272
stairs_alpha,5,1705542562.371933,1705542579.462174,17.090240955352783,-14.004348768024105,14.041976306828673,-10.22209693634932,-13.998699864549247,14.043109461950504,-10.228711770796167,0.008772125498280783,0.0007726516228024269,0.1706362919792707,0.17380282334774763,258,249
stairs_alpha,5,1705542562.371933,1705542579.5621607,17.1902277469635,-13.979670164455722,14.103255946711151,-10.199802880537556,-13.972994658478648,14.103376125627136,-10.206229921060816,0.009267344436753918,0.0012405123160940713,0.171589676897572,0.17392270064429421,259,262
stairs_alpha,5,1705542562.371933,1705542579.6621478,17.290214776992798,-13.956902820304599,14.167967118454186,-10.163200836404222,-13.952250433981046,14.167940622444661,-10.17284387347072,0.010706706515448862,0.010494063068987586,0.17209874614541473,0.17476660074618736,257,251
stairs_alpha,5,1705542562.371933,1705542579.7619064,17.389973402023315,-13.933920989537555,14.232455080388657,-10.125521532295437,-13.933458036716859,14.234373320894434,-10.134232061607337,0.008931253710742982,0.0035077417361541467,0.17269635805145586,0.1767013285469749,269,267
stairs_alpha,5,1705542562.371933,1705542579.8620636,17.49013066291809,-13.900082015383354,14.288737572183841,-10.085369443857207,-13.903041889279029,14.289601044755447,-10.095982539098143,0.011051888026640283,0.005445777341585515,0.16950909803691344,0.1723556936444295,282,284
stairs_alpha,5,1705542562.371933,1705542579.962202,17.590269088745117,-13.862229198307016,14.347983885148086,-10.048360108944607,-13.868153478864226,14.349531312943363,-10.063190951264131,0.016045108812617018,0.0062731351305067426,0.1653346945511473,0.1696589149460668,295,298
stairs_alpha,5,1705542562.371933,1705542580.061333,17.68939995765686,-13.825473886279205,14.404511541292177,-10.012455961455121,-13.83236398954855,14.404581463131986,-10.030329495642052,0.019155720724037376,0.006352052800046775,0.16407018649151514,0.16676387931989986,300,293
stairs_alpha,5,1705542562.371933,1705542580.1615453,17.789612293243408,-13.778234792562593,14.460456649700724,-9.976026001871224,-13.784665553683539,14.460887566536314,-9.993575473257103,0.01869556963126917,0.0023045865494079583,0.16844235476036812,0.17049672914562874,286,294
stairs_alpha,5,1705542562.371933,1705542580.262248,17.890315055847168,-13.73605707353376,14.518971851276927,-9.943504906669054,-13.745909814235622,14.518493136758845,-9.958795866833182,0.018196679083528344,0.002325853740944564,0.16990609886272226,0.17115075027232915,313,314
stairs_alpha,5,1705542562.371933,1705542580.3622532,17.990320205688477,-13.698463929575379,14.578803723057405,-9.90855592882558,-13.708579777405594,14.577272826812667,-9.923616538525348,0.01820703120129638,0.001338071479648159,0.1721639675966557,0.1723238391617282,341,340
stairs_alpha,5,1705542562.371933,1705542580.4621425,18.090209484100342,-13.663054537731316,14.637228613490738,-9.880808698524753,-13.67193210251522,14.6385571783503,-9.895615687695157,0.017315402662685473,0.0011083519465914116,0.17318749393844513,0.1767632046367651,369,356
stairs_alpha,5,1705542562.371933,1705542580.561933,18.19000005722046,-13.629302435040763,14.700174379807102,-9.851987158687782,-13.636170652663877,14.699529860966894,-9.864228470908463,0.014051247017187277,0.0023222319299433104,0.1757087180084918,0.1768801969922017,345,355
stairs_alpha,5,1705542562.371933,1705542580.662012,18.29007911682129,-13.597547939583718,14.767401112285754,-9.817269763671248,-13.603072574998627,14.767300161798339,-9.8313168282394,0.015094761026607733,0.001666734646045214,0.1835166026894452,0.1856919250213198,349,339
stairs_alpha,5,1705542562.371933,1705542580.7619874,18.39005446434021,-13.562149932756904,14.826230469822296,-9.779023142850741,-13.568689376353559,14.82563748731921,-9.793917061035192,0.0162771235077911,0.003432235529457388,0.19031678529855986,0.19204647818781284,314,330
stairs_alpha,5,1705542562.371933,1705542580.861967,18.490034103393555,-13.52353240180911,14.87978578364961,-9.74637568557426,-13.531066022427158,14.879588267471316,-9.761980505985544,0.017329306746833036,0.003801761881537435,0.1984232636774499,0.20067630768451783,336,325
stairs_alpha,5,1705542562.371933,1705542580.9620192,18.590086221694946,-13.479400305591001,14.933702769506613,-9.718035559242594,-13.485785183756807,14.932126849741792,-9.734437420419525,0.017671198102127784,0.0024039648513666753,0.2043975875758038,0.2056638454917574,345,348
stairs_alpha,5,1705542562.371933,1705542581.0621173,18.690184354782104,-13.429660914251077,14.982285096054415,-9.698515145360139,-13.43853293230603,14.978861825193942,-9.716511330650103,0.02035421756644872,0.0018812541143619012,0.20697590286092749,0.20686421905698202,347,377
stairs_alpha,5,1705542562.371933,1705542581.1621253,18.790192365646362,-13.374260561265801,15.024392102216407,-9.673969777973356,-13.382754149326914,15.020114043196894,-9.693184175263909,0.021439120559516495,0.004200328390228467,0.2069096167018425,0.20641702255763256,334,333
stairs_alpha,5,1705542562.371933,1705542581.2620902,18.890157222747803,-13.318938593058196,15.0628486055816,-9.644253291632703,-13.325211443479628,15.060934572702937,-9.663574032312786,0.020403509372097665,0.004647813912855378,0.20471462584332584,0.20757038420375842,324,335
stairs_alpha,5,1705542562.371933,1705542581.361759,18.989825963974,-13.263022409625844,15.099576407278569,-9.616751104357014,-13.268479980355403,15.098081789753415,-9.63280376295761,0.017020775774386553,0.004081323160076678,0.20380145854811724,0.2057098714556187,317,329
stairs_alpha,5,1705542562.371933,1705542581.462191,19.09025812149048,-13.19712792760076,15.136426567762882,-9.599095966331546,-13.201487754273199,15.137203326818856,-9.615360761521911,0.016856897870879177,0.004831716678529384,0.20376153985797021,0.2075999927195878,343,352
stairs_alpha,5,1705542562.371933,1705542581.5615847,19.18965172767639,-13.123164650685169,15.171681206081786,-9.5856668822495,-13.130027037989944,15.171028844265045,-9.604971721502434,0.02049865249332965,0.0026931238397335856,0.197350671447053,0.1996929018953617,352,356
stairs_alpha,5,1705542562.371933,1705542581.6615665,19.28963351249695,-13.049648766946286,15.202428435114125,-9.581799067388895,-13.057442227074842,15.202835269866839,-9.601574437312639,0.021259557636798283,0.003720508992587506,0.1871468862601619,0.19020199562565834,356,372
stairs_alpha,5,1705542562.371933,1705542581.7612312,19.3892982006073,-12.97272686040916,15.231228917824662,-9.578975827051442,-12.979295528374953,15.234039429635406,-9.600986189269696,0.023140925229166564,0.0017378502508430648,0.16987126398039915,0.17625179458637583,383,366
stairs_alpha,5,1705542562.371933,1705542581.8622444,19.49031138420105,-12.891566339605754,15.255865121738566,-9.574288177921618,-12.897792697834188,15.25871252669118,-9.593434426392545,0.020333570327500633,0.0017784958158093289,0.15343265024831196,0.1594603628461716,391,401
stairs_alpha,5,1705542562.371933,1705542581.9617372,19.58980417251587,-12.80760997538875,15.271179027834403,-9.570443435486007,-12.81280333320041,15.27236615009593,-9.5854758025501,0.01594842575846768,0.0007097138725311385,0.14310500649906985,0.1467988753866777,422,414
stairs_alpha,5,1705542562.371933,1705542582.0614583,19.689525365829468,-12.722227851657335,15.270462686414678,-9.56856969292001,-12.725563513910986,15.269063606546414,-9.582118532858294,0.014023378010360524,0.0038897225093686054,0.1283237465695577,0.12960576631687198,407,393
stairs_alpha,5,1705542562.371933,1705542582.1620123,19.790079355239868,-12.629515400535658,15.258235048513548,-9.575316559306968,-12.63162033548806,15.255428527744098,-9.587258901356304,0.012446961219773206,0.0019469455950216928,0.11546337489243227,0.11561099214902666,389,387
stairs_alpha,5,1705542562.371933,1705542582.261766,19.889832973480225,-12.533684516327227,15.229719168364014,-9.58166127329893,-12.534533770829103,15.229306446094856,-9.587587364236256,0.006000843830484988,0.0020120846197213657,0.10135148521172943,0.10271929187824576,376,375
stairs_alpha,5,1705542562.371933,1705542582.361228,19.98929500579834,-12.44102202153615,15.197604770721874,-9.577540604541694,-12.442229285616339,15.194603894764345,-9.584755203208811,0.007906527493113122,0.0034687365333307043,0.09425210598929593,0.09398766657750454,346,349
tunnel1_gamma,1,1706581960.1640582,1706581960.2587814,0.09472322463989258,100.00753722208249,202.26610531394587,11.442432806794436,100.00909982867886,202.26340425394062,11.441861458039735,0.0031723656672061657,9.858162733503609e-05,nan,nan,1585,1588
tunnel1_gamma,1,1706581960.1640582,1706581960.3595989,0.1955406665802002,100.00651298506303,202.26668486173457,11.44097818711237,100.0075780190907,202.2646896381165,11.440691878446088,0.0022797340675271343,0.00013464828109816183,nan,nan,1583,1584
tunnel1_gamma,1,1706581960.1640582,1706581960.4592793,0.29522109031677246,100.0066697478809,202.26442335755348,11.440947750121161,100.00732872025739,202.26306742406865,11.441204861772144,0.0015293484263983307,8.033880872337089e-05,nan,nan,1567,1570
tunnel1_gamma,1,1706581960.1640582,1706581960.5591052,0.3950469493865967,100.00948400233376,202.25827615201925,11.439713275585406,100.01010685118922,202.2563724628862,11.439580528287044,0.0020073850794732925,0.0004254574124372667,nan,nan,1540,1535
tunnel1_gamma,1,1706581960.1640582,1706581960.6597285,0.4956703186035156,100.01081848199385,202.25660827076325,11.441522734574226,100.01136018005295,202.25517207117286,11.44134453252627,0.001545270856695005,6.456530597697863e-05,nan,nan,1585,1586
tunnel1_gamma,1,1706581960.1640582,1706581960.7592993,0.5952410697937012,100.01313696361743,202.25703932952038,11.440632581802147,100.01329704523695,202.25632194477572,11.440558226162457,0.0007387799117030942,9.472761816371136e-05,nan,nan,1547,1549
tunnel1_gamma,1,1706581960.1640582,1706581960.8590982,0.6950399875640869,100.01103782435337,202.26174486955108,11.440277879095392,100.01099886724292,202.26143797651235,11.440242329487118,0.00031139166385954405,6.90572222297086e-05,nan,nan,1598,1596
tunnel1_gamma,1,1706581960.1640582,1706581960.9591386,0.7950804233551025,100.00958268300933,202.26246890511672,11.439730910998613,100.00944613066444,202.26256679499093,11.4398611512476,0.00021258290811542626,3.471667405472904e-05,nan,nan,1565,1566
tunnel1_gamma,1,1706581960.1640582,1706581961.0587478,0.8946895599365234,100.00883910448621,202.26225507331463,11.440223474539065,100.00846965849247,202.26282814573324,11.440389874560738,0.000701848492531006,8.418610648604552e-05,nan,nan,1564,1567
tunnel1_gamma,1,1706581960.1640582,1706581961.1588902,0.9948320388793945,100.00917398907525,202.2644632564299,11.439528949321986,100.00879000224018,202.26515426150527,11.43968326284082,0.0008054480528188502,2.6821411309859804e-05,nan,nan,1580,1581
tunnel1_gamma,1,1706581960.1640582,1706581961.2597296,1.0956714153289795,100.00812172422658,202.26496507052212,11.440788518966663,100.00762558892723,202.26580765629205,11.440913809706986,0.0009857985517179337,2.251746412934649e-05,nan,nan,1567,1565
tunnel1_gamma,1,1706581960.1640582,1706581961.3594873,1.1954290866851807,100.00941218593388,202.2654530843889,11.43956603072334,100.00884882522466,202.26638427561002,11.439673838296308,0.0010936703579183817,7.0827399587402054e-06,nan,nan,1530,1526
tunnel1_gamma,1,1706581960.1640582,1706581961.4589045,1.2948462963104248,100.01076863257734,202.2637579915867,11.441431534493237,100.01029837485301,202.2644499551016,11.441427364727986,0.0008366440224023928,0.00011649274946977565,nan,nan,1576,1579
tunnel1_gamma,1,1706581960.1640582,1706581961.559395,1.3953368663787842,100.0113302230596,202.2631586677819,11.443065692245877,100.01093684766883,202.26374743827307,11.443027367008806,0.0007091288409911982,1.2365486000250126e-05,nan,nan,1575,1575
tunnel1_gamma,1,1706581960.1640582,1706581961.6588101,1.4947519302368164,100.01242280827684,202.2621313573668,11.444317719604417,100.01208035912778,202.2626379797566,11.444277389768867,0.0006128328982406469,8.87113571520911e-06,nan,nan,1575,1576
tunnel1_gamma,1,1706581960.1640582,1706581961.759427,1.5953688621520996,100.00990845484321,202.26363420188466,11.444128090466828,100.00987803275285,202.26395662172487,11.443849154825925,0.0004274168325104821,6.780064368214942e-05,nan,nan,1568,1572
tunnel1_gamma,1,1706581960.1640582,1706581961.85884,1.69478178024292,100.0094185299488,202.26309515685574,11.442976640444403,100.00961865095786,202.26286282796093,11.442529863441857,0.0005418808205079791,4.0598398946112975e-05,nan,nan,1549,1549
tunnel1_gamma,1,1706581960.1640582,1706581961.9592967,1.7952384948730469,100.01055977023506,202.26198235173464,11.442662525858873,100.01087857951363,202.26143014370064,11.44240608265302,0.0006872671873096555,0.00011095646372354737,nan,nan,1536,1536
tunnel1_gamma,1,1706581960.1640582,1706581962.0590928,1.8950345516204834,100.01065574502005,202.26189918920554,11.441577276820501,100.01080644656054,202.26173711462974,11.441386253464161,0.00029235089377964516,1.983285777857794e-05,nan,nan,1552,1552
tunnel1_gamma,1,1706581960.1640582,1706581962.159694,1.995635747909546,100.01086222878858,202.26195148747172,11.441910142554327,100.01104269260968,202.26165158157715,11.441859922900791,0.00035359970294160836,4.636038388926668e-05,nan,nan,1560,1560
tunnel1_gamma,1,1706581960.1640582,1706581962.2594032,2.0953450202941895,100.0112556051547,202.26177988009863,11.439212148314637,100.0114148260898,202.26142464286247,11.439166890612023,0.00039190950457767155,8.275344005147769e-05,nan,nan,1560,1564
tunnel1_gamma,1,1706581960.1640582,1706581962.3591566,2.195098400115967,100.01088279509396,202.26132276550936,11.440383311849516,100.01099321749055,202.26116833576006,11.440455654216217,0.00020316267166362777,7.559625633626995e-05,nan,nan,1559,1559
tunnel1_gamma,1,1706581960.1640582,1706581962.459826,2.2957677841186523,100.0118672291681,202.25987738447873,11.441532965705305,100.01205490451481,202.25982050376052,11.441422010016295,0.00022531892239538648,6.260855828688772e-05,nan,nan,1573,1573
tunnel1_gamma,1,1706581960.1640582,1706581962.559603,2.3955447673797607,100.0134442830403,202.25917048461187,11.440525408174997,100.01345289437299,202.25933581946776,11.440516689607083,0.00016578836826017452,1.272356745326198e-05,nan,nan,1555,1555
tunnel1_gamma,1,1706581960.1640582,1706581962.659701,2.495642900466919,100.01294164136476,202.25904240738438,11.442134037383928,100.01304929866369,202.2589923148365,11.442142403335376,0.00011903506420503772,6.31926605532111e-05,nan,nan,1563,1565
tunnel1_gamma,1,1706581960.1640582,1706581962.7595403,2.595482110977173,100.01231128878119,202.2604732978189,11.44225410033853,100.01238006346877,202.26042941395795,11.442289627765193,8.898285760508956e-05,2.7143224887503674e-05,nan,nan,1551,1551
tunnel1_gamma,1,1706581960.1640582,1706581962.8590763,2.6950180530548096,100.0131930352457,202.25820266508975,11.441860447693177,100.01294063489138,202.25825788246095,11.44232657721055,0.0005329461735599375,0.00019813237527551087,nan,nan,1577,1577
tunnel1_gamma,1,1706581960.1640582,1706581962.9596424,2.795584201812744,100.01259897202064,202.2588343317699,11.440706128702365,100.01225360276862,202.25912107407171,11.441143052748426,0.0006264213357804912,1.5465136960754043e-05,nan,nan,1588,1589
tunnel1_gamma,1,1706581960.1640582,1706581963.0599387,2.8958804607391357,100.01178522456728,202.25850581382255,11.441536920369119,100.01157630278871,202.2587237363282,11.441879710627674,0.0004567753160845038,0.0001482576878311321,nan,nan,1588,1588
tunnel1_gamma,1,1706581960.1640582,1706581963.1596034,2.9955451488494873,100.01199038185193,202.2589326259681,11.442133737372775,100.01184044289285,202.2590530028147,11.442471226336728,0.00038842126285944527,1.4538097049589767e-05,nan,nan,1536,1537
tunnel1_gamma,1,1706581960.1640582,1706581963.2592683,3.095210075378418,100.01318813482808,202.25694798130667,11.443049810951965,100.01300780300747,202.25721120435222,11.443149024209664,0.0003341395034091189,0.00011359705529892542,nan,nan,1565,1563
tunnel1_gamma,1,1706581960.1640582,1706581963.3599625,3.19590425491333,100.0128762670017,202.2595184945891,11.442703910258908,100.01271819112739,202.2595205302423,11.442779427566304,0.00017519985627639608,4.365929359768489e-05,nan,nan,1589,1590
tunnel1_gamma,1,1706581960.1640582,1706581963.4598222,3.2957639694213867,100.01203006709764,202.2610178135237,11.441842049906018,100.01212742174714,202.2609479435209,11.441748055733266,0.0001522978974906925,1.906941135663287e-05,nan,nan,1588,1586
tunnel1_gamma,1,1706581960.1640582,1706581963.5594187,3.3953604698181152,100.01000253426892,202.2601159486317,11.442228382540815,100.00980597751982,202.26113181548214,11.441815100998484,0.001114191027919197,7.968939833208918e-05,nan,nan,1554,1555
tunnel1_gamma,1,1706581960.1640582,1706581963.6598961,3.495837926864624,100.00977658133782,202.26297563307818,11.44095202579444,100.00925691953043,202.26401807877068,11.440361700041507,0.0013058429884280146,4.770245035132506e-05,nan,nan,1559,1561
tunnel1_gamma,1,1706581960.1640582,1706581963.7591376,3.5950794219970703,100.00887866872982,202.2643104910848,11.440400195457782,100.00827456341209,202.2652595280619,11.439884357150229,0.0012376201268314967,0.00020563087820168837,nan,nan,1555,1553
tunnel1_gamma,1,1706581960.1640582,1706581963.859873,3.695814847946167,100.00909306863335,202.26510295406806,11.440050326150045,100.00831592653947,202.2664074182773,11.439646143761644,0.0015712861325687733,7.61319618830185e-05,nan,nan,1564,1569
tunnel1_gamma,1,1706581960.1640582,1706581963.9596608,3.795602560043335,100.00952891672486,202.2661982670933,11.44067849906521,100.00892243166585,202.26722286406925,11.440272822406278,0.0012578539825967977,4.562567174346475e-05,nan,nan,1526,1525
tunnel1_gamma,1,1706581960.1640582,1706581964.0596423,3.8955841064453125,100.00871174279055,202.26540539590627,11.441537830602552,100.00815779291793,202.26616598246972,11.44145541288089,0.0009445343099738365,6.082394811668331e-05,nan,nan,1553,1559
tunnel1_gamma,1,1706581960.1640582,1706581964.1591876,3.995129346847534,100.00845164825326,202.2647469645318,11.441521400726135,100.00784471527069,202.2653956677708,11.441477121172097,0.0008894628809066264,1.4931588102777294e-05,nan,nan,1543,1545
tunnel1_gamma,1,1706581960.1640582,1706581964.25946,4.095401763916016,100.0091587146307,202.2615275613603,11.441459309289433,100.00864099311188,202.2623191293731,11.44129861471277,0.000959394724243439,6.419687268053823e-05,nan,nan,1599,1600
tunnel1_gamma,1,1706581960.1640582,1706581964.359566,4.195507764816284,100.0085436448105,202.26410315478296,11.442383522793634,100.00811313411745,202.26453852559075,11.442398540828544,0.0006124644793629765,6.54122890813619e-05,nan,nan,1541,1542
tunnel1_gamma,1,1706581960.1640582,1706581964.4595652,4.295506954193115,100.00867005982202,202.26379161939607,11.443135808286863,100.00834983050159,202.2640011441635,11.443264733885663,0.00040381834512413306,4.135896680096715e-05,nan,nan,1537,1536
tunnel1_gamma,1,1706581960.1640582,1706581964.5593147,4.395256519317627,100.00804853292361,202.26566437867703,11.443193462522634,100.00783159951125,202.26537620306212,11.443509061486642,0.0004792786209620724,0.00011456105762364123,nan,nan,1592,1596
tunnel1_gamma,1,1706581960.1640582,1706581964.6597629,4.495704650878906,100.00842748447101,202.2655004353585,11.44420298189854,100.00837148534406,202.2651889530522,11.444368811777917,0.0003572907475053705,7.217635809864325e-05,nan,nan,1621,1623
tunnel1_gamma,1,1706581960.1640582,1706581964.7596855,4.595627307891846,100.0095640535451,202.2631249360773,11.444660735810807,100.00957785190549,202.2629786709073,11.444881721385057,0.00026536487848221777,2.5248864524595293e-05,nan,nan,1554,1557
tunnel1_gamma,1,1706581960.1640582,1706581964.859262,4.69520378112793,100.00842068503182,202.2642575461895,11.443992607588095,100.00846921281887,202.26421226202265,11.444183938046937,0.00020251653355410576,5.193818918979306e-06,nan,nan,1565,1566
tunnel1_gamma,1,1706581960.1640582,1706581964.9591205,4.795062303543091,100.00870357192113,202.2628133034464,11.443100068864759,100.00902271228674,202.26275144878832,11.44322268520728,0.0003474353740433412,5.02284790848644e-05,nan,nan,1546,1546
tunnel1_gamma,1,1706581960.1640582,1706581965.0598943,4.895836114883423,100.00751972468512,202.2665262311239,11.442601895115512,100.0079112243421,202.26639348019174,11.442852829764524,0.00048359382695617074,3.067149847327998e-05,nan,nan,1615,1615
tunnel1_gamma,1,1706581960.1640582,1706581965.1596622,4.995604038238525,100.00877109350591,202.2654049589774,11.440658006691235,100.00929718981453,202.26503686627078,11.440759336421124,0.0006500286768830629,1.9328087043371306e-05,nan,nan,1532,1534
tunnel1_gamma,1,1706581960.1640582,1706581965.259328,5.095269680023193,100.00866640507562,202.26563666490762,11.44177234850644,100.0089523002407,202.265398487697,11.441820247542818,0.00037517828662168585,9.701743134585951e-06,nan,nan,1552,1555
tunnel1_gamma,1,1706581960.1640582,1706581965.359881,5.195822715759277,100.00967192905266,202.26449273721485,11.441640330385143,100.00970465611559,202.26409328162723,11.441436730108284,0.00044954299001380427,6.701441026307914e-05,nan,nan,1557,1556
tunnel1_gamma,1,1706581960.1640582,1706581965.4597297,5.295671463012695,100.01033744173515,202.26293829763316,11.442467825089967,100.01046104336426,202.26249037780065,11.442331069676797,0.00048436719759540947,1.4391991687181483e-05,nan,nan,1552,1557
tunnel1_gamma,1,1706581960.1640582,1706581965.5597675,5.395709276199341,100.00997330992676,202.26436084030095,11.442301127688314,100.01004806724688,202.263753419928,11.44234696928461,0.00061371786541551,1.812434551507777e-05,nan,nan,1612,1613
tunnel1_gamma,1,1706581960.1640582,1706581965.6592503,5.495192050933838,100.0107007635301,202.26273155127498,11.441294700584459,100.01064227760344,202.2622821525518,11.441597207627844,0.0005448764330746224,0.00011887661142651432,nan,nan,1551,1553
tunnel1_gamma,1,1706581960.1640582,1706581965.7592788,5.595220565795898,100.01079291855652,202.2626797072148,11.439814934435896,100.01084179044577,202.26201497599132,11.440174753018635,0.0007574466803100705,3.219361304120354e-05,nan,nan,1554,1553
tunnel1_gamma,1,1706581960.1640582,1706581965.8599355,5.695877313613892,100.00916861593346,202.26335210374253,11.439160910662164,100.00892750757336,202.26292060091893,11.439579968350943,0.0006480256743461313,0.0002780509741158691,nan,nan,1580,1583
tunnel1_gamma,1,1706581960.1640582,1706581965.9597526,5.795694351196289,100.00879530551803,202.2640728480437,11.439937600212179,100.00844873425638,202.26403840590822,11.44025525311061,0.0004713822906998658,5.8738555388855e-06,nan,nan,1572,1573
tunnel1_gamma,1,1706581960.1640582,1706581966.0598295,5.895771265029907,100.00879861519213,202.26318462315757,11.44018228423623,100.00827475040943,202.2636436856465,11.440224511148937,0.0006978221775439579,3.878718160872621e-05,nan,nan,1575,1574
tunnel1_gamma,1,1706581960.1640582,1706581966.1595693,5.995511054992676,100.00741759707367,202.26279753127494,11.442319010219943,100.00706872978257,202.26299390652443,11.442434850511471,0.00041676204067583704,2.058730107439542e-05,nan,nan,1563,1561
tunnel1_gamma,1,1706581960.1640582,1706581966.2606502,6.096591949462891,100.00786216330347,202.26145830741385,11.443230393801961,100.00760511966755,202.26176662556603,11.443284257801642,0.0004050096840752583,2.1370779704969748e-05,nan,nan,1565,1564
tunnel1_gamma,1,1706581960.1640582,1706581966.359471,6.195412874221802,100.0077490423348,202.26245906757265,11.44227231508286,100.00753940397476,202.26289132327076,11.442276506491075,0.0004804277244843444,6.680376534595193e-05,nan,nan,1588,1587
tunnel1_gamma,1,1706581960.1640582,1706581966.4596317,6.295573472976685,100.00865719616553,202.26177345664826,11.441615342354876,100.00816502704978,202.26224311483256,11.44133857971598,0.0007344431951227668,4.846324977415422e-05,nan,nan,1508,1510
tunnel1_gamma,1,1706581960.1640582,1706581966.5598934,6.3958351612091064,100.00886374753613,202.2619289989171,11.4414627988824,100.00859645303628,202.26231093879855,11.441192841220266,0.0005387035938488834,1.8481933716460593e-05,nan,nan,1548,1548
tunnel1_gamma,1,1706581960.1640582,1706581966.659433,6.49537467956543,100.01036880564487,202.26039082860643,11.44129605301678,100.01013524491638,202.26107327686088,11.441058875831732,0.0007593018181220344,1.9846355314071838e-05,nan,nan,1566,1565
tunnel1_gamma,1,1706581960.1640582,1706581966.759965,6.595906734466553,100.01079711142249,202.2593618219107,11.442474425651207,100.01043118245639,202.25991092279926,11.44239135779295,0.0006650684650062675,7.674900610636675e-05,nan,nan,1606,1608
tunnel1_gamma,1,1706581960.1640582,1706581966.859418,6.695359706878662,100.01070545803077,202.259027272308,11.442186732984668,100.01051522132639,202.25928477724239,11.442121304162253,0.00032677167216345175,2.9446368590031762e-05,nan,nan,1586,1586
tunnel1_gamma,1,1706581960.1640582,1706581966.9601073,6.796049118041992,100.01091631216619,202.25828807180798,11.443050186417215,100.01037344448966,202.2589717466981,11.442945046237991,0.0008793014994282819,5.756272087446395e-05,nan,nan,1576,1580
tunnel1_gamma,1,1706581960.1640582,1706581967.0587816,6.894723415374756,100.01062617122204,202.25932227206013,11.44282093168101,100.01030572657834,202.2595254114303,11.442809723347471,0.000379573444979699,0.00011558362295459413,nan,nan,1554,1557
tunnel1_gamma,1,1706581960.1640582,1706581967.1594598,6.995401620864868,100.0120736279568,202.25696702866935,11.440533194133568,100.01184501073764,202.2576302627021,11.44057014790293,0.0007025032356867792,8.965728904531024e-05,nan,nan,1597,1596
tunnel1_gamma,1,1706581960.1640582,1706581967.2584393,7.094381093978882,100.01256862872118,202.25670538263628,11.440533606279262,100.0117268656861,202.25859894826343,11.440734868721442,0.0020819851973922538,7.57323690227317e-05,nan,nan,1591,1590
tunnel1_gamma,1,1706581960.1640582,1706581967.3591986,7.195140361785889,100.01083841784236,202.2582739667694,11.441156509065516,100.01012754980295,202.25939474277544,11.441619420973753,0.0014056171811651988,5.3343543064799084e-05,nan,nan,1522,1525
tunnel1_gamma,1,1706581960.1640582,1706581967.4586403,7.29458212852478,100.01145086868986,202.25769584926275,11.440504669029885,100.010623392451,202.25895808831984,11.441038431060235,0.0016008954582356356,5.1070329567717535e-05,nan,nan,1566,1563
tunnel1_gamma,1,1706581960.1640582,1706581967.5583878,7.39432954788208,100.010127147831,202.2593922782967,11.441305015362225,100.00899850575755,202.26055108364636,11.441641481411917,0.0016522324809080942,3.5353192570802415e-05,nan,nan,1549,1544
tunnel1_gamma,1,1706581960.1640582,1706581967.6587994,7.494741201400757,100.00970054826475,202.26223421244904,11.441347909268119,100.00852696722522,202.26307754917636,11.441650621662832,0.0014765310988528741,4.929042850300256e-05,nan,nan,1579,1582
tunnel1_gamma,1,1706581960.1640582,1706581967.758322,7.594263792037964,100.00998662301303,202.2613157427516,11.442324583406876,100.00947650030007,202.26152632416222,11.442457240080639,0.0005675980143328792,0.00011992885930718631,nan,nan,1572,1570
tunnel1_gamma,1,1706581960.1640582,1706581967.859034,7.694975852966309,100.00958066152812,202.26158271840472,11.443271854085868,100.00936110184004,202.26122955751651,11.443600480798757,0.0005300231938452906,0.00020796023841751797,nan,nan,1569,1573
tunnel1_gamma,1,1706581960.1640582,1706581967.9585617,7.794503450393677,100.00966948897853,202.26083332703794,11.443248762311603,100.00974771828592,202.25952431637631,11.443620383052329,0.00136298595434094,7.449363371076962e-05,nan,nan,1559,1557
tunnel1_gamma,1,1706581960.1640582,1706581968.0593553,7.895297050476074,100.00900205616729,202.2637575748124,11.44133602895319,100.00894387028406,202.26279197735877,11.441590415495842,0.0010002382478774068,2.1174020487203545e-05,nan,nan,1597,1595
tunnel1_gamma,1,1706581960.1640582,1706581968.159329,7.995270729064941,100.00887334902508,202.26551302339323,11.442334436939701,100.00874056076843,202.26494560765877,11.442661158313541,0.0006680869650960253,4.872350689052223e-05,nan,nan,1547,1545
tunnel1_gamma,1,1706581960.1640582,1706581968.25877,8.094711780548096,100.00866126784128,202.26494349165395,11.443059184405275,100.0085886706734,202.2642520784362,11.44336029344621,0.0007576207765212331,6.482091443000934e-05,nan,nan,1579,1576
tunnel1_gamma,1,1706581960.1640582,1706581968.3585196,8.194461345672607,100.00774553398807,202.26530470600596,11.442243291879212,100.00739133274193,202.26518753663362,11.442551164871999,0.00048370751934405067,0.00034795049332546547,nan,nan,1582,1580
tunnel1_gamma,1,1706581960.1640582,1706581968.459313,8.295254707336426,100.00817346278728,202.26468878331897,11.441680113641182,100.00787427918335,202.26448310885817,11.441858025903397,0.00040430877523496854,8.563448809608245e-05,nan,nan,1599,1599
tunnel1_gamma,1,1706581960.1640582,1706581968.5592084,8.395150184631348,100.00866265253097,202.26465345533018,11.442197518577512,100.00846508123121,202.26425692463468,11.442351969012272,0.0004691758175347575,3.484654944622124e-05,nan,nan,1574,1573
tunnel1_gamma,1,1706581960.1640582,1706581968.6589983,8.494940042495728,100.00965455178009,202.26404937331674,11.442365052490675,100.00947534730192,202.26374114123942,11.442628235892059,0.00044315545945779194,5.6214416814551706e-05,nan,nan,1565,1564
tunnel1_gamma,1,1706581960.1640582,1706581968.7589998,8.59494161605835,100.01078336174801,202.26273114990545,11.44178360025147,100.01030198914727,202.26268139513027,11.44181728717017,0.00048510815999410644,0.00011321577498012296,nan,nan,1559,1560
tunnel1_gamma,1,1706581960.1640582,1706581968.8589869,8.694928646087646,100.01193937494179,202.26197927949013,11.440603118513078,100.01167496862514,202.26181109021115,11.440658517871343,0.00031822542755460326,0.00011973435655030456,nan,nan,1567,1568
tunnel1_gamma,1,1706581960.1640582,1706581968.9585254,8.794467210769653,100.01206793759248,202.26141821444088,11.43976520936351,100.01191692272572,202.26140770333794,11.439821318319954,0.00016144407161820015,1.90652423417944e-05,nan,nan,1569,1571
tunnel1_gamma,1,1706581960.1640582,1706581969.0591505,8.895092248916626,100.01227239715477,202.2599626340601,11.440208322809116,100.01210631605402,202.26024614048765,11.440083014032197,0.0003516548251800035,2.682747058435244e-05,nan,nan,1556,1552
tunnel1_gamma,1,1706581960.1640582,1706581969.15862,8.994561910629272,100.01263180572356,202.26017332177258,11.440241464790386,100.01235964663003,202.26065012206064,11.440274326357747,0.0005499899721706274,6.591174896019582e-05,nan,nan,1569,1570
tunnel1_gamma,1,1706581960.1640582,1706581969.2591367,9.095078468322754,100.01392841510744,202.26007545601766,11.440774681903195,100.01360252187878,202.26025251312615,11.44091696574209,0.0003972408676925454,7.656793737343442e-05,nan,nan,1567,1565
tunnel1_gamma,1,1706581960.1640582,1706581969.3588705,9.194812297821045,100.01393323759311,202.2580946699731,11.442949540778393,100.01370970858005,202.2583086607492,11.442844437354005,0.00032680881529296817,8.767980000464163e-05,nan,nan,1605,1605
tunnel1_gamma,1,1706581960.1640582,1706581969.459722,9.295663833618164,100.01390957039995,202.25893946650746,11.440396803707966,100.0139325660281,202.25841628334948,11.440365992536387,0.0005245938848318316,0.00011856275562789604,nan,nan,1537,1537
tunnel1_gamma,1,1706581960.1640582,1706581969.5594697,9.395411491394043,100.01197232764152,202.26122811069274,11.44054405389817,100.01252431935107,202.26033573803042,11.440434697069332,0.0010549799675305946,1.9131048337170116e-05,nan,nan,1574,1570
tunnel1_gamma,1,1706581960.1640582,1706581969.6590905,9.49503231048584,100.00978227743539,202.26222689509558,11.440811033325415,100.01025034568573,202.2615752100891,11.440608857500303,0.000827439604394098,4.8281077600735375e-05,nan,nan,1579,1579
tunnel1_gamma,1,1706581960.1640582,1706581969.7590456,9.594987392425537,100.01010669936598,202.2612979290469,11.440173193965107,100.01044528588828,202.2606819129287,11.439864560955145,0.0007677050382727763,2.232681314805571e-05,nan,nan,1629,1630
tunnel1_gamma,1,1706581960.1640582,1706581969.8585536,9.694495439529419,100.00952610310527,202.2611415462977,11.441798419918301,100.00988210118712,202.2604116451901,11.441552827223656,0.0008484138334688789,0.00019406975327819479,nan,nan,1562,1559
tunnel1_gamma,1,1706581960.1640582,1706581969.9587364,9.794678211212158,100.01046246494484,202.26157909852353,11.441934611638333,100.0108118542332,202.26088459186332,11.44202979447269,0.0007832446283587447,3.352423491986449e-05,nan,nan,1531,1533
tunnel1_gamma,1,1706581960.1640582,1706581970.0592413,9.895183086395264,100.01156682729415,202.26178796766493,11.44232935526902,100.0118549188645,202.2609839905556,11.442526235445916,0.0008764346805723251,4.0387568075414804e-05,nan,nan,1524,1520
tunnel1_gamma,1,1706581960.1640582,1706581970.1587663,9.994708061218262,100.01135495938645,202.2611225386389,11.441606847803302,100.01152785396715,202.2602560696868,11.44178868546858,0.0009020675792298552,7.116601143393315e-05,nan,nan,1574,1572
tunnel1_gamma,1,1706581960.1640582,1706581970.2593548,10.095296621322632,100.00924851608049,202.26233573801497,11.442816963284454,100.00941351486549,202.26147111593647,11.443056611355418,0.0009122648385138921,2.4169499717753748e-05,nan,nan,1534,1536
tunnel1_gamma,1,1706581960.1640582,1706581970.3593116,10.195253372192383,100.00779690589816,202.2643699745475,11.441671790565453,100.00803133337735,202.26358424478747,11.44208360135444,0.0009175596028124015,3.094154270448254e-05,nan,nan,1576,1576
tunnel1_gamma,1,1706581960.1640582,1706581970.4592533,10.29519510269165,100.00722293295483,202.26385713321037,11.443362113605184,100.00748949359891,202.26323017201977,11.443482567411563,0.0006918410445683877,0.00028545383474814053,nan,nan,1569,1571
tunnel1_gamma,1,1706581960.1640582,1706581970.558608,10.39454984664917,100.00767609735084,202.26241974927797,11.443213784191457,100.00763078976206,202.26136703534243,11.44347769344414,0.001086235472318995,0.00015679551851099528,nan,nan,1582,1577
tunnel1_gamma,1,1706581960.1640582,1706581970.6594582,10.495399951934814,100.00815661694809,202.2641538654247,11.441970074070314,100.00839253767376,202.26306121575695,11.442412303657061,0.0012021268205307978,5.727467508054509e-05,nan,nan,1575,1573
tunnel1_gamma,1,1706581960.1640582,1706581970.75907,10.595011711120605,100.00764499239742,202.26465054820693,11.442581617108857,100.00780589681688,202.26396299016605,11.442941371415696,0.0007924957117043338,1.672308665261971e-05,nan,nan,1559,1558
tunnel1_gamma,1,1706581960.1640582,1706581970.8589618,10.69490361213684,100.00831668244875,202.26329725397224,11.443049971058777,100.00852521081929,202.2629372540629,11.443326540969068,0.0004995747504808136,3.3798330163054256e-05,nan,nan,1573,1571
tunnel1_gamma,1,1706581960.1640582,1706581970.958873,10.794814825057983,100.00822235822042,202.26275698516864,11.442811992113697,100.00855937774797,202.2622387761385,11.443038133340119,0.0006582268720957459,6.871911495586739e-05,nan,nan,1608,1608
tunnel1_gamma,1,1706581960.1640582,1706581971.059322,10.895263910293579,100.00899711174387,202.26113185504084,11.442918121814765,100.00905932677468,202.2607911526973,11.443072197461643,0.00037906213464247387,9.045534594434919e-05,nan,nan,1602,1601
tunnel1_gamma,1,1706581960.1640582,1706581971.1593838,10.995325565338135,100.01140379257153,202.25815894164134,11.441763831024522,100.01156124155186,202.25805827889005,11.442077511223927,0.00036512797537851486,4.1410120518666876e-05,nan,nan,1555,1554
tunnel1_gamma,1,1706581960.1640582,1706581971.259007,11.094948768615723,100.0114355612594,202.25871954009807,11.442523599199747,100.01150626402826,202.25882037475122,11.442361118187955,0.00020387885616901337,0.00013902020270160564,nan,nan,1521,1522
tunnel1_gamma,1,1706581960.1640582,1706581971.3594322,11.195374011993408,100.01175394224109,202.25926912608483,11.441973947647321,100.01223930900144,202.25901897481143,11.441881238373623,0.0005538515695354353,0.00017005514618275393,nan,nan,1555,1558
tunnel1_gamma,1,1706581960.1640582,1706581971.4591458,11.295087575912476,100.0114866129017,202.25858021655344,11.442127664544419,100.01198540538559,202.25880950888185,11.441957420892424,0.0005747623986400448,4.742608658001449e-05,nan,nan,1577,1577
tunnel1_gamma,1,1706581960.1640582,1706581971.559657,11.395598888397217,100.0101283139649,202.26052180352931,11.441115276006785,100.01026969380278,202.26113925931728,11.440748826602672,0.0007317957873760139,5.958568748586697e-05,nan,nan,1562,1562
tunnel1_gamma,1,1706581960.1640582,1706581971.6588194,11.494761228561401,100.00966943985226,202.26174065636718,11.441502411501553,100.00953087855896,202.26234633023915,11.441326203129004,0.0006458246369938109,2.535622501822417e-05,nan,nan,1570,1567
tunnel1_gamma,1,1706581960.1640582,1706581971.7594807,11.595422506332397,100.00912351558455,202.26308611537087,11.439959756960786,100.00883064632487,202.26381720196983,11.440191523690409,0.0008209603129303173,4.136225232551959e-05,nan,nan,1551,1549
tunnel1_gamma,1,1706581960.1640582,1706581971.8588808,11.694822549819946,100.00945231784623,202.2623142774657,11.439492133082103,100.00916180559396,202.263006272695,11.439645582517954,0.0007660296962104441,1.475172812893913e-05,nan,nan,1547,1549
tunnel1_gamma,1,1706581960.1640582,1706581971.959127,11.795068740844727,100.00894820822147,202.26354107355044,11.43985912654725,100.00878598666027,202.26405149367247,11.440262161149526,0.0006702845862163385,4.781313373176169e-05,nan,nan,1576,1575
tunnel1_gamma,1,1706581960.1640582,1706581972.0595548,11.895496606826782,100.01029119867648,202.2628424502317,11.440924875425,100.00999755498665,202.2634443862881,11.441207742306302,0.0007270263441859017,3.5093408335603026e-05,nan,nan,1554,1553
tunnel1_gamma,1,1706581960.1640582,1706581972.158945,11.994886875152588,100.00952687893,202.26242928170862,11.442199907226117,100.00917548553598,202.26297387554214,11.442534292415836,0.0007292963841825012,1.857830022702045e-05,nan,nan,1601,1603
tunnel1_gamma,1,1706581960.1640582,1706581972.2596262,12.09556794166565,100.01006243360648,202.26018334635498,11.443574323749374,100.00991762481841,202.2605268998205,11.443670103733567,0.0003849316486577556,7.161802535627281e-06,nan,nan,1625,1623
tunnel1_gamma,1,1706581960.1640582,1706581972.359262,12.19520378112793,100.01162884903671,202.25765166065733,11.443057313934471,100.01141722379884,202.25798942090378,11.443151977199527,0.0004096685967181002,3.467722727573016e-05,nan,nan,1575,1579
tunnel1_gamma,1,1706581960.1640582,1706581972.4588492,12.294790983200073,100.01031980477369,202.2596089676816,11.442000069632243,100.01027605839461,202.2601008648656,11.442680429026344,0.0008406934580705957,8.19591337581177e-05,nan,nan,1540,1542
tunnel1_gamma,1,1706581960.1640582,1706581972.558968,12.394909858703613,100.00932569927352,202.26273324241092,11.442652807113731,100.00930364622442,202.26313858553846,11.44324243665135,0.000715857792895818,7.797380554086645e-05,nan,nan,1534,1530
tunnel1_gamma,1,1706581960.1640582,1706581972.6591947,12.495136499404907,100.0086533869277,202.26153444334267,11.44250031366404,100.00883314721007,202.26160735417238,11.442937736363811,0.0004785063912646874,4.142592493066687e-05,nan,nan,1585,1583
tunnel1_gamma,1,1706581960.1640582,1706581972.7594745,12.59541630744934,100.00874674801756,202.26142597319802,11.442919047023567,100.00891251868939,202.26115485716653,11.443210210847658,0.00043099906104935036,0.00022047479948760087,nan,nan,1582,1582
tunnel1_gamma,1,1706581960.1640582,1706581972.859521,12.695462703704834,100.00880673898835,202.26343250105433,11.443489626876465,100.00907450881878,202.26297710837073,11.4437671107235,0.0005967247805499737,3.280152779715099e-05,nan,nan,1543,1543
tunnel1_gamma,1,1706581960.1640582,1706581972.9595912,12.795532941818237,100.00762094364131,202.2672840226121,11.442459451353884,100.00822985495978,202.26598820544686,11.442858882150139,0.0014864252690569117,4.110425286262392e-05,nan,nan,1542,1542
tunnel1_gamma,1,1706581960.1640582,1706581973.0592363,12.895178079605103,100.00727104473641,202.26693965548753,11.441008666881892,100.0079756798538,202.26554801741565,11.441250063142247,0.0015784293859002353,0.000106104534186485,nan,nan,1567,1562
tunnel1_gamma,1,1706581960.1640582,1706581973.1588845,12.994826316833496,100.00589845201814,202.26818267736144,11.44119286262738,100.00637027835245,202.26723565206245,11.441313680479645,0.0010649290868813466,1.539831519758953e-05,nan,nan,1616,1619
tunnel1_gamma,1,1706581960.1640582,1706581973.2598147,13.095756530761719,100.00536408162229,202.26912692097468,11.441240927413856,100.00593491385581,202.2682264243758,11.44137515138044,0.001074597430036253,2.036449627715019e-05,nan,nan,1556,1560
tunnel1_gamma,1,1706581960.1640582,1706581973.359595,13.195536851882935,100.00612973946126,202.26751270973438,11.44167260776358,100.00634062389712,202.26682137800768,11.441706427559057,0.0007235714064240377,7.975436684873177e-05,nan,nan,1534,1533
tunnel1_gamma,1,1706581960.1640582,1706581973.4593375,13.295279264450073,100.00607627890982,202.2686084190956,11.441328868184026,100.00624091290365,202.26771644860344,11.441395754718718,0.0009094995983299095,6.757719152873584e-05,nan,nan,1609,1609
tunnel1_gamma,1,1706581960.1640582,1706581973.5589132,13.39485502243042,100.006522971624,202.26872742940526,11.441579118454047,100.00685956388341,202.2683040284738,11.441446725773861,0.000556857719368773,2.608574994021528e-05,nan,nan,1594,1595
tunnel1_gamma,1,1706581960.1640582,1706581973.659816,13.495757818222046,100.00604931480163,202.26886120341845,11.442107285661859,100.00625618489127,202.26836294901398,11.442029400616185,0.0005450860169808703,0.0001520516766692443,nan,nan,1561,1566
tunnel1_gamma,1,1706581960.1640582,1706581973.7595444,13.595486164093018,100.00704392428077,202.26785674739472,11.441475232485216,100.00692302715686,202.26759969221592,11.441460254033432,0.00028446060101677524,6.407131972148283e-05,nan,nan,1564,1558
tunnel1_gamma,1,1706581960.1640582,1706581973.8589115,13.69485330581665,100.00756421019221,202.26737820467514,11.440915353131036,100.00738806696917,202.2674730581275,11.44080023193835,0.00023081703025457632,0.00015573854223337993,nan,nan,1568,1570
tunnel1_gamma,1,1706581960.1640582,1706581973.9590542,13.7949960231781,100.00836626007916,202.264911221039,11.440095754482314,100.0077375033671,202.26533649899827,11.4404062698452,0.000820131779769022,9.566766913269788e-05,nan,nan,1601,1600
tunnel1_gamma,1,1706581960.1640582,1706581974.0598245,13.895766258239746,100.00900265448769,202.2648414237339,11.440768379721488,100.00843993896095,202.26527130047523,11.441063314310716,0.0007670913822271002,7.361918650534508e-05,nan,nan,1601,1601
tunnel1_gamma,1,1706581960.1640582,1706581974.1598685,13.995810270309448,100.0089514020805,202.2642434576368,11.43939551806749,100.00841141803484,202.26462596793192,11.439699032789123,0.0007280234073711467,2.293814883971593e-05,nan,nan,1569,1567
tunnel1_gamma,1,1706581960.1640582,1706581974.2595394,14.095481157302856,100.00813012014987,202.26455195508052,11.438850943602118,100.00758827807076,202.26518084797382,11.438990507950846,0.0008417703471754369,7.358188569693603e-05,nan,nan,1546,1549
tunnel1_gamma,1,1706581960.1640582,1706581974.3592098,14.195151567459106,100.00915221471332,202.26366926769703,11.439576683588438,100.00870671054479,202.26412121644884,11.439520803202036,0.0006370669164527407,6.156414702397226e-05,nan,nan,1563,1561
tunnel1_gamma,1,1706581960.1640582,1706581974.45992,14.295861721038818,100.00793529352931,202.265245356799,11.440742697370117,100.00730350462918,202.26584320899406,11.44070590950541,0.0008705962373336995,2.80732973072404e-05,nan,nan,1579,1577
tunnel1_gamma,1,1706581960.1640582,1706581974.5598848,14.395826578140259,100.00829011672761,202.26290305955953,11.440698001234393,100.00762814307694,202.26362100574383,11.440532988827288,0.0009903963510724256,7.899155444632547e-05,nan,nan,1557,1556
tunnel1_gamma,1,1706581960.1640582,1706581974.6597054,14.495647192001343,100.00898752325045,202.26324211869428,11.440960831377197,100.00858998058288,202.26400916627284,11.440477135526244,0.0009901332418153716,0.00014232329260121458,nan,nan,1579,1580
tunnel1_gamma,1,1706581960.1640582,1706581974.75916,14.595101833343506,100.00901446258955,202.26283849542583,11.441089508641488,100.00867380056933,202.26327833203422,11.440826552481623,0.0006153477034289511,2.0393587884734365e-05,nan,nan,1597,1600
tunnel1_gamma,1,1706581960.1640582,1706581974.8591392,14.695080995559692,100.01002773416607,202.2612799980356,11.441821913103297,100.00977212109007,202.26163132354594,11.441593237162493,0.0004909789656816506,3.8026397013681524e-05,nan,nan,1612,1612
tunnel1_gamma,1,1706581960.1640582,1706581974.9590755,14.79501724243164,100.0107923583482,202.25802323256863,11.441332973747135,100.01056627423031,202.25872402674005,11.441306415071592,0.0007368391020467852,4.9984252186492136e-05,nan,nan,1586,1591
tunnel1_gamma,1,1706581960.1640582,1706581975.0597641,14.895705938339233,100.01113781349522,202.25804091132173,11.44163771987607,100.01105007869981,202.25857302519557,11.441572530101807,0.0005432239646163147,2.0107536584714147e-05,nan,nan,1584,1581
tunnel1_gamma,1,1706581960.1640582,1706581975.159508,14.995449781417847,100.01112576702856,202.25799510347386,11.442241750866877,100.01089772406253,202.25830522807658,11.442323106660789,0.0003934458396913167,0.00011512801850034267,nan,nan,1565,1567
tunnel1_gamma,1,1706581960.1640582,1706581975.2592313,15.095173120498657,100.01089260359426,202.2580883487762,11.441893731697526,100.01069454782707,202.25813313088955,11.442046930050342,0.00025436442341071126,6.640485101041147e-05,nan,nan,1633,1635
tunnel1_gamma,1,1706581960.1640582,1706581975.3602607,15.196202516555786,100.00970089299781,202.25966812963154,11.44269229946568,100.00979272516577,202.25933600038883,11.44276583671509,0.00035235026320865905,0.00012109451176990173,nan,nan,1592,1593
tunnel1_gamma,1,1706581960.1640582,1706581975.4594574,15.295399188995361,100.0085652739737,202.2604570687181,11.442580244978647,100.00851878803942,202.26048074615363,11.442738039094445,0.0001661943020077187,9.716138044425447e-05,nan,nan,1538,1537
tunnel1_gamma,1,1706581960.1640582,1706581975.56,15.395941734313965,100.00876025754971,202.26119705941315,11.442900316170695,100.00860781798008,202.26105108751938,11.443103700051449,0.00029310513320586197,5.2432263419959696e-05,nan,nan,1587,1586
tunnel1_gamma,1,1706581960.1640582,1706581975.6595812,15.49552297592163,100.00778143908562,202.26221218904595,11.442121521963893,100.00777900644157,202.26199473751515,11.442274274624486,0.0002657526318275496,0.00011421921532480756,nan,nan,1566,1564
tunnel1_gamma,1,1706581960.1640582,1706581975.7592745,15.595216274261475,100.0071139273805,202.26262207102891,11.44216543863239,100.00710308473235,202.26264768146046,11.44235001719688,0.00018666200387907174,8.282081478292839e-05,nan,nan,1591,1589
tunnel1_gamma,1,1706581960.1640582,1706581975.8600962,15.696038007736206,100.008002686884,202.26415766575184,11.441357900762839,100.00771964980227,202.26436811963612,11.441850372625103,0.0006057469456496446,0.00019042466229646717,nan,nan,1537,1532
tunnel1_gamma,1,1706581960.1640582,1706581975.959811,15.795752763748169,100.00736062172518,202.26455439721602,11.441999810098077,100.00736925321351,202.2644652374668,11.44271035342228,0.0007161674238904665,0.00016445626574238627,nan,nan,1523,1524
tunnel1_gamma,1,1706581960.1640582,1706581976.0582035,15.894145250320435,100.00785484864107,202.26502472099082,11.4414462466489,100.00818681938728,202.26454305568973,11.44180232253146,0.0006848328794344519,5.8063284278442837e-05,nan,nan,1584,1588
tunnel1_gamma,1,1706581960.1640582,1706581976.1588748,15.994816541671753,100.00831028626834,202.26600774391903,11.441881619926018,100.00839954741717,202.26548466548542,11.441700275351204,0.0005607713038481273,0.00023698857933660323,nan,nan,1576,1578
tunnel1_gamma,1,1706581960.1640582,1706581976.2583053,16.094247102737427,100.00753200232138,202.26549894829725,11.442580421219917,100.00774031761426,202.2650011073432,11.44248983403829,0.0005472174286721375,0.00010645701176408462,nan,nan,1574,1573
tunnel1_gamma,1,1706581960.1640582,1706581976.3591404,16.195082187652588,100.00769019176467,202.2650252568623,11.442934913224194,100.00825968449945,202.26367853568794,11.44335620218302,0.0015216649707553583,0.00017663032703988223,nan,nan,1586,1585
tunnel1_gamma,1,1706581960.1640582,1706581976.459108,16.295049905776978,100.007696666435,202.2641318792558,11.44287021945068,100.0081119333947,202.26269613734738,11.44294295576505,0.0014963595981233118,0.0002532050807588669,nan,nan,1572,1568
tunnel1_gamma,1,1706581960.1640582,1706581976.5588162,16.394757986068726,100.00887333179163,202.26416548307657,11.443162741111598,100.00952283330317,202.2625751402532,11.443303101225261,0.0017235844832242623,3.104952923448058e-05,nan,nan,1582,1582
tunnel1_gamma,1,1706581960.1640582,1706581976.658467,16.49440884590149,100.00863152458601,202.26254145253918,11.444020983242847,100.00919960741982,202.26098728879649,11.444155419789418,0.0016601856011403474,0.00025056247221673616,nan,nan,1560,1562
tunnel1_gamma,1,1706581960.1640582,1706581976.758461,16.59440279006958,100.00859722237038,202.26308804418667,11.444513538432632,100.00919169762882,202.2615808684097,11.44472142569066,0.0016334615904927347,0.0001312827109794132,nan,nan,1580,1577
tunnel1_gamma,1,1706581960.1640582,1706581976.859205,16.695146799087524,100.00981649021782,202.26073870339886,11.443865689216418,100.00990744432356,202.25949847629016,11.444621989248075,0.0014554812497520376,0.0002924384925167935,nan,nan,1548,1553
tunnel1_gamma,1,1706581960.1640582,1706581976.9585962,16.794538021087646,100.01064567875825,202.25998380851618,11.443244471114877,100.01066051159457,202.25916082590825,11.444137252698782,0.0012143225858671153,0.00017063713391360111,nan,nan,1572,1575
tunnel1_gamma,1,1706581960.1640582,1706581977.0591884,16.895130157470703,100.00848161391822,202.2617477260267,11.442632185686366,100.00847448140823,202.26169724186371,11.44301673757424,0.00038791710181265205,0.0002723690235992233,nan,nan,1573,1571
tunnel1_gamma,1,1706581960.1640582,1706581977.1586757,16.994617462158203,100.00848687129557,202.26119285700364,11.442765076911323,100.00839437656886,202.2613199968069,11.442923194313211,0.00022298187554482495,0.00021550380182726195,nan,nan,1529,1530
tunnel1_gamma,1,1706581960.1640582,1706581977.2584147,17.094356536865234,100.00833130256392,202.26264532180312,11.442680139846239,100.00829300780771,202.26263664408432,11.442743582028795,7.461033228778444e-05,3.0592399662961106e-05,nan,nan,1561,1560
tunnel1_gamma,1,1706581960.1640582,1706581977.3586378,17.194579601287842,100.00795236067454,202.26263126887594,11.441532492307397,100.00830092431494,202.26272070542228,11.441676400852652,0.00038756312599262096,0.0001928507591626707,nan,nan,1588,1592
tunnel1_gamma,1,1706581960.1640582,1706581977.4587536,17.294695377349854,100.00770830539382,202.26272200251148,11.44193033860009,100.00794944813617,202.26272057902477,11.441869982218877,0.00024858548078551964,3.36497387288884e-05,nan,nan,1556,1557
tunnel1_gamma,1,1706581960.1640582,1706581977.5589478,17.39488959312439,100.00682884944464,202.26348673513968,11.441747834763547,100.00696257498498,202.26342613186915,11.441577542650837,0.00022484367944886746,5.2781620960743256e-05,nan,nan,1552,1553
tunnel1_gamma,1,1706581960.1640582,1706581977.6584039,17.494345664978027,100.00762555199046,202.26284712458144,11.443061691339288,100.00770004526998,202.26283878660144,11.442837552095154,0.0002363412180855265,0.00013621827862062802,nan,nan,1594,1591
tunnel1_gamma,1,1706581960.1640582,1706581977.759022,17.594963788986206,100.00812662608318,202.262181875452,11.442676034640247,100.00809759037138,202.26224488950564,11.442548861746712,0.00014486817582160815,3.04523011796271e-05,nan,nan,1553,1548
tunnel1_gamma,1,1706581960.1640582,1706581977.858718,17.69465970993042,100.00926046735373,202.2608577078727,11.442414387686396,100.0092270513447,202.26094681627305,11.442284633882588,0.00016091297733381832,0.0001536443925224221,nan,nan,1591,1589
tunnel1_gamma,1,1706581960.1640582,1706581977.9587984,17.794740200042725,100.00947300581063,202.26155422169128,11.442463554483274,100.00960880614365,202.26163910002467,11.442391089215503,0.0001757762127168795,6.526964435468968e-05,nan,nan,1559,1560
tunnel1_gamma,1,1706581960.1640582,1706581978.0588946,17.89483642578125,100.00945644368183,202.26053634206417,11.44267170822763,100.00960000896654,202.2604612045829,11.442750026495233,0.00017997328442952441,4.845453457618638e-05,nan,nan,1540,1543
tunnel1_gamma,1,1706581960.1640582,1706581978.1584296,17.99437141418457,100.00887308469976,202.26133687298494,11.444188735970949,100.0096026383325,202.26100439133077,11.444032270003413,0.0008168685037363867,9.435104626738222e-05,nan,nan,1552,1551
tunnel1_gamma,1,1706581960.1640582,1706581978.258308,18.094249725341797,100.00756001314737,202.26360729453262,11.444708716246087,100.00819140675634,202.26303645025155,11.44388979077049,0.0011811689198679193,0.00024733732720705337,nan,nan,1592,1592
tunnel1_gamma,1,1706581960.1640582,1706581978.3589118,18.19485354423523,100.00822362552533,202.2631432106094,11.44432581663605,100.00871442247846,202.26262388212962,11.443481536173797,0.0011060710727877681,5.589082123588069e-05,nan,nan,1537,1539
tunnel1_gamma,1,1706581960.1640582,1706581978.458626,18.294567823410034,100.00851233638528,202.26441352506842,11.44226590487483,100.00850491215255,202.26406680846316,11.44164974157905,0.0007070535557252016,8.367476366621159e-05,nan,nan,1543,1540
tunnel1_gamma,1,1706581960.1640582,1706581978.5584323,18.394374132156372,100.00660617842978,202.2650308543538,11.44197435200307,100.0064413861427,202.2644941591514,11.44146852005727,0.0007556878955863015,4.209197974637838e-05,nan,nan,1582,1583
tunnel1_gamma,1,1706581960.1640582,1706581978.659053,18.49499487876892,100.0064293492352,202.2643163107204,11.442973453705838,100.00602349247737,202.26448911621378,11.442770555272654,0.0004855401328539299,7.474109928368736e-05,nan,nan,1557,1552
tunnel1_gamma,1,1706581960.1640582,1706581978.7592306,18.59517240524292,100.00652404000682,202.26486065870785,11.441795547356202,100.00646039663002,202.2645462206872,11.441874618665139,0.0003304149211685781,4.7305692989391825e-05,nan,nan,1535,1537
tunnel1_gamma,1,1706581960.1640582,1706581978.8587928,18.694734573364258,100.00555628288534,202.26509244111628,11.4429232269739,100.00558151171224,202.26501467660736,11.442986984049721,0.00010367631007593128,7.883024119979534e-05,nan,nan,1586,1587
tunnel1_gamma,1,1706581960.1640582,1706581978.9585588,18.794500589370728,100.00660238032123,202.26497537545166,11.44390401178053,100.00657019288577,202.26527037284123,11.443613112378362,0.0004155501811312892,0.0002115186591946861,nan,nan,1566,1563
tunnel1_gamma,1,1706581960.1640582,1706581979.0591738,18.895115613937378,100.00777399024092,202.26388614927987,11.44419112128418,100.00771449732476,202.26421219234922,11.444025684729272,0.0003704223857227405,8.183414924088623e-05,nan,nan,1600,1600
tunnel1_gamma,1,1706581960.1640582,1706581979.1588745,18.994816303253174,100.00872558841087,202.26237731709227,11.443878599226743,100.00848752295353,202.26261699807185,11.443641100342154,0.0004129501835925767,3.598380832969789e-05,nan,nan,1629,1628
tunnel1_gamma,1,1706581960.1640582,1706581979.2584188,19.09436058998108,100.00914663222723,202.26067753281393,11.443211022232502,100.0085102191535,202.26127968764783,11.443263714914016,0.00087771781518583,6.518068375641527e-05,nan,nan,1556,1552
tunnel1_gamma,1,1706581960.1640582,1706581979.358849,19.194790840148926,100.00965440235413,202.26057940009153,11.443183455532173,100.00888616706489,202.26146835063884,11.443125638690523,0.0011763338481796742,7.057825477885802e-05,nan,nan,1574,1572
tunnel1_gamma,1,1706581960.1640582,1706581979.458735,19.294676780700684,100.0109151927787,202.25948553126557,11.443293920275202,100.01042979703308,202.2601844977458,11.443470732618744,0.000869152331396554,9.207297155596641e-05,nan,nan,1537,1535
tunnel1_gamma,1,1706581960.1640582,1706581979.5586758,19.394617557525635,100.01126681564868,202.26008653835683,11.44238132512814,100.0107059311686,202.2608869257374,11.44258630195135,0.0009986124658822593,7.969724995207845e-05,nan,nan,1562,1563
tunnel1_gamma,1,1706581960.1640582,1706581979.658596,19.494537830352783,100.0100727048646,202.26073460053044,11.442908868009516,100.00954183836731,202.2615192593818,11.443185583127491,0.0009869549166360192,7.340831681495857e-05,nan,nan,1580,1576
tunnel1_gamma,1,1706581960.1640582,1706581979.7594626,19.595404386520386,100.0100428777623,202.26099524210247,11.442637062779786,100.00973759085946,202.26175947700395,11.442942289903067,0.0008777349682432103,0.0004073775712683663,nan,nan,1542,1539
tunnel1_gamma,1,1706581960.1640582,1706581979.8587239,19.694665670394897,100.00948930911493,202.25967228625908,11.442365277001182,100.0096918947474,202.26049065312105,11.442784570459265,0.0009415796637896417,0.00022300912174562574,nan,nan,1585,1587
tunnel1_gamma,1,1706581960.1640582,1706581979.9592347,19.79517650604248,100.00951126889034,202.25939178279216,11.442879924971395,100.00961388301123,202.26023964565067,11.44323006606369,0.000923038389859528,0.00012387853955226198,nan,nan,1574,1572
tunnel1_gamma,1,1706581960.1640582,1706581980.0590806,19.89502239227295,100.00939303972689,202.25923127176677,11.443100818354102,100.00964119005683,202.26001374618934,11.44348802604662,0.0009076202980225791,5.7335315484586954e-05,nan,nan,1538,1540
tunnel1_gamma,1,1706581960.1640582,1706581980.158656,19.994597673416138,100.00931237329145,202.26112532169142,11.442254675591075,100.00927082471146,202.26241160865354,11.442625952214044,0.0013394427065628741,0.00030525696461431665,nan,nan,1556,1554
tunnel1_gamma,2,1706581976.0640323,1706581976.1588748,0.09484243392944336,100.00831028626834,202.26600774391903,11.441881619926018,100.00950800013781,202.26546972701559,11.440815396137335,0.0016913940608500174,4.3483978204050954e-05,nan,nan,1576,1576
tunnel1_gamma,2,1706581976.0640323,1706581976.2583053,0.1942729949951172,100.00753200232138,202.26549894829725,11.442580421219917,100.0083073949622,202.26500831353925,11.442024274477799,0.0010729657086584752,6.413223654059037e-05,nan,nan,1574,1573
tunnel1_gamma,2,1706581976.0640323,1706581976.3591404,0.2951080799102783,100.00769019176467,202.2650252568623,11.442934913224194,100.00816983750502,202.26452188993764,11.442784639652638,0.0007113511392965471,3.452823812849173e-05,nan,nan,1586,1586
tunnel1_gamma,2,1706581976.0640323,1706581976.459108,0.39507579803466797,100.007696666435,202.2641318792558,11.44287021945068,100.0078758188419,202.26357403629137,11.442980162145817,0.0005961306518603994,1.7583370208796864e-05,nan,nan,1572,1572
tunnel1_gamma,2,1706581976.0640323,1706581976.5588162,0.494783878326416,100.00887333179163,202.26416548307657,11.443162741111598,100.00876348892146,202.26379265115617,11.443419407258284,0.0004657752761291501,6.070269266134305e-05,nan,nan,1582,1583
tunnel1_gamma,2,1706581976.0640323,1706581976.658467,0.5944347381591797,100.00863152458601,202.26254145253918,11.444020983242847,100.0083802187603,202.26236681881431,11.444345714558256,0.00044620845252648045,2.474330524949571e-05,nan,nan,1560,1561
tunnel1_gamma,2,1706581976.0640323,1706581976.758461,0.6944286823272705,100.00859722237038,202.26308804418667,11.444513538432632,100.0083583064746,202.26291682783574,11.444927793893148,0.0005079403810000348,4.3700865883953505e-05,nan,nan,1580,1582
tunnel1_gamma,2,1706581976.0640323,1706581976.859205,0.7951726913452148,100.00981649021782,202.26073870339886,11.443865689216418,100.00952834680425,202.26059706877265,11.444391195246535,0.0006158275585039998,3.7840054623836274e-05,nan,nan,1548,1550
tunnel1_gamma,2,1706581976.0640323,1706581976.9585962,0.8945639133453369,100.01064567875825,202.25998380851618,11.443244471114877,100.01037333085482,202.25986228642154,11.4436996847437,0.0005442062548868724,3.5774147196772254e-05,nan,nan,1572,1572
tunnel1_gamma,2,1706581976.0640323,1706581977.0591884,0.9951560497283936,100.00848161391822,202.2617477260267,11.442632185686366,100.00822453296115,202.2617036273882,11.443019620211297,0.0004670554779846196,2.1029947078657508e-05,nan,nan,1573,1574
tunnel1_gamma,2,1706581976.0640323,1706581977.1586757,1.0946433544158936,100.00848687129557,202.26119285700364,11.442765076911323,100.00829969931694,202.26118733577817,11.442981447282186,0.0002861467646246607,1.2330060351797621e-05,nan,nan,1529,1531
tunnel1_gamma,2,1706581976.0640323,1706581977.2584147,1.1943824291229248,100.00833130256392,202.26264532180312,11.442680139846239,100.00818265264613,202.26271688678244,11.442793021192633,0.0001999013323823548,3.1443921778467507e-06,nan,nan,1561,1561
tunnel1_gamma,2,1706581976.0640323,1706581977.3586378,1.2946054935455322,100.00795236067454,202.26263126887594,11.441532492307397,100.00760369514938,202.2629294621149,11.44154868410316,0.00045907410125390653,3.0101009517657172e-05,nan,nan,1588,1587
tunnel1_gamma,2,1706581976.0640323,1706581977.4587536,1.394721269607544,100.00770830539382,202.26272200251148,11.44193033860009,100.00745032954718,202.26300032477707,11.44191529525243,0.0003797908941482483,8.745801125470267e-06,nan,nan,1556,1555
tunnel1_gamma,2,1706581976.0640323,1706581977.5589478,1.49491548538208,100.00682884944464,202.26348673513968,11.441747834763547,100.00664494996157,202.26377342044194,11.441689336302028,0.0003455858104809531,2.164288891098831e-05,nan,nan,1552,1552
tunnel1_gamma,2,1706581976.0640323,1706581977.6584039,1.5943715572357178,100.00762555199046,202.26284712458144,11.443061691339288,100.00748568699657,202.2630294894435,11.44303599826802,0.00023125590445018958,4.2597486392752e-05,nan,nan,1594,1596
tunnel1_gamma,2,1706581976.0640323,1706581977.759022,1.6949896812438965,100.00812662608318,202.262181875452,11.442676034640247,100.00812404651404,202.26235842241144,11.442723912968122,0.00018294211473484593,9.266155503499043e-05,nan,nan,1553,1554
tunnel1_gamma,2,1706581976.0640323,1706581977.858718,1.7946856021881104,100.00926046735373,202.2608577078727,11.442414387686396,100.00928062487446,202.26098317236514,11.442291848985468,0.00017653157715015515,7.499267527751713e-05,nan,nan,1591,1591
tunnel1_gamma,2,1706581976.0640323,1706581977.9587984,1.894766092300415,100.00947300581063,202.26155422169128,11.442463554483274,100.00933730452674,202.2617668513561,11.442256323258409,0.0003264521302876591,4.411342739744634e-05,nan,nan,1559,1560
tunnel1_gamma,2,1706581976.0640323,1706581978.0588946,1.9948623180389404,100.00945644368183,202.26053634206417,11.44267170822763,100.00929640047687,202.2607269018581,11.44257586352335,0.0002666703392884013,3.403049404861559e-05,nan,nan,1540,1539
tunnel1_gamma,2,1706581976.0640323,1706581978.1584296,2.0943973064422607,100.00887308469976,202.26133687298494,11.444188735970949,100.0087768186476,202.26154139191937,11.444082136797224,0.00024991704858637765,2.574068525626851e-05,nan,nan,1552,1553
tunnel1_gamma,2,1706581976.0640323,1706581978.258308,2.1942756175994873,100.00756001314737,202.26360729453262,11.444708716246087,100.00752233591035,202.2637369747958,11.444642473239607,0.0001504150283478458,7.986521972100826e-06,nan,nan,1592,1592
tunnel1_gamma,2,1706581976.0640323,1706581978.3589118,2.29487943649292,100.00822362552533,202.2631432106094,11.44432581663605,100.00826402549023,202.2631262861394,11.444289724633693,5.675585858015402e-05,1.357331387683583e-05,nan,nan,1537,1538
tunnel1_gamma,2,1706581976.0640323,1706581978.458626,2.3945937156677246,100.00851233638528,202.26441352506842,11.44226590487483,100.00850093606573,202.2645087702519,11.442246215950039,9.792479777961137e-05,1.2233844265157816e-05,nan,nan,1543,1543
tunnel1_gamma,2,1706581976.0640323,1706581978.5584323,2.4944000244140625,100.00660617842978,202.2650308543538,11.44197435200307,100.00660724302047,202.26508622217045,11.441963571238382,5.641766888079774e-05,8.865877855207704e-07,nan,nan,1582,1582
tunnel1_gamma,2,1706581976.0640323,1706581978.659053,2.5950207710266113,100.0064293492352,202.2643163107204,11.442973453705838,100.00644543781412,202.2643546475608,11.44297731424174,4.175475350335107e-05,1.2690611352016288e-05,nan,nan,1557,1557
tunnel1_gamma,2,1706581976.0640323,1706581978.7592306,2.6951982975006104,100.00652404000682,202.26486065870785,11.441795547356202,100.00655845171359,202.26487248755365,11.44179504122218,3.6391528231458884e-05,1.9795899612070933e-05,nan,nan,1535,1535
tunnel1_gamma,2,1706581976.0640323,1706581978.8587928,2.7947604656219482,100.00555628288534,202.26509244111628,11.4429232269739,100.00563621531276,202.26518134167702,11.44285959877144,0.00013542913572181967,1.90819827542927e-05,nan,nan,1586,1586
tunnel1_gamma,2,1706581976.0640323,1706581978.9585588,2.894526481628418,100.00660238032123,202.26497537545166,11.44390401178053,100.00672235138505,202.26497189997832,11.44386580501427,0.00012595591315315357,1.217741272911333e-05,nan,nan,1566,1566
tunnel1_gamma,2,1706581976.0640323,1706581979.0591738,2.9951415061950684,100.00777399024092,202.26388614927987,11.44419112128418,100.00784695398316,202.26393852426222,11.444175568014323,9.115234862987597e-05,4.010710580332911e-06,nan,nan,1600,1600
tunnel1_gamma,2,1706581976.0640323,1706581979.1588745,3.0948421955108643,100.00872558841087,202.26237731709227,11.443878599226743,100.00877868223333,202.26246555688525,11.443853054638938,0.00010610250238937963,1.8344315954452003e-05,nan,nan,1629,1629
tunnel1_gamma,2,1706581976.0640323,1706581979.2584188,3.1943864822387695,100.00914663222723,202.26067753281393,11.443211022232502,100.00919998873749,202.26085701577293,11.443243693668045,0.0001900749127549032,9.704535873237282e-05,nan,nan,1556,1556
tunnel1_gamma,2,1706581976.0640323,1706581979.358849,3.294816732406616,100.00965440235413,202.26057940009153,11.443183455532173,100.0097106201978,202.26068975065627,11.44319527688063,0.00012440834925286614,2.4058615802688118e-05,nan,nan,1574,1574
tunnel1_gamma,2,1706581976.0640323,1706581979.458735,3.394702672958374,100.0109151927787,202.25948553126557,11.443293920275202,100.0109247864653,202.25957444340625,11.443302752744568,8.986334123802016e-05,2.2115311282736076e-05,nan,nan,1537,1538
tunnel1_gamma,2,1706581976.0640323,1706581979.5586758,3.494643449783325,100.01126681564868,202.26008653835683,11.44238132512814,100.0112804438932,202.2601084240422,11.442389325935636,2.699491049652584e-05,1.8259121923169026e-05,nan,nan,1562,1563
tunnel1_gamma,2,1706581976.0640323,1706581979.658596,3.5945637226104736,100.0100727048646,202.26073460053044,11.442908868009516,100.01010171386429,202.26067913232154,11.442908684272766,6.259615020614802e-05,2.3428170315835996e-05,nan,nan,1580,1579
tunnel1_gamma,2,1706581976.0640323,1706581979.7594626,3.695430278778076,100.0100428777623,202.26099524210247,11.442637062779786,100.010165479057,202.26089845150872,11.442366442830181,0.0003124654438840037,8.056058919514112e-05,nan,nan,1542,1544
tunnel1_gamma,2,1706581976.0640323,1706581979.8587239,3.794691562652588,100.00948930911493,202.25967228625908,11.442365277001182,100.009610253956,202.2596875161153,11.442151557237516,0.0002460401196629725,2.1987833538925516e-05,nan,nan,1585,1587
tunnel1_gamma,2,1706581976.0640323,1706581979.9592347,3.895202398300171,100.00951126889034,202.25939178279216,11.442879924971395,100.00965609710255,202.25936119109807,11.442734739303864,0.00020734015736795797,2.1463755897613967e-05,nan,nan,1574,1575
tunnel1_gamma,2,1706581976.0640323,1706581980.0590806,3.9950482845306396,100.00939303972689,202.25923127176677,11.443100818354102,100.00948699645159,202.25936821172002,11.442961440322364,0.00021681017652174132,4.969108077364856e-05,nan,nan,1538,1540
tunnel1_gamma,2,1706581976.0640323,1706581980.158656,4.094623565673828,100.00931237329145,202.26112532169142,11.442254675591075,100.00930918619257,202.26115057884326,11.442190214999215,6.930547756802962e-05,7.440387190577906e-05,nan,nan,1556,1556
tunnel1_gamma,2,1706581976.0640323,1706581980.2589333,4.194900989532471,100.00957470592535,202.26085164018647,11.443071727604101,100.00944840488188,202.26097447326146,11.443361124151435,0.00033880714204252726,7.747654673809667e-05,nan,nan,1563,1563
tunnel1_gamma,2,1706581976.0640323,1706581980.3588908,4.294858455657959,100.00751601536594,202.26093998993989,11.442478888548521,100.00743300252321,202.26105441402635,11.44276738516806,0.00032126982912224504,1.3692472613023272e-05,nan,nan,1584,1584
tunnel1_gamma,2,1706581976.0640323,1706581980.4590538,4.395021438598633,100.00790021775445,202.2624520766237,11.44274711682828,100.00788617718679,202.26254716181734,11.442978718566817,0.0002507542559610089,1.7791037957607773e-05,nan,nan,1572,1572
tunnel1_gamma,2,1706581976.0640323,1706581980.5589983,4.49496603012085,100.00698179792863,202.26458627872628,11.443399610324777,100.00689647629675,202.26480282693277,11.443417564927318,0.00023344222914941352,6.497019747370137e-05,nan,nan,1597,1597
tunnel1_gamma,2,1706581976.0640323,1706581980.6586387,4.594606399536133,100.00658315055026,202.26551648653438,11.44296237762989,100.00651654576657,202.2657096299759,11.442991804039627,0.0002064134196271002,8.872837592559019e-06,nan,nan,1571,1572
tunnel1_gamma,2,1706581976.0640323,1706581980.7589188,4.6948864459991455,100.00798198964816,202.26500488250272,11.443954702920164,100.00789576593685,202.26521160859068,11.443867021583726,0.00024053735799547992,4.840611881713268e-05,nan,nan,1562,1562
tunnel1_gamma,2,1706581976.0640323,1706581980.8588793,4.794847011566162,100.00918597508412,202.26307330495032,11.443055860273608,100.00917399576691,202.2631748919923,11.442910142935942,0.00017803643905989612,7.886980089260719e-05,nan,nan,1541,1540
tunnel1_gamma,2,1706581976.0640323,1706581980.9587266,4.8946943283081055,100.00992801487433,202.26059769200558,11.442400803133289,100.00991508413149,202.26068170185223,11.442277902092975,0.0001494306667199838,2.5198775608692833e-05,nan,nan,1553,1553
tunnel1_gamma,2,1706581976.0640323,1706581981.0594347,4.9954023361206055,100.00996051375374,202.26280688210005,11.44233712058381,100.00993053348334,202.26287587875677,11.442262193049562,0.0001061766953737251,3.9154762525577766e-05,nan,nan,1578,1579
tunnel1_gamma,2,1706581976.0640323,1706581981.1587625,5.0947301387786865,100.00887650942838,202.26327808958416,11.442172796895383,100.00888216957833,202.26331646639736,11.442140055968844,5.076204644246783e-05,1.7122906108302413e-05,nan,nan,1564,1564
tunnel1_gamma,2,1706581976.0640323,1706581981.258905,5.194872617721558,100.00814383797751,202.26263216348818,11.44235195275649,100.00816432468176,202.26263674532402,11.442319038435144,3.903909348377661e-05,6.088943403708969e-06,nan,nan,1547,1548
tunnel1_gamma,2,1706581976.0640323,1706581981.3586571,5.2946248054504395,100.00846516859497,202.26245552380237,11.441964128656357,100.00854190443972,202.26245778708747,11.442040741971526,0.0001084578830298257,9.347957698596025e-05,nan,nan,1553,1553
tunnel1_gamma,2,1706581976.0640323,1706581981.4594295,5.395397186279297,100.00772371320402,202.26216165484627,11.442170680226242,100.00783884379017,202.26201419220428,11.442184472086993,0.0001875913059650172,3.569318037410225e-06,nan,nan,1564,1563
tunnel1_gamma,2,1706581976.0640323,1706581981.5595584,5.495526075363159,100.00990699586654,202.26091944912406,11.44149034515157,100.01007937113813,202.26071463864236,11.441447032275713,0.0002711762764080867,6.85617308130115e-05,nan,nan,1572,1573
tunnel1_gamma,2,1706581976.0640323,1706581981.6590319,5.594999551773071,100.00973117460653,202.2618794264801,11.442230213944827,100.00979686239907,202.2617178937989,11.442233014843051,0.00017440051094247635,1.5134181539593121e-05,nan,nan,1586,1587
tunnel1_gamma,2,1706581976.0640323,1706581981.758773,5.6947407722473145,100.00842477588783,202.26146894487442,11.441199048038303,100.00849037749522,202.26126078617682,11.441194878134331,0.00021829109551020883,5.438349804735729e-05,nan,nan,1614,1616
tunnel1_gamma,2,1706581976.0640323,1706581981.8593953,5.795362949371338,100.00776675084023,202.2628127954071,11.44024593537039,100.00778447266357,202.26273004752304,11.4403236548191,0.00011489816380205467,7.740368846273004e-05,nan,nan,1539,1539
tunnel1_gamma,2,1706581976.0640323,1706581981.9596326,5.895600318908691,100.00749531399956,202.26290455594338,11.440523584392503,100.00752371403888,202.26284194439012,11.440600813402769,0.00010339772174559555,2.73386565174255e-06,nan,nan,1538,1538
tunnel1_gamma,2,1706581976.0640323,1706581982.0593567,5.995324373245239,100.00862477966666,202.26271282448812,11.441480188570772,100.00863599145544,202.26263234787044,11.441531690997122,9.620129999710358e-05,3.769200933394536e-05,nan,nan,1591,1589
tunnel1_gamma,2,1706581976.0640323,1706581982.159235,6.095202684402466,100.00863194867604,202.26405036695252,11.442039583321272,100.00862127338794,202.26399500601553,11.442047853111593,5.698407278808541e-05,1.1015052854175586e-05,nan,nan,1570,1568
tunnel1_gamma,2,1706581976.0640323,1706581982.2590158,6.19498348236084,100.00747267169082,202.26585907291275,11.442073795111003,100.00760234334746,202.26549246887018,11.441962455407863,0.00040448707279475626,1.747669272414549e-05,nan,nan,1599,1600
tunnel1_gamma,2,1706581976.0640323,1706581982.3588023,6.294770002365112,100.00784563961953,202.26664517601546,11.442556847583077,100.00788139658162,202.2663828198602,11.442367748109287,0.00032537351385988927,6.346007607525732e-05,nan,nan,1544,1547
tunnel1_gamma,2,1706581976.0640323,1706581982.4588375,6.394805192947388,100.0084783908052,202.2653735885738,11.442249295639995,100.00863969430051,202.26487345052877,11.442073079516316,0.0005542643808953307,1.30003387244361e-05,nan,nan,1562,1562
tunnel1_gamma,2,1706581976.0640323,1706581982.5590131,6.494980812072754,100.00916382514058,202.26409805342792,11.440813262017178,100.00926362765703,202.263663944147,11.440690937313425,0.00046192504069180135,2.303665544203654e-05,nan,nan,1555,1556
tunnel1_gamma,2,1706581976.0640323,1706581982.6588907,6.594858407974243,100.00838794243028,202.2644400748695,11.440824125297722,100.00855094239613,202.26391602215784,11.440780764785684,0.0005505273539652109,3.6598671601105374e-05,nan,nan,1583,1581
tunnel1_gamma,2,1706581976.0640323,1706581982.7597048,6.695672512054443,100.00941618609804,202.26465993524582,11.438594937008602,100.00959155679786,202.26392714058267,11.438635974899036,0.0007546038756520413,4.615810207186824e-05,nan,nan,1542,1540
tunnel1_gamma,2,1706581976.0640323,1706581982.8595629,6.795530557632446,100.0083670878449,202.26543288567913,11.438494588084966,100.00857443168441,202.26465723023668,11.438651885240564,0.0008181535481481166,4.118243168741822e-05,nan,nan,1543,1545
tunnel1_gamma,2,1706581976.0640323,1706581982.959069,6.895036697387695,100.00747103672316,202.267128061967,11.44017981339761,100.00758058478878,202.26649012407395,11.440345287783094,0.000668092288759045,2.9581293396836947e-05,nan,nan,1600,1599
tunnel1_gamma,2,1706581976.0640323,1706581983.0588884,6.994856119155884,100.00839237834528,202.26531045073764,11.44051050445136,100.00834657807388,202.2648174544888,11.440698128672318,0.0005294769254007223,1.752579281562867e-05,nan,nan,1569,1566
tunnel1_gamma,2,1706581976.0640323,1706581983.1592026,7.095170259475708,100.00733512595397,202.26469754497896,11.441137553614762,100.00737682970342,202.2642537219944,11.441373817341276,0.0005045181788590424,2.5745877712104052e-05,nan,nan,1596,1600
tunnel1_gamma,2,1706581976.0640323,1706581983.2598693,7.195837020874023,100.00845256511856,202.26347273045403,11.442424041613672,100.00854680063992,202.26303460502663,11.44257538738984,0.00047301138208201307,1.1219416659322843e-05,nan,nan,1560,1560
tunnel1_gamma,2,1706581976.0640323,1706581983.3595092,7.295476913452148,100.00813775889765,202.26269266292252,11.442578742518759,100.00816058812198,202.26258221701852,11.442593852261176,0.00011378829249918895,1.6904879746803746e-05,nan,nan,1604,1604
tunnel1_gamma,2,1706581976.0640323,1706581983.4597657,7.39573335647583,100.00760253095866,202.26299250135963,11.44345667717774,100.00766985051744,202.2629965342256,11.44331387183934,0.0001579289450295548,2.5750396538938657e-05,nan,nan,1583,1585
tunnel1_gamma,2,1706581976.0640323,1706581983.5598187,7.495786428451538,100.00854241683619,202.26282457741726,11.442954151791126,100.00884067563794,202.2628279352955,11.44274758004876,0.00036282430033129486,0.00016212497623109564,nan,nan,1554,1556
tunnel1_gamma,2,1706581976.0640323,1706581983.6588266,7.594794273376465,100.00851805520271,202.26442857126273,11.442938891072291,100.00859411336181,202.2643522301568,11.44294221922415,0.00010781412066893717,8.676450084058242e-05,nan,nan,1580,1581
tunnel1_gamma,2,1706581976.0640323,1706581983.7593815,7.695349216461182,100.00789739072353,202.2638578472121,11.443173151122682,100.0079403840256,202.2638571880205,11.44321807660072,6.218647066498072e-05,2.863815554031432e-06,nan,nan,1611,1611
tunnel1_gamma,2,1706581976.0640323,1706581983.8589082,7.794875860214233,100.00787626850158,202.26428787279096,11.442781563907367,100.00796020843306,202.264211222201,11.442807729504393,0.0001166441747659435,7.628346721405848e-06,nan,nan,1575,1573
tunnel1_gamma,2,1706581976.0640323,1706581983.9589148,7.894882440567017,100.009854206038,202.2623083276131,11.441687707660133,100.01007724763141,202.26201672596716,11.441727191318927,0.00036923980233527856,8.232510593503852e-06,nan,nan,1544,1543
tunnel1_gamma,2,1706581976.0640323,1706581984.05982,7.995787620544434,100.01036678630521,202.2621263387619,11.441359413829652,100.01059644357555,202.2617097619344,11.441436539669676,0.0004818994814487421,4.751333328906668e-05,nan,nan,1548,1549
tunnel1_gamma,2,1706581976.0640323,1706581984.1598508,8.095818519592285,100.01020990574942,202.2631922137687,11.441546750404992,100.01043607626009,202.26282438126933,11.441567317897775,0.00043229257366458906,5.744972591412369e-06,nan,nan,1561,1561
tunnel1_gamma,2,1706581976.0640323,1706581984.259721,8.195688724517822,100.00965920616564,202.26383027945255,11.442401428148182,100.00978701980074,202.26352777949344,11.442438306608707,0.0003304581235609813,5.389690472998415e-06,nan,nan,1610,1613
tunnel1_gamma,2,1706581976.0640323,1706581984.359344,8.295311689376831,100.00907277332362,202.26294349015262,11.443611156144742,100.00923918859372,202.26240290041622,11.443680198674615,0.0005698229340401408,1.0759092424393234e-05,nan,nan,1558,1558
tunnel1_gamma,2,1706581976.0640323,1706581984.4591029,8.395070552825928,100.00979695259794,202.2622622855304,11.443690831736186,100.00984010992114,202.26184284913546,11.443957962356915,0.0004991474856931006,6.691458974941462e-05,nan,nan,1555,1556
tunnel1_gamma,2,1706581976.0640323,1706581984.5599225,8.495890140533447,100.00979648782746,202.2606409805351,11.44399151796133,100.01003739741611,202.26009900437626,11.444203107778263,0.0006297188557520467,2.914293814787136e-05,nan,nan,1578,1579
tunnel1_gamma,2,1706581976.0640323,1706581984.659495,8.595462799072266,100.00924600846251,202.2607475843009,11.443662425691484,100.00930321662322,202.26011486202486,11.443684760929509,0.000635695772444559,3.495794631228801e-05,nan,nan,1615,1616
tunnel1_gamma,2,1706581976.0640323,1706581984.759067,8.695034742355347,100.00840848003409,202.2631290355259,11.444363386696065,100.00858155272915,202.2623818485164,11.444333114815931,0.0007675669167313935,3.070439134951992e-05,nan,nan,1590,1588
tunnel1_gamma,2,1706581976.0640323,1706581984.859922,8.795889616012573,100.00844817617714,202.26222632735724,11.443867424126342,100.00860732853214,202.26165754665067,11.443705355864841,0.0006124598645266565,3.8710991294641025e-05,nan,nan,1619,1617
tunnel1_gamma,2,1706581976.0640323,1706581984.9600313,8.89599895477295,100.00746021951676,202.26356968882476,11.443005857113533,100.00752612217708,202.26313443157647,11.44294832086991,0.00044396221928480505,7.444140511972769e-06,nan,nan,1571,1573
tunnel1_gamma,2,1706581976.0640323,1706581985.0590258,8.994993448257446,100.0073493471823,202.2664033445105,11.443019582063787,100.00735774562465,202.26607008126365,11.443010033441173,0.0003335057746641317,6.588375488567553e-05,nan,nan,1620,1620
tunnel1_gamma,2,1706581976.0640323,1706581985.1585078,9.094475507736206,100.00726338166005,202.26655220684287,11.443086173796473,100.00728288669323,202.26630944891366,11.44306682564159,0.00024430761267970274,3.259364611292718e-05,nan,nan,1524,1523
tunnel1_gamma,2,1706581976.0640323,1706581985.2579966,9.19396424293518,100.00731968617083,202.26710517107952,11.441468062649394,100.00735652057196,202.26721481712582,11.441423736457805,0.0001238702540400443,7.759542721705108e-06,nan,nan,1547,1551
tunnel1_gamma,2,1706581976.0640323,1706581985.358575,9.294542789459229,100.00731599782156,202.26689431049815,11.44048756983633,100.00731445606357,202.2669783033974,11.440507496607845,8.633805861254567e-05,6.84341729084588e-05,nan,nan,1559,1559
tunnel1_gamma,2,1706581976.0640323,1706581985.4584696,9.394437313079834,100.00694056004662,202.2677139446912,11.44080772580468,100.00691746867288,202.26783762772453,11.440839650967087,0.0001298072427526644,2.029864159707792e-05,nan,nan,1588,1589
tunnel1_gamma,2,1706581976.0640323,1706581985.5590305,9.494998216629028,100.00780782245273,202.26723990960173,11.442217345363256,100.00762746907554,202.2674514217798,11.441702400773192,0.0005851774713512708,0.0002748383131661773,nan,nan,1604,1605
tunnel1_gamma,2,1706581976.0640323,1706581985.6588326,9.594800233840942,100.0072857614068,202.26838123025462,11.44278526431061,100.00724216110517,202.26828056143344,11.442479245171292,0.00032508908238922574,1.6587475749745062e-05,nan,nan,1603,1605
tunnel1_gamma,2,1706581976.0640323,1706581985.7586064,9.694574117660522,100.00774501357358,202.26582751069043,11.442808307529265,100.00765497688774,202.26591353407858,11.442594298969953,0.00024760107343536544,8.030286507455603e-05,nan,nan,1554,1555
tunnel1_gamma,2,1706581976.0640323,1706581985.8580267,9.793994426727295,100.00727328370128,202.26670685894246,11.44359631001056,100.00731501901608,202.26657146401857,11.443529998680184,0.0001564315008300498,4.623051099365854e-05,nan,nan,1576,1576
tunnel1_gamma,2,1706581976.0640323,1706581985.9586108,9.894578456878662,100.0083196616471,202.2654099282332,11.442554272953917,100.00836576530142,202.26544846858494,11.442548549808384,6.0362737246699266e-05,2.746309476544776e-05,nan,nan,1607,1607
tunnel1_gamma,2,1706581976.0640323,1706581986.0585542,9.994521856307983,100.00845256235321,202.2645789153926,11.442962170029157,100.00859392621564,202.26447764977738,11.443133792080529,0.0002443206805505111,0.00010376319572315947,nan,nan,1578,1574
tunnel1_gamma,2,1706581976.0640323,1706581986.158334,10.094301700592041,100.00913060647821,202.2640971640816,11.443874579157308,100.00920773297801,202.2636613313211,11.444137787216055,0.0005149535651767389,0.00028530667761497686,nan,nan,1539,1540
tunnel1_gamma,2,1706581976.0640323,1706581986.2582943,10.194262027740479,100.00817634912359,202.26397190758362,11.444410005390743,100.00832524260089,202.26359027965842,11.444654504827529,0.0004770630099578305,6.0055724606348075e-05,nan,nan,1570,1570
tunnel1_gamma,2,1706581976.0640323,1706581986.3586812,10.294648885726929,100.00830383818015,202.2631820605639,11.444945052455772,100.00839221966854,202.2629746017799,11.445124678047165,0.0002882980881628121,1.7345975734249695e-05,nan,nan,1610,1606
tunnel1_gamma,2,1706581976.0640323,1706581986.458692,10.394659757614136,100.00816420019744,202.26334876744676,11.44421728776974,100.00823811417605,202.26331984030108,11.444317206433928,0.00012760797562861103,1.7967488725547437e-05,nan,nan,1513,1513
tunnel1_gamma,2,1706581976.0640323,1706581986.5582654,10.494233131408691,100.00940254659696,202.26216089306055,11.443025993548373,100.00933427342514,202.2622844193377,11.443073162495093,0.00014881154750767293,2.049858242155514e-05,nan,nan,1555,1555
tunnel1_gamma,2,1706581976.0640323,1706581986.6584852,10.594452857971191,100.00796625436645,202.26472535671147,11.442066556930534,100.00794298449172,202.26488978525248,11.442071822772473,0.00016615041757621777,6.774717520168386e-05,nan,nan,1542,1541
tunnel1_gamma,2,1706581976.0640323,1706581986.7583303,10.694298028945923,100.00866959642937,202.26278995644668,11.441759586364734,100.00854274122615,202.26294564077784,11.441896409722895,0.00024300305531399166,2.0158225653914166e-05,nan,nan,1604,1605
tunnel1_gamma,2,1706581976.0640323,1706581986.8585575,10.794525146484375,100.01042087002217,202.2619743771185,11.44023416051103,100.01038216431074,202.26210668438748,11.440277112355881,0.00014438908026452113,6.77614638000695e-06,nan,nan,1581,1580
tunnel1_gamma,2,1706581976.0640323,1706581986.9582653,10.894232988357544,100.01125610565926,202.26130225032685,11.439947255261504,100.01120172810262,202.26148653545587,11.440054808486103,0.0002201945130254913,3.846487050971169e-05,nan,nan,1530,1529
tunnel1_gamma,2,1706581976.0640323,1706581987.0581484,10.994116067886353,100.01088430971633,202.26122475743173,11.440608253391364,100.01073352977836,202.2613686310698,11.440687982232843,0.00022313874962366864,3.8530956872308065e-05,nan,nan,1558,1557
tunnel1_gamma,2,1706581976.0640323,1706581987.1588356,11.09480333328247,100.00990036622538,202.26130192803214,11.44079671819811,100.00976985645497,202.26128589821909,11.440752735058817,0.00013865161961644924,1.4974918216316074e-05,nan,nan,1608,1610
tunnel1_gamma,2,1706581976.0640323,1706581987.2583308,11.194298505783081,100.01090030274759,202.26025670585344,11.442060294445055,100.01073874857165,202.2601957087415,11.442033483927753,0.00017475469454249714,2.7447922739949906e-05,nan,nan,1604,1604
tunnel1_gamma,2,1706581976.0640323,1706581987.3590002,11.294967889785767,100.0106915111741,202.26014711898262,11.441852357322812,100.010516615298,202.2602026726319,11.441728768497025,0.00022124414858677702,2.3683903914079065e-05,nan,nan,1562,1563
tunnel1_gamma,2,1706581976.0640323,1706581987.4586866,11.394654273986816,100.01171692178148,202.25836059791118,11.442044641742285,100.01145467762814,202.25864006917845,11.441954253055828,0.0003937591901628241,1.4304338622924465e-05,nan,nan,1575,1575
tunnel1_gamma,2,1706581976.0640323,1706581987.5584667,11.494434356689453,100.01044403752829,202.2595745459558,11.442103672485795,100.01025772298526,202.25983786327964,11.441981991178672,0.000344754205906457,1.6860003762451215e-05,nan,nan,1552,1552
tunnel1_gamma,2,1706581976.0640323,1706581987.6586041,11.594571828842163,100.0100388603197,202.26256735110113,11.442840381442759,100.00983626670482,202.26282477475553,11.442713378552558,0.0003513414930705051,2.1150664316076947e-05,nan,nan,1550,1549
tunnel1_gamma,2,1706581976.0640323,1706581987.7586877,11.694655418395996,100.00819583439652,202.26527957421078,11.442331265394504,100.00816280357307,202.26569288041486,11.442474577279519,0.00043869277406370963,5.232698859958756e-05,nan,nan,1573,1574
tunnel1_gamma,2,1706581976.0640323,1706581987.8583028,11.794270515441895,100.00698174155903,202.26561804114337,11.442438647298713,100.00701308422282,202.26597736210059,11.442632716513689,0.00040958121669476804,4.003167487937421e-05,nan,nan,1553,1552
tunnel1_gamma,2,1706581976.0640323,1706581987.9591246,11.895092248916626,100.00564147418218,202.26881328754533,11.442506652593698,100.00570968667662,202.26909925179524,11.442689708333182,0.0003463205168386906,1.7524095008365508e-05,nan,nan,1564,1563
tunnel1_gamma,2,1706581976.0640323,1706581988.0591147,11.995082378387451,100.00616417115093,202.26752183001378,11.44250327279661,100.00608126407829,202.26789308053736,11.442608228213974,0.0003946088868610756,8.717231771398035e-05,nan,nan,1582,1582
tunnel1_gamma,2,1706581976.0640323,1706581988.1586769,12.094644546508789,100.00656182744154,202.26768381158746,11.44240954808965,100.00665253057655,202.2678461052546,11.442501001245295,0.000207195494080891,1.5598775822115046e-05,nan,nan,1539,1539
tunnel1_gamma,2,1706581976.0640323,1706581988.258939,12.19490671157837,100.0081207723361,202.2667318244706,11.441813390425349,100.00821804340961,202.2668295261673,11.44188272937924,0.00015432165695406655,1.6204380771260628e-05,nan,nan,1554,1555
tunnel1_gamma,2,1706581976.0640323,1706581988.358835,12.29480266571045,100.00768711510472,202.26605818455226,11.44193187543657,100.0078948543198,202.26607254603027,11.44179881650108,0.00024711639736844937,6.124475866074021e-05,nan,nan,1594,1595
tunnel1_gamma,2,1706581976.0640323,1706581988.4585943,12.394562005996704,100.00800746251278,202.26444277717158,11.442843857546602,100.0081634601101,202.2645160120935,11.4427599795185,0.00019166149262956242,0.00011893370186613217,nan,nan,1610,1612
tunnel1_gamma,2,1706581976.0640323,1706581988.5592813,12.495249032974243,100.00797676600185,202.26411869915128,11.443060443365821,100.00824979310919,202.26424129855945,11.443109485526271,0.0003032813046140506,0.00013624062823408155,nan,nan,1595,1595
tunnel1_gamma,2,1706581976.0640323,1706581988.6590695,12.59503722190857,100.00663763068926,202.26581194584554,11.442940753111545,100.00690356187478,202.26584327149848,11.442938013526023,0.0002677838630224005,5.6310240132827835e-05,nan,nan,1602,1604
tunnel1_gamma,2,1706581976.0640323,1706581988.7586048,12.694572448730469,100.00551258632301,202.26556711010974,11.443593726941572,100.00574317003245,202.26558675034437,11.443545838260544,0.00023632162754406503,6.0391558745970754e-05,nan,nan,1538,1539
tunnel1_gamma,2,1706581976.0640323,1706581988.8588562,12.79482388496399,100.0067272348309,202.2637587026237,11.443833486811323,100.00700471579627,202.2637390122398,11.44381148137059,0.0002790477320830488,1.3760090812039729e-05,nan,nan,1570,1572
tunnel1_gamma,2,1706581976.0640323,1706581988.958566,12.894533634185791,100.00580780708972,202.26439915863574,11.442791812821469,100.00576296662355,202.26510771463848,11.443098827641345,0.0007735117168097758,9.05724154209856e-05,nan,nan,1572,1571
tunnel1_gamma,2,1706581976.0640323,1706581989.0590503,12.995018005371094,100.00727150910087,202.26329956169894,11.442084467880557,100.0072599052965,202.26391443993666,11.442546307070646,0.0007690938388720691,9.392373417983943e-05,nan,nan,1555,1556
tunnel1_gamma,2,1706581976.0640323,1706581989.1591227,13.095090389251709,100.00908602649811,202.260891435769,11.441391519149956,100.00907128303076,202.2613007347699,11.441820119410654,0.0005928247847645964,9.143777483690777e-05,nan,nan,1567,1566
tunnel1_gamma,2,1706581976.0640323,1706581989.2587442,13.194711923599243,100.0100595906988,202.25981081772727,11.442077629209384,100.01008126263704,202.26013266729058,11.442484013887736,0.0005188499986570074,2.5545145427755352e-05,nan,nan,1555,1554
tunnel1_gamma,2,1706581976.0640323,1706581989.3593004,13.295268058776855,100.00985930514996,202.25875630051326,11.442547802337394,100.01004392168493,202.2587832054963,11.442823996196157,0.00033330195125937686,2.5413571099604882e-05,nan,nan,1591,1590
tunnel1_gamma,2,1706581976.0640323,1706581989.4589267,13.394894361495972,100.01036000534134,202.2602097583059,11.442087773085113,100.01052416839072,202.26008066968873,11.442347035076622,0.0003329116370828388,1.7935774484772142e-05,nan,nan,1543,1542
tunnel1_gamma,2,1706581976.0640323,1706581989.5587115,13.49467921257019,100.01083494704746,202.26052744508053,11.442945242839853,100.01088622417687,202.26042654637482,11.443095324040588,0.00018797409297322028,2.2289208516978457e-05,nan,nan,1548,1548
tunnel1_gamma,2,1706581976.0640323,1706581989.6593428,13.59531044960022,100.01102484849098,202.25965108251873,11.443552716150405,100.01103174195855,202.2594277649347,11.443587840436539,0.00022616803200791483,3.1231212892718414e-05,nan,nan,1609,1608
tunnel1_gamma,2,1706581976.0640323,1706581989.7588902,13.694857835769653,100.01013434155415,202.2603317326748,11.44475584055645,100.01014762092251,202.26001027930926,11.444829336850617,0.0003300156255526598,0.00010322111264198971,nan,nan,1629,1628
tunnel1_gamma,2,1706581976.0640323,1706581989.858559,13.79452657699585,100.00921443337585,202.25928479836608,11.444893764706178,100.00908472919222,202.25908587603212,11.44487618766909,0.00023812228461786704,7.237990833965068e-05,nan,nan,1525,1524
tunnel1_gamma,2,1706581976.0640323,1706581989.9591656,13.895133256912231,100.00942335796408,202.25928673135178,11.445293659849769,100.00923967321206,202.25905317189975,11.445463578237584,0.0003422898833920601,2.3082490303129013e-05,nan,nan,1564,1564
tunnel1_gamma,2,1706581976.0640323,1706581990.0590582,13.995025873184204,100.00839412817709,202.2609097889165,11.445036115950101,100.008338401698,202.26049476913278,11.445110574003467,0.00042531266507176893,3.084062341177256e-05,nan,nan,1541,1543
tunnel1_gamma,2,1706581976.0640323,1706581990.1589608,14.094928503036499,100.00885069448407,202.25818496668094,11.443788748241746,100.00878421698647,202.25785098028865,11.443785231307828,0.0003405562167206086,2.1823970252200175e-05,nan,nan,1588,1588
tunnel1_gamma,2,1706581976.0640323,1706581990.2587729,14.194740533828735,100.00848892223667,202.25963737775666,11.442425429032145,100.00847744963795,202.25935048231645,11.442409445382353,0.00028756928068944884,1.5525923085056283e-05,nan,nan,1557,1557
tunnel1_gamma,2,1706581976.0640323,1706581990.3590667,14.295034408569336,100.00891286907876,202.26189105832114,11.441007029248418,100.00898095913362,202.26236157452664,11.44042820692288,0.0007490374087773182,6.825035049247035e-05,nan,nan,1600,1601
tunnel1_gamma,2,1706581976.0640323,1706581990.4586284,14.394596099853516,100.00902845682072,202.26254708645703,11.441604673087328,100.00909913618072,202.26285190078744,11.44122347960865,0.0004931691557041376,0.00010087689490894182,nan,nan,1557,1560
tunnel1_gamma,2,1706581976.0640323,1706581990.5587535,14.494721174240112,100.00850200447414,202.26543591775294,11.441588260608652,100.0085988534693,202.26562298342148,11.441278652786687,0.0003744733577056446,2.417921758433327e-05,nan,nan,1605,1606
tunnel1_gamma,2,1706581976.0640323,1706581990.6586795,14.59464716911316,100.00826757969531,202.26622086040408,11.442213153735247,100.00829564665707,202.26653045259388,11.442044871832563,0.0003534881569498016,5.682641001259718e-05,nan,nan,1559,1559
tunnel1_gamma,2,1706581976.0640323,1706581990.7587314,14.694699048995972,100.00789410947702,202.2684235245454,11.442079796938549,100.00796509805146,202.26855068092235,11.441969614304858,0.00018261526405510708,5.085831586892375e-05,nan,nan,1540,1542
tunnel1_gamma,2,1706581976.0640323,1706581990.8585474,14.794515132904053,100.00749845083978,202.2689629378262,11.441785419605939,100.00757958853751,202.26888671350397,11.44167102445302,0.00015962369592815073,0.00021430623754250104,nan,nan,1561,1561
tunnel1_gamma,2,1706581976.0640323,1706581990.9595313,14.895498991012573,100.00804594715439,202.26824872061164,11.44263974900486,100.00814124451772,202.26810490322504,11.44265538497199,0.00017323253624671806,1.9837738544521583e-05,nan,nan,1587,1588
tunnel1_gamma,2,1706581976.0640323,1706581991.0591805,14.995148181915283,100.007072903434,202.26798064623014,11.442349545591085,100.00712212525008,202.26778743961188,11.442394066129362,0.0002042881857763557,4.5539265119645874e-05,nan,nan,1603,1602
tunnel1_gamma,2,1706581976.0640323,1706581991.1594808,15.09544849395752,100.00576771809675,202.2688471801012,11.441867610526373,100.00581013726838,202.26849786903122,11.441874623879428,0.00035194715065666176,8.523009862305981e-05,nan,nan,1604,1603
tunnel1_gamma,2,1706581976.0640323,1706581991.2592278,15.195195436477661,100.00674238403239,202.26695062432927,11.441777842259166,100.00678320770517,202.26669348699,11.44180857269654,0.00026216510692671447,6.196375142391512e-06,nan,nan,1543,1542
tunnel1_gamma,2,1706581976.0640323,1706581991.3586876,15.294655323028564,100.00695256646654,202.26589750844616,11.441851462689355,100.00692785962549,202.2656032305262,11.441793435742165,0.00030096021126387084,4.065149295625595e-05,nan,nan,1555,1554
tunnel1_gamma,2,1706581976.0640323,1706581991.458972,15.394939661026001,100.00741594885383,202.26412545877906,11.443680348720179,100.00767192963377,202.2634318298728,11.443672762185022,0.0007393948707129718,0.0001233826513027874,nan,nan,1552,1550
tunnel1_gamma,2,1706581976.0640323,1706581991.5590584,15.495026111602783,100.01012805489894,202.26133606507582,11.443748302821943,100.01040319290533,202.2607184083768,11.443804747582536,0.0006785180405999825,4.381155273273607e-05,nan,nan,1567,1565
tunnel1_gamma,2,1706581976.0640323,1706581991.6590889,15.595056533813477,100.00964712409237,202.26213868523945,11.443731786773792,100.01005343744494,202.26149826402354,11.44387714042095,0.0007722419031630588,2.042926918469473e-05,nan,nan,1554,1554
tunnel1_gamma,2,1706581976.0640323,1706581991.7587264,15.69469404220581,100.00807001919375,202.26541995075908,11.442987361433874,100.00838177482575,202.26500382323485,11.443144580653595,0.0005432049093629027,1.081093365195827e-05,nan,nan,1588,1587
tunnel1_gamma,2,1706581976.0640323,1706581991.859476,15.795443773269653,100.00875478691971,202.26503083995718,11.443704441178866,100.00907005327802,202.2647109265456,11.443850576231005,0.0004723271335129208,9.63053182845813e-06,nan,nan,1569,1568
tunnel1_gamma,2,1706581976.0640323,1706581991.959188,15.895155668258667,100.00765274464253,202.26811572284407,11.443539154682455,100.00782644650741,202.26792605000367,11.443530244625125,0.00025734706793079353,2.849924894460201e-05,nan,nan,1583,1582
tunnel1_gamma,2,1706581976.0640323,1706581992.0589225,15.994890213012695,100.00857928611198,202.26569380878843,11.4443367098838,100.00866948392749,202.26571433484528,11.444184881685265,0.0001777885451965229,2.243465700783866e-05,nan,nan,1551,1555
tunnel1_gamma,2,1706581976.0640323,1706581992.1594858,16.09545350074768,100.0085769091971,202.26572915295304,11.443999639466494,100.00855210666039,202.26585201532058,11.443804536030479,0.0002318958342191043,6.914581318924062e-05,nan,nan,1570,1572
tunnel1_gamma,2,1706581976.0640323,1706581992.259186,16.19515371322632,100.00867145185734,202.26584457875103,11.443617387727237,100.00866934675346,202.26582035750144,11.443476796242434,0.00014267819031986428,2.0179473573142298e-05,nan,nan,1571,1572
tunnel1_gamma,2,1706581976.0640323,1706581992.359009,16.294976711273193,100.00949983799225,202.2635851144586,11.444222128543148,100.00944880168599,202.2636360584729,11.444032101014864,0.00020324974454040886,4.230203200851748e-05,nan,nan,1569,1572
tunnel1_gamma,2,1706581976.0640323,1706581992.4587135,16.394681215286255,100.00934007609578,202.2616402342934,11.44360620161534,100.00945964038456,202.26203004803824,11.443659869195313,0.00041125488928718117,0.00030363891253759373,nan,nan,1558,1556
tunnel1_gamma,2,1706581976.0640323,1706581992.5592787,16.495246410369873,100.01126888646247,202.25906448252564,11.442224818082295,100.01146878362863,202.2593051745183,11.442274421817704,0.000316783905725033,2.3147945534540008e-05,nan,nan,1536,1539
tunnel1_gamma,2,1706581976.0640323,1706581992.6591349,16.595102548599243,100.01131180493223,202.2581644321305,11.442784431841893,100.0113061462389,202.25860644895326,11.443034260993285,0.0005077651989701498,0.00010508040658395507,nan,nan,1594,1595
tunnel1_gamma,2,1706581976.0640323,1706581992.7591345,16.695102214813232,100.01174152201877,202.25886590261862,11.442961581845681,100.01158165738642,202.25945888268973,11.44326290017429,0.000684086837001821,2.009653489168219e-05,nan,nan,1606,1605
tunnel1_gamma,2,1706581976.0640323,1706581992.8596404,16.795608043670654,100.0119818028203,202.25886515829387,11.44284478549495,100.01173689413415,202.2596344719622,11.442964498021453,0.000816183112917631,0.0001472059521640178,nan,nan,1534,1533
tunnel1_gamma,2,1706581976.0640323,1706581992.9590952,16.895062923431396,100.010023323322,202.26086067499847,11.443293852501988,100.00965019086884,202.2615991971884,11.44347160003136,0.0008463078853498856,2.5378773039282686e-05,nan,nan,1564,1562
tunnel1_gamma,2,1706581976.0640323,1706581993.0593064,16.99527406692505,100.0094599904325,202.25868645562872,11.443420305157888,100.00922173060914,202.25930319082937,11.443612989796263,0.0006886635034737663,4.7183542794511715e-05,0.0390345848663803,0.03965651847126259,1575,1577
tunnel1_gamma,2,1706581976.0640323,1706581993.1592963,17.095263957977295,100.00913362759889,202.26190923772916,11.44216953243197,100.0090091566868,202.26242682203008,11.442372792044953,0.0005698254002643639,4.483813629553439e-05,0.042255536931701754,0.04273629613160788,1586,1589
tunnel1_gamma,2,1706581976.0640323,1706581993.259393,17.19536066055298,100.00863275066195,202.2610646676462,11.442176580702856,100.00853769418805,202.26109201369874,11.44255147902578,0.00038772708488179765,3.5195280976707136e-05,0.04170795795886787,0.04170849951406977,1558,1559
tunnel1_gamma,2,1706581976.0640323,1706581993.359233,17.29520058631897,100.00786721191898,202.2635103874526,11.442244312999932,100.00792341674745,202.2632917736679,11.44290215914562,0.0006954944435464784,0.00010108361707657604,0.04419822832353628,0.04387566288899224,1519,1522
tunnel1_gamma,2,1706581976.0640323,1706581993.4592235,17.395191192626953,100.00784217143563,202.26295888319694,11.443290944889608,100.00821736094476,202.26284550608878,11.44355818099562,0.0004743803039462785,4.345833674471166e-05,nan,nan,1579,1578
tunnel1_gamma,2,1706581976.0640323,1706581993.55912,17.49508762359619,100.00864910116086,202.26063150724463,11.443534589551872,100.00878777430094,202.2607719468084,11.44404123737412,0.0005437329552686715,0.00027930739426384067,0.04109753854744033,0.041093213678435554,1579,1579
tunnel1_gamma,2,1706581976.0640323,1706581993.6588566,17.59482431411743,100.01036204718757,202.25912283238807,11.442940936289373,100.01015404667527,202.2592740845329,11.443317426793197,0.00045594574666663973,9.401840628607537e-05,0.03912356082430248,0.03928329237547882,1554,1555
tunnel1_gamma,2,1706581976.0640323,1706581993.7591257,17.695093393325806,100.01117262705208,202.25941793757949,11.442822443454242,100.01096957788334,202.25951522241908,11.443017825379833,0.0002981063598551637,4.509469553557083e-05,0.03903612894724241,0.039170837283596334,1552,1553
tunnel1_gamma,2,1706581976.0640323,1706581993.8598397,17.795807361602783,100.01025675750715,202.25892375570245,11.443870047243921,100.01005909302471,202.25898742795584,11.444013798582612,0.0002525665275649783,2.4998730907065256e-05,0.03879425998061075,0.038913445955631905,1600,1603
tunnel1_gamma,2,1706581976.0640323,1706581993.9597347,17.895702362060547,100.0104987157672,202.25931920467153,11.444633218313456,100.01015169511325,202.25968129006478,11.4448231760111,0.0005362957142890346,0.0002245819966908238,0.03894776992245019,0.03939426731124726,1566,1566
tunnel1_gamma,2,1706581976.0640323,1706581994.0582788,17.99424648284912,100.00987403420318,202.26011071898387,11.443780210991429,100.00955898895016,202.26035313140173,11.44384637982556,0.0004029833822788448,2.899471912025398e-05,0.04003242952352113,0.04037168080089084,1587,1591
tunnel1_gamma,2,1706581976.0640323,1706581994.1578836,18.093851327896118,100.00838864361974,202.26353185179823,11.442906960217057,100.00816150166784,202.2635103594454,11.443117661532192,0.0003105646981563168,6.976064831924682e-05,nan,nan,1609,1607
tunnel1_gamma,2,1706581976.0640323,1706581994.258754,18.194721698760986,100.00874198523552,202.26322652640192,11.443566101094671,100.00855610454113,202.26341894390052,11.443760493425817,0.0003307030461314253,0.00014276968879346294,0.04342507357740169,0.043648593094109144,1557,1557
tunnel1_gamma,2,1706581976.0640323,1706581994.3582723,18.29423999786377,100.0088373128748,202.26517304052098,11.44267881847747,100.00851141016426,202.2655266315919,11.4427020858452,0.00048143596934996553,9.856567008883003e-05,0.04527908747052691,0.045723893256571495,1591,1591
tunnel1_gamma,2,1706581976.0640323,1706581994.457847,18.3938148021698,100.00633655749249,202.2656852688446,11.442033875846338,100.00614794434395,202.2660275019727,11.442013079772915,0.0003913194480683021,0.00010315040577616068,nan,nan,1567,1570
tunnel1_gamma,2,1706581976.0640323,1706581994.5588279,18.494795560836792,100.0063857801761,202.2659167834564,11.441839115103805,100.00610210152088,202.26626465028477,11.441690900335054,0.0004727076553116932,3.5259762274388124e-05,0.0470773288099762,0.04753196170936054,1558,1558
tunnel1_gamma,2,1706581976.0640323,1706581994.6587288,18.594696521759033,100.00853950188827,202.26359173810877,11.441576878628867,100.00836093118271,202.2637722995986,11.44148212901165,0.0002710487750474956,6.030012231249277e-05,0.044150639537103756,0.04440191521029555,1547,1546
tunnel1_gamma,2,1706581976.0640323,1706581994.758179,18.694146633148193,100.00757416423802,202.26337894127002,11.440962996642321,100.0082330182248,202.2642470507769,11.441620777445035,0.0012729407984077136,0.0005751142399584842,nan,nan,1576,1572
tunnel1_gamma,2,1706581976.0640323,1706581994.858852,18.794819593429565,100.00795416161627,202.2641311536727,11.441523598677431,100.00839094625843,202.26486208452363,11.44241850802237,0.0012352746529075752,0.00013167955740138085,nan,nan,1543,1542
tunnel1_gamma,2,1706581976.0640323,1706581994.9581544,18.89412212371826,100.00888942545926,202.26427494083103,11.44145878767398,100.00973332247206,202.26393107292108,11.442042016477306,0.001081925665067768,3.055030238930462e-05,0.04473720111416301,0.04399870972266238,1544,1543
tunnel1_gamma,2,1706581976.0640323,1706581995.0582983,18.994266033172607,100.00766302628708,202.26507807010518,11.441577667176727,100.00859700837073,202.26486850741114,11.44203698133638,0.0010617007829760918,4.653577053506926e-05,0.04592897776860745,0.04528864932875383,1587,1584
tunnel1_gamma,2,1706581976.0640323,1706581995.158459,19.09442663192749,100.01029982808726,202.260754429049,11.442698552024213,100.01092039511092,202.26060310412544,11.442945184508046,0.0006847117973477535,0.00010349375993206502,0.040698443273741405,0.040278666875579905,1593,1600
tunnel1_gamma,2,1706581976.0640323,1706581995.2583988,19.194366455078125,100.01016389791008,202.25868518067313,11.443064639839296,100.0105108083709,202.25847535758908,11.44267581982592,0.0005617415751281278,0.00012399255067372975,0.0388340910773048,0.03856923808645988,1650,1649
tunnel1_gamma,2,1706581976.0640323,1706581995.3588188,19.29478645324707,100.00817086357667,202.26100231449615,11.4426882544404,100.00843119680763,202.26060940920524,11.442246092593383,0.0006462623752999832,0.00019772424409048036,0.04189609806749985,0.04150997211548886,1532,1530
tunnel1_gamma,2,1706581976.0640323,1706581995.458359,19.39432668685913,100.00985151040523,202.2581481795388,11.441495671641809,100.00995789185974,202.25775711903367,11.441268439397255,0.00046462869638845355,3.1268559155122065e-05,0.03886977723189615,0.03852799007622226,1577,1579
tunnel1_gamma,2,1706581976.0640323,1706581995.558916,19.49488377571106,100.01022077972131,202.25866341871944,11.44124647828459,100.01001403281663,202.25854226835241,11.441181849067393,0.00024819071243738244,2.9143562912002793e-05,nan,nan,1573,1572
tunnel1_gamma,2,1706581976.0640323,1706581995.6585062,19.594473838806152,100.01098791155749,202.25610793029932,11.442515526997678,100.0107470023423,202.2561054522174,11.442544522291035,0.00024266049924129006,0.00011867336043589891,0.03647077862487751,0.036565519944375194,1582,1578
tunnel1_gamma,2,1706581976.0640323,1706581995.7581973,19.694164991378784,100.0106997883111,202.25825349752984,11.442751370446874,100.01047978662062,202.2582804645749,11.442867232065284,0.0002501037383852678,2.9984646628932372e-05,0.03845886295717875,0.03855320015020021,1536,1535
tunnel1_gamma,2,1706581976.0640323,1706581995.858772,19.794739723205566,100.0106475651855,202.25912829154626,11.44182143069268,100.01059854669955,202.25878630256406,11.44186180908972,0.00034783572395218716,4.5088372724022056e-05,0.03921678223910975,0.03892254413842055,1555,1554
tunnel1_gamma,2,1706581976.0640323,1706581995.9586654,19.894633054733276,100.01096328834605,202.26147839438235,11.442057941418183,100.01087172854048,202.26129937028895,11.442270112773098,0.00029231747785508737,6.827942955152657e-05,0.04117315880244924,0.041006656209641786,1562,1560
tunnel1_gamma,2,1706581976.0640323,1706581996.0585148,19.99448251724243,100.01069145456479,202.2630054154806,11.441309050114853,100.01056564531066,202.26298014622583,11.441424719108774,0.00017275942757339138,3.2379616387735e-05,nan,nan,1568,1567
tunnel1_gamma,3,1706581992.0639184,1706581992.1594858,0.09556746482849121,100.0085769091971,202.26572915295304,11.443999639466494,100.01066466802415,202.26010787757625,11.44356097051824,0.006012479041780249,0.00019988259223576962,nan,nan,1570,1564
tunnel1_gamma,3,1706581992.0639184,1706581992.259186,0.1952676773071289,100.00867145185734,202.26584457875103,11.443617387727237,100.00966373333495,202.26249884130414,11.442621249193875,0.0036291698185657276,0.00029280768273804916,nan,nan,1571,1568
tunnel1_gamma,3,1706581992.0639184,1706581992.359009,0.2950906753540039,100.00949983799225,202.2635851144586,11.444222128543148,100.0100260376833,202.26156004396702,11.442729714714757,0.0025700380631265554,0.00045443820317322254,nan,nan,1569,1569
tunnel1_gamma,3,1706581992.0639184,1706581992.4587135,0.39479517936706543,100.00934007609578,202.2616402342934,11.44360620161534,100.00959176041411,202.26127455305377,11.442724217576208,0.0009874024561410896,0.00025614176884897774,nan,nan,1558,1560
tunnel1_gamma,3,1706581992.0639184,1706581992.5592787,0.4953603744506836,100.01126888646247,202.25906448252564,11.442224818082295,100.01115196343616,202.25971608385487,11.441597902032456,0.0009117450410473412,3.3819674920715964e-05,nan,nan,1536,1538
tunnel1_gamma,3,1706581992.0639184,1706581992.6591349,0.5952165126800537,100.01131180493223,202.2581644321305,11.442784431841893,100.01122370762599,202.25936804882195,11.442020181695126,0.0014284721075744444,5.4420950216410226e-05,nan,nan,1594,1595
tunnel1_gamma,3,1706581992.0639184,1706581992.7591345,0.695216178894043,100.01174152201877,202.25886590261862,11.442961581845681,100.01135551004337,202.26053631966204,11.442386884318044,0.001808196779210669,4.323275517672066e-05,nan,nan,1606,1606
tunnel1_gamma,3,1706581992.0639184,1706581992.8596404,0.7957220077514648,100.0119818028203,202.25886515829387,11.44284478549495,100.01175480390225,202.2607003363927,11.44245822193149,0.0018891369859709642,2.5707798380505156e-05,nan,nan,1534,1531
tunnel1_gamma,3,1706581992.0639184,1706581992.9590952,0.895176887512207,100.010023323322,202.26086067499847,11.443293852501988,100.00974040596054,202.2625587011627,11.443049582155373,0.0017386785470798942,1.4070326278148448e-05,nan,nan,1564,1565
tunnel1_gamma,3,1706581992.0639184,1706581993.0593064,0.9953880310058594,100.0094599904325,202.25868645562872,11.443420305157888,100.0090459362711,202.2603830510944,11.443297646975415,0.0017506918782306973,2.0513027477660136e-05,0.0390345848663803,0.04074184955475187,1575,1576
tunnel1_gamma,3,1706581992.0639184,1706581993.1592963,1.0953779220581055,100.00913362759889,202.26190923772916,11.44216953243197,100.00860175465617,202.26344866597705,11.44225566001918,0.0016309954380344775,7.086409478221373e-05,0.042255536931701754,0.04383954376334428,1586,1588
tunnel1_gamma,3,1706581992.0639184,1706581993.259393,1.195474624633789,100.00863275066195,202.2610646676462,11.442176580702856,100.00821770867476,202.26252754311457,11.442393805092074,0.0015360504296324704,3.3403511310607344e-05,0.04170795795886787,0.043149030627424645,1558,1556
tunnel1_gamma,3,1706581992.0639184,1706581993.359233,1.2953145503997803,100.00786721191898,202.2635103874526,11.442244312999932,100.00756837064839,202.26441545950496,11.442451661401051,0.0009754254889002122,0.0001765916816162801,0.04419822832353628,0.0450994720830502,1519,1522
tunnel1_gamma,3,1706581992.0639184,1706581993.4592235,1.3953051567077637,100.00784217143563,202.26295888319694,11.443290944889608,100.00782560883422,202.2637780965338,11.443310614921762,0.0008196168136448901,8.108754086068227e-05,nan,nan,1579,1578
tunnel1_gamma,3,1706581992.0639184,1706581993.55912,1.495201587677002,100.00864910116086,202.26063150724463,11.443534589551872,100.008583557872,202.26111478078815,11.443731758090689,0.000526046265343904,0.00025183611375857143,0.04109753854744033,0.04152892834341336,1579,1582
tunnel1_gamma,3,1706581992.0639184,1706581993.6588566,1.5949382781982422,100.01036204718757,202.25912283238807,11.442940936289373,100.01003208308751,202.25949848789358,11.443065868434262,0.0005153653140964769,2.4528361445334047e-05,0.03912356082430248,0.039575065538904136,1554,1557
tunnel1_gamma,3,1706581992.0639184,1706581993.7591257,1.6952073574066162,100.01117262705208,202.25941793757949,11.442822443454242,100.0108252199018,202.25950420510372,11.443231484217959,0.0005435514328754101,0.00012487274794041728,0.03903612894724241,0.03918323371346193,1552,1555
tunnel1_gamma,3,1706581992.0639184,1706581993.8598397,1.7959213256835938,100.01025675750715,202.25892375570245,11.443870047243921,100.00987763946644,202.25920781695905,11.444206535822204,0.0005810730157263604,1.599837965430216e-05,0.03879425998061075,0.039160796368727886,1600,1603
tunnel1_gamma,3,1706581992.0639184,1706581993.9597347,1.8958163261413574,100.0104987157672,202.25931920467153,11.444633218313456,100.01024679541885,202.2594709328243,11.44485713602185,0.0003696274264610789,7.897840352729419e-06,0.03894776992245019,0.039161014964152085,1566,1566
tunnel1_gamma,3,1706581992.0639184,1706581994.0582788,1.9943604469299316,100.00987403420318,202.26011071898387,11.443780210991429,100.00965277106339,202.26059445111775,11.44341010354843,0.0006480228960064419,0.00022911875250378096,0.04003242952352113,0.040612824061282596,1587,1588
tunnel1_gamma,3,1706581992.0639184,1706581994.1578836,2.0939652919769287,100.00838864361974,202.26353185179823,11.442906960217057,100.00816732766872,202.2640827886673,11.442691348529111,0.0006316649300559019,2.113991139197314e-05,nan,nan,1609,1605
tunnel1_gamma,3,1706581992.0639184,1706581994.258754,2.194835662841797,100.00874198523552,202.26322652640192,11.443566101094671,100.00845051852592,202.26401664707564,11.443323438284526,0.0008764295529361952,1.6880194303318526e-05,0.04342507357740169,0.04429069702533568,1557,1558
tunnel1_gamma,3,1706581992.0639184,1706581994.3582723,2.29435396194458,100.0088373128748,202.26517304052098,11.44267881847747,100.00866825038737,202.26564657499725,11.442345365546299,0.0006033306574173508,5.279180056724277e-05,0.04527908747052691,0.04582620372115852,1591,1591
tunnel1_gamma,3,1706581992.0639184,1706581994.457847,2.3939287662506104,100.00633655749249,202.2656852688446,11.442033875846338,100.00629123381968,202.26595586636412,11.441762049161792,0.00038622143818921285,2.347880221480967e-05,nan,nan,1567,1567
tunnel1_gamma,3,1706581992.0639184,1706581994.5588279,2.4949095249176025,100.0063857801761,202.2659167834564,11.441839115103805,100.00619832274502,202.2662356028427,11.441432901329238,0.0005493593725443206,3.8876075779392545e-05,0.0470773288099762,0.0475082307854649,1558,1558
tunnel1_gamma,3,1706581992.0639184,1706581994.6587288,2.5948104858398438,100.00853950188827,202.26359173810877,11.441576878628867,100.00850506631093,202.26381332046614,11.441313625527414,0.0003458131656086147,0.00012649733621510948,0.044150639537103756,0.04441110069883344,1547,1546
tunnel1_gamma,3,1706581992.0639184,1706581994.758179,2.694260597229004,100.00757416423802,202.26337894127002,11.440962996642321,100.00841534006452,202.2644108300897,11.441337733648561,0.0013830398154458892,0.00045171865994704714,nan,nan,1576,1573
tunnel1_gamma,3,1706581992.0639184,1706581994.858852,2.794933557510376,100.00795416161627,202.2641311536727,11.441523598677431,100.00856878028178,202.26494008055886,11.442052732487113,0.0011454699470864168,0.0001800048208764343,nan,nan,1543,1540
tunnel1_gamma,3,1706581992.0639184,1706581994.9581544,2.8942360877990723,100.00888942545926,202.26427494083103,11.44145878767398,100.00982224037362,202.26459501000093,11.44140112381212,0.0009878831200838456,8.602777840741603e-05,0.04473720111416301,0.04468218603328881,1544,1544
tunnel1_gamma,3,1706581992.0639184,1706581995.0582983,2.994379997253418,100.00766302628708,202.26507807010518,11.441577667176727,100.00843413891806,202.2656999519062,11.441536721569879,0.0009914777893873243,6.626910776444319e-05,0.04592897776860745,0.04618898079773914,1587,1587
tunnel1_gamma,3,1706581992.0639184,1706581995.158459,3.094540596008301,100.01029982808726,202.260754429049,11.442698552024213,100.01075173420719,202.2614784619993,11.442620554924469,0.0008570451574601388,4.8035325536535455e-05,0.040698443273741405,0.04119259764452258,1593,1596
tunnel1_gamma,3,1706581992.0639184,1706581995.2583988,3.1944804191589355,100.01016389791008,202.25868518067313,11.443064639839296,100.01040160532285,202.2591564582491,11.442497549653648,0.0007747248843033494,0.00022982345310793657,0.0388340910773048,0.03925505699549744,1650,1650
tunnel1_gamma,3,1706581992.0639184,1706581995.3588188,3.294900417327881,100.00817086357667,202.26100231449615,11.4426882544404,100.00820067979788,202.26128080853908,11.442049803047961,0.0006971858572160368,0.0002559690746146041,0.04189609806749985,0.042237963225988384,1532,1528
tunnel1_gamma,3,1706581992.0639184,1706581995.458359,3.3944406509399414,100.00985151040523,202.2581481795388,11.441495671641809,100.00966493647753,202.25841494970808,11.441090645668309,0.0005196365969783346,3.895978625316626e-05,0.03886977723189615,0.03926908892155743,1577,1577
tunnel1_gamma,3,1706581992.0639184,1706581995.558916,3.49499773979187,100.01022077972131,202.25866341871944,11.44124647828459,100.00988479477537,202.25889887062453,11.440979539806165,0.0004894687270633455,1.996808976564286e-05,nan,nan,1573,1571
tunnel1_gamma,3,1706581992.0639184,1706581995.6585062,3.594587802886963,100.01098791155749,202.25610793029932,11.442515526997678,100.01055856741911,202.25657051186192,11.442377080776987,0.0006461311378082382,8.691861502567305e-06,0.03647077862487751,0.03708899314033769,1582,1581
tunnel1_gamma,3,1706581992.0639184,1706581995.7581973,3.6942789554595947,100.0106997883111,202.25825349752984,11.442751370446874,100.01019850895655,202.25872800611367,11.442741183459015,0.0006903210573021356,3.532801035103648e-06,0.03845886295717875,0.03909137403752166,1536,1535
tunnel1_gamma,3,1706581992.0639184,1706581995.858772,3.794853687286377,100.0106475651855,202.25912829154626,11.44182143069268,100.01018550531882,202.2594631005898,11.441875294234606,0.0005731471863197977,4.546505206126364e-05,0.03921678223910975,0.03969187045583554,1555,1556
tunnel1_gamma,3,1706581992.0639184,1706581995.9586654,3.894747018814087,100.01096328834605,202.26147839438235,11.442057941418183,100.01050019468641,202.2615813522492,11.442265163174474,0.0005176841857932698,5.7388587344731804e-05,0.04117315880244924,0.041404525703349064,1562,1557
tunnel1_gamma,3,1706581992.0639184,1706581996.0585148,3.994596481323242,100.01069145456479,202.2630054154806,11.441309050114853,100.01027967163328,202.2630494372784,11.441442206845249,0.00043501013345993586,8.107247863595865e-05,nan,nan,1568,1568
tunnel1_gamma,3,1706581992.0639184,1706581996.1586566,4.094738245010376,100.01000688295983,202.2648047164466,11.441083265272646,100.00973279603518,202.26475921339846,11.441547861462128,0.0005413351909261531,5.7508652780608504e-05,nan,nan,1556,1557
tunnel1_gamma,3,1706581992.0639184,1706581996.2584543,4.194535970687866,100.01012906497382,202.26397613698845,11.440607773241501,100.0099557118269,202.2638090534122,11.441085211140727,0.0005347103726503263,2.7045275059745806e-05,0.04424858197348222,0.044067534988971785,1595,1596
tunnel1_gamma,3,1706581992.0639184,1706581996.3589625,4.295044183731079,100.01043069742133,202.26240475859657,11.441441766564308,100.01043964646497,202.2619221716297,11.441819259328001,0.0006127569278493771,6.204103429165968e-05,0.042547398713106394,0.042036015891092744,1568,1567
tunnel1_gamma,3,1706581992.0639184,1706581996.4589007,4.39498233795166,100.00927750904677,202.2623823047629,11.442071582348012,100.00938314533681,202.261915489864,11.442276902455252,0.0005207989266816231,0.0001933894148491224,0.04136282845783236,0.040861536765880335,1574,1578
tunnel1_gamma,3,1706581992.0639184,1706581996.5585,4.494581699371338,100.01000622896638,202.26118476761707,11.443010702358475,100.0100982791721,202.2607584419909,11.443190048518613,0.00047158437745007867,2.391823441194201e-05,0.03981813608915744,0.03936480480596749,1593,1595
tunnel1_gamma,3,1706581992.0639184,1706581996.658271,4.594352722167969,100.0075766391671,202.2640531123401,11.44615148593678,100.00738085038999,202.26359053247612,11.446176196507354,0.0005029154880260105,0.00014042547873453293,nan,nan,1567,1568
tunnel1_gamma,3,1706581992.0639184,1706581996.7588654,4.694947004318237,100.00536012309563,202.26824468554477,11.461515440958841,100.00534837959175,202.268011817177,11.461485640061996,0.0002350610134400297,2.9730382159948897e-05,nan,nan,1505,1506
tunnel1_gamma,3,1706581992.0639184,1706581996.8585474,4.794629096984863,100.00462673211933,202.275295986421,11.495387278050682,100.00457166452284,202.27492954976,11.495348271402362,0.0003725986920661857,3.549212614363742e-05,0.04988432560687235,0.04961613803820653,1498,1498
tunnel1_gamma,3,1706581992.0639184,1706581996.959079,4.895160675048828,100.00476630765193,202.27873100284302,11.542819970938345,100.00488201825186,202.2784455600609,11.542814524998873,0.0003080522407871167,3.17652216201344e-05,0.06251663045834426,0.062262384803433726,1474,1474
tunnel1_gamma,3,1706581992.0639184,1706581997.0585096,4.994591236114502,100.00531996804442,202.28373795316497,11.600735159937367,100.00547869921834,202.28350403745043,11.600971052810271,0.00036818146962386045,3.285443488521561e-05,nan,nan,1377,1375
tunnel1_gamma,3,1706581992.0639184,1706581997.1589463,5.095027923583984,100.00191897700302,202.29089894885,11.682288201453098,100.00212552162355,202.29072248127022,11.68236470241537,0.00028223019721461515,4.458981208109433e-05,nan,nan,1321,1321
tunnel1_gamma,3,1706581992.0639184,1706581997.2590392,5.195120811462402,99.99272452638733,202.29880438115293,11.78498940393822,99.9928460121102,202.2986942178416,11.784981392222052,0.00016419172824697377,6.289588621513158e-05,nan,nan,1279,1280
tunnel1_gamma,3,1706581992.0639184,1706581997.3584495,5.2945311069488525,99.9801509624577,202.31591830757296,11.898419108860129,99.98008575093499,202.31625629054034,11.897940026709232,0.0005899192624764252,4.78739315901767e-05,0.08769721122506831,0.08766647871996737,1242,1242
tunnel1_gamma,3,1706581992.0639184,1706581997.4581232,5.39420485496521,99.95971859298425,202.34115873296332,12.02058056738687,99.95967391494582,202.3415772072085,12.02014670880929,0.0006044419627520513,3.655782995148261e-05,0.2026679399132584,0.20248102530444792,1263,1263
tunnel1_gamma,3,1706581992.0639184,1706581997.5581794,5.494261026382446,99.93342200400953,202.3717346592325,12.118773061042058,99.93323321826,202.3722873965866,12.118487191391827,0.0006502923179341801,4.9065177259502234e-05,nan,nan,1288,1287
tunnel1_gamma,3,1706581992.0639184,1706581997.6591082,5.595189809799194,99.90167957363774,202.39671393981382,12.147795724066816,99.9014061750762,202.39714810868816,12.14752023244005,0.0005823615898285899,4.7193941854812024e-05,0.04713259678024407,0.04667366165375681,1265,1266
tunnel1_gamma,3,1706581992.0639184,1706581997.758707,5.694788694381714,99.87520548706503,202.43011492118328,12.136986344021729,99.87486662703267,202.43080739412724,12.136811618689869,0.0007904896212157412,0.00010256524131486416,0.025439168955862162,0.025736358867685445,1290,1289
tunnel1_gamma,3,1706581992.0639184,1706581997.85826,5.794341564178467,99.84106676541445,202.46951708693018,12.13103886959742,99.84075032597565,202.4702006186231,12.13100492602455,0.0007539904905159698,1.6710972976808966e-05,nan,nan,1279,1281
tunnel1_gamma,3,1706581992.0639184,1706581997.9588346,5.894916296005249,99.80878460478216,202.51378014535112,12.148698521138185,99.80837256705782,202.51421569273373,12.14880627163946,0.0006091689250983317,5.622702366796754e-05,nan,nan,1260,1259
tunnel1_gamma,3,1706581992.0639184,1706581998.0585434,5.994625091552734,99.78351613635347,202.5582299625664,12.149284460980112,99.78305355363001,202.5590864168861,12.149346758701892,0.0009753859666271328,5.350137783611676e-05,0.05342912974672804,0.052557970886356144,1245,1246
tunnel1_gamma,3,1706581992.0639184,1706581998.1590443,6.095125913619995,99.75660578648295,202.603682640478,12.143531787621596,99.75607458162004,202.60424112760288,12.143782056353091,0.0008103831889794019,0.00011445918597083336,0.020547798401938815,0.02052975681398729,1233,1232
tunnel1_gamma,3,1706581992.0639184,1706581998.2586987,6.194780349731445,99.7332488828303,202.65075294192263,12.144715127455504,99.73258750083181,202.65119172550598,12.144784386155836,0.0007967144711286506,9.552874464502131e-05,nan,nan,1156,1154
tunnel1_gamma,3,1706581992.0639184,1706581998.3591113,6.2951929569244385,99.7030919737402,202.6968806831805,12.146340963027106,99.70223269138758,202.69802237231173,12.146324606273293,0.0014290163670484999,6.146274355009055e-05,nan,nan,1053,1054
tunnel1_gamma,3,1706581992.0639184,1706581998.4588838,6.394965410232544,99.66959031530426,202.74537455276203,12.147857628110179,99.6688145862735,202.74621243421635,12.14761439017096,0.001167461158125968,0.00015359870631559815,0.02840433766853785,0.028706282284050776,1061,1059
tunnel1_gamma,3,1706581992.0639184,1706581998.5587263,6.494807958602905,99.63066931127554,202.79532670493714,12.151030114669467,99.62947363055176,202.79671154719398,12.150658807823808,0.0018668982948163227,7.696513660165998e-05,0.07601463058401223,0.0777136245900931,985,985
tunnel1_gamma,3,1706581992.0639184,1706581998.6582744,6.594356060028076,99.58841875895511,202.85378626908383,12.151768022218723,99.58754095132839,202.85457768483352,12.1513385537445,0.0012575087628871435,4.869760578118959e-05,nan,nan,955,956
tunnel1_gamma,3,1706581992.0639184,1706581998.759056,6.6951377391815186,99.54066030128105,202.9254884680652,12.15539403182962,99.53936781523538,202.92668722096798,12.155258256821929,0.0017680394658750134,8.674474184303226e-05,0.14533204096407568,0.14363829500896985,952,950
tunnel1_gamma,3,1706581992.0639184,1706581998.8588471,6.794928789138794,99.49026391266747,203.00784124239632,12.163694158818107,99.4893774359853,203.00884717459778,12.163685603873168,0.0013408257489429907,4.195970139921045e-05,0.051737944142237764,0.0505016908023921,957,957
tunnel1_gamma,3,1706581992.0639184,1706581998.9586818,6.894763469696045,99.44653224543018,203.0914893189219,12.167577696776473,99.44614012672622,203.09207959885106,12.167568553071812,0.0007087108578906852,0.00011016346941610508,nan,nan,1007,1007
tunnel1_gamma,3,1706581992.0639184,1706581999.0583713,6.994452953338623,99.41215427684133,203.17931208179857,12.168843597791932,99.41190937777536,203.1798430932605,12.168900383944338,0.0005875145890295467,3.8067809588619796e-05,0.3544623434385971,0.3538857529867074,1050,1050
tunnel1_gamma,3,1706581992.0639184,1706581999.1593215,7.09540319442749,99.374171083392,203.27176261376192,12.162814062477494,99.37389496274673,203.27249087757718,12.16284190099016,0.0007793495866104345,4.960094981646468e-05,0.25473068764056234,0.2539568719873899,1119,1118
tunnel1_gamma,3,1706581992.0639184,1706581999.2588835,7.194965124130249,99.34768034713363,203.36943440727936,12.148795731073848,99.34706958091351,203.37015882814617,12.149263492764682,0.001056703348783915,6.232786482812864e-05,0.15318765333940862,0.15231662547475755,1145,1146
tunnel1_gamma,3,1706581992.0639184,1706581999.358668,7.294749736785889,99.32337620452493,203.47364819454805,12.139858842897628,99.3234239052031,203.4737525711192,12.140095867349952,0.00026334466826627385,5.9831626661590855e-05,0.047876466137033634,0.04776018012252906,1163,1162
tunnel1_gamma,3,1706581992.0639184,1706581999.45832,7.394401550292969,99.30436147343634,203.57873671691118,12.141950384988533,99.30407997769818,203.5790163302925,12.142146180068284,0.000442446840724041,3.73960842859899e-05,nan,nan,1082,1080
tunnel1_gamma,3,1706581992.0639184,1706581999.5585003,7.494581937789917,99.28093758561612,203.6830915505064,12.147574365945395,99.28107331784508,203.68355400802392,12.147407209660388,0.0005101288240406036,5.5123518201312915e-05,nan,nan,1081,1081
tunnel1_gamma,3,1706581992.0639184,1706581999.658565,7.594646692276001,99.2535452338124,203.78772411624442,12.148759262604349,99.25367459859802,203.78802176385506,12.148605980370926,0.0003589217058914224,4.06545734928667e-05,0.37105846862161057,0.37084299594715275,1020,1020
tunnel1_gamma,3,1706581992.0639184,1706581999.7583413,7.694422960281372,99.2192024572666,203.88795463272112,12.1438305656802,99.21937911442659,203.88806511924184,12.143699899906187,0.00024594423744818335,7.544852137343173e-05,0.2669608803002178,0.2669449323999444,1032,1031
tunnel1_gamma,3,1706581992.0639184,1706581999.8590496,7.795131206512451,99.17519232521433,203.98225430273425,12.132601539473889,99.17537104844246,203.9823254804652,12.132313277204778,0.00034655937074200326,0.0001220852564211747,0.16338053216061074,0.16339559239331264,1037,1036
tunnel1_gamma,3,1706581992.0639184,1706581999.959033,7.8951146602630615,99.12008682598682,204.07094700704658,12.115836592083005,99.12022913820779,204.07116884485976,12.115683926552643,0.00030458422111381877,2.641229035170115e-05,0.05864309604963096,0.05857359525920221,1065,1066
tunnel1_gamma,3,1706581992.0639184,1706582000.0587535,7.994835138320923,99.06029920360268,204.1601132347761,12.102741541142949,99.06038058830367,204.16018210762255,12.102509198112683,0.0002556368953133392,3.89905163096167e-05,nan,nan,1054,1053
tunnel1_gamma,3,1706581992.0639184,1706582000.1591997,8.09528136253357,99.00244274370269,204.24950084593794,12.106125567909288,99.00247224371907,204.24952203893525,12.105753687107278,0.0003736505386123705,4.179297309830156e-05,nan,nan,1065,1066
tunnel1_gamma,3,1706581992.0639184,1706582000.2586577,8.19473934173584,98.94543312769692,204.3371345845925,12.119758395857115,98.94624456097453,204.33656259476987,12.119126852074507,0.001176623929111043,8.323528816102508e-05,nan,nan,1047,1047
tunnel1_gamma,3,1706581992.0639184,1706582000.3590465,8.295128107070923,98.89989260717243,204.42315499780872,12.118915119728069,98.90062818842507,204.42292561176387,12.118212404144227,0.0010428360027267447,0.00015010411199006476,0.020193248645751685,0.02118175071830967,1032,1032
tunnel1_gamma,3,1706581992.0639184,1706582000.4586864,8.394767999649048,98.84818052181714,204.50280704100967,12.110526054308446,98.84846321520004,204.5025567210706,12.109866484874022,0.0007600049075267465,0.00011773329663853504,0.08104803392765515,0.08085252379490385,1073,1072
tunnel1_gamma,3,1706581992.0639184,1706582000.559484,8.49556565284729,98.79452356269111,204.58969416996345,12.106992291502202,98.79475465987223,204.58941940709087,12.106412169480281,0.0006822331739105117,3.0173331829052968e-05,nan,nan,1045,1043
tunnel1_gamma,3,1706581992.0639184,1706582000.6588924,8.594974040985107,98.73885049031445,204.68119569035446,12.11190868191707,98.739072921189,204.6821128206009,12.111604040526348,0.0009916701870329877,8.963115718202472e-05,0.10567259998794806,0.10515753682475001,1020,1020
tunnel1_gamma,3,1706581992.0639184,1706582000.7590573,8.695138931274414,98.68429461529638,204.77046919994666,12.124714699721872,98.68418670960806,204.7712466789315,12.124888643121185,0.0008039735789261194,7.02443014662042e-05,0.017403982076661353,0.01750241386376908,1014,1014
tunnel1_gamma,3,1706581992.0639184,1706582000.8587108,8.794792413711548,98.63282793642517,204.85550849880744,12.135592871322928,98.6317688781233,204.85502379146897,12.135823633111519,0.001187348598271422,0.00037504936533624576,nan,nan,1028,1031
tunnel1_gamma,3,1706581992.0639184,1706582000.9590564,8.895138025283813,98.5793344777761,204.94272858524207,12.13809801131699,98.57850693540028,204.94222593905778,12.138393573143356,0.0010123420190605009,0.00013405110452633593,nan,nan,990,989
tunnel1_gamma,3,1706581992.0639184,1706582001.0586696,8.994751214981079,98.52497972693199,205.03332443961236,12.126876487574776,98.52478900603174,205.03234682496242,12.126797815715802,0.00099914669942144,0.00018209947932460395,0.3789961196288285,0.3797497929601632,1005,1005
tunnel1_gamma,3,1706581992.0639184,1706582001.1587117,9.094793319702148,98.46851659485257,205.1298713722083,12.115370130279116,98.46858059523407,205.12854588630213,12.115345222187369,0.001327263858208948,4.867946406795367e-05,0.2684932547062667,0.2696682549445116,1043,1042
tunnel1_gamma,3,1706581992.0639184,1706582001.2589922,9.19507384300232,98.41329816417957,205.23084616920968,12.119476799931016,98.41369667020027,205.22972303494868,12.119210101557549,0.0012212148210671678,5.331257310581452e-05,0.1540779394787845,0.15527475125002763,1049,1047
tunnel1_gamma,3,1706581992.0639184,1706582001.359041,9.295122623443604,98.35948951595098,205.34037444904402,12.129231857070181,98.36033409413527,205.338438151434,12.12902595141419,0.0021224886061286447,4.125983811934877e-05,0.03643140186361651,0.038197128696883034,1078,1078
tunnel1_gamma,3,1706581992.0639184,1706582001.4586225,9.394704103469849,98.30439626186205,205.45385519998752,12.140912063595449,98.30575247950853,205.45175646372914,12.141354542413396,0.002537677617657454,8.026508506551383e-05,nan,nan,1189,1191
tunnel1_gamma,3,1706581992.0639184,1706582001.5590503,9.495131969451904,98.25548247034567,205.5629558226908,12.137741559191008,98.25669895759287,205.56152157435804,12.137994472663607,0.0018975970929815237,4.5267795126298135e-05,nan,nan,1257,1259
tunnel1_gamma,3,1706581992.0639184,1706582001.6589043,9.594985961914062,98.20522921896425,205.67467462372707,12.118906232480795,98.20641716303882,205.6731491135443,12.118946704385925,0.0019339158247357136,2.720746380428627e-05,nan,nan,1274,1275
tunnel1_gamma,3,1706581992.0639184,1706582001.7594182,9.695499897003174,98.15181828484428,205.78892130690286,12.108068868919453,98.152867200029,205.78774950434834,12.107880106350919,0.0015839746206252647,0.00014262524675930885,0.0958213671825561,0.0943737401703206,1209,1211
tunnel1_gamma,3,1706581992.0639184,1706582001.8588228,9.794904470443726,98.0944440532408,205.9092187419121,12.121794320936743,98.09544151761752,205.90832871149962,12.12151917604484,0.001364842126211085,8.159077438139672e-05,0.22838774954196284,0.2271653753929704,1168,1167
tunnel1_gamma,3,1706581992.0639184,1706582001.958564,9.894645690917969,98.0366339588967,206.02507608820227,12.141508060965704,98.037505945603,206.02464039808137,12.14097669618611,0.0011101960306195537,7.489171223413668e-05,nan,nan,1184,1182
tunnel1_gamma,3,1706581992.0639184,1706582002.0596566,9.99573826789856,97.98298842196229,206.15180851247132,12.138351957811937,97.98355382343873,206.1514668830453,12.138012500517085,0.000742711753855152,3.9592247889318725e-06,nan,nan,1246,1247
tunnel1_gamma,3,1706581992.0639184,1706582002.1595724,10.095654010772705,97.92117984369868,206.26923758835525,12.117722965938539,97.92144994264947,206.26930700036996,12.117606900524843,0.00030206398537723454,4.8009071651794775e-05,0.43897830576770214,0.43903516080066635,1199,1202
tunnel1_gamma,3,1706581992.0639184,1706582002.2591794,10.195261001586914,97.85818304104218,206.38215023615004,12.09997888275041,97.85826119419488,206.38293248469833,12.099945059391148,0.0007868702092538345,3.4003431169938335e-05,0.31193065572111284,0.311252918636315,1145,1146
tunnel1_gamma,3,1706581992.0639184,1706582002.358955,10.295036554336548,97.80259066294391,206.4974417477138,12.106149288518383,97.80231104180423,206.49841067494026,12.106142037797385,0.0010084941868452497,5.612477608753793e-05,nan,nan,1123,1125
tunnel1_gamma,3,1706581992.0639184,1706582002.4595366,10.395618200302124,97.75307150094743,206.61519409852906,12.120628707087045,97.75278087240692,206.6160192082961,12.120643601141467,0.000874924516228479,8.37310236325916e-05,0.05668102311877215,0.055840167538171594,1102,1100
tunnel1_gamma,3,1706581992.0639184,1706582002.5587554,10.494837045669556,97.69904625091702,206.7318135466069,12.129094940934758,97.69888581688055,206.7320318989077,12.126692846101516,0.0024173283589973686,0.0006168530478188952,0.07516719113473182,0.07572697605299163,1145,1138
tunnel1_gamma,3,1706581992.0639184,1706582002.659312,10.595393657684326,97.64289797953352,206.84962880566357,12.117137471500184,97.6427083466394,206.85062157982452,12.115993294313444,0.0015266638804386852,0.00014480429860794903,nan,nan,1161,1163
tunnel1_gamma,3,1706581992.0639184,1706582002.7589345,10.695016145706177,97.58825136089884,206.96817912817298,12.091809038968329,97.58810028903532,206.9690922137478,12.090862136598739,0.0013240740434185107,5.312117460039991e-05,nan,nan,1153,1152
tunnel1_gamma,3,1706581992.0639184,1706582002.859447,10.795528650283813,97.53155561282266,207.08571141370095,12.09519225922076,97.53130268473072,207.08609582961472,12.094573397435294,0.0007711926633222386,0.00018437462730002297,0.3958045705175568,0.39539106076228214,1129,1130
tunnel1_gamma,3,1706581992.0639184,1706582002.9592261,10.895307779312134,97.46615840090726,207.1957609418536,12.136762871318652,97.46621500528053,207.19609116768814,12.13604533254424,0.0007919059601106877,0.0002933408729467391,0.26718653730097663,0.2669105864469109,1013,1013
tunnel1_gamma,3,1706581992.0639184,1706582003.0582194,10.994301080703735,97.39484414618423,207.29878757340583,12.1610383094713,97.39468218863263,207.299095939854,12.16062395376648,0.0005413046877597698,1.5620994670455328e-05,nan,nan,924,925
tunnel1_gamma,3,1706581992.0639184,1706582003.1577508,11.09383249282837,97.33102257819988,207.4056377256373,12.133581548182331,97.33123887283017,207.40546217410503,12.133391552515553,0.0003371943964070591,0.00016289061216224153,0.020370164323393242,0.0205270037486621,900,900
tunnel1_gamma,3,1706581992.0639184,1706582003.2583132,11.194394826889038,97.26250994951023,207.50833461484913,12.105406336393923,97.26264654518475,207.5084016191884,12.105204789771609,0.00025252524773352144,0.00016223377549425997,0.10786577503640413,0.10788747418288723,886,883
tunnel1_gamma,3,1706581992.0639184,1706582003.3579054,11.293987035751343,97.19882186557086,207.61361365194065,12.09741886319979,97.19884815030288,207.61384748893374,12.097342377582404,0.00024742812318189074,0.00012377045499047717,nan,nan,916,918
tunnel1_gamma,3,1706581992.0639184,1706582003.4585779,11.394659519195557,97.13223667060237,207.72428253425034,12.102769049015535,97.13221498053352,207.7243112049997,12.10281119294602,5.5394781639630054e-05,0.0001128435844991059,nan,nan,920,919
tunnel1_gamma,3,1706581992.0639184,1706582003.5579953,11.49407696723938,97.06602301659005,207.83616382758325,12.117002974150505,97.06618947719629,207.83587476518278,12.116898525787315,0.000349536357718647,0.00015425760665331497,0.02264239520313977,0.022777255865381287,926,923
tunnel1_gamma,3,1706581992.0639184,1706582003.6581888,11.594270467758179,97.00296949102032,207.95118785645624,12.110958571690885,97.00340379049041,207.95019659545883,12.110932026701306,0.0010825520916677134,3.4928156552514016e-05,0.13020189194845827,0.12914000196524966,935,934
tunnel1_gamma,3,1706581992.0639184,1706582003.7585063,11.69458794593811,96.93804702154733,208.0662186609933,12.08519360462534,96.93849364289977,208.06513401891954,12.085206108459746,0.0011730624051924116,6.74304596116228e-05,nan,nan,917,918
tunnel1_gamma,3,1706581992.0639184,1706582003.858091,11.794172763824463,96.87506629402873,208.19143447275408,12.072007000195338,96.8756187764985,208.19010459855454,12.071806213559848,0.0014540005292303735,0.00028799774452407793,0.2192589694048288,0.22070191988990503,941,944
tunnel1_gamma,3,1706581992.0639184,1706582003.9587452,11.894826889038086,96.81235106852358,208.3192219413459,12.084324545983726,96.81294256727479,208.31742589045064,12.08399196153879,0.0019199692716355744,0.00029112643442443713,0.0791414503908679,0.080950624866487,899,901
tunnel1_gamma,3,1706581992.0639184,1706582004.0585482,11.994629859924316,96.74510336320027,208.44885378719093,12.105502094334126,96.74541615557675,208.44736797727103,12.10547569214821,0.0015186070144289918,8.710336853292879e-05,nan,nan,863,859
tunnel1_gamma,3,1706581992.0639184,1706582004.1581116,12.09419322013855,96.67747603963339,208.58049184435384,12.109335213150006,96.67790049878022,208.57984074815292,12.109473662438235,0.000789468197964407,8.740093913172472e-05,0.1597657872136659,0.16055030413129645,886,884
tunnel1_gamma,3,1706581992.0639184,1706582004.2579176,12.193999290466309,96.60981210419409,208.7056736298751,12.092185393838609,96.61005805628353,208.70547117906057,12.092461301202025,0.0004214304637679352,0.00013155077962457242,0.02115128362618028,0.021361524127929042,867,865
tunnel1_gamma,3,1706581992.0639184,1706582004.3580978,12.294179439544678,96.53252978676656,208.8372826494301,12.082003444830121,96.53260322901968,208.83722197848323,12.082333348611035,0.00034338205107531643,4.416656920299568e-05,nan,nan,899,898
tunnel1_gamma,3,1706581992.0639184,1706582004.4578307,12.393912315368652,96.4541528353521,208.9626776016329,12.09218034962254,96.45400236439171,208.96254387264827,12.092695335727422,0.000552933666429324,0.00014148661580379117,0.18085660628533176,0.18079543536974868,912,910
tunnel1_gamma,3,1706581992.0639184,1706582004.5586119,12.494693517684937,96.38285710983664,209.09281328671665,12.107063324286162,96.38258159443215,209.0930342395565,12.107518723598126,0.0005762963030221268,8.35300616919338e-05,0.03662205816067261,0.03610067956152013,957,956
tunnel1_gamma,3,1706581992.0639184,1706582004.6581159,12.594197511672974,96.31087391569334,209.21810708876464,12.108012451452455,96.31073356741322,209.21805924815368,12.108495599096162,0.0005053889684274083,5.5490187659001944e-05,nan,nan,1041,1040
tunnel1_gamma,3,1706581992.0639184,1706582004.7586515,12.694733142852783,96.2461554583248,209.33942689181424,12.08347144714583,96.2458816231252,209.33985505376725,12.083789270803635,0.0005994332756878089,6.072652288439788e-05,nan,nan,1054,1057
tunnel1_gamma,3,1706581992.0639184,1706582004.8586988,12.794780492782593,96.18489061493183,209.46316262640119,12.059970755031188,96.18460909920003,209.46403435901686,12.060046785016212,0.00091921130275417,4.7887129834562776e-05,0.42433086571866474,0.4234230506719606,1006,1007
tunnel1_gamma,3,1706581992.0639184,1706582004.958269,12.894350528717041,96.12536484271025,209.58644880254306,12.065194363634637,96.12484009390533,209.58759809382974,12.065322664286926,0.0012699184333184348,2.3467810332033405e-05,0.28812048716174127,0.2868545239315847,986,985
tunnel1_gamma,3,1706581992.0639184,1706582005.0589712,12.995052814483643,96.0642613447604,209.7056852700565,12.091116453480508,96.06375723977561,209.7067977179509,12.090989127658101,0.001227955218438677,0.0003011991350398094,0.15173003960328574,0.1505415789170979,960,961
tunnel1_gamma,3,1706581992.0639184,1706582005.158116,13.094197750091553,96.00824731891723,209.81907232251973,12.10489439830492,96.00791666943732,209.8200899793475,12.104940238713649,0.0010710069284283997,2.6626302819330096e-05,0.025095015431535896,0.024095869950752913,929,936
tunnel1_gamma,3,1706581992.0639184,1706582005.2584438,13.194525480270386,95.9480893236161,209.9377818919353,12.096719325204917,95.94763145370405,209.9388480392115,12.096555254771491,0.0011718506637278477,5.946030873463523e-05,nan,nan,879,880
tunnel1_gamma,3,1706581992.0639184,1706582005.3581479,13.294229507446289,95.88307712870122,210.06100876999366,12.091693414968116,95.88294891043566,210.06125499329448,12.091732948925474,0.00028040822255068513,5.50953463292029e-05,nan,nan,925,922
tunnel1_gamma,3,1706581992.0639184,1706582005.4585645,13.394646167755127,95.81956733162588,210.181248803055,12.103750531396729,95.81933951179533,210.18104623393117,12.103545479568222,0.000367399479445366,0.0002864722628906433,0.40780184112147755,0.40790172421064963,938,939
tunnel1_gamma,3,1706581992.0639184,1706582005.5582902,13.494371891021729,95.76403120642344,210.29799303836535,12.124546483553285,95.76391144969253,210.29782896058612,12.124144666678877,0.0004502443700871838,8.773133032522726e-05,0.2788365461364959,0.27892486139439965,903,903
tunnel1_gamma,3,1706581992.0639184,1706582005.658852,13.59493374824524,95.71110269554127,210.41836851858253,12.136037722974919,95.71104971780902,210.4179023045787,12.13569915148962,0.0005786128136720075,0.00014448858071020355,0.14906117914782438,0.14941746277803392,951,952
tunnel1_gamma,3,1706581992.0639184,1706582005.758623,13.694704532623291,95.66359725356035,210.5416546279393,12.11757832263567,95.66332486529092,210.54125635521507,12.117270820284466,0.0005721662592157432,0.0002196576002866932,0.015978563616383428,0.016128947134151247,958,959
tunnel1_gamma,3,1706581992.0639184,1706582005.8579872,13.794068813323975,95.61665241451034,210.6646528446085,12.098462572019642,95.61642969433913,210.66407465869383,12.097984035813548,0.0007828793822294483,7.739276958542222e-05,nan,nan,961,961
tunnel1_gamma,3,1706581992.0639184,1706582005.9586864,13.894767999649048,95.56628844980746,210.78485968387133,12.100992876681733,95.56626596748177,210.78442854708683,12.10037181807471,0.0007563717176594644,4.7133293865308834e-05,nan,nan,963,965
tunnel1_gamma,3,1706581992.0639184,1706582006.0585973,13.994678974151611,95.51285465480183,210.91284903491527,12.12158557465563,95.5129012963702,210.91206488194373,12.121150253329368,0.0008980957497745404,4.074548623443279e-05,0.029843807549023098,0.030666186982444294,913,910
tunnel1_gamma,3,1706581992.0639184,1706582006.1579647,14.094046354293823,95.46094857328107,211.03658863564817,12.126497903280983,95.46120418501609,211.0354611450677,12.126194725133555,0.0011951942759271794,0.00023381150836330181,0.10774777404609949,0.10662908383784334,917,918
tunnel1_gamma,3,1706581992.0639184,1706582006.2588139,14.194895505905151,95.41294702777436,211.16307620240642,12.10877075072338,95.41309683700194,211.1622687344169,12.108382139421668,0.0009085516510258607,7.30023079930927e-05,nan,nan,924,923
tunnel1_gamma,3,1706581992.0639184,1706582006.3582258,14.294307470321655,95.35608883069763,211.28883856544795,12.092314071233885,95.35607587400392,211.28839880474908,12.092210440199192,0.0004519919684371766,0.00023175238092337805,0.4391775586594237,0.43959781502166795,952,951
tunnel1_gamma,3,1706581992.0639184,1706582006.4582007,14.394282341003418,95.30062905713937,211.4187035228244,12.09688262429843,95.3007640805893,211.41789885731646,12.09707716854087,0.0008387880387480082,0.00029247820657950967,0.29897557504556727,0.29975020368778266,924,925
tunnel1_gamma,3,1706581992.0639184,1706582006.5589104,14.494992017745972,95.2544053705627,211.54744070579008,12.11532479148077,95.25452321552096,211.54733639077543,12.115448793637514,0.00020036364777161617,2.462267082112502e-05,0.16124796614877088,0.161359916953544,945,944
tunnel1_gamma,3,1706581992.0639184,1706582006.658543,14.594624757766724,95.21329639879879,211.6766060576424,12.130189918897754,95.21311641838861,211.67676515627457,12.130523942469118,0.00041143294597434626,7.193564543283012e-05,0.026514122235591776,0.026270219823957313,975,974
tunnel1_gamma,3,1706581992.0639184,1706582006.759058,14.695139646530151,95.18115515449392,211.8022558272004,12.126185502587248,95.18084105023304,211.8021438452553,12.126308109290779,0.00035529402821419766,0.00023261697562563914,nan,nan,1005,999
tunnel1_gamma,3,1706581992.0639184,1706582006.8587465,14.794828176498413,95.1516256062267,211.92421273509513,12.10789636517926,95.15233542831663,211.92432682093425,12.10738306587755,0.0008833680723118675,0.00016693751404270684,0.14682246966479512,0.14690789742490526,972,972
tunnel1_gamma,3,1706581992.0639184,1706582006.9581873,14.894268989562988,95.11956260574004,212.03953317526455,12.102542365565101,95.12002955694979,212.03970991872626,12.102019906376551,0.0007226654047618702,9.302326978666589e-05,0.029450953298470726,0.029555579862893824,933,936
tunnel1_gamma,3,1706581992.0639184,1706582007.0591354,14.995217084884644,95.08243734009824,212.16542813918048,12.114122080377422,95.08289363044914,212.1654890889037,12.113806946920084,0.0005578752988059955,0.0001322152415236701,nan,nan,909,911
tunnel1_gamma,3,1706581992.0639184,1706582007.158493,15.094574689865112,95.03595529766588,212.28195489902848,12.127421584999897,95.03646668260966,212.28186246971964,12.127383508169894,0.0005210638951582848,0.00015727725214641312,nan,nan,908,902
tunnel1_gamma,3,1706581992.0639184,1706582007.2585921,15.194673776626587,94.9852245101698,212.39963997344753,12.11966222123361,94.98505134881061,212.39839503192036,12.11978985622975,0.0012633902622080475,0.00014419711946208943,nan,nan,938,941
tunnel1_gamma,3,1706581992.0639184,1706582007.3582578,15.294339418411255,94.93193411718184,212.5159209367151,12.10650404771176,94.93179977468836,212.51415659999319,12.106608129104501,0.00177250244292723,0.00013104189940677796,0.09832400834327158,0.09674443322791566,926,932
tunnel1_gamma,3,1706581992.0639184,1706582007.458821,15.39490270614624,94.87997509360302,212.6358428507048,12.101527547666112,94.87988340563791,212.63427324816695,12.101712535609748,0.0015831232892721213,0.00010960025599284291,0.22865223254196107,0.22723049255824318,910,910
tunnel1_gamma,3,1706581992.0639184,1706582007.5586267,15.49470829963684,94.82847529212307,212.75207133830233,12.111526561612017,94.82855776025053,212.75036870629853,12.11160554638621,0.0017064569513937007,5.56158608615308e-05,nan,nan,925,925
tunnel1_gamma,3,1706581992.0639184,1706582007.6591232,15.595204830169678,94.78692379922275,212.87085867340653,12.124854673449876,94.78627478937484,212.86963634065248,12.125979487964624,0.0017834009187219445,0.0007151760564421432,nan,nan,916,912
tunnel1_gamma,3,1706581992.0639184,1706582007.7587934,15.694875001907349,94.75407601652161,212.9899722406344,12.12618020353323,94.75227088913984,212.98858853082533,12.127208946803114,0.0024962873263006716,0.0010321176821947993,0.11122115371139554,0.11024028275755976,943,945
tunnel1_gamma,3,1706581992.0639184,1706582007.8583739,15.794455528259277,94.72506930802655,213.1085396198901,12.109250699747932,94.7235654338445,213.10670825355317,12.110426844277217,0.0026455351385482576,0.0005994587342361467,0.23443719811658778,0.23289759137206087,930,929
tunnel1_gamma,3,1706581992.0639184,1706582007.959094,15.895175695419312,94.69458050096655,213.2337982450348,12.096095854855646,94.69321207867527,213.23232636031412,12.096842596984143,0.0021439794786071846,0.00044236737685784673,nan,nan,914,909
tunnel1_gamma,3,1706581992.0639184,1706582008.0589027,15.99498438835144,94.65584934427828,213.35519510164838,12.103561711447439,94.65476004248299,213.35398827449262,12.104298382819598,0.0017848515052095257,0.0004193119950162124,nan,nan,877,875
tunnel1_gamma,3,1706581992.0639184,1706582008.1590593,16.09514093399048,94.61455615642271,213.4803607393249,12.121036556103684,94.61291304688261,213.47914594876008,12.122313558234662,0.0024096181273561054,0.0013759962110581369,0.035745355936472996,0.03522899019890274,881,881
tunnel1_gamma,3,1706581992.0639184,1706582008.2587547,16.194836378097534,94.57648858371326,213.59929418821082,12.122542842984977,94.5751124530248,213.59780573824636,12.123321608715152,0.002171565110903181,0.000530099738933944,0.09789423431797507,0.09664599359528374,861,862
tunnel1_gamma,3,1706581992.0639184,1706582008.3588943,16.294975996017456,94.54268927439381,213.71871882466021,12.110914178394324,94.54153965730933,213.71789489277705,12.11142753101462,0.0015046641159344272,0.00021807363279378362,nan,nan,852,855
tunnel1_gamma,3,1706581992.0639184,1706582008.4586346,16.394716262817383,94.50676306244665,213.8399898183171,12.101803630462097,94.50608757357843,213.83952234848962,12.102345560640513,0.0009841247730694763,6.769027930092222e-05,nan,nan,802,801
tunnel1_gamma,3,1706581992.0639184,1706582008.5591462,16.495227813720703,94.4678647381185,213.96583323469585,12.104929744864808,94.46746736283285,213.96446175938237,12.105694403566034,0.0016197390476478787,0.00027868251283141805,0.023534672128451724,0.023402000317625734,858,855
tunnel1_gamma,3,1706581992.0639184,1706582008.6587596,16.594841241836548,94.42839617214648,214.0885113071871,12.121487227062875,94.42790100584142,214.08785659310854,12.122143287341615,0.001050835516945648,0.0001329174290535629,0.1156442238747434,0.1151193467591896,826,824
tunnel1_gamma,3,1706581992.0639184,1706582008.7583306,16.694412231445312,94.39227361271779,214.21220524711342,12.124337570197707,94.39257781563639,214.21131614534124,12.124390638025574,0.000941200069762644,0.0003593958060883736,nan,nan,836,836
tunnel1_gamma,3,1706581992.0639184,1706582008.8589377,16.795019388198853,94.35683513556171,214.33703413998737,12.10876356821848,94.35756494582073,214.33683232576126,12.108161923355388,0.0009671238479683181,0.0007806109205299914,0.01865554900723354,0.0192946178689948,860,862
tunnel1_gamma,3,1706581992.0639184,1706582008.9583957,16.894477367401123,94.31732592899255,214.46408883715756,12.081013706094147,94.31772834819198,214.46384125971122,12.079858719598441,0.0012478900629756971,0.0002685427855588072,0.12225371246964253,0.12217906202921072,835,837
tunnel1_gamma,3,1706581992.0639184,1706582009.0591261,16.99520778656006,94.27508318125282,214.5958836504734,12.072691175269401,94.27532089666629,214.59576540252743,12.071778172837275,0.0009508231358110978,0.00026789978481434957,nan,nan,805,806
tunnel1_gamma,3,1706581992.0639184,1706582009.158769,17.094850540161133,94.22754518446916,214.7259388299548,12.082585946055696,94.22754423903413,214.72584505557577,12.081851584696858,0.000740325018733363,0.00017957928903017628,nan,nan,793,795
tunnel1_gamma,3,1706581992.0639184,1706582009.2584803,17.19456195831299,94.17899409446117,214.86135964944873,12.100981995940145,94.17898235006176,214.86073557821078,12.100078824928124,0.0010978709932916123,0.00022826375389569927,0.02150936030489874,0.02204963984006806,762,759
tunnel1_gamma,3,1706581992.0639184,1706582009.3585963,17.29467797279358,94.13606217046546,214.99546055073216,12.095398808890893,94.13606213799375,214.9954999955395,12.09435693555276,0.001042619751679586,0.00032668811575422635,0.13708483197056376,0.13726241133159264,768,766
tunnel1_gamma,3,1706581992.0639184,1706582009.4586477,17.394729375839233,94.09197280667416,215.13654680821267,12.081334540696083,94.09271949844631,215.1356099364544,12.080279944400106,0.0015960735075672223,0.0006540637438880695,nan,nan,795,798
tunnel1_gamma,3,1706581992.0639184,1706582009.5590875,17.495169162750244,94.0450484291964,215.27764349362351,12.075504635846894,94.04573339821397,215.27689559182517,12.074759372501749,0.0012585535779696818,0.00034208382729929604,0.1946758218402,0.19574655986004327,768,767
tunnel1_gamma,3,1706581992.0639184,1706582009.6590707,17.595152378082275,94.00425485266565,215.41050677094483,12.092678489914677,94.00507865917822,215.40928304148056,12.092291475513184,0.0015251069204629693,0.0003870277865690027,0.059110808894913706,0.06061520539420978,778,780
tunnel1_gamma,3,1706581992.0639184,1706582009.7587574,17.694839000701904,93.95825638463477,215.53934119106952,12.108251399855568,93.95870718059726,215.53827266588232,12.108484039868145,0.0011828290032581804,0.00012110139141854335,nan,nan,835,840
tunnel1_gamma,3,1706581992.0639184,1706582009.8592565,17.79533815383911,93.92043666542412,215.66767023780014,12.100925826838346,93.92061306174541,215.6676996424443,12.101440234772642,0.0005446061128295501,5.647308117308394e-05,0.18674173482937537,0.18685963521597745,831,835
tunnel1_gamma,3,1706581992.0639184,1706582009.9588938,17.894975423812866,93.88071299496403,215.79112684634964,12.076224678011192,93.88097857213597,215.79097029465203,12.076475918309962,0.0003976950540426159,0.000112140650582702,0.05616727321909343,0.05645765630591771,798,794
tunnel1_gamma,3,1706581992.0639184,1706582010.058719,17.994800567626953,93.8428032468806,215.91441771092786,12.066520302989428,93.84298947878538,215.91349613386487,12.067069365903723,0.001088786796968444,0.00022621258224040565,nan,nan,754,753
tunnel1_gamma,3,1706581992.0639184,1706582010.1593256,18.095407247543335,93.78829454477983,216.0381465802276,12.081768474531504,93.78823169742311,216.0370815177816,12.082570176620584,0.00133455387443357,0.00026199586231902673,0.2245959099835077,0.2254106073256995,649,648
tunnel1_gamma,3,1706581992.0639184,1706582010.2592316,18.195313215255737,93.7262804646723,216.16615208069788,12.08649835185498,93.72507134641376,216.16283431887177,12.08804204128101,0.0038538925182184246,0.0010211378113343516,0.08504610729889316,0.08649702355392919,649,644
tunnel1_gamma,3,1706581992.0639184,1706582010.358799,18.294880628585815,93.66411594171814,216.29291107858828,12.080085582613274,93.66262232720155,216.28955652691212,12.0815801596244,0.0039645506320818615,0.0003270888303979003,nan,nan,689,687
tunnel1_gamma,3,1706581992.0639184,1706582010.4584327,18.394514322280884,93.59712147115694,216.41618837841602,12.06351813448288,93.59640903134398,216.41241616085696,12.064742387902022,0.004029391050053437,0.00035981843949505827,0.21187676988968132,0.21430349748961722,705,704
tunnel1_gamma,3,1706581992.0639184,1706582010.559027,18.495108604431152,93.5213906979328,216.53596800536613,12.062106805828732,93.52136741359921,216.53193529603143,12.062519751630191,0.004053863709261383,0.0003096448291107139,0.0741481918798352,0.07647671602180765,670,675
tunnel1_gamma,3,1706581992.0639184,1706582010.6585836,18.59466528892517,93.44803059263691,216.648411396271,12.077308277658904,93.4483473309587,216.64496350904622,12.077745475022416,0.003489898424589543,0.0002000256284423328,nan,nan,694,692
tunnel1_gamma,3,1706581992.0639184,1706582010.7593331,18.695414781570435,93.37725950010136,216.760778575793,12.093009488771308,93.37801767973406,216.75789597997922,12.09281085692453,0.0029872478289649207,0.0003032822325685597,0.18523310327028683,0.18797412472941813,720,716
tunnel1_gamma,3,1706581992.0639184,1706582010.8589218,18.795003414154053,93.31094202082284,216.8635020834129,12.098490838119739,93.31290176663197,216.85947845757192,12.097603494133054,0.004562625110093002,0.00045904467065433445,0.06475603096611104,0.06882525896367381,733,730
tunnel1_gamma,3,1706581992.0639184,1706582010.9584558,18.894537448883057,93.25064941467936,216.96415222436144,12.081343956703885,93.25356041628005,216.95939589141923,12.081100343967984,0.0055817542530520155,0.0007266961524100283,nan,nan,729,729
tunnel1_gamma,3,1706581992.0639184,1706582011.059406,18.995487689971924,93.18307996679951,217.06646449105102,12.069811468117889,93.18637242378294,217.06330479266973,12.069855743316777,0.00456354326611934,0.001166186018411405,nan,nan,705,710
tunnel1_gamma,3,1706581992.0639184,1706582011.158902,19.09498357772827,93.1155431360178,217.1666674917214,12.08215001687645,93.11951285200908,217.16396805710028,12.080985957203744,0.004939699104876011,0.00038131022575824895,0.07433539169014504,0.07911611348223523,675,679
tunnel1_gamma,3,1706581992.0639184,1706582011.2586925,19.19477415084839,93.04834891793477,217.2640407461094,12.099022163969627,93.05185281342865,217.26204755781785,12.09836584045709,0.004084218866650331,0.0003857116035836884,0.04668209663728532,0.04348259228103159,675,672
tunnel1_gamma,3,1706581992.0639184,1706582011.3593318,19.295413494110107,92.97867068728073,217.3616251346577,12.106245506090014,92.98139130008632,217.35923803742455,12.10648558726326,0.0036273414793959397,0.0003901125110944906,nan,nan,619,617
tunnel1_gamma,3,1706581992.0639184,1706582011.4590313,19.395112991333008,92.90419739959528,217.45874462136936,12.096404196972442,92.90631007381674,217.4552353742309,12.097751784389684,0.004312099221016801,0.0005172227108537136,nan,nan,644,643
tunnel1_gamma,3,1706581992.0639184,1706582011.5585706,19.494652271270752,92.81671114974188,217.55485503137274,12.092681770464349,92.81948474703266,217.55245688574558,12.093976818749839,0.003888585146583641,0.000423880717098764,0.06699988479492502,0.07070608112376495,656,658
tunnel1_gamma,3,1706581992.0639184,1706582011.6592062,19.595287799835205,92.72523487629239,217.6522146622511,12.098057704514392,92.72730864065142,217.65107908379105,12.099446886163305,0.002742236807681358,0.00010617483805932643,0.06752365950246222,0.06553285394611442,650,652
tunnel1_gamma,3,1706581992.0639184,1706582011.7590587,19.69514036178589,92.63396861262716,217.74613571698958,12.10775276228495,92.63641096334902,217.74464266832348,12.107450773860895,0.002878448953206192,0.00041494352645780734,nan,nan,694,696
tunnel1_gamma,3,1706581992.0639184,1706582011.85952,19.79560160636902,92.55340143590502,217.84272461066288,12.111444512485852,92.55531019353636,217.84112710904233,12.111613500319704,0.002494779351136637,0.00024902741781755424,nan,nan,706,710
tunnel1_gamma,3,1706581992.0639184,1706582011.9590526,19.895134210586548,92.4762210906521,217.9413599085393,12.09818613301087,92.47768715196494,217.9393063051566,12.098050423084372,0.002526863631187107,5.4568857975740635e-05,0.08114337108288577,0.08358868511186723,717,712
tunnel1_gamma,3,1706581992.0639184,1706582012.0576887,19.993770360946655,92.39808549035442,218.03623626654087,12.064367466373517,92.3988039377623,218.03451450630553,12.064213105597224,0.0018720182251102677,0.00037161898612982856,0.046891955213357706,0.04532005309721368,751,755
tunnel1_gamma,4,1706582007.4634585,1706582007.5586267,0.0951681137084961,94.82847529212307,212.75207133830233,12.111526561612017,94.83305391165925,212.75253202718824,12.110487552119354,0.004717576902658111,0.0006003521146258672,nan,nan,925,927
tunnel1_gamma,4,1706582007.4634585,1706582007.6591232,0.195664644241333,94.78692379922275,212.87085867340653,12.124854673449876,94.78938022014869,212.87170025830017,12.124202754649252,0.0026771751943399603,0.0001843356468207233,nan,nan,916,922
tunnel1_gamma,4,1706582007.4634585,1706582007.7587934,0.2953348159790039,94.75407601652161,212.9899722406344,12.12618020353323,94.75496929544775,212.99066453867025,12.126497047168494,0.0011737178960680673,0.0001292519541290776,0.11122115371139554,0.11163427933508209,943,939
tunnel1_gamma,4,1706582007.4634585,1706582007.8583739,0.3949153423309326,94.72506930802655,213.1085396198901,12.109250699747932,94.72495226797261,213.10926518175972,12.109404342723606,0.0007508292514536342,4.7720600556145684e-05,0.23443719811658778,0.23514395423471046,930,931
tunnel1_gamma,4,1706582007.4634585,1706582007.959094,0.4956355094909668,94.69458050096655,213.2337982450348,12.096095854855646,94.69390758652555,213.23477938654423,12.096279309295689,0.0012037890338527021,4.001703994940477e-05,nan,nan,914,917
tunnel1_gamma,4,1706582007.4634585,1706582008.0589027,0.5954442024230957,94.65584934427828,213.35519510164838,12.103561711447439,94.65451262865523,213.35621225116313,12.10377314626459,0.0016929579067954301,0.0002771754801937865,nan,nan,877,880
tunnel1_gamma,4,1706582007.4634585,1706582008.1590593,0.6956007480621338,94.61455615642271,213.4803607393249,12.121036556103684,94.61308935647557,213.481786858486,12.121017450186832,0.0020458941767912226,0.0003838388726560526,0.035745355936472996,0.03409805163458673,881,882
tunnel1_gamma,4,1706582007.4634585,1706582008.2587547,0.7952961921691895,94.57648858371326,213.59929418821082,12.122542842984977,94.57475429554958,213.6004809489777,12.12222477337975,0.002125399921477231,0.00031512485874401325,0.09789423431797507,0.09948236752150666,861,860
tunnel1_gamma,4,1706582007.4634585,1706582008.3588943,0.8954358100891113,94.54268927439381,213.71871882466021,12.110914178394324,94.54084765983642,213.7198171519552,12.110500534486624,0.0021837967641887986,0.00022360142491849083,nan,nan,852,851
tunnel1_gamma,4,1706582007.4634585,1706582008.4586346,0.9951760768890381,94.50676306244665,213.8399898183171,12.101803630462097,94.50488385550582,213.84151646289286,12.101264053664154,0.0024805655621321825,0.0002726366949515471,nan,nan,802,802
tunnel1_gamma,4,1706582007.4634585,1706582008.5591462,1.0956876277923584,94.4678647381185,213.96583323469585,12.104929744864808,94.4662173945057,213.9672654103299,12.104671376250597,0.0021980951676786654,3.759359497644044e-05,0.023534672128451724,0.02205617315289696,858,857
tunnel1_gamma,4,1706582007.4634585,1706582008.6587596,1.1953010559082031,94.42839617214648,214.0885113071871,12.121487227062875,94.42731479079988,214.0894971241543,12.121284445967419,0.0014772748160823614,5.673104366611764e-05,0.1156442238747434,0.11682879274017663,826,827
tunnel1_gamma,4,1706582007.4634585,1706582008.7583306,1.2948720455169678,94.39227361271779,214.21220524711342,12.124337570197707,94.39130694316793,214.21349153307995,12.123954432473399,0.001654018174655824,0.00016335358934780543,nan,nan,836,834
tunnel1_gamma,4,1706582007.4634585,1706582008.8589377,1.3954792022705078,94.35683513556171,214.33703413998737,12.10876356821848,94.35619828484533,214.3383495780178,12.108108311578928,0.001601660797599897,0.00017244815069497583,0.01865554900723354,0.017356117653682054,860,857
tunnel1_gamma,4,1706582007.4634585,1706582008.9583957,1.4949371814727783,94.31732592899255,214.46408883715756,12.081013706094147,94.31629003151845,214.46603371525524,12.080577064003425,0.002246395046968475,0.00010146031161052069,0.12225371246964253,0.12441236462186869,835,835
tunnel1_gamma,4,1706582007.4634585,1706582009.0591261,1.5956676006317139,94.27508318125282,214.5958836504734,12.072691175269401,94.27403097939484,214.59791335157462,12.072569079209524,0.002289480892698983,1.5024893369266314e-05,nan,nan,805,807
tunnel1_gamma,4,1706582007.4634585,1706582009.158769,1.695310354232788,94.22754518446916,214.7259388299548,12.082585946055696,94.22633825617896,214.727871676374,12.082556332165717,0.0022789138115375343,9.96262396407308e-05,nan,nan,793,788
tunnel1_gamma,4,1706582007.4634585,1706582009.2584803,1.7950217723846436,94.17899409446117,214.86135964944873,12.100981995940145,94.17759376027828,214.86343445238342,12.101454221559186,0.0025473005470163035,6.36588977330953e-05,0.02150936030489874,0.020144589330736394,762,758
tunnel1_gamma,4,1706582007.4634585,1706582009.3585963,1.8951377868652344,94.13606217046546,214.99546055073216,12.095398808890893,94.13458439893292,214.9982277258263,12.09532197841832,0.003137988149361128,0.00029456448733111056,0.13708483197056376,0.14006639791549852,768,768
tunnel1_gamma,4,1706582007.4634585,1706582009.4586477,1.9951891899108887,94.09197280667416,215.13654680821267,12.081334540696083,94.09058382115646,215.1391088207965,12.08115259562448,0.002919981722069612,0.0001105674153501548,nan,nan,795,799
tunnel1_gamma,4,1706582007.4634585,1706582009.5590875,2.0956289768218994,94.0450484291964,215.27764349362351,12.075504635846894,94.04337142076513,215.280023721379,12.075754747939857,0.002922395850251402,0.00011750884144809742,0.1946758218402,0.19180864490305874,768,771
tunnel1_gamma,4,1706582007.4634585,1706582009.6590707,2.1956121921539307,94.00425485266565,215.41050677094483,12.092678489914677,94.0023888001964,215.41260693670978,12.092878996368208,0.0028165672184692673,0.0003361492910593213,0.059110808894913706,0.05632871725048315,778,780
tunnel1_gamma,4,1706582007.4634585,1706582009.7587574,2.2952988147735596,93.95825638463477,215.53934119106952,12.108251399855568,93.9571428480337,215.5403635308873,12.108372527524802,0.0015165138895472774,0.00011654623706914367,nan,nan,835,837
tunnel1_gamma,4,1706582007.4634585,1706582009.8592565,2.3957979679107666,93.92043666542412,215.66767023780014,12.100925826838346,93.91964092015839,215.66857463686065,12.101243543538928,0.0012458298802121707,0.0001738668714657783,0.18674173482937537,0.18566757100616765,831,833
tunnel1_gamma,4,1706582007.4634585,1706582009.9588938,2.4954352378845215,93.88071299496403,215.79112684634964,12.076224678011192,93.88036307335011,215.79143439672995,12.076131939388661,0.0004750082361668323,5.092656218953372e-05,0.05616727321909343,0.05571617436593025,798,801
tunnel1_gamma,4,1706582007.4634585,1706582010.058719,2.5952603816986084,93.8428032468806,215.91441771092786,12.066520302989428,93.84228839308679,215.91456183262142,12.066757502097259,0.0005849007679219387,0.0002568126749571844,nan,nan,754,755
tunnel1_gamma,4,1706582007.4634585,1706582010.1593256,2.6958670616149902,93.78829454477983,216.0381465802276,12.081768474531504,93.78806679150668,216.03746452645217,12.082150250362169,0.0008141386189565816,0.0002934586126940465,0.2245959099835077,0.22502464973976,649,652
tunnel1_gamma,4,1706582007.4634585,1706582010.2592316,2.7957730293273926,93.7262804646723,216.16615208069788,12.08649835185498,93.7266524351103,216.16481978732696,12.086644797678305,0.001390975920753115,0.00010771209517580546,0.08504610729889316,0.08624402718788668,649,649
tunnel1_gamma,4,1706582007.4634585,1706582010.358799,2.8953404426574707,93.66411594171814,216.29291107858828,12.080085582613274,93.66439181515531,216.29178769799665,12.08025705239604,0.0011693981329616147,0.00014874451664059594,nan,nan,689,689
tunnel1_gamma,4,1706582007.4634585,1706582010.4584327,2.994974136352539,93.59712147115694,216.41618837841602,12.06351813448288,93.59747895099453,216.41507327339593,12.063422932104954,0.0011748678789027455,2.962434794378404e-05,0.21187676988968132,0.2129629434178998,705,702
tunnel1_gamma,4,1706582007.4634585,1706582010.559027,3.0955684185028076,93.5213906979328,216.53596800536613,12.062106805828732,93.5215415756842,216.53430664384138,12.062080272699818,0.0016684094877240114,0.00015237840300675752,0.0741481918798352,0.07523503018196741,670,670
tunnel1_gamma,4,1706582007.4634585,1706582010.6585836,3.195125102996826,93.44803059263691,216.648411396271,12.077308277658904,93.44835915499277,216.64741511262915,12.077319578335931,0.0010491244073110163,5.3746139801480705e-05,nan,nan,694,694
tunnel1_gamma,4,1706582007.4634585,1706582010.7593331,3.29587459564209,93.37725950010136,216.760778575793,12.093009488771308,93.37756641262602,216.76008848102248,12.092717645868124,0.000809690292798482,0.00031677376228230565,0.18523310327028683,0.18596388229055005,720,722
tunnel1_gamma,4,1706582007.4634585,1706582010.8589218,3.395463228225708,93.31094202082284,216.8635020834129,12.098490838119739,93.31220557274611,216.86102809794411,12.097688899299843,0.0028914137430344987,0.000372996669095695,0.06475603096611104,0.06726904591253256,733,735
tunnel1_gamma,4,1706582007.4634585,1706582010.9584558,3.494997262954712,93.25064941467936,216.96415222436144,12.081343956703885,93.25221302734775,216.9611648065928,12.080423866742242,0.003495155939113522,0.0005064433797720414,nan,nan,729,727
tunnel1_gamma,4,1706582007.4634585,1706582011.059406,3.595947504043579,93.18307996679951,217.06646449105102,12.069811468117889,93.18495555052945,217.06386154137854,12.068743310825822,0.0033814377601951696,0.0006373770390700267,nan,nan,705,713
tunnel1_gamma,4,1706582007.4634585,1706582011.158902,3.6954433917999268,93.1155431360178,217.1666674917214,12.08215001687645,93.1178704542256,217.16480912289967,12.080038507927286,0.0036508101512251964,0.0004341082235098796,0.07433539169014504,0.07754188594424187,675,677
tunnel1_gamma,4,1706582007.4634585,1706582011.2586925,3.795233964920044,93.04834891793477,217.2640407461094,12.099022163969627,93.05040456746671,217.26264190309666,12.097178247172446,0.0030955590653990723,0.00038946497888172975,0.04668209663728532,0.04437586297044012,675,674
tunnel1_gamma,4,1706582007.4634585,1706582011.3593318,3.8958733081817627,92.97867068728073,217.3616251346577,12.106245506090014,92.98032816828734,217.36035294135564,12.104901601880655,0.002484310288388257,0.00042436578964222634,nan,nan,619,615
tunnel1_gamma,4,1706582007.4634585,1706582011.4590313,3.995572805404663,92.90419739959528,217.45874462136936,12.096404196972442,92.90590396418924,217.4565641710077,12.094932839255895,0.0031355414242322664,0.0002675168913105942,nan,nan,644,645
tunnel1_gamma,4,1706582007.4634585,1706582011.5585706,4.095112085342407,92.81671114974188,217.55485503137274,12.092681770464349,92.8183987052831,217.5524800955588,12.091375842781979,0.003192743481187459,0.00014865593187738963,0.06699988479492502,0.06982324405332434,656,655
tunnel1_gamma,4,1706582007.4634585,1706582011.6592062,4.19574761390686,92.72523487629239,217.6522146622511,12.098057704514392,92.72673792982624,217.65086224732744,12.097351879068292,0.00214158483646183,0.00030101592147945477,0.06752365950246222,0.06547316992385381,650,654
tunnel1_gamma,4,1706582007.4634585,1706582011.7590587,4.295600175857544,92.63396861262716,217.74613571698958,12.10775276228495,92.63540887589977,217.74479454401444,12.106832409323665,0.0021725912678280824,0.0002917741625221864,nan,nan,694,694
tunnel1_gamma,4,1706582007.4634585,1706582011.85952,4.396061420440674,92.55340143590502,217.84272461066288,12.111444512485852,92.55434467157325,217.84212313189016,12.110985247389602,0.0012092951122420691,0.00013845898548085552,nan,nan,706,708
tunnel1_gamma,4,1706582007.4634585,1706582011.9590526,4.495594024658203,92.4762210906521,217.9413599085393,12.09818613301087,92.47681471101046,217.9408491082551,12.097768465874376,0.0008875516306796913,0.00015484348912960685,0.08114337108288577,0.08181825614058154,717,714
tunnel1_gamma,4,1706582007.4634585,1706582012.0576887,4.5942301750183105,92.39808549035442,218.03623626654087,12.064367466373517,92.39734061457227,218.03616406053922,12.065633829751512,0.0014709622165882468,0.0005028297137019656,0.046891955213357706,0.04683087097395614,751,755
tunnel1_gamma,4,1706582007.4634585,1706582012.158205,4.694746494293213,92.31630764781045,218.1405174156981,12.043741919945663,92.31553979181884,218.14066972178603,12.04458117605156,0.0011476718954291046,0.00019400442513666462,nan,nan,759,760
tunnel1_gamma,4,1706582007.4634585,1706582012.2580903,4.794631719589233,92.233141778479,218.24197794530855,12.046383939288555,92.23203464428154,218.24283749583398,12.04772468813224,0.0019396341662250179,6.768222239803638e-05,nan,nan,683,682
tunnel1_gamma,4,1706582007.4634585,1706582012.357649,4.894190549850464,92.1494302638562,218.34236093378877,12.057862147561703,92.14851174356956,218.34254731534242,12.058915606693981,0.0014100332421257593,6.453641132366661e-05,0.0777205411932235,0.07698344996965437,695,692
tunnel1_gamma,4,1706582007.4634585,1706582012.4584434,4.994984865188599,92.0655279890987,218.45609453390105,12.065884304589298,92.0643899510307,218.4571960144335,12.066858366929452,0.0018593513519643324,0.00014410757602289595,0.06752018571488039,0.06903012844332553,712,712
tunnel1_gamma,4,1706582007.4634585,1706582012.5585868,5.095128297805786,91.9791390978182,218.56914841442176,12.04666225926722,91.97823269770312,218.5704303856098,12.047258372349956,0.0016793933735094206,0.0002201067585041871,nan,nan,754,757
tunnel1_gamma,4,1706582007.4634585,1706582012.6580703,5.1946117877960205,91.88788075507706,218.68616887318592,12.025797631056959,91.88754501693805,218.68782297057723,12.026142146450608,0.0017226285538059114,6.201740125976734e-05,nan,nan,740,740
tunnel1_gamma,4,1706582007.4634585,1706582012.7577724,5.294313907623291,91.79728295452063,218.81279304910768,12.025581571856275,91.79668445396841,218.81394675898878,12.026275649289722,0.0014734289546354568,0.0004026804989859465,0.06643906125859632,0.06503593874679853,726,726
tunnel1_gamma,4,1706582007.4634585,1706582012.8583212,5.394862651824951,91.71866124832688,218.93548189168087,12.041687130599497,91.71851993037788,218.9357064018293,12.042515871030737,0.0008701645084862652,0.0005198187286824904,0.08069877079038389,0.08099665292486696,788,785
tunnel1_gamma,4,1706582007.4634585,1706582012.9580066,5.494548082351685,91.64482318152791,219.04951001528755,12.043868251219633,91.64504203984703,219.04883414031883,12.045117588740734,0.0014372022052651036,0.0004585474054970289,nan,nan,912,914
tunnel1_gamma,4,1706582007.4634585,1706582013.0579429,5.594484329223633,91.57417736890855,219.16310095083568,12.019515065361794,91.57497706755046,219.16281037617793,12.020103647322806,0.0010345918395359283,0.00025624903859831005,nan,nan,859,856
tunnel1_gamma,4,1706582007.4634585,1706582013.157829,5.69437050819397,91.50551368460214,219.28536744480346,12.000624578629255,91.50653619389675,219.28470866565115,12.001560912623736,0.001535003771429624,0.000725104004940265,0.07125135619557411,0.07230989139758834,872,873
tunnel1_gamma,4,1706582007.4634585,1706582013.2581985,5.7947399616241455,91.43403650944822,219.40712276662862,12.006751599707258,91.43540854593947,219.40731624221672,12.007497955665471,0.001573837397213447,0.00019429085300825578,0.07210299323347935,0.07152998369180343,863,866
tunnel1_gamma,4,1706582007.4634585,1706582013.3579767,5.894518136978149,91.35606799641212,219.5232794364668,12.026420033906494,91.35717241483339,219.5234634512073,12.02690647779766,0.0012207494145830497,0.0002479075284330162,nan,nan,797,794
tunnel1_gamma,4,1706582007.4634585,1706582013.4585774,5.995118856430054,91.2769787093459,219.6421670730582,12.029968390691135,91.27742898475852,219.64242895036085,12.030282020450317,0.0006080224458809915,0.00011143385644098482,nan,nan,777,770
tunnel1_gamma,4,1706582007.4634585,1706582013.5578282,6.094369649887085,91.19961641249674,219.76152296253812,12.008241910266829,91.19957972214843,219.76150903945137,12.008253627087717,4.0955071671101335e-05,0.0003410041234275208,nan,nan,791,789
tunnel1_gamma,4,1706582007.4634585,1706582013.6585767,6.195118188858032,91.1138738651603,219.88312772316786,11.986720340729372,91.11382652580917,219.882948656627,11.98652834676045,0.0002667724204643701,0.0003055969173436632,0.09865728057924228,0.0987917912256934,808,809
tunnel1_gamma,4,1706582007.4634585,1706582013.7583616,6.294903039932251,91.0254992688009,220.00225063136094,11.990389050251009,91.02544133899009,220.00247342272232,11.990705492154781,0.00039131487596180415,0.00027632655162260753,0.051158138363825614,0.051359429157369726,826,824
tunnel1_gamma,4,1706582007.4634585,1706582013.8577747,6.39431619644165,90.95016600439068,220.1241338946138,12.005885643219765,90.95015885390636,220.12420090694783,12.006204808473187,0.00032620276107101165,0.00047497727023413706,nan,nan,832,827
tunnel1_gamma,4,1706582007.4634585,1706582013.9584684,6.495009899139404,90.8772463122507,220.2441724579861,12.01552930585876,90.87734680527635,220.2439014623654,12.01621019104476,0.0007396905509525878,0.00023806256870731037,0.19930717784936255,0.19966710824140935,858,858
tunnel1_gamma,4,1706582007.4634585,1706582014.057901,6.594442367553711,90.81858815835577,220.35915696856415,12.003896080518249,90.81874452526084,220.3591413150971,12.004410941357799,0.0005383096916597608,0.00018609612489465128,0.06994277614862679,0.07008716675346277,880,876
tunnel1_gamma,4,1706582007.4634585,1706582014.1586728,6.69521427154541,90.75797606434743,220.47611399163156,11.980143814054228,90.75818241431976,220.47578508840593,11.981151537310303,0.0010799369443394073,9.678786780045714e-05,nan,nan,877,880
tunnel1_gamma,4,1706582007.4634585,1706582014.2585526,6.795094013214111,90.6954796956016,220.59205299618654,11.971339712977112,90.69527821406652,220.5923485095336,11.972984017929315,0.0016827542075736994,0.00020185986815749574,0.19742943988414002,0.19688357011174104,858,856
tunnel1_gamma,4,1706582007.4634585,1706582014.358594,6.895135402679443,90.62937606138564,220.71348501439536,11.987884323691153,90.62896378337213,220.71423143923204,11.989295108798421,0.0016484652911494604,5.887765396063553e-05,0.05842943903368077,0.05742256671012683,840,843
tunnel1_gamma,4,1706582007.4634585,1706582014.4582818,6.994823217391968,90.5641976326434,220.83123270880003,12.002016796174921,90.56305704892591,220.83210366762157,12.00369190398874,0.002205784820267941,0.0011831568856910182,nan,nan,844,841
tunnel1_gamma,4,1706582007.4634585,1706582014.5582054,7.094746828079224,90.49959674466862,220.9461753366783,11.99573480619479,90.4987647863223,220.94701601592743,11.997182196550163,0.001869180336612166,0.00044419749363662264,nan,nan,810,806
tunnel1_gamma,4,1706582007.4634585,1706582014.6587913,7.195332765579224,90.4333572085312,221.06430606244493,11.976328545233653,90.43291124606448,221.0645717443251,11.977809204563734,0.0015690192589430964,0.0004626635870987616,0.05083123797027764,0.05039644640045638,785,789
tunnel1_gamma,4,1706582007.4634585,1706582014.7584665,7.295007944107056,90.36528509224932,221.1790401019297,11.975584460225612,90.36431443080163,221.1789561965845,11.97705254130901,0.001761955113057513,0.0004378967605473789,0.08261321016619846,0.08305028351173778,800,797
tunnel1_gamma,4,1706582007.4634585,1706582014.8586702,7.395211696624756,90.30035218710103,221.2956552139027,11.996048412737595,90.29960649724526,221.2952123375548,11.997491578970207,0.0016837225411183757,0.0003761355128349928,0.3006677402441167,0.3006908206366265,804,801
tunnel1_gamma,4,1706582007.4634585,1706582014.9586587,7.495200157165527,90.24333830302865,221.4123186759729,12.015113426503333,90.24227733201818,221.41261778251805,12.016448863225136,0.0017316222013945138,0.0003041238090789589,0.17104913814038353,0.17038726958103179,856,859
tunnel1_gamma,4,1706582007.4634585,1706582015.0583045,7.59484601020813,90.18616568964329,221.52775081431736,12.008589447437176,90.18461702865189,221.5285447698307,12.009975255704484,0.002224675431873695,0.00020241187129657994,nan,nan,887,889
tunnel1_gamma,4,1706582007.4634585,1706582015.1583195,7.694860935211182,90.12503818868527,221.64667406065004,11.98620475898985,90.12395098077825,221.64823489630237,11.987020367443865,0.0020696487907187503,6.184469485552577e-05,nan,nan,913,912
tunnel1_gamma,4,1706582007.4634585,1706582015.2581308,7.794672250747681,90.06850918180972,221.76328303590364,11.97942671378795,90.06763091994515,221.76476618468465,11.97989606684074,0.0017864396148544156,0.0007933147412209064,nan,nan,833,840
tunnel1_gamma,4,1706582007.4634585,1706582015.3586383,7.895179748535156,90.0013243051097,221.88122672763762,11.994375594700863,90.00004518131757,221.88226022881253,11.99518724698524,0.0018338652580969029,9.083052645976997e-05,0.04610199468640644,0.0443739474758502,741,742
tunnel1_gamma,4,1706582007.4634585,1706582015.4584894,7.995030879974365,89.9339234697929,221.99369335185122,12.008462707732837,89.93272645639397,221.99470306452653,12.008607354109248,0.001572667586659292,0.00014502926855542838,0.0879504991971248,0.08942897644654219,720,714
tunnel1_gamma,4,1706582007.4634585,1706582015.5584977,8.095039129257202,89.86190879816485,222.10955437085505,12.006780446264106,89.86091743324565,222.11132361843158,12.006638697790171,0.002033011072265448,0.00036985663366081463,nan,nan,662,668
tunnel1_gamma,4,1706582007.4634585,1706582015.6583512,8.194892644882202,89.77908782314371,222.21830208731598,11.988341569319216,89.77781255705526,222.2209216905505,11.989429735304315,0.0031101012706790687,0.0003292448739575979,nan,nan,674,672
tunnel1_gamma,4,1706582007.4634585,1706582015.7583184,8.294859886169434,89.6923387212085,222.3267623226789,11.976234657578429,89.69064456255548,222.32982366718744,11.977443750034345,0.0037018790240377006,0.0002697383983360499,0.1930476877996067,0.18953007659600055,700,704
tunnel1_gamma,4,1706582007.4634585,1706582015.8584347,8.394976139068604,89.60250564843501,222.4324681918984,11.983143864526006,89.6013028640264,222.4351273974194,11.983606198415574,0.0029549647987573064,0.0007319484547456596,0.058495484125290244,0.05606275021838929,751,757
tunnel1_gamma,4,1706582007.4634585,1706582015.9580235,8.4945650100708,89.51769700687358,222.5379808543931,11.996918355777336,89.51629967607292,222.54040066594698,11.997070935752195,0.0027984463495671253,6.347020826993864e-05,nan,nan,729,725
tunnel1_gamma,4,1706582007.4634585,1706582016.0587268,8.595268249511719,89.43548762155291,222.64269361850722,11.997027331313452,89.43450951194849,222.64482831058586,11.998161797723006,0.0026078003572499965,0.00017810399969908386,0.2927400434937275,0.29064313736927366,757,759
tunnel1_gamma,4,1706582007.4634585,1706582016.1581805,8.694721937179565,89.36459915016265,222.748205983648,11.963387240784517,89.36342181201236,222.75010893285543,11.963503874741944,0.002240746368101554,0.0003125584330478648,0.16251722006098646,0.16030213089132714,742,742
tunnel1_gamma,4,1706582007.4634585,1706582016.258866,8.79540753364563,89.28962953074272,222.8615414366551,11.939049162876408,89.28853808868755,222.86278178528164,11.93862521307642,0.00170570920970105,0.0009733745904657044,nan,nan,677,680
tunnel1_gamma,4,1706582007.4634585,1706582016.3585327,8.895074129104614,89.2111414075201,222.97368171191303,11.950735217329022,89.20981819279521,222.97542500013387,11.950804320725245,0.002189686349331175,0.0005134722814428466,nan,nan,685,688
tunnel1_gamma,4,1706582007.4634585,1706582016.4580073,8.994548797607422,89.13146368536296,223.08831396508404,11.97943598888148,89.12946580314322,223.0908720134077,11.979140854130456,0.003259179208238652,0.00010927523312698489,nan,nan,685,689
tunnel1_gamma,4,1706582007.4634585,1706582016.558642,9.095183372497559,89.05494865376885,223.20841406994828,11.9784456801983,89.05290774891354,223.21165786663602,11.97843933059961,0.0038324339390543626,0.0008489893503884132,0.5047701787589535,0.5009395634585009,657,649
tunnel1_gamma,4,1706582007.4634585,1706582016.6586642,9.195205688476562,88.97515652061625,223.331985212802,11.954230162827207,88.97329638130807,223.33597480748242,11.95470621525608,0.00442759639926473,0.0010049286522218943,0.3578300300154934,0.3534659820338806,702,707
tunnel1_gamma,4,1706582007.4634585,1706582016.7583592,9.29490065574646,88.89014234377848,223.45387342180413,11.94056847237026,88.88835496118526,223.45809056031948,11.940902300356802,0.004592432352985253,0.0010642041050056472,nan,nan,732,736
tunnel1_gamma,4,1706582007.4634585,1706582016.8580287,9.394570112228394,88.81188316731293,223.57833188279906,11.951716429329984,88.81052503956654,223.58216778692997,11.951946931270426,0.0040757579198937655,0.000926306694840173,0.06407936239518233,0.06024118308344511,751,749
tunnel1_gamma,4,1706582007.4634585,1706582016.9588895,9.495430946350098,88.73968127557265,223.70690687523984,11.97379766754762,88.73923146696987,223.7096201021835,11.974276419061399,0.0027916180324063073,0.00019588807390488584,0.08616674891111346,0.08884485678818055,842,830
tunnel1_gamma,4,1706582007.4634585,1706582017.0584555,9.594996929168701,88.67900601849921,223.83980759423463,11.969699749756542,88.67817242897887,223.84233748401758,11.970773889421343,0.0028721054684305914,0.0011323888425148966,nan,nan,883,885
tunnel1_gamma,4,1706582007.4634585,1706582017.158293,9.694834470748901,88.62982340628668,223.9674270920997,11.942459057754977,88.62985109919674,223.96947430875642,11.94283185895235,0.0020810679156444264,0.0014849153347373707,0.053799095888911144,0.05188604701240718,911,905
tunnel1_gamma,4,1706582007.4634585,1706582017.2589955,9.795536994934082,88.583012033932,224.1004400229363,11.926738898966896,88.58297488758453,224.10215698213835,11.927050980964102,0.0017454867302813158,0.0012585823103548805,0.08833815014122653,0.08990118964918693,861,860
tunnel1_gamma,4,1706582007.4634585,1706582017.3585107,9.895052194595337,88.53196915302213,224.236551452835,11.937797689109278,88.53169803972766,224.2384948059208,11.937733315550696,0.001963228868369418,0.0010994609923286056,nan,nan,829,830
tunnel1_gamma,4,1706582007.4634585,1706582017.458115,9.994656562805176,88.48203317451444,224.36984059079555,11.952266038826348,88.48128207359589,224.37126568566134,11.950750895069412,0.002211494646284096,0.0005763941154607594,nan,nan,816,818
tunnel1_gamma,4,1706582007.4634585,1706582017.5582154,10.094756841659546,88.43486108817658,224.50496903180604,11.949342054997015,88.43465365296187,224.5060778043758,11.947374126413369,0.002268292064541582,0.00034796086693716943,0.09320566977829468,0.09195022976575129,834,843
tunnel1_gamma,4,1706582007.4634585,1706582017.6588466,10.195388078689575,88.38415237216927,224.6417832754209,11.927422380855804,88.38361008434175,224.64301161670247,11.925792264836037,0.0021119130260952444,0.000846419469663118,0.05567379644071527,0.0574063066869892,843,833
tunnel1_gamma,4,1706582007.4634585,1706582017.7591012,10.295642614364624,88.32853578701622,224.78133723991542,11.90984848649335,88.32676274437799,224.7831131059172,11.907824772663334,0.0032237862706952346,0.0008272950409455506,nan,nan,846,851
tunnel1_gamma,4,1706582007.4634585,1706582017.8587801,10.395321607589722,88.28177604494918,224.91824922146313,11.91079963708193,88.27997725439744,224.9200882826392,11.908059524763196,0.0037584583245865804,0.00040881909118338066,nan,nan,847,838
tunnel1_gamma,4,1706582007.4634585,1706582017.9583852,10.494926691055298,88.23351297615271,225.05876698280957,11.924818771022546,88.2325133494861,225.0600370295352,11.923421330192408,0.002136612513217575,0.000549841750124649,0.07706857533699778,0.07589294315850979,966,961
tunnel1_gamma,4,1706582007.4634585,1706582018.058586,10.59512734413147,88.18828327075586,225.20092147077352,11.937341214750807,88.18769105479537,225.20165499356438,11.936165894052223,0.0015067030805986418,0.0006266378586938919,0.07495663560154771,0.07588879247747178,1031,1032
tunnel1_gamma,4,1706582007.4634585,1706582018.1586645,10.695205926895142,88.14927336570963,225.33546872881115,11.91207816502062,88.1493463371154,225.33644522226896,11.91136531227285,0.0012112073890199336,0.0009040399275512422,nan,nan,983,996
tunnel1_gamma,4,1706582007.4634585,1706582018.2590222,10.795563697814941,88.11057866477455,225.47203331164664,11.882697359620664,88.11073386053587,225.47169606728335,11.883695645714154,0.001065079625831136,0.000853897336426192,nan,nan,948,942
tunnel1_gamma,4,1706582007.4634585,1706582018.3590574,10.895598888397217,88.06442468984743,225.60523122704384,11.877706679408469,88.06414066971342,225.6040654913538,11.87900834528753,0.0017702940988132345,0.0010157957848695017,0.03275802114303207,0.033347951676022745,830,831
tunnel1_gamma,4,1706582007.4634585,1706582018.4587367,10.995278120040894,88.02059102074364,225.7328467004816,11.898344119433869,88.02033836360805,225.73069376828101,11.899625508521305,0.0025181164948889214,0.00027051840398544576,0.10439875689116233,0.1025966268904113,828,818
tunnel1_gamma,4,1706582007.4634585,1706582018.5582674,11.09480881690979,87.9766265252437,225.85948554969596,11.913891386533901,87.9773562440148,225.85777577627766,11.913749001287261,0.0018644270394070556,0.0005035141179133199,nan,nan,792,795
tunnel1_gamma,4,1706582007.4634585,1706582018.6587996,11.195341110229492,87.93568245990309,225.9800346351688,11.895944941380067,87.93625120937996,225.97949413273963,11.895170079437614,0.0011027374452902757,0.0002913353522692775,nan,nan,809,821
tunnel1_gamma,4,1706582007.4634585,1706582018.7581859,11.294727325439453,87.89032126937614,226.0977465157596,11.864668484115176,87.89054885332006,226.09803283767076,11.863516863476892,0.001208306576515578,0.00027308246771798247,0.5343786703859791,0.5342195414124885,832,822
tunnel1_gamma,4,1706582007.4634585,1706582018.8582146,11.394756078720093,87.83612397719823,226.2194705408826,11.852461177688545,87.83664710411848,226.2200888620777,11.851566394629689,0.0012069049661816694,0.00023362743095360785,0.40153681651887696,0.4012136027935239,858,856
tunnel1_gamma,4,1706582007.4634585,1706582018.9583902,11.494931697845459,87.78550687477131,226.33691326141772,11.863061027589723,87.78655204438365,226.33803466659214,11.861548365101445,0.0021536194852405143,0.0009185936794401387,nan,nan,859,864
tunnel1_gamma,4,1706582007.4634585,1706582019.0589185,11.595459938049316,87.74012335094825,226.45587213850536,11.872023706383878,87.74157770544947,226.4562682605026,11.870560570211198,0.002100673013996331,0.0015996275159703781,nan,nan,938,933
tunnel1_gamma,4,1706582007.4634585,1706582019.158618,11.695159435272217,87.69343999799231,226.56996786284913,11.872946475763884,87.69380566331493,226.57060844639648,11.872342716591183,0.0009531964896727856,0.0007527547923126728,0.02334063300704684,0.02298857162449049,922,926
tunnel1_gamma,4,1706582007.4634585,1706582019.2583072,11.794848680496216,87.65018643309865,226.68238349161197,11.853754001049301,87.651042561244,226.68338960418444,11.854198554422652,0.0013938599683926004,0.0005466134407421093,0.09952820741192826,0.10014659315429535,913,909
tunnel1_gamma,4,1706582007.4634585,1706582019.3588154,11.895356893539429,87.60190131861508,226.79762121607277,11.831052085767773,87.60227512521097,226.7990371300579,11.831101241334123,0.0014652508502479111,0.00022730374115141846,nan,nan,899,898
tunnel1_gamma,4,1706582007.4634585,1706582019.458631,11.995172500610352,87.55248644263412,226.9125476390061,11.830549292284676,87.55203215624978,226.91415877727295,11.829617704838212,0.0019157238329878645,0.0007887989928873514,nan,nan,832,835
tunnel1_gamma,4,1706582007.4634585,1706582019.5585248,12.09506630897522,87.49710004690472,227.02776956658016,11.844776863530052,87.49712926410206,227.02907228029767,11.84501075773977,0.0013238667515052761,0.00044906520302517736,0.028969198746610164,0.027765646900743016,783,774
tunnel1_gamma,4,1706582007.4634585,1706582019.6589544,12.195495843887329,87.4420660582321,227.14802477257513,11.854853353815036,87.44135164873055,227.14980982541292,11.854535068454748,0.001948871504277491,0.000440946624602151,0.10550779975200729,0.10742923713992036,724,723
tunnel1_gamma,4,1706582007.4634585,1706582019.758416,12.294957399368286,87.38729339380303,227.27005642785107,11.841532174386174,87.38713896479712,227.27050816619968,11.841882864008184,0.0005923673391163116,7.619438600265108e-05,nan,nan,779,777
tunnel1_gamma,4,1706582007.4634585,1706582019.8591661,12.395707607269287,87.33046501874719,227.39419730327407,11.818147593044198,87.3302679946673,227.39361109480106,11.819344783947788,0.0013474883752834096,0.000492754820638444,nan,nan,750,743
tunnel1_gamma,4,1706582007.4634585,1706582019.9586382,12.495179653167725,87.27026857835546,227.5151252515935,11.815508072818346,87.27057228353755,227.5149657402626,11.816274820916403,0.0008399900881500961,0.0007738559535592025,nan,nan,793,793
tunnel1_gamma,4,1706582007.4634585,1706582020.0598366,12.596378087997437,87.22324529601305,227.63898333230532,11.838256919306696,87.22426126810531,227.63810251404615,11.839701541592241,0.0019735687588278736,0.00019157048746006682,0.06314255017030738,0.06209167421564471,791,801
tunnel1_gamma,4,1706582007.4634585,1706582020.158874,12.695415496826172,87.17913170079483,227.76195096732135,11.85220578867676,87.17953202928423,227.7619241593616,11.854833757130091,0.0026584205381851773,0.0002579385959908288,0.19438741044300475,0.19447768757632478,922,903
tunnel1_gamma,4,1706582007.4634585,1706582020.258376,12.794917345046997,87.13611396694337,227.88288369884137,11.841351378596272,87.13617740692645,227.8827087444555,11.84369663078761,0.0023526243876922158,0.0010897993741224206,nan,nan,944,948
tunnel1_gamma,4,1706582007.4634585,1706582020.3585155,12.895056962966919,87.10025266281549,228.0029459015355,11.811136108641168,87.1001839056753,228.00320128576956,11.813316936112345,0.002196806115791269,0.0005096288142923914,0.07519353348876487,0.07524286048795215,918,921
tunnel1_gamma,4,1706582007.4634585,1706582020.4590247,12.995566129684448,87.06386445814421,228.1316479379205,11.79439267110751,87.06375028190253,228.131329223831,11.796379209675713,0.00201517998401458,0.0007990684302357623,0.05971067888513125,0.05924198210927807,898,907
tunnel1_gamma,4,1706582007.4634585,1706582020.5584152,13.094956636428833,87.01939853527166,228.26181765614038,11.808363336346487,87.01962360151835,228.26163631355888,11.81150870634057,0.0031586219062973014,0.00026551356186756353,nan,nan,885,892
tunnel1_gamma,4,1706582007.4634585,1706582020.6590025,13.195544004440308,86.97064831481657,228.38545415020087,11.833622956511988,86.970511766912,228.3852792587864,11.835085813826662,0.0014795890849141052,0.0003344983766369889,nan,nan,820,818
tunnel1_gamma,4,1706582007.4634585,1706582020.758636,13.295177459716797,86.92335068932624,228.50228579921543,11.832703036852687,86.92257845856015,228.5024894814374,11.833881476313904,0.0014235681815064668,0.0003291524255900284,0.05990029812139929,0.05934896158778399,844,840
tunnel1_gamma,4,1706582007.4634585,1706582020.8592126,13.395754098892212,86.8791946316342,228.6178741288543,11.80782818195529,86.8781036249573,228.61828729838777,11.808205358216952,0.0012260777156377317,0.00021528420040026582,0.06978253222355661,0.0702829009836153,828,833
tunnel1_gamma,4,1706582007.4634585,1706582020.959031,13.495572566986084,86.82535888143248,228.73746131822824,11.789083315265243,86.82389487859568,228.73767956659975,11.790161341703815,0.0018311410814240917,0.0001189112065903739,nan,nan,835,828
tunnel1_gamma,4,1706582007.4634585,1706582021.058018,13.59455943107605,86.77281690384052,228.85087553217159,11.79303771996511,86.77067864470087,228.850609292248,11.79514901951377,0.0030167236581103854,0.00025330969162353097,0.047357337223145904,0.045984598431128065,829,825
tunnel1_gamma,4,1706582007.4634585,1706582021.1574452,13.693986654281616,86.72759620663409,228.96627583163638,11.816687196922715,86.72661700411533,228.96559202920474,11.818618159181783,0.0022704710049270592,0.0002404996860752899,0.08028199914982184,0.08017184077377226,792,789
tunnel1_gamma,4,1706582007.4634585,1706582021.2577748,13.794316291809082,86.68539728447001,229.07861673132248,11.836239623842236,86.68525568827746,229.07694213646914,11.837112671936529,0.0018938137129956595,0.00018251725722991327,0.15728585581443588,0.158912749347976,843,851
tunnel1_gamma,4,1706582007.4634585,1706582021.3574033,13.89394474029541,86.6492572166044,229.1926664542351,11.825651545159204,86.64908024120672,229.19104577331277,11.827790097569302,0.0026891138603951843,0.0009095076232801858,0.03725016091259542,0.03902945303790568,863,858
tunnel1_gamma,4,1706582007.4634585,1706582021.4581447,13.994686126708984,86.61712287543443,229.30771449415082,11.799355155812657,86.6168761810774,229.30670856343875,11.801487294908494,0.0023703948673730888,0.0006266164652369676,nan,nan,813,797
tunnel1_gamma,4,1706582007.4634585,1706582021.5577703,14.094311714172363,86.57776131577567,229.4246245610613,11.78840857882805,86.57775536538983,229.42449825247752,11.79077807988118,0.002372872627473271,0.00025867482966102296,nan,nan,809,795
tunnel1_gamma,4,1706582007.4634585,1706582021.658151,14.194692373275757,86.53014066934703,229.54009915401824,11.807220938127221,86.53042700074735,229.54008960734342,11.80908129310051,0.0018822851634245534,0.00039027624944129846,0.05505498967184771,0.054682890416392314,764,756
tunnel1_gamma,4,1706582007.4634585,1706582021.7577302,14.29427170753479,86.47617732429066,229.65486203818233,11.82806843599807,86.47700870237043,229.65383265200134,11.829976699163785,0.002322131290593117,0.0003480169413686998,0.07450339924352986,0.0733863876537677,774,774
tunnel1_gamma,4,1706582007.4634585,1706582021.858492,14.395033359527588,86.42143118761432,229.7700299191238,11.825466771428845,86.42169830058766,229.77067317569757,11.827573473319648,0.002218855835095311,0.0007152371138011096,nan,nan,764,764
tunnel1_gamma,4,1706582007.4634585,1706582021.9576645,14.494205951690674,86.3643427330774,229.87928131476454,11.803665593396968,86.36529515684146,229.88076039465543,11.805757469267418,0.002733264167134352,0.0006539243576818314,nan,nan,792,798
tunnel1_gamma,4,1706582007.4634585,1706582022.0583494,14.594890832901001,86.29641898749193,229.97997605586826,11.791535871476373,86.29650940347058,229.98257528243147,11.793436666441789,0.003221362332401644,0.0006590161992727826,0.0402098585275045,0.03856353581939864,751,751
tunnel1_gamma,4,1706582007.4634585,1706582022.1579452,14.694486618041992,86.22607426978405,230.08188973276003,11.800490640856964,86.22565042448181,230.08349059013798,11.80198423971628,0.0022300732582854334,0.00022773987303247758,0.0869257284085537,0.08862045274146298,782,786
tunnel1_gamma,4,1706582007.4634585,1706582022.2578588,14.794400215148926,86.16244533725542,230.18831224326786,11.811198376795739,86.16212151588783,230.19027757334024,11.812476901643263,0.0023668562181185333,0.0013372947571957318,nan,nan,765,763
tunnel1_gamma,4,1706582007.4634585,1706582022.3575332,14.89407467842102,86.09978704726602,230.2931268844119,11.814485380015519,86.09945128669901,230.29519024050015,11.815371986978048,0.002270736755177524,0.000811546751559009,nan,nan,870,860
tunnel1_gamma,4,1706582007.4634585,1706582022.458563,14.995104551315308,86.04238275281092,230.3944478806524,11.800540385155298,86.04202986293834,230.39611392189295,11.799998590417031,0.0017871111369513583,0.0006154591844184943,nan,nan,852,855
tunnel1_gamma,4,1706582007.4634585,1706582022.5579193,15.094460725784302,85.98930908791036,230.4966406493087,11.779612792407884,85.9886882860886,230.4993982460187,11.77934124548781,0.0028396253708478205,0.0001880358277866923,0.06552321292520782,0.06834716554655604,832,824
tunnel1_gamma,4,1706582007.4634585,1706582022.6579618,15.19450330734253,85.93606842037705,230.60188836917075,11.776321436137286,85.93493147743418,230.60639126171245,11.776065429398514,0.004651260038710327,0.0008571586790506044,0.18295890574439824,0.18754403937544134,771,760
tunnel1_gamma,4,1706582007.4634585,1706582022.7584405,15.294981956481934,85.87347431675275,230.7090113063819,11.795984922022278,85.8724272589479,230.71274774479647,11.795836607060842,0.0038832073599430195,0.00029464703113878517,nan,nan,790,783
tunnel1_gamma,4,1706582007.4634585,1706582022.8579834,15.394524812698364,85.8118359963672,230.81241876465288,11.816027405712564,85.81023015356871,230.81578389325102,11.815272316758282,0.0038043371176054433,0.0004145526490549166,nan,nan,766,756
tunnel1_gamma,4,1706582007.4634585,1706582022.9582074,15.494748830795288,85.74641372203193,230.91917090044586,11.809910024433016,85.74389094327964,230.92244613746593,11.809895178352027,0.004134224301695993,0.00017722364414868096,0.08936158535758106,0.09337167350727603,791,782
tunnel1_gamma,4,1706582007.4634585,1706582023.0577211,15.594262599945068,85.6748896862085,231.02377496570915,11.78608834078991,85.67121051597928,231.0261211552055,11.783677464567212,0.004985300681950667,0.0005785152412545768,0.21722004580356546,0.22142332814215207,779,778
tunnel1_gamma,4,1706582007.4634585,1706582023.1578925,15.69443392753601,85.59634573407317,231.13352755774085,11.771895896679082,85.59241040189865,231.13506601264223,11.770050136740867,0.004610912334551152,0.0005631314845781572,nan,nan,794,796
tunnel1_gamma,4,1706582007.4634585,1706582023.2584667,15.795008182525635,85.52158388643188,231.2465402306289,11.776705458305898,85.51797274376761,231.24613244949634,11.775562039516819,0.003809730085058483,0.000766920101941963,nan,nan,809,808
tunnel1_gamma,4,1706582007.4634585,1706582023.3580587,15.89460015296936,85.44722417065513,231.35597302218858,11.787810813887752,85.44324862964704,231.3546653866846,11.782606765847738,0.006678095006891094,0.002610568555687493,nan,nan,861,870
tunnel1_gamma,4,1706582007.4634585,1706582023.4577463,15.994287729263306,85.38074621813584,231.46556332171076,11.804136237839444,85.37792457995502,231.4653818708114,11.799485654530153,0.005442654827286712,0.0012358241477909587,0.06192341511873038,0.061951228936567,915,923
tunnel1_gamma,4,1706582007.4634585,1706582023.5577407,16.094282150268555,85.31823798173332,231.57230710046386,11.803395830260651,85.31634747446954,231.57234497066923,11.799102934456032,0.00469088544479409,0.0005199271043968154,0.18252473463294294,0.18323552950869063,948,934
tunnel1_gamma,4,1706582007.4634585,1706582023.657628,16.194169521331787,85.26058678771977,231.67672477060538,11.78511767636041,85.26086432240295,231.6759535021699,11.7785749235368,0.006593898316685805,0.0010124664123833265,nan,nan,965,972
tunnel1_gamma,4,1706582007.4634585,1706582023.7579112,16.294452667236328,85.20145383804797,231.77938497153522,11.774878418053202,85.20303278820347,231.77892386438907,11.769658587562986,0.005472872530982644,0.001452368027822676,nan,nan,870,867
tunnel1_gamma,4,1706582007.4634585,1706582023.8586752,16.395216703414917,85.13965174052657,231.8836281228295,11.785240023942778,85.14077096028214,231.8827556951282,11.779719520579842,0.005699977222360163,0.0018706567351282261,0.029208388861309796,0.031946491235260936,826,826
tunnel1_gamma,4,1706582007.4634585,1706582023.9585557,16.495097160339355,85.07332139763199,231.98739015589697,11.80599859011222,85.0740592365295,231.98783603269615,11.800602714965807,0.005464309741805248,0.0009370480659849916,0.09670038462495882,0.09600369938005379,794,797
tunnel1_gamma,4,1706582007.4634585,1706582024.0577664,16.594307899475098,85.01163783777672,232.0916213197225,11.813583038079429,85.01320615759613,232.09125888780247,11.810214660814406,0.003733222381822051,0.0005741908963219114,nan,nan,796,782
tunnel1_gamma,4,1706582007.4634585,1706582024.158148,16.694689512252808,84.9464373108689,232.19764587740093,11.797591812109195,84.94736801257523,232.1959307246761,11.796696750797036,0.0021468789644990467,0.0011440796152454788,nan,nan,812,804
tunnel1_gamma,4,1706582007.4634585,1706582024.258614,16.79515552520752,84.87830570277843,232.30406858198185,11.789818998563357,84.87891060063382,232.3030751436147,11.790902800144218,0.0015897946632953879,0.0009653653373960917,0.016273063259435287,0.017415918342504666,786,786
tunnel1_gamma,4,1706582007.4634585,1706582024.358215,16.89475655555725,84.81188276269668,232.41153124323847,11.792228685579797,84.81327455142569,232.41171339010765,11.795394035110276,0.0034626133191923768,0.0006449331520310436,0.11099291128392445,0.11059720432569624,765,754
tunnel1_gamma,4,1706582007.4634585,1706582024.458156,16.99469757080078,84.74972007808111,232.5197962541538,11.809595517802675,84.74950005939522,232.52159354905427,11.812882017261899,0.0037523000782087586,0.0009334652089766746,nan,nan,774,779
tunnel1_gamma,4,1706582007.4634585,1706582024.5580866,17.09462809562683,84.69579124455927,232.63199403268305,11.821659670620996,84.69517395131649,232.63372170358136,11.82454528051392,0.003419450560335558,0.00063401074829335,0.18122121540093297,0.17975448174989797,802,813
tunnel1_gamma,4,1706582007.4634585,1706582024.6587708,17.19531226158142,84.64225629225373,232.7449315761102,11.810724477448456,84.64183500351528,232.74804510414114,11.812070490178982,0.0034180829819363636,0.0004596852790356298,0.05590088528853146,0.053186049865287216,892,878
tunnel1_gamma,4,1706582007.4634585,1706582024.7587185,17.295259952545166,84.58699413817993,232.85792020453485,11.786913087986019,84.58586843724242,232.86227882872174,11.790282424131066,0.0056229203677081825,0.0009155363981397825,nan,nan,826,833
tunnel1_gamma,4,1706582007.4634585,1706582024.8585637,17.395105123519897,84.53175133609754,232.97530248488894,11.779416381136045,84.52920943168537,232.9798188452245,11.782616213749554,0.0060907895609314125,0.0011343186512025477,nan,nan,839,824
tunnel1_gamma,4,1706582007.4634585,1706582024.958753,17.49529457092285,84.47225121948412,233.09017067582585,11.795721274294142,84.46996030987506,233.09497233960622,11.797924786863494,0.005758446799258039,0.00017017705162309922,0.06337795469166263,0.05768755257934665,765,762
tunnel1_gamma,4,1706582007.4634585,1706582025.058147,17.594688415527344,84.41102221022518,233.1989668904068,11.813231484868963,84.40797381505939,233.20423144559723,11.815090903399671,0.006361264945917691,0.00038393802934273317,0.06360274555002046,0.06974247523291627,760,758
tunnel1_gamma,4,1706582007.4634585,1706582025.1579943,17.694535732269287,84.34659115728394,233.30551939556,11.812441460473696,84.34296094397259,233.31249152564232,11.813369610213917,0.007915207420589692,0.00027406734048931954,nan,nan,771,765
tunnel1_gamma,4,1706582007.4634585,1706582025.2585769,17.79511833190918,84.27441651194172,233.4140050648752,11.792631264008874,84.27105067463171,233.41899711271998,11.794334279605001,0.006256969282544968,0.0011421009759787666,0.07708526693684446,0.07130556434068985,739,733
tunnel1_gamma,4,1706582007.4634585,1706582025.3579123,17.894453763961792,84.19327506347227,233.51453164249136,11.78140876680531,84.18935829557621,233.52002586379953,11.783541567965788,0.007076466584734476,0.0010468702238273862,0.054175404642777376,0.060568499151495404,748,747
tunnel1_gamma,4,1706582007.4634585,1706582025.4588313,17.995372772216797,84.1084408293682,233.61464221951266,11.789575809722292,84.10342779332832,233.61937548478105,11.791450323408316,0.007144797547668248,0.00041712244926904305,nan,nan,755,756
tunnel1_gamma,4,1706582007.4634585,1706582025.5588188,18.095360279083252,84.03113579545081,233.71375811128473,11.8049930572377,84.02746281069119,233.71793387426484,11.806943267356193,0.005893312567369943,0.00023633254444981524,0.1672052289782581,0.1614156357134978,794,787
tunnel1_gamma,4,1706582007.4634585,1706582025.6581159,18.19465732574463,83.96729256800629,233.8108282612145,11.824518251711448,83.96572145081703,233.81279313827318,11.826428340184455,0.0031587321907337036,0.0012277316620250606,0.049614445831702055,0.04670556705923276,781,783
tunnel1_gamma,4,1706582007.4634585,1706582025.7579072,18.294448614120483,83.90748536032856,233.90732234376244,11.820320578225298,83.90551401344291,233.90941966921375,11.82094469610779,0.0029452513854516947,0.00015185253925011812,nan,nan,808,807
tunnel1_gamma,4,1706582007.4634585,1706582025.858475,18.39501643180847,83.84947334182839,234.00911146991632,11.791633517305943,83.84757269331051,234.01120987143344,11.79234701587963,0.0029197318250466543,0.002466017662036729,nan,nan,781,789
tunnel1_gamma,4,1706582007.4634585,1706582025.958859,18.495400428771973,83.78917810737093,234.11652804118197,11.774331166631786,83.78797946237829,234.1172331273585,11.775129115141157,0.0016033147408839453,0.0010192932729026236,0.15098181224009236,0.14971911322825177,813,819
tunnel1_gamma,4,1706582007.4634585,1706582026.0580544,18.594595909118652,83.72524109788799,234.22382912829806,11.779284713177766,83.72574837263615,234.22245029103652,11.779711963295469,0.0015300531124802287,0.00040184407574134836,0.028058320496754212,0.02926581406586079,743,752
tunnel1_gamma,4,1706582007.4634585,1706582026.1583526,18.694894075393677,83.66168226905228,234.33030238656804,11.795622829167822,83.6615811833168,234.3289793681427,11.795838979301756,0.001344364890967246,0.0009679265161729149,nan,nan,704,693
tunnel1_gamma,4,1706582007.4634585,1706582026.2587736,18.79531502723694,83.5987400522684,234.4356064506149,11.805678272993598,83.5991511751168,234.43437975933222,11.805790402162511,0.0012986017287872074,0.00014961145787213717,0.15528325878752114,0.15656723390598448,678,679
tunnel1_gamma,4,1706582007.4634585,1706582026.3584113,18.89495277404785,83.53653225064693,234.54547314797026,11.793547479629726,83.53801614920266,234.54527242517563,11.7938117150793,0.0015205475779479331,0.00018977848396928556,0.02900611922399297,0.02968471021113991,722,725
tunnel1_gamma,4,1706582007.4634585,1706582026.4580448,18.99458622932434,83.47070954638195,234.65035311863937,11.780406829063686,83.4738088293653,234.6506554315458,11.780813106877337,0.003140383697272157,0.0002898163078718309,nan,nan,725,731
tunnel1_gamma,4,1706582007.4634585,1706582026.5586405,19.095181941986084,83.3983994202438,234.76091403298744,11.779292335101355,83.40062478609411,234.76089846826133,11.780195797803154,0.0024018202018379724,0.0005573445218786394,0.21244337850556338,0.21337041707114138,730,721
tunnel1_gamma,4,1706582007.4634585,1706582026.6584008,19.194942235946655,83.33306838678243,234.8711059470116,11.798921625886127,83.33535440144955,234.8712781835547,11.80002403486468,0.0025437834107994105,0.000519372371610536,0.08308726033380077,0.08372982365043453,745,749
tunnel1_gamma,4,1706582007.4634585,1706582026.7581275,19.294668912887573,83.27429189803405,234.98159833625218,11.815387732756529,83.27538292360997,234.98192631347183,11.815293314080536,0.0011431626088593027,0.0002732769922499023,nan,nan,802,805
tunnel1_gamma,4,1706582007.4634585,1706582026.858334,19.394875526428223,83.22261086085415,235.0870960284749,11.816986008747113,83.22199643862857,235.08739456675875,11.815477553015116,0.0016559222426226208,0.0003736464531651824,0.1530378162139927,0.15230761629063097,799,795
tunnel1_gamma,4,1706582007.4634585,1706582026.9585335,19.4950749874115,83.1725686080742,235.19233290708507,11.804720048591351,83.17113237041355,235.19261933038405,11.802560234429375,0.002609523737840276,0.001200971462313374,0.03738374032878248,0.036257392261132136,848,860
tunnel1_gamma,4,1706582007.4634585,1706582027.0581439,19.594685316085815,83.12557452306146,235.30041289012846,11.79142899084472,83.12484004597138,235.30071138316163,11.78978469381796,0.001825449916845023,0.00017593248677323043,nan,nan,818,798
tunnel1_gamma,4,1706582007.4634585,1706582027.158228,19.694769382476807,83.06758770869952,235.40944357363696,11.811248384283834,83.06677071715657,235.41051989846818,11.810904348599166,0.0013943854832390793,0.0003973592188211213,nan,nan,816,811
tunnel1_gamma,4,1706582007.4634585,1706582027.258762,19.795303344726562,83.00456990536946,235.50642362211795,11.84745554949427,83.00443423112624,235.50778684420635,11.847296930774348,0.0013791090823019251,0.0002784797849817823,0.0305697094072734,0.029266140363611772,781,787
tunnel1_gamma,4,1706582007.4634585,1706582027.3583322,19.89487361907959,82.94417326060291,235.6037730131565,11.863521870115713,82.94236285623445,235.60577074354993,11.863551429041312,0.0026961758904365937,0.0004177724458110412,0.0859115138293228,0.0885534665253651,780,780
tunnel1_gamma,4,1706582007.4634585,1706582027.4583435,19.994884967803955,82.88592316423437,235.69352484143934,11.846734077125372,82.88422477649162,235.6964725861253,11.847101991472233,0.0034218533903431765,0.0008390835578153175,nan,nan,769,768
