sequence_frame,timestamp,registration_success,weak_flag,weak_multiplier,q_weak,rolling_weak_fraction,rolling_q_median,rolling_successful_frames,rolling_q_frames,gate_candidate,state_before,state_after,selected_estimator,mode_switch
5,1.70658e+09,1,1,4.27146,0.00246064,1.0,0.00246064,1,1,g0,Native,Native,Native,0
7,1.70658e+09,1,1,4.57701,0.336521,1.0,0.16949082000000001,2,2,g0,Native,Native,Native,0
9,1.70658e+09,1,1,4.19658,0.315243,1.0,0.315243,3,3,g0,Native,Native,Native,0
11,1.70658e+09,1,1,4.93217,0.376473,1.0,0.325882,4,4,g0,Native,Native,Native,0
13,1.70658e+09,1,1,4.60781,0.343186,1.0,0.336521,5,5,g0,Native,Native,Native,0
15,1.70658e+09,1,1,4.27905,0.329496,1.0,0.33300850000000004,6,6,g0,Native,Native,Native,0
17,1.70658e+09,1,1,4.37906,0.338373,1.0,0.336521,7,7,g0,Native,Native,Native,0
19,1.70658e+09,1,1,5.04314,0.361243,1.0,0.337447,8,8,g0,Native,Native,Native,0
21,1.70658e+09,1,1,4.66119,0.355272,1.0,0.338373,9,9,g0,Native,Native,Native,0
23,1.70658e+09,1,1,5.08999,0.391967,1.0,0.3407795,10,10,g0,Native,Loose,Loose_L1,1
25,1.70658e+09,1,1,4.87231,0.371783,1.0,0.343186,11,11,g0,Loose,Loose,Loose_L1,0
27,1.70658e+09,1,1,5.64779,0.42642,1.0,0.349229,12,12,g0,Loose,Loose,Loose_L1,0
29,1.70658e+09,1,1,4.6584,0.346765,1.0,0.346765,13,13,g0,Loose,Loose,Loose_L1,0
31,1.70658e+09,1,1,4.68002,0.361636,1.0,0.3510185,14,14,g0,Loose,Loose,Loose_L1,0
33,1.70658e+09,1,1,4.61168,0.358387,1.0,0.355272,15,15,g0,Loose,Loose,Loose_L1,0
35,1.70658e+09,1,1,4.58856,0.35931,1.0,0.3568295,16,16,g0,Loose,Loose,Loose_L1,0
37,1.70658e+09,1,1,4.70903,0.369205,1.0,0.358387,17,17,g0,Loose,Loose,Loose_L1,0
39,1.70658e+09,1,1,4.81047,0.376012,1.0,0.3588485,18,18,g0,Loose,Loose,Loose_L1,0
41,1.70658e+09,1,1,4.47213,0.348532,1.0,0.358387,19,19,g0,Loose,Loose,Loose_L1,0
43,1.70658e+09,1,1,4.56445,0.362314,1.0,0.3588485,20,20,g0,Loose,Loose,Loose_L1,0
45,1.70658e+09,1,1,4.78449,0.383597,1.0,0.3602765,20,20,g0,Loose,Loose,Loose_L1,0
47,1.70658e+09,1,1,5.24263,0.379592,1.0,0.3614395,20,20,g0,Loose,Loose,Loose_L1,0
49,1.70658e+09,1,1,4.74791,0.372137,1.0,0.36197500000000005,20,20,g0,Loose,Loose,Loose_L1,0
51,1.70658e+09,1,1,4.2463,0.334717,1.0,0.3614395,20,20,g0,Loose,Loose,Loose_L1,0
53,1.70658e+09,1,1,5.73454,0.463309,1.0,0.36197500000000005,20,20,g0,Loose,Loose,Loose_L1,0
55,1.70658e+09,1,1,4.44109,0.337922,1.0,0.36197500000000005,20,20,g0,Loose,Loose,Loose_L1,0
57,1.70658e+09,1,1,4.86792,0.39373,1.0,0.3657595,20,20,g0,Loose,Loose,Loose_L1,0
59,1.70658e+09,1,1,5.36731,0.428614,1.0,0.370494,20,20,g0,Loose,Loose,Loose_L1,0
61,1.70658e+09,1,1,5.0238,0.392117,1.0,0.37195999999999996,20,20,g0,Loose,Loose,Loose_L1,0
63,1.70658e+09,1,1,5.045,0.394491,1.0,0.37195999999999996,20,20,g0,Loose,Loose,Loose_L1,0
65,1.70658e+09,1,1,4.46114,0.347615,1.0,0.370671,20,20,g0,Loose,Loose,Loose_L1,0
67,1.70658e+09,1,1,4.83421,0.389281,1.0,0.370671,20,20,g0,Loose,Loose,Loose_L1,0
69,1.70658e+09,1,1,4.38691,0.348125,1.0,0.370671,20,20,g0,Loose,Loose,Loose_L1,0
71,1.70658e+09,1,1,4.0688,0.327077,1.0,0.370671,20,20,g0,Loose,Loose,Loose_L1,0
73,1.70658e+09,1,1,4.09397,0.34368,1.0,0.370671,20,20,g0,Loose,Loose,Loose_L1,0
75,1.70658e+09,1,1,3.72499,0.303786,1.0,0.370671,20,20,g0,Loose,Loose,Loose_L1,0
77,1.70658e+09,1,1,4.20852,0.357354,1.0,0.3672255,20,20,g0,Loose,Loose,Loose_L1,0
79,1.70658e+09,1,1,4.82105,0.396458,1.0,0.3672255,20,20,g0,Loose,Loose,Loose_L1,0
81,1.70658e+09,1,1,3.98147,0.318239,1.0,0.3672255,20,20,g0,Loose,Loose,Loose_L1,0
83,1.70658e+09,1,1,3.79837,0.313894,1.0,0.3647455,20,20,g0,Loose,Loose,Loose_L1,0
85,1.70658e+09,1,1,4.03448,0.337678,1.0,0.3527395,20,20,g0,Loose,Loose,Loose_L1,0
87,1.70658e+09,1,1,5.17932,0.427728,1.0,0.3527395,20,20,g0,Loose,Loose,Loose_L1,0
89,1.70658e+09,1,1,3.89074,0.305284,1.0,0.34787,20,20,g0,Loose,Loose,Loose_L1,0
91,1.70658e+09,0,0,nan,nan,1.0,0.34787,20,20,g0,Loose,Loose,Native,0
93,1.70658e+09,1,1,3.79714,0.170233,1.0,0.34787,20,20,g0,Loose,Loose,Loose_L1,0
95,1.70658e+09,1,1,4.02797,0.32707,1.0,0.3456475,20,20,g0,Loose,Loose,Loose_L1,0
97,1.70658e+09,1,1,3.79772,0.317278,1.0,0.3456475,20,20,g0,Loose,Loose,Loose_L1,0
99,1.70658e+09,1,1,3.6765,0.308708,1.0,0.34067899999999995,20,20,g0,Loose,Loose,Loose_L1,0
101,1.70658e+09,1,1,3.5574,0.304926,1.0,0.3323775,20,20,g0,Loose,Loose,Loose_L1,0
103,1.70658e+09,1,1,3.56983,0.327044,1.0,0.3270735,20,20,g0,Loose,Loose,Loose_L1,0
105,1.70658e+09,1,1,3.78583,0.31703,1.0,0.32705700000000004,20,20,g0,Loose,Loose,Loose_L1,0
107,1.70658e+09,1,1,3.55847,0.300894,1.0,0.3226415,20,20,g0,Loose,Loose,Loose_L1,0
109,1.70658e+09,1,1,3.7831,0.298078,1.0,0.3177585,20,20,g0,Loose,Loose,Loose_L1,0
111,1.70658e+09,1,1,4.28441,0.360441,1.0,0.3177585,20,20,g0,Loose,Loose,Loose_L1,0
113,1.70658e+09,1,1,4.57854,0.378304,1.0,0.3177585,20,20,g0,Loose,Loose,Loose_L1,0
115,1.70658e+09,1,1,4.62856,0.349088,1.0,0.3177585,20,20,g0,Loose,Loose,Loose_L1,0
117,1.70658e+09,0,0,nan,nan,1.0,0.3177585,20,20,g0,Loose,Loose,Native,0
119,1.70658e+09,1,1,3.93012,0.174557,1.0,0.3177585,20,20,g0,Loose,Loose,Loose_L1,0
121,1.70658e+09,1,1,3.97106,0.300134,1.0,0.317154,20,20,g0,Loose,Loose,Loose_L1,0
123,1.70658e+09,1,1,3.81173,0.314303,1.0,0.31566649999999996,20,20,g0,Loose,Loose,Loose_L1,0
125,1.70658e+09,1,1,3.86146,0.328232,1.0,0.31566649999999996,20,20,g0,Loose,Loose,Loose_L1,0
127,1.70658e+09,1,1,3.92892,0.337676,1.0,0.317154,20,20,g0,Loose,Loose,Loose_L1,0
129,1.70658e+09,1,1,3.59224,0.302524,1.0,0.31566649999999996,20,20,g0,Loose,Loose,Loose_L1,0
131,1.70658e+09,1,1,4.73497,0.405807,1.0,0.31566649999999996,20,20,g0,Loose,Loose,Loose_L1,0
133,1.70658e+09,1,1,4.25023,0.321421,1.0,0.317154,20,20,g0,Loose,Loose,Loose_L1,0
135,1.70658e+09,1,1,3.8227,0.316289,1.0,0.317154,20,20,g0,Loose,Loose,Loose_L1,0
137,1.70658e+09,1,1,3.9035,0.334958,1.0,0.317154,20,20,g0,Loose,Loose,Loose_L1,0
139,1.70658e+09,1,1,4.5729,0.386618,1.0,0.3192255,20,20,g0,Loose,Loose,Loose_L1,0
141,1.70658e+09,1,1,4.20347,0.343487,1.0,0.32423250000000003,20,20,g0,Loose,Loose,Loose_L1,0
143,1.70658e+09,1,1,3.95364,0.327882,1.0,0.327463,20,20,g0,Loose,Loose,Loose_L1,0
145,1.70658e+09,1,1,4.2579,0.360014,1.0,0.32805700000000004,20,20,g0,Loose,Loose,Loose_L1,0
147,1.70658e+09,0,0,nan,nan,1.0,0.32805700000000004,20,20,g0,Loose,Loose,Native,0
149,1.70658e+09,0,0,nan,nan,1.0,0.32805700000000004,20,20,g0,Loose,Loose,Native,0
151,1.70658e+09,1,1,3.81264,0.117743,1.0,0.32805700000000004,20,20,g0,Loose,Loose,Loose_L1,0
153,1.70658e+09,1,1,4.04229,0.330915,1.0,0.3295735,20,20,g0,Loose,Loose,Loose_L1,0
155,1.70658e+09,1,1,4.15128,0.349789,1.0,0.33293649999999997,20,20,g0,Loose,Loose,Loose_L1,0
157,1.70658e+09,1,1,4.12538,0.345274,1.0,0.33293649999999997,20,20,g0,Loose,Loose,Loose_L1,0
159,1.70658e+09,0,0,nan,nan,1.0,0.33293649999999997,20,20,g0,Loose,Loose,Native,0
161,1.70658e+09,1,1,3.94335,0.179313,1.0,0.3295735,20,20,g0,Loose,Loose,Loose_L1,0
163,1.70658e+09,1,1,4.06288,0.333139,1.0,0.3295735,20,20,g0,Loose,Loose,Loose_L1,0
165,1.70658e+09,0,0,nan,nan,1.0,0.3295735,20,20,g0,Loose,Loose,Native,0
167,1.70658e+09,1,1,3.89848,0.176963,1.0,0.3295735,20,20,g0,Loose,Loose,Loose_L1,0
169,1.70658e+09,1,1,3.74947,0.304176,1.0,0.3295735,20,20,g0,Loose,Loose,Loose_L1,0
171,1.70658e+09,1,1,3.74604,0.318446,1.0,0.3295735,20,20,g0,Loose,Loose,Loose_L1,0
173,1.70658e+09,1,1,4.00293,0.342061,1.0,0.332027,20,20,g0,Loose,Loose,Loose_L1,0
175,1.70658e+09,1,1,4.36968,0.373595,1.0,0.332027,20,20,g0,Loose,Loose,Loose_L1,0
177,1.70658e+09,1,1,3.9805,0.334755,1.0,0.333947,20,20,g0,Loose,Loose,Loose_L1,0
179,1.70658e+09,1,1,4.5703,0.391341,1.0,0.333947,20,20,g0,Loose,Loose,Loose_L1,0
181,1.70658e+09,1,1,3.64968,0.301796,1.0,0.333947,20,20,g0,Loose,Loose,Loose_L1,0
183,1.70658e+09,1,1,3.77681,0.326009,1.0,0.333947,20,20,g0,Loose,Loose,Loose_L1,0
185,1.70658e+09,1,1,3.95388,0.336729,1.0,0.333947,20,20,g0,Loose,Loose,Loose_L1,0
187,1.70658e+09,1,1,3.77278,0.319635,1.0,0.332027,20,20,g0,Loose,Loose,Loose_L1,0
189,1.70658e+09,1,1,4.4983,0.38111,1.0,0.332027,20,20,g0,Loose,Loose,Loose_L1,0
191,1.70658e+09,1,1,3.56376,0.293228,1.0,0.332027,20,20,g0,Loose,Loose,Loose_L1,0
193,1.70658e+09,1,1,3.90488,0.333222,1.0,0.332027,20,20,g0,Loose,Loose,Loose_L1,0
195,1.70658e+09,1,1,4.2471,0.363341,1.0,0.3331805,20,20,g0,Loose,Loose,Loose_L1,0
197,1.70658e+09,1,1,3.78535,0.320301,1.0,0.3331805,20,20,g0,Loose,Loose,Loose_L1,0
199,1.70658e+09,1,1,3.91091,0.33411,1.0,0.3331805,20,20,g0,Loose,Loose,Loose_L1,0
201,1.70658e+09,1,1,3.88595,0.324579,1.0,0.32957400000000003,20,20,g0,Loose,Loose,Loose_L1,0
203,1.70658e+09,0,0,nan,nan,1.0,0.32957400000000003,20,20,g0,Loose,Loose,Native,0
205,1.70658e+09,1,1,4.32302,0.198727,1.0,0.32957400000000003,20,20,g0,Loose,Loose,Loose_L1,0
207,1.70658e+09,1,1,4.89789,0.392935,1.0,0.3296155,20,20,g0,Loose,Loose,Loose_L1,0
209,1.70658e+09,1,1,4.00931,0.323413,1.0,0.3296155,20,20,g0,Loose,Loose,Loose_L1,0
211,1.70658e+09,1,1,4.37118,0.367336,1.0,0.333666,20,20,g0,Loose,Loose,Loose_L1,0
213,1.70658e+09,1,1,4.18334,0.34621,1.0,0.3344325,20,20,g0,Loose,Loose,Loose_L1,0
215,1.70658e+09,1,1,3.97978,0.337361,1.0,0.3344325,20,20,g0,Loose,Loose,Loose_L1,0
217,1.70658e+09,0,0,nan,nan,1.0,0.3344325,20,20,g0,Loose,Loose,Native,0
219,1.70658e+09,1,1,4.17321,0.192313,1.0,0.333666,20,20,g0,Loose,Loose,Loose_L1,0
221,1.70658e+09,1,1,3.72923,0.305885,1.0,0.3296155,20,20,g0,Loose,Loose,Loose_L1,0
223,1.70658e+09,1,1,4.13815,0.357676,1.0,0.3296155,20,20,g0,Loose,Loose,Loose_L1,0
225,1.70658e+09,1,1,4.10743,0.348918,1.0,0.333666,20,20,g0,Loose,Loose,Loose_L1,0
227,1.70658e+09,1,1,4.11512,0.342035,1.0,0.3354195,20,20,g0,Loose,Loose,Loose_L1,0
229,1.70658e+09,1,1,4.49314,0.381406,1.0,0.3357355,20,20,g0,Loose,Loose,Loose_L1,0
231,1.70658e+09,1,1,4.16958,0.343469,1.0,0.339698,20,20,g0,Loose,Loose,Loose_L1,0
233,1.70658e+09,1,1,3.92013,0.328668,1.0,0.3357355,20,20,g0,Loose,Loose,Loose_L1,0
235,1.70658e+09,1,1,4.4753,0.383998,1.0,0.339698,20,20,g0,Loose,Loose,Loose_L1,0
237,1.70658e+09,1,1,4.22928,0.352928,1.0,0.342752,20,20,g0,Loose,Loose,Loose_L1,0
239,1.70658e+09,1,1,4.52629,0.383211,1.0,0.342752,20,20,g0,Loose,Loose,Loose_L1,0
241,1.70658e+09,0,0,nan,nan,1.0,0.342752,20,20,g0,Loose,Loose,Native,0
243,1.70658e+09,1,1,4.41148,0.200619,1.0,0.342752,20,20,g0,Loose,Loose,Loose_L1,0
245,1.70658e+09,1,1,4.35926,0.34792,1.0,0.3448395,20,20,g0,Loose,Loose,Loose_L1,0
247,1.70658e+09,1,1,3.75982,0.30916,1.0,0.3448395,20,20,g0,Loose,Loose,Loose_L1,0
249,1.70658e+09,1,1,4.15763,0.354328,1.0,0.347065,20,20,g0,Loose,Loose,Loose_L1,0
251,1.70658e+09,1,1,4.40363,0.367734,1.0,0.347065,20,20,g0,Loose,Loose,Loose_L1,0
253,1.70658e+09,1,1,4.37459,0.36324,1.0,0.34841900000000003,20,20,g0,Loose,Loose,Loose_L1,0
255,1.70658e+09,1,1,4.23116,0.35647,1.0,0.34841900000000003,20,20,g0,Loose,Loose,Loose_L1,0
257,1.70658e+09,1,1,4.3351,0.366188,1.0,0.350923,20,20,g0,Loose,Loose,Loose_L1,0
259,1.70658e+09,1,1,4.03995,0.335086,1.0,0.350923,20,20,g0,Loose,Loose,Loose_L1,0
261,1.70658e+09,1,1,4.02241,0.338779,1.0,0.350923,20,20,g0,Loose,Loose,Loose_L1,0
263,1.70658e+09,1,1,4.17412,0.357179,1.0,0.353628,20,20,g0,Loose,Loose,Loose_L1,0
265,1.70658e+09,1,1,4.24525,0.356639,1.0,0.353628,20,20,g0,Loose,Loose,Loose_L1,0
267,1.70658e+09,1,1,4.16785,0.347221,1.0,0.353628,20,20,g0,Loose,Loose,Loose_L1,0
269,1.70658e+09,1,1,4.25395,0.3585,1.0,0.355399,20,20,g0,Loose,Loose,Loose_L1,0
271,1.70658e+09,1,1,3.99282,0.334541,1.0,0.353628,20,20,g0,Loose,Loose,Loose_L1,0
273,1.70658e+09,1,1,4.19444,0.350895,1.0,0.353628,20,20,g0,Loose,Loose,Loose_L1,0
275,1.70658e+09,1,1,4.24212,0.361479,1.0,0.355399,20,20,g0,Loose,Loose,Loose_L1,0
277,1.70658e+09,1,1,4.14441,0.346796,1.0,0.353628,20,20,g0,Loose,Loose,Loose_L1,0
279,1.70658e+09,1,1,3.86163,0.326309,1.0,0.35261149999999997,20,20,g0,Loose,Loose,Loose_L1,0
281,1.70658e+09,1,1,4.20509,0.361972,1.0,0.35261149999999997,20,20,g0,Loose,Loose,Loose_L1,0
283,1.70658e+09,1,1,3.7561,0.338653,1.0,0.35261149999999997,20,20,g0,Loose,Loose,Loose_L1,0
285,1.70658e+09,1,1,4.45204,0.375283,1.0,0.355399,20,20,g0,Loose,Loose,Loose_L1,0
287,1.70658e+09,1,1,4.34936,0.363375,1.0,0.3565545,20,20,g0,Loose,Loose,Loose_L1,0
289,1.70658e+09,1,1,4.3659,0.370096,1.0,0.35690900000000003,20,20,g0,Loose,Loose,Loose_L1,0
291,1.70658e+09,1,1,4.11275,0.344381,1.0,0.3565545,20,20,g0,Loose,Loose,Loose_L1,0
293,1.70658e+09,1,1,4.06736,0.345703,1.0,0.3536825,20,20,g0,Loose,Loose,Loose_L1,0
295,1.70658e+09,1,1,3.94644,0.331168,1.0,0.349058,20,20,g0,Loose,Loose,Loose_L1,0
297,1.70658e+09,1,1,3.3867,0.266756,1.0,0.3470085,20,20,g0,Loose,Loose,Loose_L1,0
299,1.70658e+09,1,1,3.36301,0.296217,1.0,0.3470085,20,20,g0,Loose,Loose,Loose_L1,0
301,1.70658e+09,1,1,3.89934,0.346907,1.0,0.34706400000000004,20,20,g0,Loose,Loose,Loose_L1,0
303,1.70658e+09,1,1,3.98473,0.316334,1.0,0.3468515,20,20,g0,Loose,Loose,Loose_L1,0
305,1.70658e+09,1,1,3.62457,0.309114,1.0,0.3462495,20,20,g0,Loose,Loose,Loose_L1,0
307,1.70658e+09,1,1,4.26449,0.367351,1.0,0.3462495,20,20,g0,Loose,Loose,Loose_L1,0
309,1.70658e+09,1,1,4.00658,0.309321,1.0,0.34504199999999996,20,20,g0,Loose,Loose,Loose_L1,0
311,1.70658e+09,1,1,4.00774,0.336813,1.0,0.34504199999999996,20,20,g0,Loose,Loose,Loose_L1,0
313,1.70658e+09,1,1,4.30234,0.363752,1.0,0.34504199999999996,20,20,g0,Loose,Loose,Loose_L1,0
315,1.70658e+09,1,1,4.73063,0.396245,1.0,0.34504199999999996,20,20,g0,Loose,Loose,Loose_L1,0
317,1.70658e+09,1,1,5.22751,0.425402,1.0,0.34504199999999996,20,20,g0,Loose,Loose,Loose_L1,0
319,1.70658e+09,1,1,4.0818,0.330863,1.0,0.34504199999999996,20,20,g0,Loose,Loose,Loose_L1,0
321,1.70658e+09,1,1,4.33356,0.367158,1.0,0.34504199999999996,20,20,g0,Loose,Loose,Loose_L1,0
323,1.70658e+09,1,1,4.38429,0.366272,1.0,0.346305,20,20,g0,Loose,Loose,Loose_L1,0
325,1.70658e+09,1,1,3.92857,0.327284,1.0,0.34504199999999996,20,20,g0,Loose,Loose,Loose_L1,0
327,1.70658e+09,1,1,4.00073,0.343721,1.0,0.344051,20,20,g0,Loose,Loose,Loose_L1,0
329,1.70658e+09,1,1,4.66191,0.393781,1.0,0.344051,20,20,g0,Loose,Loose,Loose_L1,0
331,1.70658e+09,1,1,5.10105,0.394239,1.0,0.344712,20,20,g0,Loose,Loose,Loose_L1,0
333,1.70658e+09,1,1,4.20797,0.335821,1.0,0.340267,20,20,g0,Loose,Loose,Loose_L1,0
335,1.70658e+09,1,1,4.53277,0.381833,1.0,0.345314,20,20,g0,Loose,Loose,Loose_L1,0
337,1.70658e+09,1,1,5.19313,0.431784,1.0,0.3553295,20,20,g0,Loose,Loose,Loose_L1,0
339,1.70658e+09,1,1,4.54084,0.366092,1.0,0.36492199999999997,20,20,g0,Loose,Loose,Loose_L1,0
341,1.70658e+09,1,1,5.15342,0.417603,1.0,0.366182,20,20,g0,Loose,Loose,Loose_L1,0
343,1.70658e+09,1,1,4.90607,0.386951,1.0,0.366715,20,20,g0,Loose,Loose,Loose_L1,0
345,1.70658e+09,1,1,4.79065,0.381303,1.0,0.3672545,20,20,g0,Loose,Loose,Loose_L1,0
347,1.70658e+09,1,1,5.01419,0.406824,1.0,0.3742305,20,20,g0,Loose,Loose,Loose_L1,0
349,1.70658e+09,1,1,5.07634,0.404627,1.0,0.381568,20,20,g0,Loose,Loose,Loose_L1,0
351,1.70658e+09,1,1,5.60899,0.449911,1.0,0.38439199999999996,20,20,g0,Loose,Loose,Loose_L1,0
353,1.70658e+09,1,1,6.49958,0.513062,1.0,0.390366,20,20,g0,Loose,Loose,Loose_L1,0
355,1.70658e+09,1,1,5.46315,0.419812,1.0,0.390366,20,20,g0,Loose,Loose,Loose_L1,0
357,1.70658e+09,1,1,5.82044,0.454872,1.0,0.390366,20,20,g0,Loose,Loose,Loose_L1,0
359,1.70658e+09,1,1,5.04015,0.390066,1.0,0.3919235,20,20,g0,Loose,Loose,Loose_L1,0
361,1.70658e+09,1,1,5.2755,0.416901,1.0,0.39400999999999997,20,20,g0,Loose,Loose,Loose_L1,0
363,1.70658e+09,1,1,5.5518,0.445876,1.0,0.39943300000000004,20,20,g0,Loose,Loose,Loose_L1,0
365,1.70658e+09,1,1,5.08667,0.401917,1.0,0.403272,20,20,g0,Loose,Loose,Loose_L1,0
367,1.70658e+09,1,1,5.21192,0.417557,1.0,0.4057255,20,20,g0,Loose,Loose,Loose_L1,0
369,1.70658e+09,1,1,5.62134,0.446655,1.0,0.4118625,20,20,g0,Loose,Loose,Loose_L1,0
371,1.70658e+09,1,1,5.17519,0.406974,1.0,0.4119375,20,20,g0,Loose,Loose,Loose_L1,0
373,1.70658e+09,1,1,4.80984,0.385155,1.0,0.4119375,20,20,g0,Loose,Loose,Loose_L1,0
375,1.70658e+09,1,1,4.83796,0.398046,1.0,0.4119375,20,20,g0,Loose,Loose,Loose_L1,0
377,1.70658e+09,1,1,5.85044,0.478689,1.0,0.4119375,20,20,g0,Loose,Loose,Loose_L1,0
379,1.70658e+09,1,1,6.02695,0.472704,1.0,0.417229,20,20,g0,Loose,Loose,Loose_L1,0
381,1.70658e+09,1,1,5.18897,0.396787,1.0,0.4119375,20,20,g0,Loose,Loose,Loose_L1,0
383,1.70658e+09,1,1,5.22303,0.413266,1.0,0.41508350000000005,20,20,g0,Loose,Loose,Loose_L1,0
385,1.70658e+09,1,1,5.31494,0.422418,1.0,0.417229,20,20,g0,Loose,Loose,Loose_L1,0
387,1.70658e+09,1,1,5.25193,0.411235,1.0,0.417229,20,20,g0,Loose,Loose,Loose_L1,0
389,1.70658e+09,1,1,5.26024,0.42136,1.0,0.4186845,20,20,g0,Loose,Loose,Loose_L1,0
391,1.70658e+09,1,1,5.43786,0.437115,1.0,0.4186845,20,20,g0,Loose,Loose,Loose_L1,0
393,1.70658e+09,1,1,4.97089,0.396487,1.0,0.417229,20,20,g0,Loose,Loose,Loose_L1,0
395,1.70658e+09,1,1,5.48412,0.441235,1.0,0.417229,20,20,g0,Loose,Loose,Loose_L1,0
397,1.70658e+09,1,1,5.26621,0.420129,1.0,0.417229,20,20,g0,Loose,Loose,Loose_L1,0
399,1.70658e+09,1,1,4.78349,0.385221,1.0,0.417229,20,20,g0,Loose,Loose,Loose_L1,0
401,1.70658e+09,1,1,6.0691,0.49488,1.0,0.41884299999999997,20,20,g0,Loose,Loose,Loose_L1,0
403,1.70658e+09,1,1,5.16909,0.403208,1.0,0.41541150000000004,20,20,g0,Loose,Loose,Loose_L1,0
405,1.70658e+09,1,1,5.02213,0.401524,1.0,0.41541150000000004,20,20,g0,Loose,Loose,Loose_L1,0
407,1.70658e+09,1,1,5.85867,0.46878,1.0,0.4166975,20,20,g0,Loose,Loose,Loose_L1,0
409,1.70658e+09,1,1,5.59189,0.440709,1.0,0.4166975,20,20,g0,Loose,Loose,Loose_L1,0
411,1.70658e+09,1,1,5.55451,0.436042,1.0,0.42074449999999997,20,20,g0,Loose,Loose,Loose_L1,0
413,1.70658e+09,1,1,5.63337,0.446611,1.0,0.421889,20,20,g0,Loose,Loose,Loose_L1,0
415,1.70658e+09,1,1,5.21635,0.406234,1.0,0.421889,20,20,g0,Loose,Loose,Loose_L1,0
417,1.70658e+09,1,1,5.8552,0.459889,1.0,0.421889,20,20,g0,Loose,Loose,Loose_L1,0
419,1.70658e+09,1,1,5.66866,0.443524,1.0,0.421889,20,20,g0,Loose,Loose,Loose_L1,0
421,1.70658e+09,0,0,nan,nan,1.0,0.421889,20,20,g0,Loose,Loose,Native,0
423,1.70658e+09,1,1,5.80875,0.254138,1.0,0.421889,20,20,g0,Loose,Loose,Loose_L1,0
425,1.70658e+09,1,1,6.01876,0.450221,1.0,0.42923,20,20,g0,Loose,Loose,Loose_L1,0
427,1.70658e+09,1,1,5.94603,0.45961,1.0,0.4365785,20,20,g0,Loose,Loose,Loose_L1,0
429,1.70658e+09,1,1,5.98873,0.463458,1.0,0.43891199999999997,20,20,g0,Loose,Loose,Loose_L1,0
431,1.70658e+09,1,1,5.80399,0.444417,1.0,0.44097200000000003,20,20,g0,Loose,Loose,Loose_L1,0
433,1.70658e+09,1,1,5.72688,0.445069,1.0,0.4423795,20,20,g0,Loose,Loose,Loose_L1,0
435,1.70658e+09,1,1,5.8232,0.452301,1.0,0.4439705,20,20,g0,Loose,Loose,Loose_L1,0
437,1.70658e+09,1,1,5.22981,0.403392,1.0,0.4439705,20,20,g0,Loose,Loose,Loose_L1,0
439,1.70658e+09,1,1,5.43192,0.429542,1.0,0.4439705,20,20,g0,Loose,Loose,Loose_L1,0
441,1.70658e+09,1,1,5.74155,0.45179,1.0,0.444743,20,20,g0,Loose,Loose,Loose_L1,0
443,1.70658e+09,1,1,5.4016,0.423161,1.0,0.4439705,20,20,g0,Loose,Loose,Loose_L1,0
445,1.70658e+09,1,1,6.35291,0.500804,1.0,0.444743,20,20,g0,Loose,Loose,Loose_L1,0
447,1.70658e+09,1,1,5.88462,0.454613,1.0,0.44584,20,20,g0,Loose,Loose,Loose_L1,0
449,1.70658e+09,1,1,6.12213,0.472201,1.0,0.44584,20,20,g0,Loose,Loose,Loose_L1,0
451,1.70658e+09,1,1,5.53271,0.423082,1.0,0.44584,20,20,g0,Loose,Loose,Loose_L1,0
453,1.70658e+09,1,1,5.57391,0.435772,1.0,0.44584,20,20,g0,Loose,Loose,Loose_L1,0
455,1.70658e+09,1,1,5.82762,0.462392,1.0,0.44764499999999996,20,20,g0,Loose,Loose,Loose_L1,0
457,1.70658e+09,1,1,6.09267,0.476515,1.0,0.4510055,20,20,g0,Loose,Loose,Loose_L1,0
459,1.70658e+09,1,1,5.30116,0.411753,1.0,0.44764499999999996,20,20,g0,Loose,Loose,Loose_L1,0
461,1.70658e+09,1,1,5.35549,0.420216,1.0,0.44764499999999996,20,20,g0,Loose,Loose,Loose_L1,0
463,1.70658e+09,1,1,5.96,0.501594,1.0,0.4510055,20,20,g0,Loose,Loose,Loose_L1,0
465,1.70658e+09,1,1,5.36142,0.409582,1.0,0.44842950000000004,20,20,g0,Loose,Loose,Loose_L1,0
467,1.70658e+09,1,1,6.31068,0.498345,1.0,0.44842950000000004,20,20,g0,Loose,Loose,Loose_L1,0
469,1.70658e+09,1,1,6.04242,0.434254,1.0,0.444743,20,20,g0,Loose,Loose,Loose_L1,0
471,1.70658e+09,1,1,5.70194,0.436537,1.0,0.440803,20,20,g0,Loose,Loose,Loose_L1,0
473,1.70658e+09,1,1,5.01813,0.392994,1.0,0.4361545,20,20,g0,Loose,Loose,Loose_L1,0
475,1.70658e+09,1,1,5.28816,0.425661,1.0,0.435013,20,20,g0,Loose,Loose,Loose_L1,0
477,1.70658e+09,1,1,5.44254,0.431391,1.0,0.435013,20,20,g0,Loose,Loose,Loose_L1,0
479,1.70658e+09,1,1,5.46381,0.401431,1.0,0.435013,20,20,g0,Loose,Loose,Loose_L1,0
481,1.70658e+09,1,1,5.76778,0.450218,1.0,0.435013,20,20,g0,Loose,Loose,Loose_L1,0
483,1.70658e+09,1,1,5.64517,0.441152,1.0,0.4361545,20,20,g0,Loose,Loose,Loose_L1,0
485,1.70658e+09,1,1,5.45785,0.431042,1.0,0.435013,20,20,g0,Loose,Loose,Loose_L1,0
487,1.70658e+09,1,1,6.22534,0.493774,1.0,0.435013,20,20,g0,Loose,Loose,Loose_L1,0
489,1.70658e+09,1,1,5.83049,0.442123,1.0,0.435013,20,20,g0,Loose,Loose,Loose_L1,0
491,1.70658e+09,1,1,6.06626,0.466281,1.0,0.4361545,20,20,g0,Loose,Loose,Loose_L1,0
493,1.70658e+09,1,1,5.7992,0.445201,1.0,0.43884449999999997,20,20,g0,Loose,Loose,Loose_L1,0
495,1.70658e+09,1,1,6.09166,0.468616,1.0,0.43884449999999997,20,20,g0,Loose,Loose,Loose_L1,0
497,1.70658e+09,1,1,6.32823,0.453932,1.0,0.43884449999999997,20,20,g0,Loose,Loose,Loose_L1,0
499,1.70658e+09,1,1,5.73737,0.43139,1.0,0.43884449999999997,20,20,g0,Loose,Loose,Loose_L1,0
501,1.70658e+09,1,1,4.92952,0.394789,1.0,0.43884449999999997,20,20,g0,Loose,Loose,Loose_L1,0
503,1.70658e+09,1,1,6.36261,0.475994,1.0,0.43884449999999997,20,20,g0,Loose,Loose,Loose_L1,0
505,1.70658e+09,1,1,4.83268,0.362111,1.0,0.43884449999999997,20,20,g0,Loose,Loose,Loose_L1,0
507,1.70658e+09,1,1,4.99571,0.370079,1.0,0.4353955,20,20,g0,Loose,Loose,Loose_L1,0
509,1.70658e+09,1,1,5.36598,0.434132,1.0,0.4353345,20,20,g0,Loose,Loose,Loose_L1,0
511,1.70658e+09,1,1,5.04066,0.404504,1.0,0.4327615,20,20,g0,Loose,Loose,Loose_L1,0
513,1.70658e+09,1,1,5.85158,0.43374,1.0,0.433936,20,20,g0,Loose,Loose,Loose_L1,0
515,1.70658e+09,1,1,5.05574,0.394043,1.0,0.433936,20,20,g0,Loose,Loose,Loose_L1,0
517,1.70658e+09,1,1,5.131,0.406673,1.0,0.433936,20,20,g0,Loose,Loose,Loose_L1,0
519,1.70658e+09,1,1,6.19441,0.489212,1.0,0.437642,20,20,g0,Loose,Loose,Loose_L1,0
521,1.70658e+09,1,1,5.59741,0.436909,1.0,0.4355205,20,20,g0,Loose,Loose,Loose_L1,0
523,1.70658e+09,1,1,5.38191,0.425245,1.0,0.433936,20,20,g0,Loose,Loose,Loose_L1,0
525,1.70658e+09,1,1,6.09201,0.492895,1.0,0.4355205,20,20,g0,Loose,Loose,Loose_L1,0
527,1.70658e+09,1,1,5.69939,0.44801,1.0,0.4355205,20,20,g0,Loose,Loose,Loose_L1,0
529,1.70658e+09,1,1,6.21352,0.491243,1.0,0.4355205,20,20,g0,Loose,Loose,Loose_L1,0
531,1.70658e+09,1,1,7.08758,0.551909,1.0,0.4355205,20,20,g0,Loose,Loose,Loose_L1,0
533,1.70658e+09,1,1,5.41912,0.410981,1.0,0.433936,20,20,g0,Loose,Loose,Loose_L1,0
535,1.70658e+09,1,1,5.92984,0.464114,1.0,0.433936,20,20,g0,Loose,Loose,Loose_L1,0
537,1.70658e+09,1,1,6.27931,0.498143,1.0,0.433936,20,20,g0,Loose,Loose,Loose_L1,0
539,1.70658e+09,1,1,5.15025,0.395109,1.0,0.433936,20,20,g0,Loose,Loose,Loose_L1,0
541,1.70658e+09,1,1,6.94213,0.508265,1.0,0.4355205,20,20,g0,Loose,Loose,Loose_L1,0
543,1.70658e+09,1,1,5.45619,0.408409,1.0,0.433936,20,20,g0,Loose,Loose,Loose_L1,0
545,1.70658e+09,1,1,5.24659,0.408276,1.0,0.433936,20,20,g0,Loose,Loose,Loose_L1,0
547,1.70658e+09,1,1,6.56126,0.491704,1.0,0.4355205,20,20,g0,Loose,Loose,Loose_L1,0
549,1.70658e+09,1,1,4.99546,0.376835,1.0,0.4353245,20,20,g0,Loose,Loose,Loose_L1,0
551,1.70658e+09,1,1,5.92687,0.480661,1.0,0.4424595,20,20,g0,Loose,Loose,Loose_L1,0
553,1.70658e+09,1,1,5.36165,0.422652,1.0,0.4424595,20,20,g0,Loose,Loose,Loose_L1,0
555,1.70658e+09,1,1,6.53356,0.512511,1.0,0.456062,20,20,g0,Loose,Loose,Loose_L1,0
557,1.70658e+09,1,1,6.13008,0.471467,1.0,0.4677905,20,20,g0,Loose,Loose,Loose_L1,0
559,1.70658e+09,1,1,6.3264,0.49347,1.0,0.4677905,20,20,g0,Loose,Loose,Loose_L1,0
561,1.70658e+09,1,1,5.72815,0.444283,1.0,0.4677905,20,20,g0,Loose,Loose,Loose_L1,0
563,1.70658e+09,1,1,6.41978,0.497374,1.0,0.47606400000000004,20,20,g0,Loose,Loose,Loose_L1,0
565,1.70658e+09,1,1,7.21532,0.55319,1.0,0.47606400000000004,20,20,g0,Loose,Loose,Loose_L1,0
567,1.70658e+09,1,1,5.39445,0.404616,1.0,0.47606400000000004,20,20,g0,Loose,Loose,Loose_L1,0
569,1.70658e+09,1,1,5.50799,0.427956,1.0,0.4677905,20,20,g0,Loose,Loose,Loose_L1,0
571,1.70658e+09,1,1,6.77961,0.530183,1.0,0.4677905,20,20,g0,Loose,Loose,Loose_L1,0
573,1.70658e+09,1,1,5.52585,0.423629,1.0,0.4677905,20,20,g0,Loose,Loose,Loose_L1,0
575,1.70658e+09,1,1,5.34871,0.42508,1.0,0.45787500000000003,20,20,g0,Loose,Loose,Loose_L1,0
577,1.70658e+09,1,1,5.94411,0.470428,1.0,0.4573555,20,20,g0,Loose,Loose,Loose_L1,0
579,1.70658e+09,1,1,5.76691,0.44886,1.0,0.459644,20,20,g0,Loose,Loose,Loose_L1,0
581,1.70658e+09,1,1,5.9136,0.452813,1.0,0.4508365,20,20,g0,Loose,Loose,Loose_L1,0
583,1.70658e+09,1,1,6.91774,0.545671,1.0,0.4616205,20,20,g0,Loose,Loose,Loose_L1,0
585,1.70658e+09,1,1,5.06978,0.385556,1.0,0.4616205,20,20,g0,Loose,Loose,Loose_L1,0
587,1.70658e+09,1,1,6.83501,0.547056,1.0,0.4616205,20,20,g0,Loose,Loose,Loose_L1,0
589,1.70658e+09,1,1,5.19246,0.394816,1.0,0.4616205,20,20,g0,Loose,Loose,Loose_L1,0
591,1.70658e+09,1,1,5.44187,0.440646,1.0,0.4508365,20,20,g0,Loose,Loose,Loose_L1,0
593,1.70658e+09,1,1,6.6245,0.530839,1.0,0.4616205,20,20,g0,Loose,Loose,Loose_L1,0
595,1.70658e+09,1,1,5.11594,0.393641,1.0,0.4508365,20,20,g0,Loose,Loose,Loose_L1,0
597,1.70658e+09,1,1,5.86286,0.473881,1.0,0.4508365,20,20,g0,Loose,Loose,Loose_L1,0
599,1.70658e+09,1,1,6.20542,0.489099,1.0,0.4508365,20,20,g0,Loose,Loose,Loose_L1,0
601,1.70658e+09,1,1,4.9792,0.38864,1.0,0.4508365,20,20,g0,Loose,Loose,Loose_L1,0
603,1.70658e+09,1,1,5.58677,0.454815,1.0,0.4508365,20,20,g0,Loose,Loose,Loose_L1,0
605,1.70658e+09,1,1,6.77846,0.542497,1.0,0.4508365,20,20,g0,Loose,Loose,Loose_L1,0
607,1.70658e+09,1,1,5.36504,0.410827,1.0,0.4508365,20,20,g0,Loose,Loose,Loose_L1,0
609,1.70658e+09,1,1,5.32166,0.420895,1.0,0.4508365,20,20,g0,Loose,Loose,Loose_L1,0
611,1.70658e+09,1,1,5.85423,0.463925,1.0,0.4508365,20,20,g0,Loose,Loose,Loose_L1,0
613,1.70658e+09,1,1,5.43472,0.423368,1.0,0.4508365,20,20,g0,Loose,Loose,Loose_L1,0
615,1.70658e+09,1,1,5.34221,0.426537,1.0,0.4508365,20,20,g0,Loose,Loose,Loose_L1,0
617,1.70658e+09,1,1,5.59827,0.444798,1.0,0.44682900000000003,20,20,g0,Loose,Loose,Loose_L1,0
619,1.70658e+09,1,1,5.04618,0.39641,1.0,0.442722,20,20,g0,Loose,Loose,Loose_L1,0
621,1.70658e+09,1,1,5.9541,0.473894,1.0,0.442722,20,20,g0,Loose,Loose,Loose_L1,0
623,1.70658e+09,1,1,6.36066,0.496013,1.0,0.442722,20,20,g0,Loose,Loose,Loose_L1,0
625,1.70658e+09,1,1,5.42467,0.414962,1.0,0.442722,20,20,g0,Loose,Loose,Loose_L1,0
627,1.70658e+09,1,1,6.04785,0.473976,1.0,0.442722,20,20,g0,Loose,Loose,Loose_L1,0
629,1.70658e+09,1,1,6.29692,0.492708,1.0,0.4498065,20,20,g0,Loose,Loose,Loose_L1,0
631,1.70658e+09,1,1,6.04986,0.469904,1.0,0.45937,20,20,g0,Loose,Loose,Loose_L1,0
633,1.70658e+09,1,1,6.75536,0.521063,1.0,0.45937,20,20,g0,Loose,Loose,Loose_L1,0
635,1.70658e+09,1,1,5.4399,0.417232,1.0,0.45937,20,20,g0,Loose,Loose,Loose_L1,0
637,1.70658e+09,1,1,4.8711,0.384389,1.0,0.4498065,20,20,g0,Loose,Loose,Loose_L1,0
639,1.70658e+09,1,1,6.58463,0.519535,1.0,0.4498065,20,20,g0,Loose,Loose,Loose_L1,0
641,1.70658e+09,1,1,5.57549,0.417936,1.0,0.4498065,20,20,g0,Loose,Loose,Loose_L1,0
643,1.70658e+09,1,1,5.7674,0.473445,1.0,0.4543615,20,20,g0,Loose,Loose,Loose_L1,0
645,1.70658e+09,1,1,6.82287,0.535187,1.0,0.4543615,20,20,g0,Loose,Loose,Loose_L1,0
647,1.70658e+09,1,1,5.90512,0.452046,1.0,0.4579855,20,20,g0,Loose,Loose,Loose_L1,0
649,1.70658e+09,1,1,5.51353,0.430762,1.0,0.4579855,20,20,g0,Loose,Loose,Loose_L1,0
651,1.70658e+09,1,1,5.76042,0.449291,1.0,0.4506685,20,20,g0,Loose,Loose,Loose_L1,0
653,1.70658e+09,1,1,5.35777,0.421217,1.0,0.4506685,20,20,g0,Loose,Loose,Loose_L1,0
655,1.70658e+09,1,1,6.90729,0.510419,1.0,0.460975,20,20,g0,Loose,Loose,Loose_L1,0
657,1.70658e+09,1,1,5.21746,0.395292,1.0,0.460975,20,20,g0,Loose,Loose,Loose_L1,0
659,1.70658e+09,1,1,5.70106,0.453896,1.0,0.4619,20,20,g0,Loose,Loose,Loose_L1,0
661,1.70658e+09,1,1,6.79773,0.530141,1.0,0.4619,20,20,g0,Loose,Loose,Loose_L1,0
663,1.70658e+09,1,1,5.66917,0.436012,1.0,0.452971,20,20,g0,Loose,Loose,Loose_L1,0
665,1.70658e+09,1,1,6.2457,0.496433,1.0,0.4619,20,20,g0,Loose,Loose,Loose_L1,0
667,1.70658e+09,1,1,6.63681,0.47829,1.0,0.4619,20,20,g0,Loose,Loose,Loose_L1,0
669,1.70658e+09,1,1,5.37968,0.404819,1.0,0.452971,20,20,g0,Loose,Loose,Loose_L1,0
671,1.70658e+09,1,1,5.42241,0.434892,1.0,0.4506685,20,20,g0,Loose,Loose,Loose_L1,0
673,1.70658e+09,1,1,7.16088,0.576256,1.0,0.4506685,20,20,g0,Loose,Loose,Loose_L1,0
675,1.70658e+09,1,1,5.88494,0.44484,1.0,0.4506685,20,20,g0,Loose,Loose,Loose_L1,0
677,1.70658e+09,0,0,nan,nan,1.0,0.4506685,20,20,g0,Loose,Loose,Native,0
679,1.70658e+09,1,1,7.0938,0.30803,1.0,0.4506685,20,20,g0,Loose,Loose,Loose_L1,0
681,1.70658e+09,1,1,5.53955,0.390519,1.0,0.4470655,20,20,g0,Loose,Loose,Loose_L1,0
683,1.70658e+09,1,1,5.5952,0.428871,1.0,0.4470655,20,20,g0,Loose,Loose,Loose_L1,0
685,1.70658e+09,1,1,6.52105,0.485337,1.0,0.4470655,20,20,g0,Loose,Loose,Loose_L1,0
687,1.70658e+09,1,1,6.2311,0.473096,1.0,0.4470655,20,20,g0,Loose,Loose,Loose_L1,0
689,1.70658e+09,1,1,5.92095,0.456427,1.0,0.4470655,20,20,g0,Loose,Loose,Loose_L1,0
691,1.70658e+09,1,1,6.6717,0.475402,1.0,0.4515935,20,20,g0,Loose,Loose,Loose_L1,0
693,1.70658e+09,1,1,5.66028,0.424652,1.0,0.449368,20,20,g0,Loose,Loose,Loose_L1,0
695,1.70658e+09,1,1,6.02098,0.468782,1.0,0.4551615,20,20,g0,Loose,Loose,Loose_L1,0
697,1.70658e+09,1,1,6.2969,0.485994,1.0,0.4551615,20,20,g0,Loose,Loose,Loose_L1,0
699,1.70658e+09,1,1,5.86365,0.456918,1.0,0.45667250000000004,20,20,g0,Loose,Loose,Loose_L1,0
701,1.70658e+09,1,1,6.27876,0.489614,1.0,0.46285,20,20,g0,Loose,Loose,Loose_L1,0
703,1.70658e+09,1,1,5.13435,0.395728,1.0,0.45667250000000004,20,20,g0,Loose,Loose,Loose_L1,0
705,1.70658e+09,1,1,5.37601,0.428359,1.0,0.45667250000000004,20,20,g0,Loose,Loose,Loose_L1,0
707,1.70658e+09,1,1,5.78502,0.45772,1.0,0.45667250000000004,20,20,g0,Loose,Loose,Loose_L1,0
709,1.70658e+09,1,1,5.59473,0.436946,1.0,0.4506335,20,20,g0,Loose,Loose,Loose_L1,0
711,1.70658e+09,1,1,6.50898,0.512526,1.0,0.45667250000000004,20,20,g0,Loose,Loose,Loose_L1,0
713,1.70658e+09,1,1,5.50755,0.420982,1.0,0.45667250000000004,20,20,g0,Loose,Loose,Loose_L1,0
715,1.70658e+09,1,1,6.01102,0.472066,1.0,0.45667250000000004,20,20,g0,Loose,Loose,Loose_L1,0
717,1.70658e+09,1,1,7.17044,0.559473,1.0,0.45731900000000003,20,20,g0,Loose,Loose,Loose_L1,0
719,1.70658e+09,1,1,4.8104,0.36113,1.0,0.45731900000000003,20,20,g0,Loose,Loose,Loose_L1,0
721,1.70658e+09,1,1,5.95597,0.481733,1.0,0.46325099999999997,20,20,g0,Loose,Loose,Loose_L1,0
723,1.70658e+09,1,1,5.93006,0.466704,1.0,0.467743,20,20,g0,Loose,Loose,Loose_L1,0
725,1.70658e+09,1,1,6.47438,0.505717,1.0,0.467743,20,20,g0,Loose,Loose,Loose_L1,0
727,1.70658e+09,1,1,5.53514,0.426705,1.0,0.462212,20,20,g0,Loose,Loose,Loose_L1,0
729,1.70658e+09,1,1,6.47229,0.480558,1.0,0.467743,20,20,g0,Loose,Loose,Loose_L1,0
731,1.70658e+09,1,1,5.0119,0.37619,1.0,0.462212,20,20,g0,Loose,Loose,Loose_L1,0
733,1.70658e+09,1,1,5.39777,0.43769,1.0,0.462212,20,20,g0,Loose,Loose,Loose_L1,0
735,1.70658e+09,1,1,7.16108,0.532533,1.0,0.462212,20,20,g0,Loose,Loose,Loose_L1,0
737,1.70658e+09,1,1,5.49993,0.407184,1.0,0.45731900000000003,20,20,g0,Loose,Loose,Loose_L1,0
739,1.70658e+09,1,1,5.39128,0.431575,1.0,0.447705,20,20,g0,Loose,Loose,Loose_L1,0
741,1.70658e+09,1,1,6.14834,0.458287,1.0,0.447705,20,20,g0,Loose,Loose,Loose_L1,0
743,1.70658e+09,1,1,5.14462,0.39244,1.0,0.447705,20,20,g0,Loose,Loose,Loose_L1,0
745,1.70658e+09,1,1,5.92011,0.476637,1.0,0.4580035,20,20,g0,Loose,Loose,Loose_L1,0
747,1.70658e+09,1,1,6.55058,0.516164,1.0,0.4624955,20,20,g0,Loose,Loose,Loose_L1,0
749,1.70658e+09,1,1,5.77003,0.444126,1.0,0.4624955,20,20,g0,Loose,Loose,Loose_L1,0
751,1.70658e+09,1,1,5.9919,0.4721,1.0,0.4624955,20,20,g0,Loose,Loose,Loose_L1,0
753,1.70658e+09,1,1,6.559,0.510019,1.0,0.469385,20,20,g0,Loose,Loose,Loose_L1,0
755,1.70658e+09,1,1,6.09586,0.467828,1.0,0.467266,20,20,g0,Loose,Loose,Loose_L1,0
757,1.70658e+09,1,1,5.71001,0.443484,1.0,0.4624955,20,20,g0,Loose,Loose,Loose_L1,0
759,1.70658e+09,1,1,6.47995,0.51179,1.0,0.467266,20,20,g0,Loose,Loose,Loose_L1,0
761,1.70658e+09,1,1,5.87365,0.450107,1.0,0.4624955,20,20,g0,Loose,Loose,Loose_L1,0
763,1.70658e+09,1,1,5.67242,0.444345,1.0,0.45419699999999996,20,20,g0,Loose,Loose,Loose_L1,0
765,1.70658e+09,1,1,6.59484,0.523812,1.0,0.45419699999999996,20,20,g0,Loose,Loose,Loose_L1,0
767,1.70658e+09,1,1,5.93251,0.455511,1.0,0.456899,20,20,g0,Loose,Loose,Loose_L1,0
769,1.70658e+09,1,1,6.27365,0.491511,1.0,0.456899,20,20,g0,Loose,Loose,Loose_L1,0
771,1.70658e+09,1,1,5.17974,0.398776,1.0,0.456899,20,20,g0,Loose,Loose,Loose_L1,0
773,1.70658e+09,1,1,5.97699,0.482417,1.0,0.4630575,20,20,g0,Loose,Loose,Loose_L1,0
775,1.70658e+09,1,1,6.76478,0.523805,1.0,0.4630575,20,20,g0,Loose,Loose,Loose_L1,0
777,1.70658e+09,1,1,5.69092,0.428462,1.0,0.4630575,20,20,g0,Loose,Loose,Loose_L1,0
779,1.70658e+09,1,1,5.45764,0.431217,1.0,0.4630575,20,20,g0,Loose,Loose,Loose_L1,0
781,1.70658e+09,1,1,6.33681,0.505194,1.0,0.46996400000000005,20,20,g0,Loose,Loose,Loose_L1,0
783,1.70658e+09,0,0,nan,nan,1.0,0.46996400000000005,20,20,g0,Loose,Loose,Native,0
785,1.70658e+09,1,1,6.09634,0.266248,1.0,0.46996400000000005,20,20,g0,Loose,Loose,Loose_L1,0
787,1.70658e+09,1,1,6.1461,0.442735,1.0,0.4616695,20,20,g0,Loose,Loose,Loose_L1,0
789,1.70658e+09,1,1,5.78666,0.446963,1.0,0.452809,20,20,g0,Loose,Loose,Loose_L1,0
791,1.70658e+09,1,1,6.19883,0.485483,1.0,0.4616695,20,20,g0,Loose,Loose,Loose_L1,0
793,1.70658e+09,1,1,6.25072,0.48519,1.0,0.4616695,20,20,g0,Loose,Loose,Loose_L1,0
795,1.70658e+09,1,1,5.66084,0.432569,1.0,0.452809,20,20,g0,Loose,Loose,Loose_L1,0
797,1.70658e+09,1,1,6.30482,0.495299,1.0,0.452809,20,20,g0,Loose,Loose,Loose_L1,0
799,1.70658e+09,1,1,5.01417,0.389005,1.0,0.452809,20,20,g0,Loose,Loose,Loose_L1,0
801,1.70658e+09,1,1,5.77929,0.471172,1.0,0.452809,20,20,g0,Loose,Loose,Loose_L1,0
803,1.70658e+09,1,1,7.08623,0.562326,1.0,0.46334149999999996,20,20,g0,Loose,Loose,Loose_L1,0
805,1.70658e+09,1,1,6.02688,0.454883,1.0,0.46334149999999996,20,20,g0,Loose,Loose,Loose_L1,0
807,1.70658e+09,1,1,5.70042,0.440291,1.0,0.45519699999999996,20,20,g0,Loose,Loose,Loose_L1,0
809,1.70658e+09,1,1,6.06936,0.480856,1.0,0.4630275,20,20,g0,Loose,Loose,Loose_L1,0
811,1.70658e+09,1,1,6.4662,0.503578,1.0,0.4630275,20,20,g0,Loose,Loose,Loose_L1,0
813,1.70658e+09,1,1,5.25695,0.405238,1.0,0.4630275,20,20,g0,Loose,Loose,Loose_L1,0
815,1.70658e+09,1,1,5.93299,0.477613,1.0,0.4630275,20,20,g0,Loose,Loose,Loose_L1,0
817,1.70658e+09,1,1,6.36457,0.490121,1.0,0.4630275,20,20,g0,Loose,Loose,Loose_L1,0
819,1.70658e+09,1,1,5.78258,0.443196,1.0,0.4630275,20,20,g0,Loose,Loose,Loose_L1,0
821,1.70658e+09,1,1,6.71815,0.529118,1.0,0.4743925,20,20,g0,Loose,Loose,Loose_L1,0
823,1.70658e+09,1,1,5.8205,0.469257,1.0,0.4702145,20,20,g0,Loose,Loose,Loose_L1,0
825,1.70658e+09,1,1,5.93744,0.457398,1.0,0.4702145,20,20,g0,Loose,Loose,Loose_L1,0
827,1.70658e+09,1,1,7.04679,0.512585,1.0,0.4743925,20,20,g0,Loose,Loose,Loose_L1,0
829,1.70658e+09,0,0,nan,nan,1.0,0.4743925,20,20,g0,Loose,Loose,Native,0
831,1.70658e+09,1,1,5.72162,0.244643,1.0,0.4743925,20,20,g0,Loose,Loose,Loose_L1,0
833,1.70658e+09,0,0,nan,nan,1.0,0.4743925,20,20,g0,Loose,Loose,Native,0
835,1.70658e+09,1,1,5.79825,0.248442,1.0,0.4702145,20,20,g0,Loose,Loose,Loose_L1,0
837,1.70658e+09,1,1,6.63012,0.454673,1.0,0.4633275,20,20,g0,Loose,Loose,Loose_L1,0
839,1.70658e+09,1,1,5.75045,0.43603,1.0,0.4633275,20,20,g0,Loose,Loose,Loose_L1,0
841,1.70658e+09,1,1,6.07393,0.479356,1.0,0.4633275,20,20,g0,Loose,Loose,Loose_L1,0
843,1.70658e+09,1,1,6.80858,0.533818,1.0,0.4702145,20,20,g0,Loose,Loose,Loose_L1,0
845,1.70658e+09,1,1,5.50072,0.39101,1.0,0.4633275,20,20,g0,Loose,Loose,Loose_L1,0
847,1.70658e+09,1,1,6.08694,0.469723,1.0,0.4633275,20,20,g0,Loose,Loose,Loose_L1,0
849,1.70658e+09,1,1,5.92108,0.428431,1.0,0.4633275,20,20,g0,Loose,Loose,Loose_L1,0
851,1.70658e+09,1,1,5.97236,0.461486,1.0,0.4653715,20,20,g0,Loose,Loose,Loose_L1,0
853,1.70658e+09,1,1,6.1581,0.485922,1.0,0.4653715,20,20,g0,Loose,Loose,Loose_L1,0
855,1.70658e+09,1,1,6.7609,0.490465,1.0,0.4653715,20,20,g0,Loose,Loose,Loose_L1,0
857,1.70658e+09,1,1,5.41715,0.409912,1.0,0.4653715,20,20,g0,Loose,Loose,Loose_L1,0
859,1.70658e+09,1,1,6.7902,0.502325,1.0,0.4653715,20,20,g0,Loose,Loose,Loose_L1,0
861,1.70658e+09,1,1,5.696,0.435811,1.0,0.459442,20,20,g0,Loose,Loose,Loose_L1,0
863,1.70658e+09,1,1,5.60233,0.435071,1.0,0.459442,20,20,g0,Loose,Loose,Loose_L1,0
865,1.70658e+09,1,1,5.83643,0.459872,1.0,0.458635,20,20,g0,Loose,Loose,Loose_L1,0
867,1.70658e+09,1,1,6.58626,0.516202,1.0,0.458635,20,20,g0,Loose,Loose,Loose_L1,0
869,1.70658e+09,1,1,5.87289,0.446887,1.0,0.45727249999999997,20,20,g0,Loose,Loose,Loose_L1,0
871,1.70658e+09,1,1,5.55085,0.432157,1.0,0.45077999999999996,20,20,g0,Loose,Loose,Loose_L1,0
873,1.70658e+09,1,1,6.73984,0.528006,1.0,0.45727249999999997,20,20,g0,Loose,Loose,Loose_L1,0
875,1.70658e+09,1,1,5.96925,0.456009,1.0,0.4579405,20,20,g0,Loose,Loose,Loose_L1,0
877,1.70658e+09,1,1,5.23593,0.407685,1.0,0.4579405,20,20,g0,Loose,Loose,Loose_L1,0
879,1.70658e+09,1,1,5.67464,0.448251,1.0,0.4579405,20,20,g0,Loose,Loose,Loose_L1,0
881,1.70658e+09,1,1,5.6154,0.436742,1.0,0.45213000000000003,20,20,g0,Loose,Loose,Loose_L1,0
883,1.70658e+09,1,1,6.72179,0.4908,1.0,0.45213000000000003,20,20,g0,Loose,Loose,Loose_L1,0
885,1.70658e+09,0,0,nan,nan,1.0,0.45213000000000003,20,20,g0,Loose,Loose,Native,0
887,1.70658e+09,1,1,6.09726,0.261647,1.0,0.45213000000000003,20,20,g0,Loose,Loose,Loose_L1,0
889,1.70658e+09,1,1,6.90999,0.473057,1.0,0.45213000000000003,20,20,g0,Loose,Loose,Loose_L1,0
891,1.70658e+09,1,1,5.9333,0.434112,1.0,0.45213000000000003,20,20,g0,Loose,Loose,Loose_L1,0
893,1.70658e+09,1,1,5.48269,0.426087,1.0,0.447569,20,20,g0,Loose,Loose,Loose_L1,0
895,1.70658e+09,1,1,6.56529,0.508748,1.0,0.447569,20,20,g0,Loose,Loose,Loose_L1,0
897,1.70658e+09,1,1,5.92242,0.455117,1.0,0.447569,20,20,g0,Loose,Loose,Loose_L1,0
899,1.70658e+09,0,0,nan,nan,1.0,0.447569,20,20,g0,Loose,Loose,Native,0
901,1.70658e+09,1,1,6.6219,0.290477,1.0,0.447569,20,20,g0,Loose,Loose,Loose_L1,0
903,1.70658e+09,1,1,6.14613,0.444904,1.0,0.4458955,20,20,g0,Loose,Loose,Loose_L1,0
905,1.70658e+09,1,1,6.05775,0.463394,1.0,0.447569,20,20,g0,Loose,Loose,Loose_L1,0
907,1.70658e+09,1,1,6.36597,0.493236,1.0,0.451684,20,20,g0,Loose,Loose,Loose_L1,0
909,1.70658e+09,1,1,5.84647,0.448778,1.0,0.44851450000000004,20,20,g0,Loose,Loose,Loose_L1,0
911,1.70658e+09,1,1,6.71136,0.483176,1.0,0.44851450000000004,20,20,g0,Loose,Loose,Loose_L1,0
913,1.70658e+09,1,1,7.26804,0.546229,1.0,0.4519475,20,20,g0,Loose,Loose,Loose_L1,0
915,1.70658e+09,1,1,6.45722,0.474619,1.0,0.455563,20,20,g0,Loose,Loose,Loose_L1,0
917,1.70658e+09,1,1,5.8131,0.434177,1.0,0.4519475,20,20,g0,Loose,Loose,Loose_L1,0
919,1.70658e+09,1,1,5.9412,0.461298,1.0,0.4519475,20,20,g0,Loose,Loose,Loose_L1,0
921,1.70658e+09,1,1,6.23768,0.484223,1.0,0.4582075,20,20,g0,Loose,Loose,Loose_L1,0
923,1.70658e+09,1,1,6.40477,0.494012,1.0,0.462346,20,20,g0,Loose,Loose,Loose_L1,0
925,1.70658e+09,1,1,6.22611,0.4707,1.0,0.467047,20,20,g0,Loose,Loose,Loose_L1,0
927,1.70658e+09,1,1,6.2568,0.467335,1.0,0.46536449999999996,20,20,g0,Loose,Loose,Loose_L1,0
929,1.70658e+09,1,1,6.59668,0.505016,1.0,0.4690175,20,20,g0,Loose,Loose,Loose_L1,0
931,1.70658e+09,1,1,6.01496,0.455361,1.0,0.46536449999999996,20,20,g0,Loose,Loose,Loose_L1,0
933,1.70658e+09,1,1,6.95719,0.533068,1.0,0.4690175,20,20,g0,Loose,Loose,Loose_L1,0
935,1.70658e+09,1,1,6.79014,0.507015,1.0,0.4726595,20,20,g0,Loose,Loose,Loose_L1,0
937,1.70658e+09,1,1,6.58959,0.500842,1.0,0.4726595,20,20,g0,Loose,Loose,Loose_L1,0
939,1.70658e+09,1,1,7.09724,0.52949,1.0,0.4788975,20,20,g0,Loose,Loose,Loose_L1,0
941,1.70658e+09,1,1,6.53521,0.480639,1.0,0.4819075,20,20,g0,Loose,Loose,Loose_L1,0
943,1.70658e+09,1,1,6.88633,0.513275,1.0,0.4836995,20,20,g0,Loose,Loose,Loose_L1,0
945,1.70658e+09,1,1,6.16604,0.433556,1.0,0.4836995,20,20,g0,Loose,Loose,Loose_L1,0
947,1.70658e+09,1,1,6.88727,0.516602,1.0,0.4836995,20,20,g0,Loose,Loose,Loose_L1,0
949,1.70658e+09,1,1,6.65835,0.504705,1.0,0.4891175,20,20,g0,Loose,Loose,Loose_L1,0
951,1.70658e+09,1,1,6.19784,0.465377,1.0,0.4891175,20,20,g0,Loose,Loose,Loose_L1,0
953,1.70658e+09,1,1,6.80941,0.521653,1.0,0.4891175,20,20,g0,Loose,Loose,Loose_L1,0
955,1.70658e+09,1,1,6.34034,0.478967,1.0,0.4891175,20,20,g0,Loose,Loose,Loose_L1,0
957,1.70658e+09,1,1,6.83205,0.511355,1.0,0.497427,20,20,g0,Loose,Loose,Loose_L1,0
959,1.70658e+09,1,1,6.79418,0.506383,1.0,0.5027735,20,20,g0,Loose,Loose,Loose_L1,0
961,1.70658e+09,1,1,7.53432,0.557943,1.0,0.5048604999999999,20,20,g0,Loose,Loose,Loose_L1,0
963,1.70658e+09,1,1,7.66459,0.564978,1.0,0.5056995,20,20,g0,Loose,Loose,Loose_L1,0
965,1.70658e+09,1,1,7.63626,0.556456,1.0,0.506699,20,20,g0,Loose,Loose,Loose_L1,0
967,1.70658e+09,1,1,7.01865,0.514875,1.0,0.509185,20,20,g0,Loose,Loose,Loose_L1,0
969,1.70658e+09,1,1,7.33238,0.533127,1.0,0.5123150000000001,20,20,g0,Loose,Loose,Loose_L1,0
971,1.70658e+09,1,1,6.49866,0.477226,1.0,0.5123150000000001,20,20,g0,Loose,Loose,Loose_L1,0
973,1.70658e+09,1,1,7.07664,0.531459,1.0,0.5123150000000001,20,20,g0,Loose,Loose,Loose_L1,0
975,1.70658e+09,1,1,6.42236,0.474296,1.0,0.5123150000000001,20,20,g0,Loose,Loose,Loose_L1,0
977,1.70658e+09,1,1,6.91289,0.527871,1.0,0.5140750000000001,20,20,g0,Loose,Loose,Loose_L1,0
979,1.70658e+09,1,1,6.38871,0.446097,1.0,0.5123150000000001,20,20,g0,Loose,Loose,Loose_L1,0
981,1.70658e+09,1,1,6.69407,0.498592,1.0,0.5123150000000001,20,20,g0,Loose,Loose,Loose_L1,0
983,1.70658e+09,1,1,6.81341,0.513041,1.0,0.5121979999999999,20,20,g0,Loose,Loose,Loose_L1,0
985,1.70658e+09,1,1,8.00233,0.599772,1.0,0.5139579999999999,20,20,g0,Loose,Loose,Loose_L1,0
987,1.70658e+09,1,1,7.67654,0.55361,1.0,0.5139579999999999,20,20,g0,Loose,Loose,Loose_L1,0
989,1.70658e+09,1,1,7.95489,0.583236,1.0,0.5182640000000001,20,20,g0,Loose,Loose,Loose_L1,0
991,1.70658e+09,1,1,7.77207,0.528106,1.0,0.524762,20,20,g0,Loose,Loose,Loose_L1,0
993,1.70658e+09,1,1,6.35912,0.449513,1.0,0.521373,20,20,g0,Loose,Loose,Loose_L1,0
995,1.70658e+09,1,1,7.12615,0.536174,1.0,0.5279885,20,20,g0,Loose,Loose,Loose_L1,0
997,1.70658e+09,1,1,6.99304,0.518193,1.0,0.5279885,20,20,g0,Loose,Loose,Loose_L1,0
999,1.70658e+09,1,1,6.80861,0.501755,1.0,0.5279885,20,20,g0,Loose,Loose,Loose_L1,0
1001,1.70658e+09,1,1,6.77828,0.502034,1.0,0.5230319999999999,20,20,g0,Loose,Loose,Loose_L1,0
1003,1.70658e+09,1,1,7.05719,0.524814,1.0,0.5215035,20,20,g0,Loose,Loose,Loose_L1,0
1005,1.70658e+09,1,1,6.92454,0.511776,1.0,0.516534,20,20,g0,Loose,Loose,Loose_L1,0
1007,1.70658e+09,1,1,6.66162,0.499515,1.0,0.515617,20,20,g0,Loose,Loose,Loose_L1,0
1009,1.70658e+09,1,1,7.85376,0.591533,1.0,0.515617,20,20,g0,Loose,Loose,Loose_L1,0
1011,1.70658e+09,1,1,6.70068,0.494412,1.0,0.515617,20,20,g0,Loose,Loose,Loose_L1,0
1013,1.70658e+09,1,1,7.52385,0.525342,1.0,0.515617,20,20,g0,Loose,Loose,Loose_L1,0
1015,1.70658e+09,1,1,7.16915,0.519864,1.0,0.5190285,20,20,g0,Loose,Loose,Loose_L1,0
1017,1.70658e+09,1,1,7.12395,0.528901,1.0,0.5190285,20,20,g0,Loose,Loose,Loose_L1,0
1019,1.70658e+09,1,1,7.04291,0.482332,1.0,0.5190285,20,20,g0,Loose,Loose,Loose_L1,0
1021,1.70658e+09,1,1,7.83126,0.544523,1.0,0.522339,20,20,g0,Loose,Loose,Loose_L1,0
1023,1.70658e+09,1,1,7.15091,0.506304,1.0,0.522339,20,20,g0,Loose,Loose,Loose_L1,0
1025,1.70658e+09,1,1,8.24667,0.562616,1.0,0.522339,20,20,g0,Loose,Loose,Loose_L1,0
1027,1.70658e+09,1,1,7.16639,0.514144,1.0,0.5190285,20,20,g0,Loose,Loose,Loose_L1,0
1029,1.70658e+09,1,1,7.11119,0.52186,1.0,0.5190285,20,20,g0,Loose,Loose,Loose_L1,0
1031,1.70658e+09,1,1,7.40539,0.513345,1.0,0.5161685,20,20,g0,Loose,Loose,Loose_L1,0
1033,1.70658e+09,1,1,6.96055,0.507036,1.0,0.5161685,20,20,g0,Loose,Loose,Loose_L1,0
1035,1.70658e+09,1,1,7.25744,0.535746,1.0,0.5161685,20,20,g0,Loose,Loose,Loose_L1,0
1037,1.70658e+09,1,1,7.51701,0.520533,1.0,0.517004,20,20,g0,Loose,Loose,Loose_L1,0
1039,1.70658e+09,1,1,7.74965,0.562943,1.0,0.5201985,20,20,g0,Loose,Loose,Loose_L1,0
1041,1.70658e+09,1,1,6.64229,0.483166,1.0,0.5201985,20,20,g0,Loose,Loose,Loose_L1,0
1043,1.70658e+09,1,1,7.98018,0.560469,1.0,0.5201985,20,20,g0,Loose,Loose,Loose_L1,0
1045,1.70658e+09,1,1,7.17217,0.515126,1.0,0.5201985,20,20,g0,Loose,Loose,Loose_L1,0
1047,1.70658e+09,1,1,7.2797,0.498886,1.0,0.5201985,20,20,g0,Loose,Loose,Loose_L1,0
1049,1.70658e+09,1,1,7.49662,0.51394,1.0,0.517495,20,20,g0,Loose,Loose,Loose_L1,0
1051,1.70658e+09,1,1,7.23628,0.519448,1.0,0.519656,20,20,g0,Loose,Loose,Loose_L1,0
1053,1.70658e+09,1,1,8.0667,0.551963,1.0,0.519656,20,20,g0,Loose,Loose,Loose_L1,0
1055,1.70658e+09,1,1,7.1904,0.514446,1.0,0.517287,20,20,g0,Loose,Loose,Loose_L1,0
1057,1.70658e+09,1,1,7.02389,0.517717,1.0,0.5164215,20,20,g0,Loose,Loose,Loose_L1,0
1059,1.70658e+09,1,1,7.32393,0.546064,1.0,0.5185825,20,20,g0,Loose,Loose,Loose_L1,0
1061,1.70658e+09,1,1,7.91633,0.582723,1.0,0.5185825,20,20,g0,Loose,Loose,Loose_L1,0
1063,1.70658e+09,1,1,7.08965,0.515387,1.0,0.5185825,20,20,g0,Loose,Loose,Loose_L1,0
1065,1.70658e+09,1,1,8.10212,0.599587,1.0,0.5185825,20,20,g0,Loose,Loose,Loose_L1,0
1067,1.70658e+09,1,1,7.84593,0.565238,1.0,0.5199905,20,20,g0,Loose,Loose,Loose_L1,0
1069,1.70658e+09,1,1,7.21078,0.52049,1.0,0.519969,20,20,g0,Loose,Loose,Loose_L1,0
1071,1.70658e+09,1,1,7.01192,0.507998,1.0,0.519969,20,20,g0,Loose,Loose,Loose_L1,0
1073,1.70658e+09,1,1,7.70565,0.575316,1.0,0.5205115,20,20,g0,Loose,Loose,Loose_L1,0
1075,1.70658e+09,1,1,7.46136,0.545541,1.0,0.5205115,20,20,g0,Loose,Loose,Loose_L1,0
1077,1.70658e+09,1,1,7.59048,0.518793,1.0,0.519969,20,20,g0,Loose,Loose,Loose_L1,0
1079,1.70658e+09,0,0,nan,nan,1.0,0.519969,20,20,g0,Loose,Loose,Native,0
1081,1.70658e+09,1,1,7.19645,0.290164,1.0,0.5191205,20,20,g0,Loose,Loose,Loose_L1,0
1083,1.70658e+09,1,1,7.62282,0.525527,1.0,0.519969,20,20,g0,Loose,Loose,Loose_L1,0
1085,1.70658e+09,1,1,7.43008,0.538422,1.0,0.519969,20,20,g0,Loose,Loose,Loose_L1,0
1087,1.70658e+09,1,1,7.465,0.507049,1.0,0.519969,20,20,g0,Loose,Loose,Loose_L1,0
1089,1.70658e+09,1,1,6.70465,0.455607,1.0,0.519969,20,20,g0,Loose,Loose,Loose_L1,0
1091,1.70658e+09,1,1,7.0638,0.523054,1.0,0.521772,20,20,g0,Loose,Loose,Loose_L1,0
1093,1.70658e+09,0,0,nan,nan,1.0,0.521772,20,20,g0,Loose,Loose,Native,0
1095,1.70658e+09,1,1,7.03315,0.299742,1.0,0.521772,20,20,g0,Loose,Loose,Loose_L1,0
1097,1.70658e+09,0,0,nan,nan,1.0,0.521772,20,20,g0,Loose,Loose,Native,0
1099,1.70658e+09,1,1,7.59826,0.312869,1.0,0.5196415,20,20,g0,Loose,Loose,Loose_L1,0
1101,1.70658e+09,1,1,6.77272,0.466207,1.0,0.5196415,20,20,g0,Loose,Loose,Loose_L1,0
1103,1.70658e+09,1,1,6.9582,0.522007,1.0,0.5212485,20,20,g0,Loose,Loose,Loose_L1,0
1105,1.70658e+09,1,1,7.67576,0.53133,1.0,0.5212485,20,20,g0,Loose,Loose,Loose_L1,0
1107,1.70658e+09,1,1,7.43467,0.531328,1.0,0.5212485,20,20,g0,Loose,Loose,Loose_L1,0
1109,1.70658e+09,1,1,7.27016,0.526507,1.0,0.5225305,20,20,g0,Loose,Loose,Loose_L1,0
1111,1.70658e+09,1,1,6.89255,0.499534,1.0,0.5212485,20,20,g0,Loose,Loose,Loose_L1,0
1113,1.70658e+09,1,1,6.64279,0.492219,1.0,0.5196415,20,20,g0,Loose,Loose,Loose_L1,0
1115,1.70658e+09,0,0,nan,nan,1.0,0.5196415,20,20,g0,Loose,Loose,Native,0
1117,1.70658e+09,1,1,7.48032,0.3074,1.0,0.5133954999999999,20,20,g0,Loose,Loose,Loose_L1,0
1119,1.70658e+09,1,1,7.60993,0.51717,1.0,0.5179815,20,20,g0,Loose,Loose,Loose_L1,0
1121,1.70658e+09,1,1,6.90569,0.490098,1.0,0.5121095,20,20,g0,Loose,Loose,Loose_L1,0
1123,1.70658e+09,1,1,7.26875,0.540788,1.0,0.5121095,20,20,g0,Loose,Loose,Loose_L1,0
1125,1.70658e+09,1,1,7.2158,0.530425,1.0,0.5121095,20,20,g0,Loose,Loose,Loose_L1,0
1127,1.70658e+09,1,1,7.97141,0.590777,1.0,0.5195885,20,20,g0,Loose,Loose,Loose_L1,0
1129,1.70658e+09,1,1,7.22624,0.520129,1.0,0.5186495,20,20,g0,Loose,Loose,Loose_L1,0
1131,1.70658e+09,1,1,6.80496,0.492729,1.0,0.5121095,20,20,g0,Loose,Loose,Loose_L1,0
1133,1.70658e+09,1,1,8.22374,0.617327,1.0,0.5186495,20,20,g0,Loose,Loose,Loose_L1,0
1135,1.70658e+09,1,1,7.06996,0.505799,1.0,0.5186495,20,20,g0,Loose,Loose,Loose_L1,0
1137,1.70658e+09,1,1,7.40254,0.548812,1.0,0.5186495,20,20,g0,Loose,Loose,Loose_L1,0
1139,1.70658e+09,1,1,7.9826,0.581527,1.0,0.521068,20,20,g0,Loose,Loose,Loose_L1,0
1141,1.70658e+09,1,1,6.20288,0.447864,1.0,0.521068,20,20,g0,Loose,Loose,Loose_L1,0
1143,1.70658e+09,1,1,6.83235,0.522127,1.0,0.5220670000000001,20,20,g0,Loose,Loose,Loose_L1,0
1145,1.70658e+09,1,1,8.46086,0.634648,1.0,0.5243169999999999,20,20,g0,Loose,Loose,Loose_L1,0
1147,1.70658e+09,1,1,6.99557,0.500274,1.0,0.521128,20,20,g0,Loose,Loose,Loose_L1,0
1149,1.70658e+09,1,1,7.23035,0.525667,1.0,0.521128,20,20,g0,Loose,Loose,Loose_L1,0
1151,1.70658e+09,1,1,8.19133,0.606291,1.0,0.521128,20,20,g0,Loose,Loose,Loose_L1,0
1153,1.70658e+09,1,1,6.95534,0.498067,1.0,0.521128,20,20,g0,Loose,Loose,Loose_L1,0
1155,1.70658e+09,1,1,8.39462,0.584139,1.0,0.5238970000000001,20,20,g0,Loose,Loose,Loose_L1,0
1157,1.70658e+09,1,1,7.25981,0.51353,1.0,0.5238970000000001,20,20,g0,Loose,Loose,Loose_L1,0
1159,1.70658e+09,1,1,7.62665,0.561046,1.0,0.528046,20,20,g0,Loose,Loose,Loose_L1,0
1161,1.70658e+09,1,1,7.99715,0.585215,1.0,0.5356065000000001,20,20,g0,Loose,Loose,Loose_L1,0
1163,1.70658e+09,1,1,7.28859,0.526635,1.0,0.5285299999999999,20,20,g0,Loose,Loose,Loose_L1,0
1165,1.70658e+09,1,1,7.93804,0.586393,1.0,0.5377235,20,20,g0,Loose,Loose,Loose_L1,0
1167,1.70658e+09,1,1,7.83737,0.571454,1.0,0.5377235,20,20,g0,Loose,Loose,Loose_L1,0
1169,1.70658e+09,1,1,8.48668,0.61772,1.0,0.554929,20,20,g0,Loose,Loose,Loose_L1,0
1171,1.70658e+09,1,1,6.91288,0.490027,1.0,0.554929,20,20,g0,Loose,Loose,Loose_L1,0
1173,1.70658e+09,1,1,7.43948,0.545936,1.0,0.547374,20,20,g0,Loose,Loose,Loose_L1,0
1175,1.70658e+09,1,1,6.86326,0.504601,1.0,0.547374,20,20,g0,Loose,Loose,Loose_L1,0
1177,1.70658e+09,1,1,7.40937,0.539834,1.0,0.5428850000000001,20,20,g0,Loose,Loose,Loose_L1,0
1179,1.70658e+09,1,1,7.74787,0.567604,1.0,0.5428850000000001,20,20,g0,Loose,Loose,Loose_L1,0
1181,1.70658e+09,1,1,7.19805,0.522541,1.0,0.5428850000000001,20,20,g0,Loose,Loose,Loose_L1,0
1183,1.70658e+09,1,1,7.05739,0.516678,1.0,0.5428850000000001,20,20,g0,Loose,Loose,Loose_L1,0
1185,1.70658e+09,1,1,7.90461,0.527264,1.0,0.533549,20,20,g0,Loose,Loose,Loose_L1,0
1187,1.70658e+09,1,1,6.95899,0.472994,1.0,0.533549,20,20,g0,Loose,Loose,Loose_L1,0
1189,1.70658e+09,1,1,7.92256,0.549947,1.0,0.5428850000000001,20,20,g0,Loose,Loose,Loose_L1,0
1191,1.70658e+09,0,0,nan,nan,1.0,0.5428850000000001,20,20,g0,Loose,Loose,Native,0
1193,1.70658e+09,1,1,8.97671,0.380329,1.0,0.533549,20,20,g0,Loose,Loose,Loose_L1,0
1195,1.70658e+09,1,1,9.05763,0.558869,1.0,0.5428850000000001,20,20,g0,Loose,Loose,Loose_L1,0
1197,1.70658e+09,1,1,7.95354,0.551026,1.0,0.5428850000000001,20,20,g0,Loose,Loose,Loose_L1,0
1199,1.70658e+09,1,1,7.85658,0.571545,1.0,0.5479415,20,20,g0,Loose,Loose,Loose_L1,0
1201,1.70658e+09,1,1,4.76414,0.947961,1.0,0.5479415,20,20,g0,Loose,Loose,Loose_L1,0
1203,1.70658e+09,1,1,5.50667,2.2506,1.0,0.5479415,20,20,g0,Loose,Loose,Loose_L1,0
1205,1.70658e+09,1,1,4.00433,2.45217,1.0,0.5504865,20,20,g0,Loose,Loose,Loose_L1,0
1207,1.70658e+09,1,1,7.99698,0.00190106,1.0,0.5479415,20,20,g0,Loose,Loose,Loose_L1,0
1209,1.70658e+09,1,1,7.98672,0.973023,1.0,0.5479415,20,20,g0,Loose,Loose,Loose_L1,0
1211,1.70658e+09,1,1,8.01623,1.92697,1.0,0.5479415,20,20,g0,Loose,Loose,Loose_L1,0
1213,1.70658e+09,1,1,3.74749,0.000833819,1.0,0.5479415,20,20,g0,Loose,Loose,Loose_L1,0
1215,1.70658e+09,1,1,5.48653,1.50614,1.0,0.5504865,20,20,g0,Loose,Loose,Loose_L1,0
1217,1.70658e+09,1,1,5.28426,2.41596,1.0,0.5549474999999999,20,20,g0,Loose,Loose,Loose_L1,0
1219,1.70658e+09,1,1,6.84556,4.2244,1.0,0.5632364999999999,20,20,g0,Loose,Loose,Loose_L1,0
1221,1.70658e+09,1,1,7.96269,6.09384,1.0,0.565207,20,20,g0,Loose,Loose,Loose_L1,0
1223,1.70658e+09,1,1,7.18828,6.12018,1.0,0.759753,20,20,g0,Loose,Loose,Loose_L1,0
1225,1.70658e+09,1,1,8.05572,8.33182,1.0,0.960492,20,20,g0,Loose,Loose,Loose_L1,0
1227,1.70658e+09,1,1,7.48217,2.51763,1.0,1.2395815,20,20,g0,Loose,Loose,Loose_L1,0
1229,1.70658e+09,1,1,7.38642,3.43246,1.0,1.716555,20,20,g0,Loose,Loose,Loose_L1,0
1231,1.70658e+09,1,1,10.4026,6.69405,1.0,2.088785,20,20,g0,Loose,Loose,Loose_L1,0
1233,1.70658e+09,1,1,10.8375,8.19806,1.0,2.3332800000000002,20,20,g0,Loose,Loose,Loose_L1,0
1235,1.70658e+09,1,1,11.2588,9.37219,1.0,2.4340650000000004,20,20,g0,Loose,Loose,Loose_L1,0
1237,1.70658e+09,1,1,12.8847,0.131535,1.0,2.4340650000000004,20,20,g0,Loose,Loose,Loose_L1,0
1239,1.70658e+09,1,1,10.3183,0.505933,1.0,2.4340650000000004,20,20,g0,Loose,Loose,Loose_L1,0
1241,1.70658e+09,1,1,8.28608,0.4367,1.0,2.4340650000000004,20,20,g0,Loose,Loose,Loose_L1,0
1243,1.70658e+09,1,1,9.28566,0.519492,1.0,2.4340650000000004,20,20,g0,Loose,Loose,Loose_L1,0
1245,1.70658e+09,1,1,7.93199,0.49022,1.0,2.171465,20,20,g0,Loose,Loose,Loose_L1,0
1247,1.70658e+09,1,1,7.28521,0.454204,1.0,2.171465,20,20,g0,Loose,Loose,Loose_L1,0
1249,1.70658e+09,1,1,6.73315,0.419127,1.0,2.171465,20,20,g0,Loose,Loose,Loose_L1,0
1251,1.70658e+09,1,1,7.01468,0.501424,1.0,1.9610500000000002,20,20,g0,Loose,Loose,Loose_L1,0
1253,1.70658e+09,1,1,7.13016,0.490216,1.0,1.9610500000000002,20,20,g0,Loose,Loose,Loose_L1,0
1255,1.70658e+09,1,1,8.25496,0.558136,1.0,1.4870480000000001,20,20,g0,Loose,Loose,Loose_L1,0
1257,1.70658e+09,1,1,6.87112,0.443485,1.0,0.5388139999999999,20,20,g0,Loose,Loose,Loose_L1,0
1259,1.70658e+09,1,1,6.30663,0.449971,1.0,0.5127124999999999,20,20,g0,Loose,Loose,Loose_L1,0
1261,1.70658e+09,1,1,6.61261,0.437455,1.0,0.5036784999999999,20,20,g0,Loose,Loose,Loose_L1,0
1263,1.70658e+09,1,1,8.55736,0.545835,1.0,0.5036784999999999,20,20,g0,Loose,Loose,Loose_L1,0
1265,1.70658e+09,1,1,5.34843,0.336322,1.0,0.495822,20,20,g0,Loose,Loose,Loose_L1,0
1267,1.70658e+09,1,1,4.9094,0.377649,1.0,0.490218,20,20,g0,Loose,Loose,Loose_L1,0
1269,1.70658e+09,1,1,6.19787,0.44018,1.0,0.47221,20,20,g0,Loose,Loose,Loose_L1,0
1271,1.70658e+09,1,1,8.00663,0.531296,1.0,0.47221,20,20,g0,Loose,Loose,Loose_L1,0
1273,1.70658e+09,1,1,5.88398,0.352712,1.0,0.4520875,20,20,g0,Loose,Loose,Loose_L1,0
1275,1.70658e+09,1,1,6.34444,0.492389,1.0,0.4520875,20,20,g0,Loose,Loose,Loose_L1,0
1277,1.70658e+09,1,1,6.86547,0.474238,1.0,0.464221,20,20,g0,Loose,Loose,Loose_L1,0
1279,1.70658e+09,1,1,6.02635,0.40186,1.0,0.4520875,20,20,g0,Loose,Loose,Loose_L1,0
1281,1.70658e+09,1,1,6.60758,0.457552,1.0,0.455878,20,20,g0,Loose,Loose,Loose_L1,0
1283,1.70658e+09,1,1,5.27528,0.361853,1.0,0.4520875,20,20,g0,Loose,Loose,Loose_L1,0
1285,1.70658e+09,1,1,5.59852,0.436096,1.0,0.446728,20,20,g0,Loose,Loose,Loose_L1,0
1287,1.70658e+09,1,1,6.54414,0.50311,1.0,0.446728,20,20,g0,Loose,Loose,Loose_L1,0
1289,1.70658e+09,1,1,4.14677,0.309701,1.0,0.446728,20,20,g0,Loose,Loose,Loose_L1,0
1291,1.70658e+09,1,1,4.82214,0.3993,1.0,0.4418325,20,20,g0,Loose,Loose,Loose_L1,0
1293,1.70658e+09,1,1,4.02533,0.323102,1.0,0.43881749999999997,20,20,g0,Loose,Loose,Loose_L1,0
1295,1.70658e+09,1,1,6.70457,0.513163,1.0,0.43881749999999997,20,20,g0,Loose,Loose,Loose_L1,0
1297,1.70658e+09,1,1,6.59054,0.457128,1.0,0.43881749999999997,20,20,g0,Loose,Loose,Loose_L1,0
1299,1.70658e+09,1,1,5.696,0.387127,1.0,0.4367755,20,20,g0,Loose,Loose,Loose_L1,0
1301,1.70658e+09,1,1,6.18723,0.413115,1.0,0.42460549999999997,20,20,g0,Loose,Loose,Loose_L1,0
1303,1.70658e+09,1,1,7.28654,0.558941,1.0,0.42460549999999997,20,20,g0,Loose,Loose,Loose_L1,0
1305,1.70658e+09,1,1,5.51413,0.37484,1.0,0.42460549999999997,20,20,g0,Loose,Loose,Loose_L1,0
1307,1.70658e+09,1,1,4.59589,0.355288,1.0,0.42460549999999997,20,20,g0,Loose,Loose,Loose_L1,0
1309,1.70658e+09,1,1,5.89839,0.446922,1.0,0.42460549999999997,20,20,g0,Loose,Loose,Loose_L1,0
1311,1.70658e+09,1,1,7.76136,0.505023,1.0,0.42460549999999997,20,20,g0,Loose,Loose,Loose_L1,0
1313,1.70658e+09,1,1,6.02547,0.387892,1.0,0.42460549999999997,20,20,g0,Loose,Loose,Loose_L1,0
1315,1.70658e+09,1,1,6.92885,0.478563,1.0,0.42460549999999997,20,20,g0,Loose,Loose,Loose_L1,0
1317,1.70658e+09,1,1,5.77459,0.404658,1.0,0.40888650000000004,20,20,g0,Loose,Loose,Loose_L1,0
1319,1.70658e+09,1,1,6.33883,0.458029,1.0,0.42460549999999997,20,20,g0,Loose,Loose,Loose_L1,0
1321,1.70658e+09,1,1,7.81436,0.518856,1.0,0.42460549999999997,20,20,g0,Loose,Loose,Loose_L1,0
1323,1.70658e+09,1,1,5.67141,0.387976,1.0,0.42460549999999997,20,20,g0,Loose,Loose,Loose_L1,0
1325,1.70658e+09,1,1,5.91015,0.405638,1.0,0.40937650000000003,20,20,g0,Loose,Loose,Loose_L1,0
1327,1.70658e+09,1,1,5.74757,0.381786,1.0,0.405148,20,20,g0,Loose,Loose,Loose_L1,0
1329,1.70658e+09,1,1,6.89047,0.468122,1.0,0.40937650000000003,20,20,g0,Loose,Loose,Loose_L1,0
1331,1.70658e+09,1,1,7.06838,0.491799,1.0,0.43001849999999997,20,20,g0,Loose,Loose,Loose_L1,0
1333,1.70658e+09,1,1,7.07972,0.490845,1.0,0.452025,20,20,g0,Loose,Loose,Loose_L1,0
1335,1.70658e+09,1,1,6.04571,0.424039,1.0,0.4354805,20,20,g0,Loose,Loose,Loose_L1,0
1337,1.70658e+09,1,1,6.36496,0.527504,1.0,0.4354805,20,20,g0,Loose,Loose,Loose_L1,0
1339,1.70658e+09,1,1,7.18398,0.591417,1.0,0.45247550000000003,20,20,g0,Loose,Loose,Loose_L1,0
1341,1.70658e+09,1,1,5.88454,0.438972,1.0,0.45247550000000003,20,20,g0,Loose,Loose,Loose_L1,0
1343,1.70658e+09,1,1,6.89827,0.44572,1.0,0.44632099999999997,20,20,g0,Loose,Loose,Loose_L1,0
1345,1.70658e+09,1,1,7.18622,0.526844,1.0,0.45247550000000003,20,20,g0,Loose,Loose,Loose_L1,0
1347,1.70658e+09,1,1,8.86351,0.634587,1.0,0.4630755,20,20,g0,Loose,Loose,Loose_L1,0
1349,1.70658e+09,1,1,7.65707,0.492347,1.0,0.4733425,20,20,g0,Loose,Loose,Loose_L1,0
1351,1.70658e+09,1,1,6.9669,0.45267,1.0,0.4630755,20,20,g0,Loose,Loose,Loose_L1,0
1353,1.70658e+09,1,1,6.77892,0.475859,1.0,0.4719905,20,20,g0,Loose,Loose,Loose_L1,0
1355,1.70658e+09,1,1,8.40686,0.578438,1.0,0.4719905,20,20,g0,Loose,Loose,Loose_L1,0
1357,1.70658e+09,1,1,6.31835,0.413721,1.0,0.4719905,20,20,g0,Loose,Loose,Loose_L1,0
1359,1.70658e+09,1,1,5.82452,0.388969,1.0,0.4719905,20,20,g0,Loose,Loose,Loose_L1,0
1361,1.70658e+09,1,1,5.59681,0.420383,1.0,0.460396,20,20,g0,Loose,Loose,Loose_L1,0
1363,1.70658e+09,1,1,6.42873,0.464098,1.0,0.46611,20,20,g0,Loose,Loose,Loose_L1,0
1365,1.70658e+09,1,1,7.09487,0.506986,1.0,0.4719905,20,20,g0,Loose,Loose,Loose_L1,0
1367,1.70658e+09,1,1,6.5674,0.453686,1.0,0.4719905,20,20,g0,Loose,Loose,Loose_L1,0
1369,1.70658e+09,1,1,7.26508,0.51658,1.0,0.483352,20,20,g0,Loose,Loose,Loose_L1,0
1371,1.70658e+09,1,1,7.94163,0.536021,1.0,0.483352,20,20,g0,Loose,Loose,Loose_L1,0
1373,1.70658e+09,1,1,6.72214,0.46275,1.0,0.46997849999999997,20,20,g0,Loose,Loose,Loose_L1,0
1375,1.70658e+09,1,1,6.889,0.565887,1.0,0.48410299999999995,20,20,g0,Loose,Loose,Loose_L1,0
1377,1.70658e+09,1,1,8.17058,0.537236,1.0,0.48410299999999995,20,20,g0,Loose,Loose,Loose_L1,0
1379,1.70658e+09,1,1,7.6291,0.503008,1.0,0.48410299999999995,20,20,g0,Loose,Loose,Loose_L1,0
1381,1.70658e+09,1,1,8.99818,0.658662,1.0,0.4976775,20,20,g0,Loose,Loose,Loose_L1,0
1383,1.70658e+09,1,1,6.43037,0.441531,1.0,0.4976775,20,20,g0,Loose,Loose,Loose_L1,0
1385,1.70658e+09,1,1,8.38367,0.593116,1.0,0.4976775,20,20,g0,Loose,Loose,Loose_L1,0
1387,1.70658e+09,1,1,7.32356,0.483384,1.0,0.48786549999999995,20,20,g0,Loose,Loose,Loose_L1,0
1389,1.70658e+09,1,1,7.09934,0.483866,1.0,0.48362499999999997,20,20,g0,Loose,Loose,Loose_L1,0
1391,1.70658e+09,1,1,8.34759,0.595921,1.0,0.493437,20,20,g0,Loose,Loose,Loose_L1,0
1393,1.70658e+09,1,1,10.1452,0.723735,1.0,0.504997,20,20,g0,Loose,Loose,Loose_L1,0
1395,1.70658e+09,1,1,7.46814,0.504777,1.0,0.5038925000000001,20,20,g0,Loose,Loose,Loose_L1,0
1397,1.70658e+09,1,1,7.20504,0.515518,1.0,0.5058815000000001,20,20,g0,Loose,Loose,Loose_L1,0
1399,1.70658e+09,1,1,5.91634,0.423724,1.0,0.5058815000000001,20,20,g0,Loose,Loose,Loose_L1,0
1401,1.70658e+09,1,1,7.0563,0.542711,1.0,0.511252,20,20,g0,Loose,Loose,Loose_L1,0
1403,1.70658e+09,1,1,6.75401,0.502051,1.0,0.511252,20,20,g0,Loose,Loose,Loose_L1,0
1405,1.70658e+09,1,1,7.27742,0.534888,1.0,0.516049,20,20,g0,Loose,Loose,Loose_L1,0
1407,1.70658e+09,1,1,7.70072,0.566113,1.0,0.525734,20,20,g0,Loose,Loose,Loose_L1,0
1409,1.70658e+09,1,1,6.64414,0.483143,1.0,0.5252030000000001,20,20,g0,Loose,Loose,Loose_L1,0
1411,1.70658e+09,1,1,7.22793,0.54199,1.0,0.5252030000000001,20,20,g0,Loose,Loose,Loose_L1,0
1413,1.70658e+09,1,1,6.7319,0.481255,1.0,0.5252030000000001,20,20,g0,Loose,Loose,Loose_L1,0
1415,1.70658e+09,1,1,8.51315,0.634579,1.0,0.5252030000000001,20,20,g0,Loose,Loose,Loose_L1,0
1417,1.70658e+09,1,1,7.92132,0.559387,1.0,0.5252030000000001,20,20,g0,Loose,Loose,Loose_L1,0
1419,1.70658e+09,1,1,9.02971,0.647441,1.0,0.538439,20,20,g0,Loose,Loose,Loose_L1,0
1421,1.70658e+09,1,1,7.32654,0.500693,1.0,0.5252030000000001,20,20,g0,Loose,Loose,Loose_L1,0
1423,1.70658e+09,1,1,6.64682,0.484935,1.0,0.5252030000000001,20,20,g0,Loose,Loose,Loose_L1,0
1425,1.70658e+09,1,1,8.2,0.594075,1.0,0.5252030000000001,20,20,g0,Loose,Loose,Loose_L1,0
1427,1.70658e+09,1,1,6.61584,0.481354,1.0,0.5252030000000001,20,20,g0,Loose,Loose,Loose_L1,0
1429,1.70658e+09,1,1,6.52893,0.489788,1.0,0.5252030000000001,20,20,g0,Loose,Loose,Loose_L1,0
1431,1.70658e+09,1,1,8.40902,0.635175,1.0,0.5252030000000001,20,20,g0,Loose,Loose,Loose_L1,0
1433,1.70658e+09,1,1,6.28862,0.440545,1.0,0.5101475,20,20,g0,Loose,Loose,Loose_L1,0
1435,1.70658e+09,1,1,7.51784,0.566128,1.0,0.5252030000000001,20,20,g0,Loose,Loose,Loose_L1,0
1437,1.70658e+09,1,1,7.03564,0.507106,1.0,0.5209969999999999,20,20,g0,Loose,Loose,Loose_L1,0
1439,1.70658e+09,1,1,8.43259,0.606127,1.0,0.538439,20,20,g0,Loose,Loose,Loose_L1,0
1441,1.70658e+09,1,1,8.49428,0.60656,1.0,0.538439,20,20,g0,Loose,Loose,Loose_L1,0
1443,1.70658e+09,1,1,7.57356,0.525735,1.0,0.538439,20,20,g0,Loose,Loose,Loose_L1,0
1445,1.70658e+09,1,1,7.33344,0.527989,1.0,0.5349895,20,20,g0,Loose,Loose,Loose_L1,0
1447,1.70658e+09,1,1,8.89075,0.638166,1.0,0.5349895,20,20,g0,Loose,Loose,Loose_L1,0
1449,1.70658e+09,1,1,8.37532,0.559818,1.0,0.5506884999999999,20,20,g0,Loose,Loose,Loose_L1,0
1451,1.70658e+09,1,1,9.02346,0.604168,1.0,0.5596025,20,20,g0,Loose,Loose,Loose_L1,0
1453,1.70658e+09,1,1,9.29881,0.632915,1.0,0.562973,20,20,g0,Loose,Loose,Loose_L1,0
1455,1.70658e+09,1,1,8.60461,0.574032,1.0,0.562973,20,20,g0,Loose,Loose,Loose_L1,0
1457,1.70658e+09,1,1,9.08795,0.592337,1.0,0.5700799999999999,20,20,g0,Loose,Loose,Loose_L1,0
1459,1.70658e+09,1,1,9.22988,0.600749,1.0,0.5700799999999999,20,20,g0,Loose,Loose,Loose_L1,0
1461,1.70658e+09,1,1,9.22062,0.588415,1.0,0.5812235,20,20,g0,Loose,Loose,Loose_L1,0
1463,1.70658e+09,1,1,8.61312,0.57024,1.0,0.5812235,20,20,g0,Loose,Loose,Loose_L1,0
1465,1.70658e+09,1,1,7.32706,0.482372,1.0,0.572136,20,20,g0,Loose,Loose,Loose_L1,0
1467,1.70658e+09,1,1,11.2959,0.77798,1.0,0.5812235,20,20,g0,Loose,Loose,Loose_L1,0
1469,1.70658e+09,1,1,8.55607,0.537838,1.0,0.5812235,20,20,g0,Loose,Loose,Loose_L1,0
1471,1.70658e+09,1,1,11.4116,0.725238,1.0,0.5812235,20,20,g0,Loose,Loose,Loose_L1,0
1473,1.70658e+09,1,1,10.0986,0.609186,1.0,0.590376,20,20,g0,Loose,Loose,Loose_L1,0
1475,1.70658e+09,1,1,10.1286,0.648963,1.0,0.596543,20,20,g0,Loose,Loose,Loose_L1,0
1477,1.70658e+09,1,1,9.38927,0.569705,1.0,0.596543,20,20,g0,Loose,Loose,Loose_L1,0
1479,1.70658e+09,1,1,8.38904,0.545053,1.0,0.590376,20,20,g0,Loose,Loose,Loose_L1,0
1481,1.70658e+09,1,1,9.46496,0.623657,1.0,0.590376,20,20,g0,Loose,Loose,Loose_L1,0
1483,1.70658e+09,1,1,9.44531,0.610379,1.0,0.596543,20,20,g0,Loose,Loose,Loose_L1,0
1485,1.70658e+09,1,1,8.71667,0.559007,1.0,0.596543,20,20,g0,Loose,Loose,Loose_L1,0
1487,1.70658e+09,1,1,8.84544,0.580122,1.0,0.590376,20,20,g0,Loose,Loose,Loose_L1,0
1489,1.70658e+09,1,1,9.11871,0.560104,1.0,0.590376,20,20,g0,Loose,Loose,Loose_L1,0
1491,1.70658e+09,1,1,9.73842,0.647649,1.0,0.590376,20,20,g0,Loose,Loose,Loose_L1,0
1493,1.70658e+09,1,1,9.41412,0.650438,1.0,0.590376,20,20,g0,Loose,Loose,Loose_L1,0
1495,1.70658e+09,1,1,9.15169,0.62431,1.0,0.596543,20,20,g0,Loose,Loose,Loose_L1,0
1497,1.70658e+09,1,1,7.83716,0.539109,1.0,0.5945819999999999,20,20,g0,Loose,Loose,Loose_L1,0
1499,1.70658e+09,1,1,8.52991,0.616396,1.0,0.5988005000000001,20,20,g0,Loose,Loose,Loose_L1,0
1501,1.70658e+09,1,1,8.95505,0.600258,1.0,0.604722,20,20,g0,Loose,Loose,Loose_L1,0
1503,1.70658e+09,1,1,9.06321,0.58247,1.0,0.604722,20,20,g0,Loose,Loose,Loose_L1,0
1505,1.70658e+09,1,1,9.45021,0.612557,1.0,0.6097825,20,20,g0,Loose,Loose,Loose_L1,0
1507,1.70658e+09,1,1,8.85558,0.602476,1.0,0.605831,20,20,g0,Loose,Loose,Loose_L1,0
1509,1.70658e+09,1,1,9.29286,0.592391,1.0,0.605831,20,20,g0,Loose,Loose,Loose_L1,0
1511,1.70658e+09,1,1,9.67705,0.658415,1.0,0.605831,20,20,g0,Loose,Loose,Loose_L1,0
1513,1.70658e+09,1,1,9.05199,0.570937,1.0,0.601367,20,20,g0,Loose,Loose,Loose_L1,0
1515,1.70658e+09,1,1,9.54874,0.689423,1.0,0.601367,20,20,g0,Loose,Loose,Loose_L1,0
1517,1.70658e+09,1,1,9.45511,0.643783,1.0,0.6064275,20,20,g0,Loose,Loose,Loose_L1,0
1519,1.70658e+09,1,1,8.92012,0.619612,1.0,0.611468,20,20,g0,Loose,Loose,Loose_L1,0
1521,1.70658e+09,1,1,8.58889,0.611402,1.0,0.6108905,20,20,g0,Loose,Loose,Loose_L1,0
1523,1.70658e+09,1,1,8.46775,0.572594,1.0,0.606939,20,20,g0,Loose,Loose,Loose_L1,0
1525,1.70658e+09,1,1,9.62203,0.68052,1.0,0.6119795,20,20,g0,Loose,Loose,Loose_L1,0
1527,1.70658e+09,1,1,10.7579,0.736788,1.0,0.6144765000000001,20,20,g0,Loose,Loose,Loose_L1,0
1529,1.70658e+09,1,1,11.5897,0.778221,1.0,0.618004,20,20,g0,Loose,Loose,Loose_L1,0
1531,1.70658e+09,1,1,9.11597,0.589382,1.0,0.6144765000000001,20,20,g0,Loose,Loose,Loose_L1,0
1533,1.70658e+09,1,1,10.4189,0.722358,1.0,0.6144765000000001,20,20,g0,Loose,Loose,Loose_L1,0
1535,1.70658e+09,1,1,8.49378,0.561944,1.0,0.6119795,20,20,g0,Loose,Loose,Loose_L1,0
1537,1.70658e+09,1,1,10.1452,0.693657,1.0,0.6144765000000001,20,20,g0,Loose,Loose,Loose_L1,0
1539,1.70658e+09,1,1,9.48759,0.646258,1.0,0.6160845,20,20,g0,Loose,Loose,Loose_L1,0
1541,1.70658e+09,1,1,9.28412,0.629825,1.0,0.6247185,20,20,g0,Loose,Loose,Loose_L1,0
1543,1.70658e+09,1,1,10.3981,0.708986,1.0,0.6368039999999999,20,20,g0,Loose,Loose,Loose_L1,0
1545,1.70658e+09,1,1,8.44197,0.577108,1.0,0.6368039999999999,20,20,g0,Loose,Loose,Loose_L1,0
1547,1.70658e+09,1,1,8.71384,0.617692,1.0,0.6368039999999999,20,20,g0,Loose,Loose,Loose_L1,0
1549,1.70658e+09,1,1,9.1449,0.649188,1.0,0.6450205,20,20,g0,Loose,Loose,Loose_L1,0
1551,1.70658e+09,1,1,9.55186,0.66816,1.0,0.6450205,20,20,g0,Loose,Loose,Loose_L1,0
1553,1.70658e+09,1,1,11.4851,0.797445,1.0,0.647723,20,20,g0,Loose,Loose,Loose_L1,0
1555,1.70658e+09,1,1,11.3445,0.727217,1.0,0.647723,20,20,g0,Loose,Loose,Loose_L1,0
1557,1.70658e+09,1,1,11.6669,0.760315,1.0,0.658674,20,20,g0,Loose,Loose,Loose_L1,0
1559,1.70658e+09,1,1,10.2739,0.654205,1.0,0.6611825,20,20,g0,Loose,Loose,Loose_L1,0
1561,1.70658e+09,1,1,10.2472,0.686204,1.0,0.6743399999999999,20,20,g0,Loose,Loose,Loose_L1,0
1563,1.70658e+09,1,1,8.86311,0.596063,1.0,0.6743399999999999,20,20,g0,Loose,Loose,Loose_L1,0
1565,1.70658e+09,1,1,8.28629,0.58028,1.0,0.6611825,20,20,g0,Loose,Loose,Loose_L1,0
1567,1.70658e+09,1,1,8.53691,0.609754,1.0,0.6516965,20,20,g0,Loose,Loose,Loose_L1,0
1569,1.70658e+09,1,1,8.95398,0.638455,1.0,0.647723,20,20,g0,Loose,Loose,Loose_L1,0
1571,1.70658e+09,1,1,9.16013,0.64218,1.0,0.647723,20,20,g0,Loose,Loose,Loose_L1,0
1573,1.70658e+09,1,1,9.18423,0.619892,1.0,0.644219,20,20,g0,Loose,Loose,Loose_L1,0
1575,1.70658e+09,1,1,10.4217,0.703998,1.0,0.647723,20,20,g0,Loose,Loose,Loose_L1,0
1577,1.70658e+09,1,1,9.22446,0.607226,1.0,0.644219,20,20,g0,Loose,Loose,Loose_L1,0
1579,1.70658e+09,1,1,8.31597,0.564626,1.0,0.6403175,20,20,g0,Loose,Loose,Loose_L1,0
1581,1.70658e+09,1,1,8.45366,0.591882,1.0,0.6403175,20,20,g0,Loose,Loose,Loose_L1,0
1583,1.70658e+09,0,0,nan,nan,1.0,0.6403175,20,20,g0,Loose,Loose,Native,0
1585,1.70658e+09,1,1,9.81928,0.409788,1.0,0.6291735,20,20,g0,Loose,Loose,Loose_L1,0
1587,1.70658e+09,1,1,9.10163,0.57879,1.0,0.6291735,20,20,g0,Loose,Loose,Loose_L1,0
1589,1.70658e+09,1,1,8.84528,0.602599,1.0,0.6291735,20,20,g0,Loose,Loose,Loose_L1,0
1591,1.70658e+09,1,1,8.59391,0.601106,1.0,0.614823,20,20,g0,Loose,Loose,Loose_L1,0
1593,1.70658e+09,1,1,8.17666,0.56647,1.0,0.60849,20,20,g0,Loose,Loose,Loose_L1,0
1595,1.70658e+09,1,1,8.41956,0.594631,1.0,0.6049125,20,20,g0,Loose,Loose,Loose_L1,0
1597,1.70658e+09,1,1,8.30555,0.589888,1.0,0.6018525,20,20,g0,Loose,Loose,Loose_L1,0
1599,1.70658e+09,1,1,7.52303,0.535009,1.0,0.5985845000000001,20,20,g0,Loose,Loose,Loose_L1,0
1601,1.70658e+09,1,1,8.24697,0.604951,1.0,0.5985845000000001,20,20,g0,Loose,Loose,Loose_L1,0
1603,1.70658e+09,1,1,8.02817,0.573616,1.0,0.5953470000000001,20,20,g0,Loose,Loose,Loose_L1,0
1605,1.70658e+09,1,1,10.0056,0.717439,1.0,0.5978685,20,20,g0,Loose,Loose,Loose_L1,0
1607,1.70658e+09,1,1,7.97505,0.537676,1.0,0.5978685,20,20,g0,Loose,Loose,Loose_L1,0
1609,1.70658e+09,1,1,9.73928,0.689896,1.0,0.5978685,20,20,g0,Loose,Loose,Loose_L1,0
1611,1.70658e+09,1,1,8.69801,0.590293,1.0,0.5932565000000001,20,20,g0,Loose,Loose,Loose_L1,0
1613,1.70658e+09,1,1,9.91814,0.692546,1.0,0.5932565000000001,20,20,g0,Loose,Loose,Loose_L1,0
1615,1.70658e+09,1,1,8.85751,0.60593,1.0,0.5932565000000001,20,20,g0,Loose,Loose,Loose_L1,0
1617,1.70658e+09,1,1,9.52082,0.650886,1.0,0.5932565000000001,20,20,g0,Loose,Loose,Loose_L1,0
1619,1.70658e+09,1,1,9.29465,0.624414,1.0,0.5932565000000001,20,20,g0,Loose,Loose,Loose_L1,0
1621,1.70658e+09,1,1,9.17933,0.626017,1.0,0.5978685,20,20,g0,Loose,Loose,Loose_L1,0
1623,1.70658e+09,1,1,9.31384,0.637305,1.0,0.6018525,20,20,g0,Loose,Loose,Loose_L1,0
1625,1.70658e+09,1,1,10.3863,0.712665,1.0,0.603775,20,20,g0,Loose,Loose,Loose_L1,0
1627,1.70658e+09,1,1,10.0088,0.653165,1.0,0.6054405,20,20,g0,Loose,Loose,Loose_L1,0
1629,1.70658e+09,1,1,9.98414,0.662652,1.0,0.615172,20,20,g0,Loose,Loose,Loose_L1,0
1631,1.70658e+09,1,1,8.60566,0.5782,1.0,0.615172,20,20,g0,Loose,Loose,Loose_L1,0
1633,1.70658e+09,1,1,9.36944,0.655521,1.0,0.6252155,20,20,g0,Loose,Loose,Loose_L1,0
1635,1.70658e+09,1,1,10.4148,0.709403,1.0,0.631661,20,20,g0,Loose,Loose,Loose_L1,0
1637,1.70658e+09,1,1,9.68122,0.591238,1.0,0.631661,20,20,g0,Loose,Loose,Loose_L1,0
1639,1.70658e+09,1,1,9.33466,0.601634,1.0,0.631661,20,20,g0,Loose,Loose,Loose_L1,0
1641,1.70658e+09,1,1,9.86443,0.615251,1.0,0.631661,20,20,g0,Loose,Loose,Loose_L1,0
1643,1.70658e+09,1,1,8.45997,0.529526,1.0,0.631661,20,20,g0,Loose,Loose,Loose_L1,0
1645,1.70658e+09,1,1,9.22114,0.622334,1.0,0.6252155,20,20,g0,Loose,Loose,Loose_L1,0
1647,1.70658e+09,1,1,11.8033,0.837492,1.0,0.631661,20,20,g0,Loose,Loose,Loose_L1,0
1649,1.70658e+09,1,1,8.67878,0.560791,1.0,0.6252155,20,20,g0,Loose,Loose,Loose_L1,0
1651,1.70658e+09,1,1,10.5871,0.731103,1.0,0.631661,20,20,g0,Loose,Loose,Loose_L1,0
1653,1.70658e+09,1,1,9.41356,0.623536,1.0,0.6252155,20,20,g0,Loose,Loose,Loose_L1,0
1655,1.70658e+09,1,1,8.99673,0.612533,1.0,0.6252155,20,20,g0,Loose,Loose,Loose_L1,0
1657,1.70658e+09,1,1,9.73762,0.672659,1.0,0.6252155,20,20,g0,Loose,Loose,Loose_L1,0
1659,1.70658e+09,1,1,9.48769,0.594307,1.0,0.6247765000000001,20,20,g0,Loose,Loose,Loose_L1,0
1661,1.70658e+09,1,1,9.50916,0.657702,1.0,0.6304205,20,20,g0,Loose,Loose,Loose_L1,0
1663,1.70658e+09,1,1,11.2904,0.771471,1.0,0.6383505,20,20,g0,Loose,Loose,Loose_L1,0
1665,1.70658e+09,1,1,10.4389,0.670573,1.0,0.6383505,20,20,g0,Loose,Loose,Loose_L1,0
1667,1.70658e+09,1,1,9.14965,0.562514,1.0,0.622935,20,20,g0,Loose,Loose,Loose_L1,0
1669,1.70658e+09,1,1,11.3629,0.694902,1.0,0.622935,20,20,g0,Loose,Loose,Loose_L1,0
1671,1.70658e+09,1,1,11.2922,0.696051,1.0,0.6395284999999999,20,20,g0,Loose,Loose,Loose_L1,0
1673,1.70658e+09,1,1,9.241,0.574107,1.0,0.622935,20,20,g0,Loose,Loose,Loose_L1,0
1675,1.70658e+09,1,1,11.846,0.736991,1.0,0.622935,20,20,g0,Loose,Loose,Loose_L1,0
1677,1.70658e+09,1,1,8.75191,0.548524,1.0,0.622935,20,20,g0,Loose,Loose,Loose_L1,0
1679,1.70658e+09,1,1,9.83914,0.646734,1.0,0.635135,20,20,g0,Loose,Loose,Loose_L1,0
1681,1.70658e+09,1,1,9.66443,0.609953,1.0,0.635135,20,20,g0,Loose,Loose,Loose_L1,0
1683,1.70658e+09,1,1,9.69756,0.637407,1.0,0.6420705,20,20,g0,Loose,Loose,Loose_L1,0
1685,1.70658e+09,1,1,10.2395,0.641765,1.0,0.6442495,20,20,g0,Loose,Loose,Loose_L1,0
1687,1.70658e+09,1,1,9.61882,0.628336,1.0,0.639586,20,20,g0,Loose,Loose,Loose_L1,0
1689,1.70658e+09,1,1,10.1664,0.658787,1.0,0.6442495,20,20,g0,Loose,Loose,Loose_L1,0
1691,1.70658e+09,1,1,10.8507,0.697517,1.0,0.6442495,20,20,g0,Loose,Loose,Loose_L1,0
1693,1.70658e+09,1,1,10.0485,0.637542,1.0,0.6442495,20,20,g0,Loose,Loose,Loose_L1,0
1695,1.70658e+09,1,1,8.59576,0.550495,1.0,0.6442495,20,20,g0,Loose,Loose,Loose_L1,0
1697,1.70658e+09,1,1,12.302,0.82388,1.0,0.6442495,20,20,g0,Loose,Loose,Loose_L1,0
1699,1.70658e+09,1,1,9.49717,0.571728,1.0,0.6442495,20,20,g0,Loose,Loose,Loose_L1,0
1701,1.70658e+09,1,1,11.1757,0.733381,1.0,0.6442495,20,20,g0,Loose,Loose,Loose_L1,0
1703,1.70658e+09,1,1,12.1611,0.770261,1.0,0.6442495,20,20,g0,Loose,Loose,Loose_L1,0
1705,1.70658e+09,1,1,9.83608,0.603958,1.0,0.6396535000000001,20,20,g0,Loose,Loose,Loose_L1,0
1707,1.70658e+09,1,1,9.46731,0.610121,1.0,0.6396535000000001,20,20,g0,Loose,Loose,Loose_L1,0
1709,1.70658e+09,1,1,12.2563,0.794478,1.0,0.6396535000000001,20,20,g0,Loose,Loose,Loose_L1,0
1711,1.70658e+09,1,1,10.2452,0.627679,1.0,0.6374744999999999,20,20,g0,Loose,Loose,Loose_L1,0
1713,1.70658e+09,1,1,12.052,0.768749,1.0,0.6396535000000001,20,20,g0,Loose,Loose,Loose_L1,0
1715,1.70658e+09,1,1,10.1424,0.619321,1.0,0.6374744999999999,20,20,g0,Loose,Loose,Loose_L1,0
1717,1.70658e+09,1,1,8.90876,0.566704,1.0,0.6374744999999999,20,20,g0,Loose,Loose,Loose_L1,0
1719,1.70658e+09,1,1,10.2166,0.670796,1.0,0.6374744999999999,20,20,g0,Loose,Loose,Loose_L1,0
1721,1.70658e+09,1,1,9.95296,0.636046,1.0,0.6374744999999999,20,20,g0,Loose,Loose,Loose_L1,0
1723,1.70658e+09,1,1,9.64167,0.618818,1.0,0.6367940000000001,20,20,g0,Loose,Loose,Loose_L1,0
1725,1.70658e+09,1,1,13.3523,0.867154,1.0,0.6367940000000001,20,20,g0,Loose,Loose,Loose_L1,0
1727,1.70658e+09,1,1,9.95048,0.601222,1.0,0.6367940000000001,20,20,g0,Loose,Loose,Loose_L1,0
1729,1.70658e+09,1,1,10.7275,0.680717,1.0,0.6367940000000001,20,20,g0,Loose,Loose,Loose_L1,0
1731,1.70658e+09,1,1,10.2714,0.645817,1.0,0.6367940000000001,20,20,g0,Loose,Loose,Loose_L1,0
1733,1.70658e+09,1,1,10.0267,0.63402,1.0,0.635033,20,20,g0,Loose,Loose,Loose_L1,0
1735,1.70658e+09,1,1,9.40994,0.571857,1.0,0.635033,20,20,g0,Loose,Loose,Loose_L1,0
1737,1.70658e+09,1,1,10.1041,0.665222,1.0,0.635033,20,20,g0,Loose,Loose,Loose_L1,0
1739,1.70658e+09,1,1,10.4516,0.670396,1.0,0.6409315,20,20,g0,Loose,Loose,Loose_L1,0
1741,1.70658e+09,1,1,10.2505,0.642608,1.0,0.639327,20,20,g0,Loose,Loose,Loose_L1,0
1743,1.70658e+09,1,1,10.8766,0.689577,1.0,0.639327,20,20,g0,Loose,Loose,Loose_L1,0
1745,1.70658e+09,1,1,11.4466,0.727756,1.0,0.6442125,20,20,g0,Loose,Loose,Loose_L1,0
1747,1.70658e+09,1,1,11.0175,0.683767,1.0,0.6555195,20,20,g0,Loose,Loose,Loose_L1,0
1749,1.70658e+09,1,1,11.2172,0.69409,1.0,0.6555195,20,20,g0,Loose,Loose,Loose_L1,0
1751,1.70658e+09,1,1,10.5251,0.630505,1.0,0.6555195,20,20,g0,Loose,Loose,Loose_L1,0
1753,1.70658e+09,1,1,10.2469,0.651167,1.0,0.6484920000000001,20,20,g0,Loose,Loose,Loose_L1,0
1755,1.70658e+09,1,1,9.0047,0.57184,1.0,0.6484920000000001,20,20,g0,Loose,Loose,Loose_L1,0
1757,1.70658e+09,1,1,11.0687,0.709895,1.0,0.6581945,20,20,g0,Loose,Loose,Loose_L1,0
1759,1.70658e+09,1,1,10.4277,0.622324,1.0,0.6484920000000001,20,20,g0,Loose,Loose,Loose_L1,0
1761,1.70658e+09,1,1,9.82541,0.619093,1.0,0.6484920000000001,20,20,g0,Loose,Loose,Loose_L1,0
1763,1.70658e+09,1,1,10.969,0.719152,1.0,0.6581945,20,20,g0,Loose,Loose,Loose_L1,0
1765,1.70658e+09,1,1,9.48194,0.605931,1.0,0.6484920000000001,20,20,g0,Loose,Loose,Loose_L1,0
1767,1.70658e+09,1,1,9.7493,0.617465,1.0,0.6484920000000001,20,20,g0,Loose,Loose,Loose_L1,0
1769,1.70658e+09,1,1,9.88421,0.672423,1.0,0.6484920000000001,20,20,g0,Loose,Loose,Loose_L1,0
1771,1.70658e+09,1,1,10.132,0.677035,1.0,0.6581945,20,20,g0,Loose,Loose,Loose_L1,0
1773,1.70658e+09,1,1,8.77756,0.582658,1.0,0.6581945,20,20,g0,Loose,Loose,Loose_L1,0
1775,1.70658e+09,1,1,9.23513,0.629213,1.0,0.6581945,20,20,g0,Loose,Loose,Loose_L1,0
1777,1.70658e+09,1,1,9.83932,0.674949,1.0,0.6607815,20,20,g0,Loose,Loose,Loose_L1,0
1779,1.70658e+09,1,1,9.9341,0.657195,1.0,0.654181,20,20,g0,Loose,Loose,Loose_L1,0
1781,1.70658e+09,1,1,10.5841,0.711575,1.0,0.664809,20,20,g0,Loose,Loose,Loose_L1,0
1783,1.70658e+09,1,1,9.8562,0.647246,1.0,0.654181,20,20,g0,Loose,Loose,Loose_L1,0
1785,1.70658e+09,1,1,8.98077,0.602926,1.0,0.6492065,20,20,g0,Loose,Loose,Loose_L1,0
1787,1.70658e+09,1,1,8.7992,0.588524,1.0,0.6388754999999999,20,20,g0,Loose,Loose,Loose_L1,0
1789,1.70658e+09,1,1,9.77555,0.630187,1.0,0.6303460000000001,20,20,g0,Loose,Loose,Loose_L1,0
1791,1.70658e+09,1,1,9.9859,0.694048,1.0,0.6387165,20,20,g0,Loose,Loose,Loose_L1,0
1793,1.70658e+09,1,1,10.8168,0.682538,1.0,0.6387165,20,20,g0,Loose,Loose,Loose_L1,0
1795,1.70658e+09,1,1,11.3138,0.701974,1.0,0.6522205,20,20,g0,Loose,Loose,Loose_L1,0
1797,1.70658e+09,1,1,9.58252,0.57887,1.0,0.6387165,20,20,g0,Loose,Loose,Loose_L1,0
1799,1.70658e+09,1,1,10.9561,0.732536,1.0,0.6522205,20,20,g0,Loose,Loose,Loose_L1,0
1801,1.70658e+09,1,1,11.0695,0.697834,1.0,0.664809,20,20,g0,Loose,Loose,Loose_L1,0
1803,1.70658e+09,1,1,9.32957,0.582684,1.0,0.6522205,20,20,g0,Loose,Loose,Loose_L1,0
1805,1.70658e+09,1,1,10.0619,0.648601,1.0,0.652898,20,20,g0,Loose,Loose,Loose_L1,0
1807,1.70658e+09,1,1,10.6868,0.690729,1.0,0.664809,20,20,g0,Loose,Loose,Loose_L1,0
1809,1.70658e+09,1,1,9.53049,0.60583,1.0,0.652898,20,20,g0,Loose,Loose,Loose_L1,0
1811,1.70658e+09,1,1,11.312,0.730048,1.0,0.652898,20,20,g0,Loose,Loose,Loose_L1,0
1813,1.70658e+09,1,1,9.29501,0.583662,1.0,0.652898,20,20,g0,Loose,Loose,Loose_L1,0
1815,1.70658e+09,1,1,8.82055,0.55148,1.0,0.652898,20,20,g0,Loose,Loose,Loose_L1,0
1817,1.70658e+09,1,1,8.88152,0.587994,1.0,0.6479235,20,20,g0,Loose,Loose,Loose_L1,0
1819,1.70658e+09,1,1,7.93594,0.52575,1.0,0.6387165,20,20,g0,Loose,Loose,Loose_L1,0
1821,1.70658e+09,1,1,7.00311,0.476051,1.0,0.6180085,20,20,g0,Loose,Loose,Loose_L1,0
1823,1.70658e+09,1,1,9.49763,0.635868,1.0,0.6180085,20,20,g0,Loose,Loose,Loose_L1,0
1825,1.70658e+09,1,1,8.58574,0.571304,1.0,0.6180085,20,20,g0,Loose,Loose,Loose_L1,0
1827,1.70658e+09,1,1,8.76975,0.566528,1.0,0.6180085,20,20,g0,Loose,Loose,Loose_L1,0
1829,1.70658e+09,1,1,8.87574,0.570694,1.0,0.596912,20,20,g0,Loose,Loose,Loose_L1,0
1831,1.70658e+09,1,1,8.62011,0.581287,1.0,0.585828,20,20,g0,Loose,Loose,Loose_L1,0
1833,1.70658e+09,1,1,10.6695,0.690287,1.0,0.585828,20,20,g0,Loose,Loose,Loose_L1,0
1835,1.70658e+09,1,1,10.1255,0.653724,1.0,0.585828,20,20,g0,Loose,Loose,Loose_L1,0
1837,1.70658e+09,1,1,7.57981,0.467246,1.0,0.585828,20,20,g0,Loose,Loose,Loose_L1,0
1839,1.70658e+09,1,1,8.07155,0.555516,1.0,0.5831729999999999,20,20,g0,Loose,Loose,Loose_L1,0
1841,1.70658e+09,1,1,11.5455,0.774458,1.0,0.5831729999999999,20,20,g0,Loose,Loose,Loose_L1,0
1843,1.70658e+09,1,1,8.81381,0.530578,1.0,0.5824745,20,20,g0,Loose,Loose,Loose_L1,0
1845,1.70658e+09,1,1,10.6996,0.707198,1.0,0.5824745,20,20,g0,Loose,Loose,Loose_L1,0
1847,1.70658e+09,1,1,8.88682,0.536575,1.0,0.5762955000000001,20,20,g0,Loose,Loose,Loose_L1,0
1849,1.70658e+09,1,1,10.0813,0.634819,1.0,0.5762955000000001,20,20,g0,Loose,Loose,Loose_L1,0
1851,1.70658e+09,1,1,9.98792,0.66761,1.0,0.5762955000000001,20,20,g0,Loose,Loose,Loose_L1,0
1853,1.70658e+09,0,0,nan,nan,1.0,0.5762955000000001,20,20,g0,Loose,Loose,Native,0
1855,1.70658e+09,1,1,10.6839,0.402794,1.0,0.570999,20,20,g0,Loose,Loose,Loose_L1,0
1857,1.70658e+09,1,1,8.75778,0.48526,1.0,0.570999,20,20,g0,Loose,Loose,Loose_L1,0
1859,1.70658e+09,1,1,9.43556,0.626145,1.0,0.570999,20,20,g0,Loose,Loose,Loose_L1,0
1861,1.70658e+09,1,1,9.34267,0.653783,1.0,0.5762955000000001,20,20,g0,Loose,Loose,Loose_L1,0
1863,1.70658e+09,1,1,9.66204,0.627112,1.0,0.6037159999999999,20,20,g0,Loose,Loose,Loose_L1,0
1865,1.70658e+09,1,1,8.54892,0.556998,1.0,0.5762955000000001,20,20,g0,Loose,Loose,Loose_L1,0
1867,1.70658e+09,1,1,12.5502,0.831191,1.0,0.6037159999999999,20,20,g0,Loose,Loose,Loose_L1,0
1869,1.70658e+09,1,1,10.2652,0.633185,1.0,0.6266285,20,20,g0,Loose,Loose,Loose_L1,0
1871,1.70658e+09,1,1,10.0773,0.647755,1.0,0.6301485,20,20,g0,Loose,Loose,Loose_L1,0
1873,1.70658e+09,1,1,10.1417,0.661001,1.0,0.634002,20,20,g0,Loose,Loose,Loose_L1,0
1875,1.70658e+09,1,1,10.0511,0.646397,1.0,0.634002,20,20,g0,Loose,Loose,Loose_L1,0
1877,1.70658e+09,1,1,11.6426,0.752486,1.0,0.634002,20,20,g0,Loose,Loose,Loose_L1,0
1879,1.70658e+09,1,1,8.82052,0.587884,1.0,0.634002,20,20,g0,Loose,Loose,Loose_L1,0
1881,1.70658e+09,1,1,11.5916,0.752171,1.0,0.6406080000000001,20,20,g0,Loose,Loose,Loose_L1,0
1883,1.70658e+09,1,1,10.8466,0.676634,1.0,0.6406080000000001,20,20,g0,Loose,Loose,Loose_L1,0
1885,1.70658e+09,1,1,10.9916,0.690273,1.0,0.647076,20,20,g0,Loose,Loose,Loose_L1,0
1887,1.70658e+09,1,1,10.8269,0.657085,1.0,0.647076,20,20,g0,Loose,Loose,Loose_L1,0
1889,1.70658e+09,1,1,10.1531,0.618737,1.0,0.647076,20,20,g0,Loose,Loose,Loose_L1,0
1891,1.70658e+09,1,1,10.2133,0.656095,1.0,0.6507689999999999,20,20,g0,Loose,Loose,Loose_L1,0
1893,1.70658e+09,1,1,9.60505,0.62237,1.0,0.647076,20,20,g0,Loose,Loose,Loose_L1,0
1895,1.70658e+09,1,1,10.1656,0.672195,1.0,0.6507689999999999,20,20,g0,Loose,Loose,Loose_L1,0
1897,1.70658e+09,1,1,12.2379,0.760658,1.0,0.6549389999999999,20,20,g0,Loose,Loose,Loose_L1,0
1899,1.70658e+09,1,1,10.1803,0.635227,1.0,0.6549389999999999,20,20,g0,Loose,Loose,Loose_L1,0
1901,1.70658e+09,1,1,11.4242,0.70209,1.0,0.65659,20,20,g0,Loose,Loose,Loose_L1,0
1903,1.70658e+09,1,1,10.8612,0.661419,1.0,0.659043,20,20,g0,Loose,Loose,Loose_L1,0
1905,1.70658e+09,1,1,10.8307,0.681286,1.0,0.66121,20,20,g0,Loose,Loose,Loose_L1,0
1907,1.70658e+09,1,1,11.9769,0.757029,1.0,0.66121,20,20,g0,Loose,Loose,Loose_L1,0
1909,1.70658e+09,1,1,11.2822,0.698566,1.0,0.6668069999999999,20,20,g0,Loose,Loose,Loose_L1,0
1911,1.70658e+09,1,1,10.2742,0.6073,1.0,0.6668069999999999,20,20,g0,Loose,Loose,Loose_L1,0
1913,1.70658e+09,1,1,11.2727,0.689118,1.0,0.6744144999999999,20,20,g0,Loose,Loose,Loose_L1,0
1915,1.70658e+09,1,1,9.42039,0.587857,1.0,0.6744144999999999,20,20,g0,Loose,Loose,Loose_L1,0
1917,1.70658e+09,1,1,9.48909,0.616172,1.0,0.6668069999999999,20,20,g0,Loose,Loose,Loose_L1,0
1919,1.70658e+09,1,1,12.5569,0.822221,1.0,0.6744144999999999,20,20,g0,Loose,Loose,Loose_L1,0
1921,1.70658e+09,1,1,8.99686,0.551437,1.0,0.6668069999999999,20,20,g0,Loose,Loose,Loose_L1,0
1923,1.70658e+09,1,1,11.1605,0.729358,1.0,0.6668069999999999,20,20,g0,Loose,Loose,Loose_L1,0
1925,1.70658e+09,1,1,10.4301,0.649989,1.0,0.659252,20,20,g0,Loose,Loose,Loose_L1,0
1927,1.70658e+09,1,1,10.2209,0.624171,1.0,0.658757,20,20,g0,Loose,Loose,Loose_L1,0
1929,1.70658e+09,1,1,9.42915,0.609149,1.0,0.658757,20,20,g0,Loose,Loose,Loose_L1,0
1931,1.70658e+09,1,1,10.2749,0.669688,1.0,0.6655534999999999,20,20,g0,Loose,Loose,Loose_L1,0
1933,1.70658e+09,1,1,9.04243,0.576216,1.0,0.6655534999999999,20,20,g0,Loose,Loose,Loose_L1,0
1935,1.70658e+09,1,1,10.7994,0.71423,1.0,0.6655534999999999,20,20,g0,Loose,Loose,Loose_L1,0
1937,1.70658e+09,1,1,11.2776,0.717486,1.0,0.6655534999999999,20,20,g0,Loose,Loose,Loose_L1,0
1939,1.70658e+09,1,1,8.97589,0.562709,1.0,0.6655534999999999,20,20,g0,Loose,Loose,Loose_L1,0
1941,1.70658e+09,1,1,10.5776,0.675061,1.0,0.6655534999999999,20,20,g0,Loose,Loose,Loose_L1,0
1943,1.70658e+09,1,1,9.81767,0.640669,1.0,0.6598385,20,20,g0,Loose,Loose,Loose_L1,0
1945,1.70658e+09,1,1,9.21736,0.575295,1.0,0.645329,20,20,g0,Loose,Loose,Loose_L1,0
1947,1.70658e+09,1,1,8.76144,0.58786,1.0,0.63242,20,20,g0,Loose,Loose,Loose_L1,0
1949,1.70658e+09,1,1,10.9691,0.740214,1.0,0.63242,20,20,g0,Loose,Loose,Loose_L1,0
1951,1.70658e+09,1,1,9.98411,0.637065,1.0,0.6388670000000001,20,20,g0,Loose,Loose,Loose_L1,0
1953,1.70658e+09,1,1,10.8319,0.699707,1.0,0.6388670000000001,20,20,g0,Loose,Loose,Loose_L1,0
1955,1.70658e+09,1,1,10.8939,0.665627,1.0,0.645329,20,20,g0,Loose,Loose,Loose_L1,0
1957,1.70658e+09,1,1,11.4791,0.692426,1.0,0.657808,20,20,g0,Loose,Loose,Loose_L1,0
1959,1.70658e+09,1,1,10.4467,0.654446,1.0,0.6522175,20,20,g0,Loose,Loose,Loose_L1,0
1961,1.70658e+09,1,1,10.0445,0.642772,1.0,0.6522175,20,20,g0,Loose,Loose,Loose_L1,0
1963,1.70658e+09,1,1,11.1584,0.696231,1.0,0.6522175,20,20,g0,Loose,Loose,Loose_L1,0
1965,1.70658e+09,1,1,9.69265,0.610888,1.0,0.648609,20,20,g0,Loose,Loose,Loose_L1,0
1967,1.70658e+09,1,1,10.1236,0.660957,1.0,0.6577014999999999,20,20,g0,Loose,Loose,Loose_L1,0
1969,1.70658e+09,1,1,10.4592,0.680514,1.0,0.663292,20,20,g0,Loose,Loose,Loose_L1,0
1971,1.70658e+09,1,1,10.4773,0.668491,1.0,0.663292,20,20,g0,Loose,Loose,Loose_L1,0
1973,1.70658e+09,1,1,10.6704,0.683224,1.0,0.667059,20,20,g0,Loose,Loose,Loose_L1,0
1975,1.70658e+09,1,1,9.24699,0.542421,1.0,0.663292,20,20,g0,Loose,Loose,Loose_L1,0
1977,1.70658e+09,1,1,8.7791,0.578925,1.0,0.6577014999999999,20,20,g0,Loose,Loose,Loose_L1,0
1979,1.70658e+09,1,1,8.65708,0.577517,1.0,0.6577014999999999,20,20,g0,Loose,Loose,Loose_L1,0
1981,1.70658e+09,1,1,9.10016,0.586078,1.0,0.648609,20,20,g0,Loose,Loose,Loose_L1,0
1983,1.70658e+09,1,1,9.42334,0.609498,1.0,0.648609,20,20,g0,Loose,Loose,Loose_L1,0
1985,1.70658e+09,1,1,8.61705,0.551356,1.0,0.648609,20,20,g0,Loose,Loose,Loose_L1,0
1987,1.70658e+09,1,1,9.52837,0.641947,1.0,0.648609,20,20,g0,Loose,Loose,Loose_L1,0
1989,1.70658e+09,1,1,8.07481,0.529774,1.0,0.6423595,20,20,g0,Loose,Loose,Loose_L1,0
1991,1.70658e+09,1,1,7.9233,0.540619,1.0,0.6423595,20,20,g0,Loose,Loose,Loose_L1,0
1993,1.70658e+09,1,1,8.61537,0.590605,1.0,0.6264175000000001,20,20,g0,Loose,Loose,Loose_L1,0
1995,1.70658e+09,1,1,8.27268,0.552354,1.0,0.610193,20,20,g0,Loose,Loose,Loose_L1,0
1997,1.70658e+09,1,1,8.97851,0.610406,1.0,0.609952,20,20,g0,Loose,Loose,Loose_L1,0
1999,1.70658e+09,1,1,9.51185,0.630087,1.0,0.609952,20,20,g0,Loose,Loose,Loose_L1,0
2001,1.70658e+09,1,1,8.33455,0.541856,1.0,0.6000515,20,20,g0,Loose,Loose,Loose_L1,0
2003,1.70658e+09,1,1,7.95283,0.5317,1.0,0.5883415000000001,20,20,g0,Loose,Loose,Loose_L1,0
2005,1.70658e+09,1,1,8.13941,0.558003,1.0,0.5825015,20,20,g0,Loose,Loose,Loose_L1,0
2007,1.70658e+09,1,1,8.51008,0.576616,1.0,0.578221,20,20,g0,Loose,Loose,Loose_L1,0
2009,1.70658e+09,1,1,7.06543,0.472748,1.0,0.5770664999999999,20,20,g0,Loose,Loose,Loose_L1,0
2011,1.70658e+09,1,1,7.06467,0.491053,1.0,0.5673095,20,20,g0,Loose,Loose,Loose_L1,0
2013,1.70658e+09,1,1,6.89442,0.479233,1.0,0.5551785,20,20,g0,Loose,Loose,Loose_L1,0
2015,1.70658e+09,1,1,7.81906,0.526798,1.0,0.5551785,20,20,g0,Loose,Loose,Loose_L1,0
2017,1.70658e+09,1,1,7.38959,0.511073,1.0,0.551855,20,20,g0,Loose,Loose,Loose_L1,0
2019,1.70658e+09,1,1,6.87275,0.479576,1.0,0.5466059999999999,20,20,g0,Loose,Loose,Loose_L1,0
2021,1.70658e+09,1,1,8.40363,0.597019,1.0,0.5466059999999999,20,20,g0,Loose,Loose,Loose_L1,0
2023,1.70658e+09,1,1,7.17339,0.487586,1.0,0.5412375,20,20,g0,Loose,Loose,Loose_L1,0
2025,1.70658e+09,1,1,7.57939,0.524708,1.0,0.5361594999999999,20,20,g0,Loose,Loose,Loose_L1,0
2027,1.70658e+09,1,1,7.92976,0.550727,1.0,0.5361594999999999,20,20,g0,Loose,Loose,Loose_L1,0
2029,1.70658e+09,1,1,7.62795,0.476698,1.0,0.5361594999999999,20,20,g0,Loose,Loose,Loose_L1,0
2031,1.70658e+09,1,1,6.16969,0.432977,1.0,0.529249,20,20,g0,Loose,Loose,Loose_L1,0
2033,1.70658e+09,1,1,7.24037,0.505142,1.0,0.5257529999999999,20,20,g0,Loose,Loose,Loose_L1,0
2035,1.70658e+09,1,1,7.26947,0.517813,1.0,0.5212604999999999,20,20,g0,Loose,Loose,Loose_L1,0
2037,1.70658e+09,1,1,6.65216,0.47166,1.0,0.514443,20,20,g0,Loose,Loose,Loose_L1,0
2039,1.70658e+09,1,1,6.96245,0.490264,1.0,0.5081074999999999,20,20,g0,Loose,Loose,Loose_L1,0
2041,1.70658e+09,1,1,6.87833,0.49794,1.0,0.501541,20,20,g0,Loose,Loose,Loose_L1,0
2043,1.70658e+09,1,1,7.25506,0.517117,1.0,0.501541,20,20,g0,Loose,Loose,Loose_L1,0
2045,1.70658e+09,1,1,7.02368,0.503437,1.0,0.5006885,20,20,g0,Loose,Loose,Loose_L1,0
2047,1.70658e+09,1,1,6.84932,0.477567,1.0,0.4944965,20,20,g0,Loose,Loose,Loose_L1,0
2049,1.70658e+09,1,1,5.49697,0.400147,1.0,0.4944965,20,20,g0,Loose,Loose,Loose_L1,0
2051,1.70658e+09,1,1,5.26427,0.389711,1.0,0.494102,20,20,g0,Loose,Loose,Loose_L1,0
2053,1.70658e+09,1,1,6.106,0.442787,1.0,0.494102,20,20,g0,Loose,Loose,Loose_L1,0
2055,1.70658e+09,1,1,6.77179,0.476651,1.0,0.488925,20,20,g0,Loose,Loose,Loose_L1,0
2057,1.70658e+09,1,1,5.93017,0.426932,1.0,0.48358100000000004,20,20,g0,Loose,Loose,Loose_L1,0
2059,1.70658e+09,1,1,5.66631,0.415023,1.0,0.4825765,20,20,g0,Loose,Loose,Loose_L1,0
2061,1.70658e+09,1,1,5.58219,0.410028,1.0,0.4771325,20,20,g0,Loose,Loose,Loose_L1,0
2063,1.70658e+09,1,1,5.72741,0.425744,1.0,0.4766745,20,20,g0,Loose,Loose,Loose_L1,0
2065,1.70658e+09,1,1,5.72032,0.420389,1.0,0.4741555,20,20,g0,Loose,Loose,Loose_L1,0
2067,1.70658e+09,1,1,5.68494,0.425235,1.0,0.4572235,20,20,g0,Loose,Loose,Loose_L1,0
2069,1.70658e+09,1,1,5.37411,0.401655,1.0,0.437882,20,20,g0,Loose,Loose,Loose_L1,0
2071,1.70658e+09,1,1,4.76579,0.355318,1.0,0.43485949999999995,20,20,g0,Loose,Loose,Loose_L1,0
2073,1.70658e+09,1,1,5.34934,0.406221,1.0,0.426338,20,20,g0,Loose,Loose,Loose_L1,0
2075,1.70658e+09,1,1,5.32672,0.403525,1.0,0.42548949999999996,20,20,g0,Loose,Loose,Loose_L1,0
2077,1.70658e+09,1,1,5.30345,0.401776,1.0,0.42281199999999997,20,20,g0,Loose,Loose,Loose_L1,0
2079,1.70658e+09,1,1,5.26637,0.395427,1.0,0.417706,20,20,g0,Loose,Loose,Loose_L1,0
2081,1.70658e+09,1,1,4.821,0.36068,1.0,0.4125255,20,20,g0,Loose,Loose,Loose_L1,0
2083,1.70658e+09,1,1,5.37822,0.412525,1.0,0.4112765,20,20,g0,Loose,Loose,Loose_L1,0
2085,1.70658e+09,1,1,4.73516,0.360316,1.0,0.4081245,20,20,g0,Loose,Loose,Loose_L1,0
2087,1.70658e+09,1,1,4.77346,0.366277,1.0,0.40487300000000004,20,20,g0,Loose,Loose,Loose_L1,0
2089,1.70658e+09,1,1,5.02911,0.369837,1.0,0.40487300000000004,20,20,g0,Loose,Loose,Loose_L1,0
2091,1.70658e+09,1,1,5.00154,0.380305,1.0,0.40487300000000004,20,20,g0,Loose,Loose,Loose_L1,0
2093,1.70658e+09,1,1,4.90227,0.36209,1.0,0.4026505,20,20,g0,Loose,Loose,Loose_L1,0
2095,1.70658e+09,1,1,4.56558,0.342641,1.0,0.4017155,20,20,g0,Loose,Loose,Loose_L1,0
2097,1.70658e+09,1,1,4.04382,0.318461,1.0,0.398541,20,20,g0,Loose,Loose,Loose_L1,0
2099,1.70658e+09,1,1,4.35865,0.331293,1.0,0.387866,20,20,g0,Loose,Loose,Loose_L1,0
2101,1.70658e+09,1,1,4.76152,0.376454,1.0,0.3783795,20,20,g0,Loose,Loose,Loose_L1,0
2103,1.70658e+09,1,1,4.74686,0.36548,1.0,0.3731455,20,20,g0,Loose,Loose,Loose_L1,0
2105,1.70658e+09,1,1,4.44129,0.342588,1.0,0.368057,20,20,g0,Loose,Loose,Loose_L1,0
2107,1.70658e+09,1,1,4.61212,0.362046,1.0,0.3658785,20,20,g0,Loose,Loose,Loose_L1,0
2109,1.70658e+09,1,1,3.95524,0.309758,1.0,0.363785,20,20,g0,Loose,Loose,Loose_L1,0
2111,1.70658e+09,1,1,4.07523,0.330488,1.0,0.363785,20,20,g0,Loose,Loose,Loose_L1,0
2113,1.70658e+09,1,1,4.51676,0.329748,1.0,0.362068,20,20,g0,Loose,Loose,Loose_L1,0
2115,1.70658e+09,1,1,3.89603,0.308449,1.0,0.361363,20,20,g0,Loose,Loose,Loose_L1,0
2117,1.70658e+09,1,1,4.60706,0.366866,1.0,0.361363,20,20,g0,Loose,Loose,Loose_L1,0
2119,1.70658e+09,1,1,4.59084,0.347331,1.0,0.360498,20,20,g0,Loose,Loose,Loose_L1,0
2121,1.70658e+09,1,1,4.29399,0.334675,1.0,0.3538235,20,20,g0,Loose,Loose,Loose_L1,0
2123,1.70658e+09,1,1,4.3208,0.342661,1.0,0.34499599999999997,20,20,g0,Loose,Loose,Loose_L1,0
2125,1.70658e+09,1,1,3.75279,0.296332,1.0,0.342651,20,20,g0,Loose,Loose,Loose_L1,0
2127,1.70658e+09,1,1,3.71562,0.300155,1.0,0.3426145,20,20,g0,Loose,Loose,Loose_L1,0
2129,1.70658e+09,1,1,3.33497,0.272488,1.0,0.3386315,20,20,g0,Loose,Loose,Loose_L1,0
2131,1.70658e+09,1,1,3.48401,0.291926,1.0,0.332984,20,20,g0,Loose,Loose,Loose_L1,0
2133,1.70658e+09,1,1,3.23568,0.269757,1.0,0.3308905,20,20,g0,Loose,Loose,Loose_L1,0
2135,1.70658e+09,1,1,3.28518,0.276636,1.0,0.330118,20,20,g0,Loose,Loose,Loose_L1,0
2137,1.70658e+09,1,1,3.40319,0.285887,1.0,0.330118,20,20,g0,Loose,Loose,Loose_L1,0
2139,1.70658e+09,1,1,3.3679,0.258466,1.0,0.31975299999999995,20,20,g0,Loose,Loose,Loose_L1,0
2141,1.70658e+09,1,1,3.22871,0.258565,1.0,0.3091035,20,20,g0,Loose,Loose,Loose_L1,0
2143,1.70658e+09,1,1,3.28086,0.276995,1.0,0.30430199999999996,20,20,g0,Loose,Loose,Loose_L1,0
2145,1.70658e+09,1,1,2.95657,0.245683,1.0,0.2982435,20,20,g0,Loose,Loose,Loose_L1,0
2147,1.70658e+09,1,1,3.75083,0.306852,1.0,0.2982435,20,20,g0,Loose,Loose,Loose_L1,0
2149,1.70658e+09,1,1,3.71762,0.30392,1.0,0.2982435,20,20,g0,Loose,Loose,Loose_L1,0
2151,1.70658e+09,1,1,3.20875,0.259418,1.0,0.294129,20,20,g0,Loose,Loose,Loose_L1,0
2153,1.70658e+09,1,1,3.62062,0.305128,1.0,0.294129,20,20,g0,Loose,Loose,Loose_L1,0
2155,1.70658e+09,1,1,2.7548,0.217402,1.0,0.2889065,20,20,g0,Loose,Loose,Loose_L1,0
2157,1.70658e+09,1,1,2.74237,0.237031,1.0,0.281441,20,20,g0,Loose,Loose,Loose_L1,0
2159,1.70658e+09,1,1,3.75106,0.322053,1.0,0.281441,20,20,g0,Loose,Loose,Loose_L1,0
2161,1.70658e+09,1,1,2.97036,0.241005,1.0,0.2768155,20,20,g0,Loose,Loose,Loose_L1,0
2163,1.70658e+09,1,1,3.2613,0.275086,1.0,0.275861,20,20,g0,Loose,Loose,Loose_L1,0
2165,1.70658e+09,1,1,3.07426,0.246834,1.0,0.273787,20,20,g0,Loose,Loose,Loose_L1,0
2167,1.70658e+09,1,1,2.98247,0.253144,1.0,0.27112250000000004,20,20,g0,Loose,Loose,Loose_L1,0
2169,1.70658e+09,1,1,3.54417,0.291254,1.0,0.2724215,20,20,g0,Loose,Loose,Loose_L1,0
2171,1.70658e+09,1,1,3.27512,0.279986,1.0,0.2724215,20,20,g0,Loose,Loose,Loose_L1,0
2173,1.70658e+09,1,1,3.48698,0.284789,1.0,0.275861,20,20,g0,Loose,Loose,Loose_L1,0
2175,1.70658e+09,1,1,3.38387,0.278102,1.0,0.2760405,20,20,g0,Loose,Loose,Loose_L1,0
2177,1.70658e+09,1,1,2.87989,0.255963,1.0,0.267252,20,20,g0,Loose,Loose,Loose_L1,0
2179,1.70658e+09,1,1,3.56825,0.292669,1.0,0.2760405,20,20,g0,Loose,Loose,Loose_L1,0
2181,1.70658e+09,1,1,3.0174,0.243489,1.0,0.2760405,20,20,g0,Loose,Loose,Loose_L1,0
2183,1.70658e+09,1,1,3.32643,0.292425,1.0,0.276594,20,20,g0,Loose,Loose,Loose_L1,0
2185,1.70658e+09,1,1,3.46843,0.296706,1.0,0.279044,20,20,g0,Loose,Loose,Loose_L1,0
2187,1.70658e+09,1,1,3.51507,0.282156,1.0,0.279044,20,20,g0,Loose,Loose,Loose_L1,0
2189,1.70658e+09,1,1,3.54363,0.286167,1.0,0.279044,20,20,g0,Loose,Loose,Loose_L1,0
2191,1.70658e+09,1,1,3.67142,0.299201,1.0,0.281071,20,20,g0,Loose,Loose,Loose_L1,0
2193,1.70658e+09,1,1,3.24908,0.263783,1.0,0.279044,20,20,g0,Loose,Loose,Loose_L1,0
2195,1.70658e+09,1,1,3.16665,0.271409,1.0,0.279044,20,20,g0,Loose,Loose,Loose_L1,0
2197,1.70658e+09,1,1,3.29949,0.267557,1.0,0.279044,20,20,g0,Loose,Loose,Loose_L1,0
2199,1.70658e+09,1,1,3.63752,0.307013,1.0,0.279044,20,20,g0,Loose,Loose,Loose_L1,0
2201,1.70658e+09,1,1,3.68579,0.317686,1.0,0.281071,20,20,g0,Loose,Loose,Loose_L1,0
2203,1.70658e+09,1,1,3.97976,0.338251,1.0,0.2834725,20,20,g0,Loose,Loose,Loose_L1,0
2205,1.70658e+09,1,1,3.33142,0.254739,1.0,0.2834725,20,20,g0,Loose,Loose,Loose_L1,0
2207,1.70658e+09,1,1,3.80245,0.316904,1.0,0.285478,20,20,g0,Loose,Loose,Loose_L1,0
2209,1.70658e+09,1,1,3.51301,0.264411,1.0,0.2834725,20,20,g0,Loose,Loose,Loose_L1,0
2211,1.70658e+09,1,1,3.53508,0.315958,1.0,0.285478,20,20,g0,Loose,Loose,Loose_L1,0
2213,1.70658e+09,1,1,3.3896,0.277335,1.0,0.2841615,20,20,g0,Loose,Loose,Loose_L1,0
2215,1.70658e+09,1,1,4.14024,0.330186,1.0,0.289296,20,20,g0,Loose,Loose,Loose_L1,0
2217,1.70658e+09,1,1,3.9014,0.31348,1.0,0.292547,20,20,g0,Loose,Loose,Loose_L1,0
2219,1.70658e+09,1,1,4.46254,0.345407,1.0,0.29456550000000004,20,20,g0,Loose,Loose,Loose_L1,0
2221,1.70658e+09,1,1,4.06095,0.325213,1.0,0.2979535,20,20,g0,Loose,Loose,Loose_L1,0
2223,1.70658e+09,1,1,3.742,0.30029,1.0,0.2997455,20,20,g0,Loose,Loose,Loose_L1,0
2225,1.70658e+09,1,1,3.68253,0.301836,1.0,0.30106299999999997,20,20,g0,Loose,Loose,Loose_L1,0
2227,1.70658e+09,1,1,3.87273,0.314338,1.0,0.3044245,20,20,g0,Loose,Loose,Loose_L1,0
2229,1.70658e+09,1,1,3.93798,0.319543,1.0,0.3102465,20,20,g0,Loose,Loose,Loose_L1,0
2231,1.70658e+09,1,1,4.06501,0.318858,1.0,0.313909,20,20,g0,Loose,Loose,Loose_L1,0
2233,1.70658e+09,1,1,3.89687,0.317581,1.0,0.315148,20,20,g0,Loose,Loose,Loose_L1,0
2235,1.70658e+09,1,1,3.9561,0.318009,1.0,0.316431,20,20,g0,Loose,Loose,Loose_L1,0
2237,1.70658e+09,1,1,3.82736,0.298321,1.0,0.316431,20,20,g0,Loose,Loose,Loose_L1,0
2239,1.70658e+09,1,1,3.79906,0.288613,1.0,0.316431,20,20,g0,Loose,Loose,Loose_L1,0
2241,1.70658e+09,1,1,4.09385,0.32807,1.0,0.316431,20,20,g0,Loose,Loose,Loose_L1,0
2243,1.70658e+09,1,1,3.94937,0.306669,1.0,0.315148,20,20,g0,Loose,Loose,Loose_L1,0
2245,1.70658e+09,1,1,3.91615,0.315924,1.0,0.315941,20,20,g0,Loose,Loose,Loose_L1,0
2247,1.70658e+09,1,1,4.40331,0.378035,1.0,0.315941,20,20,g0,Loose,Loose,Loose_L1,0
2249,1.70658e+09,1,1,4.18641,0.347727,1.0,0.31676950000000004,20,20,g0,Loose,Loose,Loose_L1,0
2251,1.70658e+09,1,1,3.96102,0.332805,1.0,0.317795,20,20,g0,Loose,Loose,Loose_L1,0
2253,1.70658e+09,1,1,4.76412,0.38003,1.0,0.3184335,20,20,g0,Loose,Loose,Loose_L1,0
2255,1.70658e+09,1,1,4.15234,0.322012,1.0,0.3184335,20,20,g0,Loose,Loose,Loose_L1,0
2257,1.70658e+09,1,1,4.07594,0.327352,1.0,0.3192005,20,20,g0,Loose,Loose,Loose_L1,0
2259,1.70658e+09,1,1,4.27273,0.331285,1.0,0.3192005,20,20,g0,Loose,Loose,Loose_L1,0
2261,1.70658e+09,1,1,4.87934,0.376011,1.0,0.3192005,20,20,g0,Loose,Loose,Loose_L1,0
2263,1.70658e+09,1,1,5.14521,0.406484,1.0,0.32077750000000005,20,20,g0,Loose,Loose,Loose_L1,0
2265,1.70658e+09,1,1,4.57624,0.355223,1.0,0.324682,20,20,g0,Loose,Loose,Loose_L1,0
2267,1.70658e+09,1,1,4.55845,0.364718,1.0,0.327711,20,20,g0,Loose,Loose,Loose_L1,0
2269,1.70658e+09,1,1,4.63283,0.342262,1.0,0.32967749999999996,20,20,g0,Loose,Loose,Loose_L1,0
2271,1.70658e+09,1,1,5.03089,0.408744,1.0,0.33204500000000003,20,20,g0,Loose,Loose,Loose_L1,0
2273,1.70658e+09,1,1,3.99965,0.315636,1.0,0.33204500000000003,20,20,g0,Loose,Loose,Loose_L1,0
2275,1.70658e+09,1,1,4.52938,0.341804,1.0,0.3373045,20,20,g0,Loose,Loose,Loose_L1,0
2277,1.70658e+09,1,1,4.61336,0.368707,1.0,0.34203300000000003,20,20,g0,Loose,Loose,Loose_L1,0
2279,1.70658e+09,1,1,4.77976,0.367252,1.0,0.3449945,20,20,g0,Loose,Loose,Loose_L1,0
2281,1.70658e+09,1,1,5.03241,0.388843,1.0,0.351475,20,20,g0,Loose,Loose,Loose_L1,0
2283,1.70658e+09,1,1,5.26487,0.427003,1.0,0.35997049999999997,20,20,g0,Loose,Loose,Loose_L1,0
2285,1.70658e+09,1,1,5.12101,0.400219,1.0,0.365985,20,20,g0,Loose,Loose,Loose_L1,0
2287,1.70658e+09,1,1,5.3804,0.419971,1.0,0.365985,20,20,g0,Loose,Loose,Loose_L1,0
2289,1.70658e+09,1,1,4.52438,0.350411,1.0,0.365985,20,20,g0,Loose,Loose,Loose_L1,0
2291,1.70658e+09,1,1,5.54612,0.406622,1.0,0.3679795,20,20,g0,Loose,Loose,Loose_L1,0
2293,1.70658e+09,1,1,5.55396,0.415362,1.0,0.3679795,20,20,g0,Loose,Loose,Loose_L1,0
2295,1.70658e+09,1,1,5.75058,0.428935,1.0,0.372359,20,20,g0,Loose,Loose,Loose_L1,0
2297,1.70658e+09,1,1,5.43069,0.413351,1.0,0.38242699999999996,20,20,g0,Loose,Loose,Loose_L1,0
2299,1.70658e+09,1,1,5.95778,0.458552,1.0,0.39453099999999997,20,20,g0,Loose,Loose,Loose_L1,0
2301,1.70658e+09,1,1,4.81567,0.361204,1.0,0.39453099999999997,20,20,g0,Loose,Loose,Loose_L1,0
2303,1.70658e+09,1,1,6.14261,0.497755,1.0,0.39453099999999997,20,20,g0,Loose,Loose,Loose_L1,0
2305,1.70658e+09,1,1,4.99852,0.37688,1.0,0.39453099999999997,20,20,g0,Loose,Loose,Loose_L1,0
2307,1.70658e+09,1,1,5.57941,0.427915,1.0,0.40342049999999996,20,20,g0,Loose,Loose,Loose_L1,0
2309,1.70658e+09,1,1,5.24156,0.414992,1.0,0.407683,20,20,g0,Loose,Loose,Loose_L1,0
2311,1.70658e+09,1,1,5.75919,0.455113,1.0,0.40998650000000003,20,20,g0,Loose,Loose,Loose_L1,0
2313,1.70658e+09,1,1,5.52448,0.414732,1.0,0.4140415,20,20,g0,Loose,Loose,Loose_L1,0
2315,1.70658e+09,1,1,5.50374,0.437986,1.0,0.414862,20,20,g0,Loose,Loose,Loose_L1,0
2317,1.70658e+09,1,1,5.53469,0.424655,1.0,0.415177,20,20,g0,Loose,Loose,Loose_L1,0
2319,1.70658e+09,1,1,6.53551,0.521563,1.0,0.4176665,20,20,g0,Loose,Loose,Loose_L1,0
2321,1.70658e+09,1,1,5.61633,0.392877,1.0,0.4176665,20,20,g0,Loose,Loose,Loose_L1,0
2323,1.70658e+09,1,1,5.21748,0.380308,1.0,0.415177,20,20,g0,Loose,Loose,Loose_L1,0
2325,1.70658e+09,1,1,6.06145,0.471217,1.0,0.4176665,20,20,g0,Loose,Loose,Loose_L1,0
2327,1.70658e+09,1,1,5.76233,0.429903,1.0,0.4200085,20,20,g0,Loose,Loose,Loose_L1,0
2329,1.70658e+09,1,1,6.05074,0.459823,1.0,0.426285,20,20,g0,Loose,Loose,Loose_L1,0
2331,1.70658e+09,1,1,6.01491,0.429417,1.0,0.428425,20,20,g0,Loose,Loose,Loose_L1,0
2333,1.70658e+09,1,1,6.15712,0.454642,1.0,0.429176,20,20,g0,Loose,Loose,Loose_L1,0
2335,1.70658e+09,1,1,5.29082,0.390932,1.0,0.428666,20,20,g0,Loose,Loose,Loose_L1,0
2337,1.70658e+09,1,1,6.22946,0.486757,1.0,0.42966,20,20,g0,Loose,Loose,Loose_L1,0
2339,1.70658e+09,1,1,5.34439,0.404433,1.0,0.428666,20,20,g0,Loose,Loose,Loose_L1,0
2341,1.70658e+09,1,1,5.70219,0.429304,1.0,0.42936050000000003,20,20,g0,Loose,Loose,Loose_L1,0
2343,1.70658e+09,1,1,5.44262,0.413607,1.0,0.4286095,20,20,g0,Loose,Loose,Loose_L1,0
2345,1.70658e+09,1,1,5.67906,0.439271,1.0,0.42936050000000003,20,20,g0,Loose,Loose,Loose_L1,0
2347,1.70658e+09,1,1,6.44241,0.505495,1.0,0.42966,20,20,g0,Loose,Loose,Loose_L1,0
2349,1.70658e+09,1,1,5.73303,0.425855,1.0,0.42966,20,20,g0,Loose,Loose,Loose_L1,0
2351,1.70658e+09,1,1,5.83674,0.447718,1.0,0.42966,20,20,g0,Loose,Loose,Loose_L1,0
2353,1.70658e+09,1,1,5.37901,0.395694,1.0,0.42966,20,20,g0,Loose,Loose,Loose_L1,0
2355,1.70658e+09,1,1,6.28083,0.48108,1.0,0.42966,20,20,g0,Loose,Loose,Loose_L1,0
2357,1.70658e+09,1,1,5.78309,0.431014,1.0,0.43045849999999997,20,20,g0,Loose,Loose,Loose_L1,0
2359,1.70658e+09,1,1,5.78447,0.452999,1.0,0.43045849999999997,20,20,g0,Loose,Loose,Loose_L1,0
2361,1.70658e+09,1,1,5.24787,0.388915,1.0,0.43045849999999997,20,20,g0,Loose,Loose,Loose_L1,0
2363,1.70658e+09,1,1,5.53244,0.431524,1.0,0.431269,20,20,g0,Loose,Loose,Loose_L1,0
2365,1.70658e+09,1,1,5.60137,0.412753,1.0,0.43045849999999997,20,20,g0,Loose,Loose,Loose_L1,0
2367,1.70658e+09,1,1,6.33293,0.470255,1.0,0.431269,20,20,g0,Loose,Loose,Loose_L1,0
2369,1.70658e+09,1,1,5.91213,0.431846,1.0,0.431269,20,20,g0,Loose,Loose,Loose_L1,0
2371,1.70658e+09,1,1,5.9519,0.429604,1.0,0.431269,20,20,g0,Loose,Loose,Loose_L1,0
2373,1.70658e+09,1,1,6.03284,0.433842,1.0,0.431269,20,20,g0,Loose,Loose,Loose_L1,0
2375,1.70658e+09,1,1,6.69371,0.483598,1.0,0.431685,20,20,g0,Loose,Loose,Loose_L1,0
2377,1.70658e+09,1,1,5.99189,0.468894,1.0,0.431685,20,20,g0,Loose,Loose,Loose_L1,0
2379,1.70658e+09,1,1,6.60155,0.484883,1.0,0.432844,20,20,g0,Loose,Loose,Loose_L1,0
2381,1.70658e+09,1,1,6.64657,0.455848,1.0,0.4365565,20,20,g0,Loose,Loose,Loose_L1,0
2383,1.70658e+09,1,1,6.27686,0.434237,1.0,0.436754,20,20,g0,Loose,Loose,Loose_L1,0
2385,1.70658e+09,1,1,6.08744,0.456868,1.0,0.4409775,20,20,g0,Loose,Loose,Loose_L1,0
2387,1.70658e+09,1,1,6.86846,0.544599,1.0,0.4409775,20,20,g0,Loose,Loose,Loose_L1,0
2389,1.70658e+09,1,1,6.22495,0.413934,1.0,0.4409775,20,20,g0,Loose,Loose,Loose_L1,0
2391,1.70658e+09,1,1,6.41518,0.431179,1.0,0.4340395,20,20,g0,Loose,Loose,Loose_L1,0
2393,1.70658e+09,1,1,6.5488,0.458022,1.0,0.44361799999999996,20,20,g0,Loose,Loose,Loose_L1,0
2395,1.70658e+09,1,1,5.75015,0.395734,1.0,0.4340395,20,20,g0,Loose,Loose,Loose_L1,0
2397,1.70658e+09,1,1,6.15756,0.491681,1.0,0.44361799999999996,20,20,g0,Loose,Loose,Loose_L1,0
2399,1.70658e+09,1,1,7.08822,0.46973,1.0,0.4450425,20,20,g0,Loose,Loose,Loose_L1,0
2401,1.70658e+09,1,1,5.90084,0.434305,1.0,0.4450765,20,20,g0,Loose,Loose,Loose_L1,0
2403,1.70658e+09,1,1,6.35461,0.442229,1.0,0.4490385,20,20,g0,Loose,Loose,Loose_L1,0
2405,1.70658e+09,1,1,5.82853,0.438976,1.0,0.4490385,20,20,g0,Loose,Loose,Loose_L1,0
2407,1.70658e+09,1,1,6.75586,0.502663,1.0,0.4490385,20,20,g0,Loose,Loose,Loose_L1,0
2409,1.70658e+09,1,1,6.42429,0.430502,1.0,0.4490385,20,20,g0,Loose,Loose,Loose_L1,0
2411,1.70658e+09,1,1,7.45081,0.536543,1.0,0.456358,20,20,g0,Loose,Loose,Loose_L1,0
2413,1.70658e+09,1,1,7.14949,0.521342,1.0,0.457445,20,20,g0,Loose,Loose,Loose_L1,0
2415,1.70658e+09,1,1,7.50707,0.498052,1.0,0.457445,20,20,g0,Loose,Loose,Loose_L1,0
2417,1.70658e+09,1,1,6.40847,0.466625,1.0,0.457445,20,20,g0,Loose,Loose,Loose_L1,0
2419,1.70658e+09,1,1,7.0976,0.522702,1.0,0.457445,20,20,g0,Loose,Loose,Loose_L1,0
2421,1.70658e+09,1,1,6.50131,0.391196,1.0,0.457445,20,20,g0,Loose,Loose,Loose_L1,0
2423,1.70658e+09,1,1,7.40427,0.518654,1.0,0.4623235,20,20,g0,Loose,Loose,Loose_L1,0
2425,1.70658e+09,1,1,6.38123,0.458659,1.0,0.462642,20,20,g0,Loose,Loose,Loose_L1,0
2427,1.70658e+09,1,1,7.71413,0.528849,1.0,0.462642,20,20,g0,Loose,Loose,Loose_L1,0
2429,1.70658e+09,1,1,6.95736,0.463702,1.0,0.4651635,20,20,g0,Loose,Loose,Loose_L1,0
2431,1.70658e+09,1,1,6.46627,0.441461,1.0,0.4651635,20,20,g0,Loose,Loose,Loose_L1,0
2433,1.70658e+09,1,1,6.72248,0.467382,1.0,0.4670035,20,20,g0,Loose,Loose,Loose_L1,0
2435,1.70658e+09,1,1,6.86609,0.508846,1.0,0.468556,20,20,g0,Loose,Loose,Loose_L1,0
2437,1.70658e+09,1,1,7.50025,0.508642,1.0,0.468556,20,20,g0,Loose,Loose,Loose_L1,0
2439,1.70658e+09,1,1,6.99554,0.473107,1.0,0.4702445,20,20,g0,Loose,Loose,Loose_L1,0
2441,1.70658e+09,1,1,6.44312,0.473474,1.0,0.4732905,20,20,g0,Loose,Loose,Loose_L1,0
2443,1.70658e+09,1,1,7.2356,0.534985,1.0,0.485763,20,20,g0,Loose,Loose,Loose_L1,0
2445,1.70658e+09,1,1,7.2505,0.485721,1.0,0.4918865,20,20,g0,Loose,Loose,Loose_L1,0
2447,1.70658e+09,1,1,7.35403,0.46096,1.0,0.4795975,20,20,g0,Loose,Loose,Loose_L1,0
2449,1.70658e+09,1,1,7.34228,0.464415,1.0,0.4795975,20,20,g0,Loose,Loose,Loose_L1,0
2451,1.70658e+09,1,1,7.81415,0.493381,1.0,0.4795975,20,20,g0,Loose,Loose,Loose_L1,0
2453,1.70658e+09,1,1,7.13079,0.476481,1.0,0.4749775,20,20,g0,Loose,Loose,Loose_L1,0
2455,1.70658e+09,1,1,6.76899,0.512754,1.0,0.4749775,20,20,g0,Loose,Loose,Loose_L1,0
2457,1.70658e+09,1,1,7.16734,0.540273,1.0,0.481101,20,20,g0,Loose,Loose,Loose_L1,0
2459,1.70658e+09,1,1,6.4912,0.485976,1.0,0.481101,20,20,g0,Loose,Loose,Loose_L1,0
2461,1.70658e+09,1,1,6.87468,0.438291,1.0,0.481101,20,20,g0,Loose,Loose,Loose_L1,0
2463,1.70658e+09,1,1,6.9158,0.497562,1.0,0.481101,20,20,g0,Loose,Loose,Loose_L1,0
2465,1.70658e+09,1,1,6.9289,0.459535,1.0,0.481101,20,20,g0,Loose,Loose,Loose_L1,0
2467,1.70658e+09,1,1,7.75208,0.590418,1.0,0.481101,20,20,g0,Loose,Loose,Loose_L1,0
2469,1.70658e+09,1,1,6.99939,0.48651,1.0,0.4858485,20,20,g0,Loose,Loose,Loose_L1,0
2471,1.70658e+09,1,1,6.85928,0.448616,1.0,0.4858485,20,20,g0,Loose,Loose,Loose_L1,0
2473,1.70658e+09,1,1,7.83739,0.540457,1.0,0.486243,20,20,g0,Loose,Loose,Loose_L1,0
2475,1.70658e+09,1,1,6.97811,0.459206,1.0,0.4858485,20,20,g0,Loose,Loose,Loose_L1,0
2477,1.70658e+09,1,1,7.86612,0.522524,1.0,0.4858485,20,20,g0,Loose,Loose,Loose_L1,0
2479,1.70658e+09,1,1,6.83287,0.457237,1.0,0.4858485,20,20,g0,Loose,Loose,Loose_L1,0
2481,1.70658e+09,1,1,7.09083,0.478663,1.0,0.4858485,20,20,g0,Loose,Loose,Loose_L1,0
2483,1.70658e+09,1,1,6.99643,0.508297,1.0,0.4858485,20,20,g0,Loose,Loose,Loose_L1,0
2485,1.70658e+09,1,1,7.19487,0.442113,1.0,0.4823195,20,20,g0,Loose,Loose,Loose_L1,0
2487,1.70658e+09,1,1,7.27222,0.458044,1.0,0.4823195,20,20,g0,Loose,Loose,Loose_L1,0
2489,1.70658e+09,1,1,7.32471,0.495768,1.0,0.486243,20,20,g0,Loose,Loose,Loose_L1,0
2491,1.70658e+09,1,1,6.8908,0.495854,1.0,0.486243,20,20,g0,Loose,Loose,Loose_L1,0
2493,1.70658e+09,1,1,7.63551,0.464585,1.0,0.486243,20,20,g0,Loose,Loose,Loose_L1,0
2495,1.70658e+09,1,1,7.3926,0.543188,1.0,0.486243,20,20,g0,Loose,Loose,Loose_L1,0
2497,1.70658e+09,1,1,6.92013,0.444793,1.0,0.4823195,20,20,g0,Loose,Loose,Loose_L1,0
2499,1.70658e+09,1,1,7.5787,0.391576,1.0,0.47162400000000004,20,20,g0,Loose,Loose,Loose_L1,0
2501,1.70658e+09,1,1,7.45149,0.401921,1.0,0.47162400000000004,20,20,g0,Loose,Loose,Loose_L1,0
2503,1.70658e+09,1,1,7.32606,0.479117,1.0,0.47162400000000004,20,20,g0,Loose,Loose,Loose_L1,0
2505,1.70658e+09,1,1,7.93808,0.544327,1.0,0.47889000000000004,20,20,g0,Loose,Loose,Loose_L1,0
2507,1.70658e+09,1,1,7.94986,0.432967,1.0,0.47162400000000004,20,20,g0,Loose,Loose,Loose_L1,0
2509,1.70658e+09,1,1,7.26733,0.412786,1.0,0.4618955,20,20,g0,Loose,Loose,Loose_L1,0
2511,1.70658e+09,1,1,7.07991,0.414693,1.0,0.4618955,20,20,g0,Loose,Loose,Loose_L1,0
2513,1.70658e+09,1,1,7.64014,0.448086,1.0,0.458625,20,20,g0,Loose,Loose,Loose_L1,0
2515,1.70658e+09,1,1,7.22276,0.378252,1.0,0.4576405,20,20,g0,Loose,Loose,Loose_L1,0
2517,1.70658e+09,1,1,7.86782,0.4613,1.0,0.4576405,20,20,g0,Loose,Loose,Loose_L1,0
2519,1.70658e+09,1,1,8.78935,0.458231,1.0,0.4581375,20,20,g0,Loose,Loose,Loose_L1,0
2521,1.70658e+09,1,1,8.33897,0.435692,1.0,0.453065,20,20,g0,Loose,Loose,Loose_L1,0
2523,1.70658e+09,1,1,7.99923,0.496579,1.0,0.453065,20,20,g0,Loose,Loose,Loose_L1,0
2525,1.70658e+09,1,1,8.03677,0.488936,1.0,0.4581375,20,20,g0,Loose,Loose,Loose_L1,0
2527,1.70658e+09,1,1,8.86541,0.538582,1.0,0.4597655,20,20,g0,Loose,Loose,Loose_L1,0
2529,1.70658e+09,1,1,8.0744,0.332079,1.0,0.4531585,20,20,g0,Loose,Loose,Loose_L1,0
2531,1.70658e+09,1,1,8.15993,0.442927,1.0,0.4464395,20,20,g0,Loose,Loose,Loose_L1,0
2533,1.70658e+09,1,1,7.84084,0.488566,1.0,0.4464395,20,20,g0,Loose,Loose,Loose_L1,0
2535,1.70658e+09,1,1,7.9873,0.483542,1.0,0.4464395,20,20,g0,Loose,Loose,Loose_L1,0
2537,1.70658e+09,1,1,7.34567,0.442392,1.0,0.4455065,20,20,g0,Loose,Loose,Loose_L1,0
2539,1.70658e+09,1,1,7.74015,0.48006,1.0,0.4531585,20,20,g0,Loose,Loose,Loose_L1,0
2541,1.70658e+09,1,1,8.61887,0.439302,1.0,0.4531585,20,20,g0,Loose,Loose,Loose_L1,0
2543,1.70658e+09,1,1,8.22292,0.590703,1.0,0.4531585,20,20,g0,Loose,Loose,Loose_L1,0
2545,1.70658e+09,1,1,9.52675,0.383833,1.0,0.4455065,20,20,g0,Loose,Loose,Loose_L1,0
2547,1.70658e+09,1,1,8.67893,0.457768,1.0,0.45292699999999997,20,20,g0,Loose,Loose,Loose_L1,0
2549,1.70658e+09,1,1,8.29937,0.430813,1.0,0.45292699999999997,20,20,g0,Loose,Loose,Loose_L1,0
2551,1.70658e+09,1,1,8.58897,0.536122,1.0,0.4579995,20,20,g0,Loose,Loose,Loose_L1,0
2553,1.70658e+09,1,1,8.72658,0.435156,1.0,0.4579995,20,20,g0,Loose,Loose,Loose_L1,0
2555,1.70658e+09,1,1,9.2251,0.671575,1.0,0.4597655,20,20,g0,Loose,Loose,Loose_L1,0
2557,1.70658e+09,1,1,8.81918,0.684802,1.0,0.4691455,20,20,g0,Loose,Loose,Loose_L1,0
2559,1.70658e+09,1,1,7.99426,0.51629,1.0,0.48180100000000003,20,20,g0,Loose,Loose,Loose_L1,0
2561,1.70658e+09,1,1,7.98999,0.539386,1.0,0.486054,20,20,g0,Loose,Loose,Loose_L1,0
2563,1.70658e+09,1,1,8.85584,0.696004,1.0,0.486054,20,20,g0,Loose,Loose,Loose_L1,0
2565,1.70658e+09,1,1,8.75088,0.651035,1.0,0.486054,20,20,g0,Loose,Loose,Loose_L1,0
2567,1.70658e+09,1,1,8.89548,0.756497,1.0,0.486054,20,20,g0,Loose,Loose,Loose_L1,0
2569,1.70658e+09,1,1,8.61961,0.505539,1.0,0.4970525,20,20,g0,Loose,Loose,Loose_L1,0
2571,1.70658e+09,1,1,8.83271,0.671163,1.0,0.5109144999999999,20,20,g0,Loose,Loose,Loose_L1,0
2573,1.70658e+09,1,1,7.99737,0.764079,1.0,0.526206,20,20,g0,Loose,Loose,Loose_L1,0
2575,1.70658e+09,1,1,7.45923,0.6091,1.0,0.5377540000000001,20,20,g0,Loose,Loose,Loose_L1,0
2577,1.70658e+09,1,1,8.21138,0.526378,1.0,0.5377540000000001,20,20,g0,Loose,Loose,Loose_L1,0
2579,1.70658e+09,1,1,8.05777,0.538497,1.0,0.5389415,20,20,g0,Loose,Loose,Loose_L1,0
2581,1.70658e+09,1,1,8.05804,0.63429,1.0,0.5650445,20,20,g0,Loose,Loose,Loose_L1,0
2583,1.70658e+09,1,1,9.22211,0.605941,1.0,0.5726635,20,20,g0,Loose,Loose,Loose_L1,0
2585,1.70658e+09,1,1,8.57005,0.653827,1.0,0.6075204999999999,20,20,g0,Loose,Loose,Loose_L1,0
2587,1.70658e+09,1,1,7.45256,0.564257,1.0,0.6075204999999999,20,20,g0,Loose,Loose,Loose_L1,0
2589,1.70658e+09,1,1,8.60831,0.664187,1.0,0.621695,20,20,g0,Loose,Loose,Loose_L1,0
2591,1.70658e+09,1,1,9.10591,0.686842,1.0,0.6426625,20,20,g0,Loose,Loose,Loose_L1,0
2593,1.70658e+09,1,1,8.47659,0.627736,1.0,0.6426625,20,20,g0,Loose,Loose,Loose_L1,0
2595,1.70658e+09,1,1,8.97192,0.77556,1.0,0.6426625,20,20,g0,Loose,Loose,Loose_L1,0
2597,1.70658e+09,1,1,9.04265,0.745466,1.0,0.6426625,20,20,g0,Loose,Loose,Loose_L1,0
2599,1.70658e+09,1,1,9.04141,0.741737,1.0,0.652431,20,20,g0,Loose,Loose,Loose_L1,0
2601,1.70658e+09,1,1,8.91078,0.545084,1.0,0.652431,20,20,g0,Loose,Loose,Loose_L1,0
2603,1.70658e+09,1,1,8.70805,0.751233,1.0,0.652431,20,20,g0,Loose,Loose,Loose_L1,0
2605,1.70658e+09,1,1,8.19431,0.507901,1.0,0.6440585000000001,20,20,g0,Loose,Loose,Loose_L1,0
2607,1.70658e+09,1,1,8.89157,0.683583,1.0,0.6440585000000001,20,20,g0,Loose,Loose,Loose_L1,0
2609,1.70658e+09,1,1,8.1788,0.691813,1.0,0.659007,20,20,g0,Loose,Loose,Loose_L1,0
2611,1.70658e+09,1,1,8.65032,0.542012,1.0,0.6440585000000001,20,20,g0,Loose,Loose,Loose_L1,0
2613,1.70658e+09,1,1,8.71244,0.66972,1.0,0.6440585000000001,20,20,g0,Loose,Loose,Loose_L1,0
2615,1.70658e+09,1,1,8.63694,0.550767,1.0,0.6440585000000001,20,20,g0,Loose,Loose,Loose_L1,0
2617,1.70658e+09,1,1,9.05278,0.700372,1.0,0.659007,20,20,g0,Loose,Loose,Loose_L1,0
2619,1.70658e+09,1,1,9.13903,0.67545,1.0,0.6669535,20,20,g0,Loose,Loose,Loose_L1,0
2621,1.70658e+09,1,1,9.08086,0.66237,1.0,0.6669535,20,20,g0,Loose,Loose,Loose_L1,0
2623,1.70658e+09,1,1,9.68767,0.615717,1.0,0.6669535,20,20,g0,Loose,Loose,Loose_L1,0
2625,1.70658e+09,1,1,8.41624,0.541927,1.0,0.6669535,20,20,g0,Loose,Loose,Loose_L1,0
2627,1.70658e+09,1,1,8.51328,0.655555,1.0,0.6669535,20,20,g0,Loose,Loose,Loose_L1,0
2629,1.70658e+09,1,1,8.95895,0.666956,1.0,0.668338,20,20,g0,Loose,Loose,Loose_L1,0
2631,1.70658e+09,1,1,8.14459,0.684819,1.0,0.668338,20,20,g0,Loose,Loose,Loose_L1,0
2633,1.70658e+09,1,1,7.51637,0.547482,1.0,0.668338,20,20,g0,Loose,Loose,Loose_L1,0
2635,1.70658e+09,1,1,10.6481,0.938863,1.0,0.668338,20,20,g0,Loose,Loose,Loose_L1,0
2637,1.70658e+09,1,1,8.52543,0.435867,1.0,0.664663,20,20,g0,Loose,Loose,Loose_L1,0
2639,1.70658e+09,1,1,8.92118,0.528355,1.0,0.6589625,20,20,g0,Loose,Loose,Loose_L1,0
2641,1.70658e+09,1,1,9.38687,0.500474,1.0,0.6589625,20,20,g0,Loose,Loose,Loose_L1,0
2643,1.70658e+09,1,1,8.78219,0.558251,1.0,0.635636,20,20,g0,Loose,Loose,Loose_L1,0
2645,1.70658e+09,1,1,8.89888,0.550775,1.0,0.635636,20,20,g0,Loose,Loose,Loose_L1,0
2647,1.70658e+09,1,1,9.03393,0.762225,1.0,0.635636,20,20,g0,Loose,Loose,Loose_L1,0
2649,1.70658e+09,1,1,9.34369,0.537483,1.0,0.586984,20,20,g0,Loose,Loose,Loose_L1,0
2651,1.70658e+09,1,1,8.5152,0.585368,1.0,0.6005425,20,20,g0,Loose,Loose,Loose_L1,0
2653,1.70658e+09,1,1,9.08843,0.624035,1.0,0.6005425,20,20,g0,Loose,Loose,Loose_L1,0
2655,1.70658e+09,1,1,8.99941,0.4652,1.0,0.6005425,20,20,g0,Loose,Loose,Loose_L1,0
2657,1.70658e+09,1,1,9.64824,0.538155,1.0,0.5718095000000001,20,20,g0,Loose,Loose,Loose_L1,0
2659,1.70658e+09,1,1,8.76137,0.48422,1.0,0.554513,20,20,g0,Loose,Loose,Loose_L1,0
2661,1.70658e+09,1,1,9.22296,0.608959,1.0,0.554513,20,20,g0,Loose,Loose,Loose_L1,0
2663,1.70658e+09,1,1,9.31945,0.588478,1.0,0.554513,20,20,g0,Loose,Loose,Loose_L1,0
2665,1.70658e+09,1,1,9.52355,0.516842,1.0,0.554513,20,20,g0,Loose,Loose,Loose_L1,0
2667,1.70658e+09,1,1,10.3719,0.659851,1.0,0.554513,20,20,g0,Loose,Loose,Loose_L1,0
2669,1.70658e+09,1,1,8.95525,0.450898,1.0,0.5491285,20,20,g0,Loose,Loose,Loose_L1,0
2671,1.70658e+09,1,1,9.00549,0.571972,1.0,0.5491285,20,20,g0,Loose,Loose,Loose_L1,0
2673,1.70658e+09,1,1,8.98945,0.561784,1.0,0.554513,20,20,g0,Loose,Loose,Loose_L1,0
2675,1.70658e+09,1,1,9.65639,0.513676,1.0,0.544465,20,20,g0,Loose,Loose,Loose_L1,0
2677,1.70658e+09,1,1,9.19656,0.582934,1.0,0.554513,20,20,g0,Loose,Loose,Loose_L1,0
2679,1.70658e+09,1,1,8.53796,0.524225,1.0,0.554513,20,20,g0,Loose,Loose,Loose_L1,0
2681,1.70658e+09,1,1,8.77395,0.512334,1.0,0.554513,20,20,g0,Loose,Loose,Loose_L1,0
2683,1.70658e+09,1,1,9.01126,0.555801,1.0,0.553288,20,20,g0,Loose,Loose,Loose_L1,0
2685,1.70658e+09,1,1,8.63983,0.511433,1.0,0.546978,20,20,g0,Loose,Loose,Loose_L1,0
2687,1.70658e+09,1,1,9.34139,0.54538,1.0,0.5417675,20,20,g0,Loose,Loose,Loose_L1,0
2689,1.70658e+09,1,1,8.73842,0.496852,1.0,0.5417675,20,20,g0,Loose,Loose,Loose_L1,0
2691,1.70658e+09,1,1,9.53758,0.672658,1.0,0.5417675,20,20,g0,Loose,Loose,Loose_L1,0
2693,1.70658e+09,1,1,8.99114,0.548868,1.0,0.5417675,20,20,g0,Loose,Loose,Loose_L1,0
2695,1.70658e+09,1,1,8.65141,0.571223,1.0,0.5471239999999999,20,20,g0,Loose,Loose,Loose_L1,0
2697,1.70658e+09,1,1,8.83277,0.618406,1.0,0.5523345,20,20,g0,Loose,Loose,Loose_L1,0
2699,1.70658e+09,1,1,8.95318,0.591229,1.0,0.5587925,20,20,g0,Loose,Loose,Loose_L1,0
2701,1.70658e+09,1,1,9.0426,0.621109,1.0,0.5587925,20,20,g0,Loose,Loose,Loose_L1,0
2703,1.70658e+09,1,1,8.7053,0.55914,1.0,0.5574705,20,20,g0,Loose,Loose,Loose_L1,0
2705,1.70658e+09,1,1,9.06613,0.623803,1.0,0.560462,20,20,g0,Loose,Loose,Loose_L1,0
2707,1.70658e+09,1,1,9.86127,0.55057,1.0,0.5574705,20,20,g0,Loose,Loose,Loose_L1,0
2709,1.70658e+09,1,1,9.4325,0.597297,1.0,0.560462,20,20,g0,Loose,Loose,Loose_L1,0
2711,1.70658e+09,1,1,9.5583,0.513008,1.0,0.5574705,20,20,g0,Loose,Loose,Loose_L1,0
2713,1.70658e+09,1,1,8.80436,0.510657,1.0,0.5531855,20,20,g0,Loose,Loose,Loose_L1,0
2715,1.70658e+09,1,1,9.34726,0.643637,1.0,0.5574705,20,20,g0,Loose,Loose,Loose_L1,0
2717,1.70658e+09,1,1,9.3183,0.663817,1.0,0.5574705,20,20,g0,Loose,Loose,Loose_L1,0
2719,1.70658e+09,1,1,8.52947,0.509626,1.0,0.5574705,20,20,g0,Loose,Loose,Loose_L1,0
2721,1.70658e+09,1,1,9.92756,0.646383,1.0,0.5651815,20,20,g0,Loose,Loose,Loose_L1,0
2723,1.70658e+09,1,1,9.40135,0.712219,1.0,0.581226,20,20,g0,Loose,Loose,Loose_L1,0
2725,1.70658e+09,1,1,8.58263,0.604545,1.0,0.594263,20,20,g0,Loose,Loose,Loose_L1,0
2727,1.70658e+09,1,1,8.54515,0.61644,1.0,0.600921,20,20,g0,Loose,Loose,Loose_L1,0
2729,1.70658e+09,1,1,9.10727,0.611353,1.0,0.6079490000000001,20,20,g0,Loose,Loose,Loose_L1,0
2731,1.70658e+09,1,1,8.69185,0.550936,1.0,0.600921,20,20,g0,Loose,Loose,Loose_L1,0
2733,1.70658e+09,1,1,8.41573,0.568,1.0,0.600921,20,20,g0,Loose,Loose,Loose_L1,0
2735,1.70658e+09,1,1,9.39504,0.64533,1.0,0.6079490000000001,20,20,g0,Loose,Loose,Loose_L1,0
2737,1.70658e+09,1,1,9.61146,0.682817,1.0,0.6079490000000001,20,20,g0,Loose,Loose,Loose_L1,0
2739,1.70658e+09,1,1,9.03735,0.59915,1.0,0.6079490000000001,20,20,g0,Loose,Loose,Loose_L1,0
2741,1.70658e+09,1,1,9.54371,0.628705,1.0,0.6079490000000001,20,20,g0,Loose,Loose,Loose_L1,0
2743,1.70658e+09,1,1,8.22354,0.531883,1.0,0.6079490000000001,20,20,g0,Loose,Loose,Loose_L1,0
2745,1.70658e+09,1,1,9.27175,0.626318,1.0,0.6079490000000001,20,20,g0,Loose,Loose,Loose_L1,0
2747,1.70658e+09,1,1,9.29858,0.626886,1.0,0.6138965000000001,20,20,g0,Loose,Loose,Loose_L1,0
2749,1.70658e+09,1,1,9.05889,0.556348,1.0,0.6138965000000001,20,20,g0,Loose,Loose,Loose_L1,0
2751,1.70658e+09,1,1,9.32552,0.633213,1.0,0.621379,20,20,g0,Loose,Loose,Loose_L1,0
2753,1.70658e+09,1,1,9.58872,0.707712,1.0,0.6266020000000001,20,20,g0,Loose,Loose,Loose_L1,0
2755,1.70658e+09,1,1,9.88326,0.694867,1.0,0.6266020000000001,20,20,g0,Loose,Loose,Loose_L1,0
2757,1.70658e+09,1,1,9.03009,0.53876,1.0,0.621379,20,20,g0,Loose,Loose,Loose_L1,0
2759,1.70658e+09,1,1,9.22355,0.602101,1.0,0.621379,20,20,g0,Loose,Loose,Loose_L1,0
2761,1.70658e+09,1,1,9.14076,0.612675,1.0,0.6145575,20,20,g0,Loose,Loose,Loose_L1,0
2763,1.70658e+09,1,1,8.54935,0.572234,1.0,0.6120140000000001,20,20,g0,Loose,Loose,Loose_L1,0
2765,1.70658e+09,1,1,8.49325,0.613415,1.0,0.6130450000000001,20,20,g0,Loose,Loose,Loose_L1,0
2767,1.70658e+09,1,1,9.12461,0.610592,1.0,0.6120140000000001,20,20,g0,Loose,Loose,Loose_L1,0
2769,1.70658e+09,1,1,9.42499,0.600156,1.0,0.6116334999999999,20,20,g0,Loose,Loose,Loose_L1,0
2771,1.70658e+09,1,1,9.8312,0.624436,1.0,0.6130450000000001,20,20,g0,Loose,Loose,Loose_L1,0
2773,1.70658e+09,1,1,8.86577,0.613701,1.0,0.613558,20,20,g0,Loose,Loose,Loose_L1,0
2775,1.70658e+09,1,1,9.01498,0.572793,1.0,0.6130450000000001,20,20,g0,Loose,Loose,Loose_L1,0
2777,1.70658e+09,1,1,9.25586,0.649412,1.0,0.6130450000000001,20,20,g0,Loose,Loose,Loose_L1,0
2779,1.70658e+09,1,1,8.83013,0.552373,1.0,0.6130450000000001,20,20,g0,Loose,Loose,Loose_L1,0
2781,1.70658e+09,1,1,9.07994,0.63561,1.0,0.6130450000000001,20,20,g0,Loose,Loose,Loose_L1,0
2783,1.70658e+09,1,1,8.60975,0.633703,1.0,0.613558,20,20,g0,Loose,Loose,Loose_L1,0
2785,1.70658e+09,1,1,8.49591,0.593371,1.0,0.6130450000000001,20,20,g0,Loose,Loose,Loose_L1,0
2787,1.70658e+09,1,1,8.58468,0.596231,1.0,0.6116334999999999,20,20,g0,Loose,Loose,Loose_L1,0
2789,1.70658e+09,1,1,8.60013,0.609346,1.0,0.6116334999999999,20,20,g0,Loose,Loose,Loose_L1,0
2791,1.70658e+09,1,1,8.85698,0.661204,1.0,0.6116334999999999,20,20,g0,Loose,Loose,Loose_L1,0
2793,1.70658e+09,1,1,8.40936,0.607655,1.0,0.609969,20,20,g0,Loose,Loose,Loose_L1,0
2795,1.70658e+09,1,1,9.02733,0.665584,1.0,0.609969,20,20,g0,Loose,Loose,Loose_L1,0
2797,1.70658e+09,1,1,8.67175,0.546538,1.0,0.609969,20,20,g0,Loose,Loose,Loose_L1,0
2799,1.70658e+09,1,1,8.05277,0.54644,1.0,0.609969,20,20,g0,Loose,Loose,Loose_L1,0
2801,1.70658e+09,1,1,8.85747,0.665762,1.0,0.609969,20,20,g0,Loose,Loose,Loose_L1,0
2803,1.70658e+09,1,1,8.52028,0.550443,1.0,0.609969,20,20,g0,Loose,Loose,Loose_L1,0
2805,1.70658e+09,1,1,8.26832,0.555252,1.0,0.6085005,20,20,g0,Loose,Loose,Loose_L1,0
2807,1.70658e+09,1,1,10.2543,0.693713,1.0,0.6085005,20,20,g0,Loose,Loose,Loose_L1,0
2809,1.70658e+09,1,1,9.11838,0.599561,1.0,0.6085005,20,20,g0,Loose,Loose,Loose_L1,0
2811,1.70658e+09,1,1,9.56031,0.653625,1.0,0.6085005,20,20,g0,Loose,Loose,Loose_L1,0
2813,1.70658e+09,1,1,9.22871,0.574202,1.0,0.6036079999999999,20,20,g0,Loose,Loose,Loose_L1,0
2815,1.70658e+09,1,1,9.08475,0.654083,1.0,0.6085005,20,20,g0,Loose,Loose,Loose_L1,0
2817,1.70658e+09,1,1,9.37532,0.59897,1.0,0.6036079999999999,20,20,g0,Loose,Loose,Loose_L1,0
2819,1.70658e+09,1,1,8.73224,0.541012,1.0,0.6036079999999999,20,20,g0,Loose,Loose,Loose_L1,0
2821,1.70658e+09,1,1,9.33626,0.635289,1.0,0.6036079999999999,20,20,g0,Loose,Loose,Loose_L1,0
2823,1.70658e+09,1,1,9.5217,0.588131,1.0,0.5992655,20,20,g0,Loose,Loose,Loose_L1,0
2825,1.70658e+09,1,1,9.03626,0.564546,1.0,0.5992655,20,20,g0,Loose,Loose,Loose_L1,0
2827,1.70658e+09,1,1,10.6221,0.678636,1.0,0.6036079999999999,20,20,g0,Loose,Loose,Loose_L1,0
2829,1.70658e+09,1,1,8.97472,0.503252,1.0,0.5992655,20,20,g0,Loose,Loose,Loose_L1,0
2831,1.70658e+09,1,1,10.6456,0.74217,1.0,0.5992655,20,20,g0,Loose,Loose,Loose_L1,0
2833,1.70658e+09,1,1,9.07712,0.646313,1.0,0.5992655,20,20,g0,Loose,Loose,Loose_L1,0
2835,1.70658e+09,1,1,9.39656,0.596582,1.0,0.597776,20,20,g0,Loose,Loose,Loose_L1,0
2837,1.70658e+09,1,1,9.99309,0.698538,1.0,0.5992655,20,20,g0,Loose,Loose,Loose_L1,0
2839,1.70658e+09,1,1,8.7016,0.59274,1.0,0.5992655,20,20,g0,Loose,Loose,Loose_L1,0
2841,1.70658e+09,1,1,9.82043,0.737629,1.0,0.5992655,20,20,g0,Loose,Loose,Loose_L1,0
2843,1.70658e+09,1,1,9.89415,0.663848,1.0,0.617425,20,20,g0,Loose,Loose,Loose_L1,0
2845,1.70658e+09,1,1,10.3176,0.759356,1.0,0.640801,20,20,g0,Loose,Loose,Loose_L1,0
2847,1.70658e+09,1,1,10.2243,0.728637,1.0,0.640801,20,20,g0,Loose,Loose,Loose_L1,0
2849,1.70658e+09,1,1,10.4937,0.644554,1.0,0.6454335,20,20,g0,Loose,Loose,Loose_L1,0
2851,1.70658e+09,1,1,9.96588,0.727092,1.0,0.6454335,20,20,g0,Loose,Loose,Loose_L1,0
2853,1.70658e+09,1,1,10.022,0.717411,1.0,0.650198,20,20,g0,Loose,Loose,Loose_L1,0
2855,1.70658e+09,1,1,9.28317,0.617244,1.0,0.6454335,20,20,g0,Loose,Loose,Loose_L1,0
2857,1.70658e+09,1,1,10.0062,0.640358,1.0,0.6454335,20,20,g0,Loose,Loose,Loose_L1,0
2859,1.70658e+09,1,1,9.49681,0.707273,1.0,0.6550805,20,20,g0,Loose,Loose,Loose_L1,0
2861,1.70658e+09,1,1,10.6872,0.725967,1.0,0.671242,20,20,g0,Loose,Loose,Loose_L1,0
2863,1.70658e+09,1,1,8.78091,0.54374,1.0,0.671242,20,20,g0,Loose,Loose,Loose_L1,0
2865,1.70658e+09,1,1,8.47161,0.600827,1.0,0.671242,20,20,g0,Loose,Loose,Loose_L1,0
2867,1.70658e+09,1,1,10.0168,0.712777,1.0,0.6811929999999999,20,20,g0,Loose,Loose,Loose_L1,0
2869,1.70658e+09,1,1,9.37967,0.589807,1.0,0.6811929999999999,20,20,g0,Loose,Loose,Loose_L1,0
2871,1.70658e+09,1,1,9.63946,0.727299,1.0,0.6811929999999999,20,20,g0,Loose,Loose,Loose_L1,0
2873,1.70658e+09,1,1,9.57798,0.559522,1.0,0.6811929999999999,20,20,g0,Loose,Loose,Loose_L1,0
2875,1.70658e+09,1,1,8.76451,0.544797,1.0,0.6811929999999999,20,20,g0,Loose,Loose,Loose_L1,0
2877,1.70658e+09,1,1,8.73946,0.595601,1.0,0.654201,20,20,g0,Loose,Loose,Loose_L1,0
2879,1.70658e+09,1,1,8.78519,0.545551,1.0,0.654201,20,20,g0,Loose,Loose,Loose_L1,0
2881,1.70658e+09,1,1,9.78931,0.569427,1.0,0.6424559999999999,20,20,g0,Loose,Loose,Loose_L1,0
2883,1.70658e+09,1,1,8.32503,0.523288,1.0,0.6288009999999999,20,20,g0,Loose,Loose,Loose_L1,0
2885,1.70658e+09,1,1,8.94351,0.578664,1.0,0.6090355000000001,20,20,g0,Loose,Loose,Loose_L1,0
2887,1.70658e+09,1,1,9.33099,0.600298,1.0,0.6005625,20,20,g0,Loose,Loose,Loose_L1,0
2889,1.70658e+09,1,1,8.1015,0.514746,1.0,0.5979495,20,20,g0,Loose,Loose,Loose_L1,0
2891,1.70658e+09,1,1,8.51675,0.55917,1.0,0.592704,20,20,g0,Loose,Loose,Loose_L1,0
2893,1.70658e+09,1,1,9.55907,0.667404,1.0,0.592704,20,20,g0,Loose,Loose,Loose_L1,0
2895,1.70658e+09,1,1,9.00011,0.562489,1.0,0.5842354999999999,20,20,g0,Loose,Loose,Loose_L1,0
2897,1.70658e+09,1,1,8.77687,0.599526,1.0,0.5842354999999999,20,20,g0,Loose,Loose,Loose_L1,0
2899,1.70658e+09,1,1,9.66494,0.585757,1.0,0.5822105,20,20,g0,Loose,Loose,Loose_L1,0
2901,1.70658e+09,1,1,9.47962,0.580292,1.0,0.5794779999999999,20,20,g0,Loose,Loose,Loose_L1,0
2903,1.70658e+09,1,1,9.16543,0.609942,1.0,0.5830245000000001,20,20,g0,Loose,Loose,Loose_L1,0
2905,1.70658e+09,1,1,9.99976,0.657828,1.0,0.5830245000000001,20,20,g0,Loose,Loose,Loose_L1,0
2907,1.70658e+09,1,1,8.77253,0.556972,1.0,0.5794779999999999,20,20,g0,Loose,Loose,Loose_L1,0
2909,1.70658e+09,1,1,8.83869,0.587862,1.0,0.5794779999999999,20,20,g0,Loose,Loose,Loose_L1,0
2911,1.70658e+09,1,1,9.38326,0.622368,1.0,0.5794779999999999,20,20,g0,Loose,Loose,Loose_L1,0
2913,1.70658e+09,1,1,9.19577,0.575991,1.0,0.5794779999999999,20,20,g0,Loose,Loose,Loose_L1,0
2915,1.70658e+09,1,1,9.30968,0.572055,1.0,0.5794779999999999,20,20,g0,Loose,Loose,Loose_L1,0
2917,1.70658e+09,1,1,10.269,0.699119,1.0,0.5794779999999999,20,20,g0,Loose,Loose,Loose_L1,0
2919,1.70658e+09,1,1,8.95962,0.616335,1.0,0.5830245000000001,20,20,g0,Loose,Loose,Loose_L1,0
2921,1.70658e+09,1,1,11.1503,0.736591,1.0,0.5868095,20,20,g0,Loose,Loose,Loose_L1,0
2923,1.70658e+09,1,1,10.3999,0.733015,1.0,0.5936939999999999,20,20,g0,Loose,Loose,Loose_L1,0
2925,1.70658e+09,1,1,9.25233,0.629841,1.0,0.599912,20,20,g0,Loose,Loose,Loose_L1,0
2927,1.70658e+09,1,1,9.88541,0.686911,1.0,0.604734,20,20,g0,Loose,Loose,Loose_L1,0
2929,1.70658e+09,1,1,9.54754,0.578061,1.0,0.604734,20,20,g0,Loose,Loose,Loose_L1,0
2931,1.70658e+09,1,1,8.93343,0.598422,1.0,0.604734,20,20,g0,Loose,Loose,Loose_L1,0
2933,1.70658e+09,1,1,9.97729,0.703693,1.0,0.604734,20,20,g0,Loose,Loose,Loose_L1,0
2935,1.70658e+09,1,1,9.03665,0.612615,1.0,0.6112785000000001,20,20,g0,Loose,Loose,Loose_L1,0
2937,1.70658e+09,1,1,8.65742,0.598701,1.0,0.6112785000000001,20,20,g0,Loose,Loose,Loose_L1,0
2939,1.70658e+09,1,1,9.76644,0.693819,1.0,0.614475,20,20,g0,Loose,Loose,Loose_L1,0
2941,1.70658e+09,1,1,9.66433,0.616795,1.0,0.616565,20,20,g0,Loose,Loose,Loose_L1,0
2943,1.70658e+09,1,1,9.65879,0.713545,1.0,0.6195815,20,20,g0,Loose,Loose,Loose_L1,0
2945,1.70658e+09,1,1,9.81015,0.635249,1.0,0.6195815,20,20,g0,Loose,Loose,Loose_L1,0
2947,1.70658e+09,1,1,9.22464,0.57904,1.0,0.6195815,20,20,g0,Loose,Loose,Loose_L1,0
2949,1.70658e+09,1,1,8.97791,0.613571,1.0,0.6195815,20,20,g0,Loose,Loose,Loose_L1,0
2951,1.70658e+09,1,1,8.83333,0.543853,1.0,0.616565,20,20,g0,Loose,Loose,Loose_L1,0
2953,1.70658e+09,1,1,9.92605,0.653152,1.0,0.623318,20,20,g0,Loose,Loose,Loose_L1,0
2955,1.70658e+09,1,1,8.55644,0.555746,1.0,0.623318,20,20,g0,Loose,Loose,Loose_L1,0
2957,1.70658e+09,1,1,9.92233,0.666812,1.0,0.623318,20,20,g0,Loose,Loose,Loose_L1,0
2959,1.70658e+09,1,1,9.30866,0.586302,1.0,0.623318,20,20,g0,Loose,Loose,Loose_L1,0
2961,1.70658e+09,1,1,9.77199,0.645228,1.0,0.623318,20,20,g0,Loose,Loose,Loose_L1,0
2963,1.70658e+09,1,1,9.17233,0.604192,1.0,0.615183,20,20,g0,Loose,Loose,Loose_L1,0
2965,1.70658e+09,1,1,9.53774,0.588514,1.0,0.613093,20,20,g0,Loose,Loose,Loose_L1,0
2967,1.70658e+09,1,1,10.1575,0.687801,1.0,0.613093,20,20,g0,Loose,Loose,Loose_L1,0
2969,1.70658e+09,1,1,10.1081,0.707042,1.0,0.615183,20,20,g0,Loose,Loose,Loose_L1,0
2971,1.70658e+09,1,1,9.05771,0.623934,1.0,0.6203645,20,20,g0,Loose,Loose,Loose_L1,0
2973,1.70658e+09,1,1,8.65321,0.653514,1.0,0.6203645,20,20,g0,Loose,Loose,Loose_L1,0
2975,1.70658e+09,1,1,8.77991,0.540284,1.0,0.6203645,20,20,g0,Loose,Loose,Loose_L1,0
2977,1.70658e+09,1,1,8.04458,0.528946,1.0,0.6203645,20,20,g0,Loose,Loose,Loose_L1,0
2979,1.70658e+09,1,1,8.96246,0.584227,1.0,0.615183,20,20,g0,Loose,Loose,Loose_L1,0
2981,1.70658e+09,1,1,8.89977,0.612848,1.0,0.6132095,20,20,g0,Loose,Loose,Loose_L1,0
2983,1.70658e+09,1,1,8.87151,0.556215,1.0,0.60852,20,20,g0,Loose,Loose,Loose_L1,0
2985,1.70658e+09,1,1,9.30075,0.592086,1.0,0.598139,20,20,g0,Loose,Loose,Loose_L1,0
2987,1.70658e+09,1,1,8.85167,0.582871,1.0,0.598139,20,20,g0,Loose,Loose,Loose_L1,0
2989,1.70658e+09,1,1,8.59399,0.575427,1.0,0.5903,20,20,g0,Loose,Loose,Loose_L1,0
2991,1.70658e+09,1,1,9.98423,0.763845,1.0,0.598139,20,20,g0,Loose,Loose,Loose_L1,0
2993,1.70658e+09,1,1,8.80595,0.615112,1.0,0.598139,20,20,g0,Loose,Loose,Loose_L1,0
2995,1.70658e+09,1,1,9.13659,0.604708,1.0,0.6044499999999999,20,20,g0,Loose,Loose,Loose_L1,0
2997,1.70658e+09,1,1,8.34622,0.566313,1.0,0.598139,20,20,g0,Loose,Loose,Loose_L1,0
2999,1.70658e+09,1,1,9.00915,0.645516,1.0,0.6044499999999999,20,20,g0,Loose,Loose,Loose_L1,0
3001,1.70658e+09,1,1,8.50355,0.616897,1.0,0.6044499999999999,20,20,g0,Loose,Loose,Loose_L1,0
3003,1.70658e+09,1,1,8.82624,0.601485,1.0,0.6030965,20,20,g0,Loose,Loose,Loose_L1,0
3005,1.70658e+09,1,1,8.65085,0.614081,1.0,0.608778,20,20,g0,Loose,Loose,Loose_L1,0
3007,1.70658e+09,1,1,8.73883,0.58021,1.0,0.6030965,20,20,g0,Loose,Loose,Loose_L1,0
3009,1.70658e+09,1,1,9.94672,0.707721,1.0,0.6030965,20,20,g0,Loose,Loose,Loose_L1,0
3011,1.70658e+09,1,1,9.30455,0.645917,1.0,0.6030965,20,20,g0,Loose,Loose,Loose_L1,0
3013,1.70658e+09,1,1,8.71196,0.620111,1.0,0.6030965,20,20,g0,Loose,Loose,Loose_L1,0
3015,1.70658e+09,1,1,9.01226,0.63872,1.0,0.608778,20,20,g0,Loose,Loose,Loose_L1,0
3017,1.70658e+09,1,1,9.38922,0.668869,1.0,0.6134645,20,20,g0,Loose,Loose,Loose_L1,0
3019,1.70658e+09,1,1,9.88983,0.697171,1.0,0.6145965,20,20,g0,Loose,Loose,Loose_L1,0
3021,1.70658e+09,1,1,9.91342,0.629777,1.0,0.6160045000000001,20,20,g0,Loose,Loose,Loose_L1,0
3023,1.70658e+09,1,1,9.33509,0.615059,1.0,0.6160045000000001,20,20,g0,Loose,Loose,Loose_L1,0
3025,1.70658e+09,1,1,8.86664,0.577041,1.0,0.6160045000000001,20,20,g0,Loose,Loose,Loose_L1,0
3027,1.70658e+09,1,1,9.25942,0.667858,1.0,0.6185039999999999,20,20,g0,Loose,Loose,Loose_L1,0
3029,1.70658e+09,1,1,9.34381,0.622896,1.0,0.6215035,20,20,g0,Loose,Loose,Loose_L1,0
3031,1.70658e+09,1,1,9.0212,0.590178,1.0,0.6185039999999999,20,20,g0,Loose,Loose,Loose_L1,0
3033,1.70658e+09,1,1,8.18349,0.545464,1.0,0.6185039999999999,20,20,g0,Loose,Loose,Loose_L1,0
3035,1.70658e+09,1,1,8.96756,0.657758,1.0,0.6215035,20,20,g0,Loose,Loose,Loose_L1,0
3037,1.70658e+09,1,1,8.8355,0.619285,1.0,0.6215035,20,20,g0,Loose,Loose,Loose_L1,0
3039,1.70658e+09,1,1,9.16197,0.606824,1.0,0.619698,20,20,g0,Loose,Loose,Loose_L1,0
3041,1.70658e+09,1,1,8.80986,0.638248,1.0,0.6215035,20,20,g0,Loose,Loose,Loose_L1,0
3043,1.70658e+09,1,1,8.3437,0.541746,1.0,0.6215035,20,20,g0,Loose,Loose,Loose_L1,0
3045,1.70658e+09,1,1,8.92816,0.657144,1.0,0.6263365000000001,20,20,g0,Loose,Loose,Loose_L1,0
3047,1.70658e+09,1,1,8.8579,0.576903,1.0,0.6263365000000001,20,20,g0,Loose,Loose,Loose_L1,0
3049,1.70658e+09,1,1,8.13991,0.535578,1.0,0.6215035,20,20,g0,Loose,Loose,Loose_L1,0
3051,1.70658e+09,1,1,9.43798,0.558058,1.0,0.619698,20,20,g0,Loose,Loose,Loose_L1,0
3053,1.70658e+09,1,1,8.84011,0.606751,1.0,0.617172,20,20,g0,Loose,Loose,Loose_L1,0
3055,1.70658e+09,1,1,9.02143,0.609187,1.0,0.612123,20,20,g0,Loose,Loose,Loose_L1,0
3057,1.70658e+09,1,1,9.43252,0.682186,1.0,0.612123,20,20,g0,Loose,Loose,Loose_L1,0
3059,1.70658e+09,1,1,9.78928,0.682522,1.0,0.612123,20,20,g0,Loose,Loose,Loose_L1,0
3061,1.70658e+09,1,1,8.98269,0.663719,1.0,0.612123,20,20,g0,Loose,Loose,Loose_L1,0
3063,1.70658e+09,1,1,10.2383,0.754973,1.0,0.614236,20,20,g0,Loose,Loose,Loose_L1,0
3065,1.70658e+09,1,1,9.06589,0.605247,1.0,0.614236,20,20,g0,Loose,Loose,Loose_L1,0
3067,1.70658e+09,1,1,8.56524,0.594177,1.0,0.6080055,20,20,g0,Loose,Loose,Loose_L1,0
3069,1.70658e+09,1,1,8.7327,0.674344,1.0,0.6080055,20,20,g0,Loose,Loose,Loose_L1,0
3071,1.70658e+09,1,1,10.4147,0.77815,1.0,0.614236,20,20,g0,Loose,Loose,Loose_L1,0
3073,1.70658e+09,1,1,9.49758,0.637458,1.0,0.6283715,20,20,g0,Loose,Loose,Loose_L1,0
3075,1.70658e+09,1,1,10.0953,0.701467,1.0,0.6283715,20,20,g0,Loose,Loose,Loose_L1,0
3077,1.70658e+09,1,1,11.3543,0.841672,1.0,0.637853,20,20,g0,Loose,Loose,Loose_L1,0
3079,1.70658e+09,1,1,8.73032,0.610263,1.0,0.637853,20,20,g0,Loose,Loose,Loose_L1,0
3081,1.70658e+09,1,1,9.37226,0.68694,1.0,0.6473009999999999,20,20,g0,Loose,Loose,Loose_L1,0
3083,1.70658e+09,1,1,9.21444,0.676937,1.0,0.6604315,20,20,g0,Loose,Loose,Loose_L1,0
3085,1.70658e+09,1,1,9.45392,0.685214,1.0,0.6690315,20,20,g0,Loose,Loose,Loose_L1,0
3087,1.70658e+09,1,1,9.81403,0.662141,1.0,0.6690315,20,20,g0,Loose,Loose,Loose_L1,0
3089,1.70658e+09,1,1,8.8515,0.650519,1.0,0.6690315,20,20,g0,Loose,Loose,Loose_L1,0
3091,1.70658e+09,1,1,9.36529,0.69258,1.0,0.6756405000000001,20,20,g0,Loose,Loose,Loose_L1,0
3093,1.70658e+09,1,1,8.87569,0.560876,1.0,0.6756405000000001,20,20,g0,Loose,Loose,Loose_L1,0
3095,1.70658e+09,1,1,8.75189,0.663737,1.0,0.6756405000000001,20,20,g0,Loose,Loose,Loose_L1,0
3097,1.70658e+09,1,1,8.62037,0.64497,1.0,0.6690405,20,20,g0,Loose,Loose,Loose_L1,0
3099,1.70658e+09,1,1,8.98358,0.622303,1.0,0.663728,20,20,g0,Loose,Loose,Loose_L1,0
3101,1.70658e+09,1,1,9.60112,0.724105,1.0,0.6690405,20,20,g0,Loose,Loose,Loose_L1,0
3103,1.70658e+09,1,1,9.34478,0.632324,1.0,0.662939,20,20,g0,Loose,Loose,Loose_L1,0
3105,1.70658e+09,1,1,9.02016,0.615884,1.0,0.662939,20,20,g0,Loose,Loose,Loose_L1,0
3107,1.70658e+09,1,1,8.84667,0.612418,1.0,0.662939,20,20,g0,Loose,Loose,Loose_L1,0
3109,1.70658e+09,1,1,8.97499,0.6558,1.0,0.6589705,20,20,g0,Loose,Loose,Loose_L1,0
3111,1.70658e+09,1,1,8.25638,0.571389,1.0,0.6531595,20,20,g0,Loose,Loose,Loose_L1,0
3113,1.70658e+09,1,1,9.81332,0.757364,1.0,0.6589705,20,20,g0,Loose,Loose,Loose_L1,0
3115,1.70658e+09,1,1,8.85106,0.556126,1.0,0.6531595,20,20,g0,Loose,Loose,Loose_L1,0
3117,1.70658e+09,1,1,8.11207,0.577686,1.0,0.6477445,20,20,g0,Loose,Loose,Loose_L1,0
3119,1.70658e+09,1,1,10.4955,0.753595,1.0,0.6531595,20,20,g0,Loose,Loose,Loose_L1,0
3121,1.70658e+09,1,1,8.316,0.607231,1.0,0.6477445,20,20,g0,Loose,Loose,Loose_L1,0
3123,1.70658e+09,1,1,9.06714,0.683196,1.0,0.6477445,20,20,g0,Loose,Loose,Loose_L1,0
3125,1.70658e+09,1,1,9.97536,0.686055,1.0,0.6477445,20,20,g0,Loose,Loose,Loose_L1,0
3127,1.70658e+09,1,1,8.07959,0.600983,1.0,0.638647,20,20,g0,Loose,Loose,Loose_L1,0
3129,1.70658e+09,1,1,9.68392,0.591005,1.0,0.6273135000000001,20,20,g0,Loose,Loose,Loose_L1,0
3131,1.70658e+09,1,1,8.30752,0.559501,1.0,0.6190935,20,20,g0,Loose,Loose,Loose_L1,0
3133,1.70658e+09,1,1,8.27917,0.574071,1.0,0.6190935,20,20,g0,Loose,Loose,Loose_L1,0
3135,1.70658e+09,1,1,7.81131,0.546102,1.0,0.614151,20,20,g0,Loose,Loose,Loose_L1,0
3137,1.70658e+09,1,1,9.22044,0.55376,1.0,0.6098245,20,20,g0,Loose,Loose,Loose_L1,0
3139,1.70658e+09,1,1,9.43307,0.638929,1.0,0.6098245,20,20,g0,Loose,Loose,Loose_L1,0
3141,1.70658e+09,1,1,8.67844,0.59096,1.0,0.604107,20,20,g0,Loose,Loose,Loose_L1,0
3143,1.70658e+09,1,1,9.11409,0.590243,1.0,0.595994,20,20,g0,Loose,Loose,Loose_L1,0
3145,1.70658e+09,1,1,9.36508,0.663894,1.0,0.595994,20,20,g0,Loose,Loose,Loose_L1,0
3147,1.70658e+09,1,1,7.77391,0.540509,1.0,0.5909825,20,20,g0,Loose,Loose,Loose_L1,0
3149,1.70658e+09,1,1,8.64827,0.62486,1.0,0.5909825,20,20,g0,Loose,Loose,Loose_L1,0
3151,1.70658e+09,1,1,9.43709,0.618321,1.0,0.595994,20,20,g0,Loose,Loose,Loose_L1,0
3153,1.70658e+09,1,1,9.07212,0.5592,1.0,0.5909825,20,20,g0,Loose,Loose,Loose_L1,0
3155,1.70658e+09,1,1,8.89396,0.611148,1.0,0.595994,20,20,g0,Loose,Loose,Loose_L1,0
3157,1.70658e+09,1,1,8.30833,0.561414,1.0,0.595994,20,20,g0,Loose,Loose,Loose_L1,0
3159,1.70658e+09,1,1,8.29883,0.531315,1.0,0.5909825,20,20,g0,Loose,Loose,Loose_L1,0
3161,1.70658e+09,1,1,9.58498,0.674607,1.0,0.5909825,20,20,g0,Loose,Loose,Loose_L1,0
3163,1.70658e+09,1,1,9.08897,0.552901,1.0,0.5906015,20,20,g0,Loose,Loose,Loose_L1,0
3165,1.70658e+09,1,1,9.13191,0.641423,1.0,0.5906015,20,20,g0,Loose,Loose,Loose_L1,0
3167,1.70658e+09,1,1,9.18274,0.618908,1.0,0.5906015,20,20,g0,Loose,Loose,Loose_L1,0
3169,1.70658e+09,1,1,9.31372,0.640014,1.0,0.5906015,20,20,g0,Loose,Loose,Loose_L1,0
3171,1.70658e+09,1,1,9.47547,0.585713,1.0,0.5906015,20,20,g0,Loose,Loose,Loose_L1,0
3173,1.70658e+09,1,1,10.4277,0.636404,1.0,0.601054,20,20,g0,Loose,Loose,Loose_L1,0
3175,1.70658e+09,1,1,9.97374,0.648363,1.0,0.6147345,20,20,g0,Loose,Loose,Loose_L1,0
3177,1.70658e+09,1,1,8.87556,0.590163,1.0,0.6147345,20,20,g0,Loose,Loose,Loose_L1,0
3179,1.70658e+09,1,1,9.87554,0.668543,1.0,0.6147345,20,20,g0,Loose,Loose,Loose_L1,0
3181,1.70658e+09,1,1,9.50791,0.570456,1.0,0.6147345,20,20,g0,Loose,Loose,Loose_L1,0
3183,1.70658e+09,1,1,8.60301,0.570871,1.0,0.6147345,20,20,g0,Loose,Loose,Loose_L1,0
3185,1.70658e+09,1,1,8.67251,0.641294,1.0,0.6147345,20,20,g0,Loose,Loose,Loose_L1,0
3187,1.70658e+09,1,1,8.32476,0.542843,1.0,0.6147345,20,20,g0,Loose,Loose,Loose_L1,0
3189,1.70658e+09,1,1,7.80469,0.532873,1.0,0.6006555,20,20,g0,Loose,Loose,Loose_L1,0
3191,1.70658e+09,1,1,8.43097,0.587456,1.0,0.5888095,20,20,g0,Loose,Loose,Loose_L1,0
3193,1.70658e+09,1,1,8.60884,0.535924,1.0,0.5888095,20,20,g0,Loose,Loose,Loose_L1,0
3195,1.70658e+09,1,1,8.20712,0.554802,1.0,0.5865845000000001,20,20,g0,Loose,Loose,Loose_L1,0
3197,1.70658e+09,1,1,8.98702,0.585347,1.0,0.5865845000000001,20,20,g0,Loose,Loose,Loose_L1,0
3199,1.70658e+09,1,1,10.1667,0.599491,1.0,0.5888095,20,20,g0,Loose,Loose,Loose_L1,0
3201,1.70658e+09,1,1,9.23345,0.550341,1.0,0.5865845000000001,20,20,g0,Loose,Loose,Loose_L1,0
3203,1.70658e+09,1,1,9.37798,0.650491,1.0,0.5888095,20,20,g0,Loose,Loose,Loose_L1,0
3205,1.70658e+09,1,1,7.63314,0.513393,1.0,0.5865845000000001,20,20,g0,Loose,Loose,Loose_L1,0
3207,1.70658e+09,1,1,8.30636,0.534259,1.0,0.58553,20,20,g0,Loose,Loose,Loose_L1,0
3209,1.70658e+09,1,1,9.41873,0.65684,1.0,0.58553,20,20,g0,Loose,Loose,Loose_L1,0
3211,1.70658e+09,1,1,8.55811,0.529181,1.0,0.578109,20,20,g0,Loose,Loose,Loose_L1,0
3213,1.70658e+09,1,1,9.29872,0.645771,1.0,0.578109,20,20,g0,Loose,Loose,Loose_L1,0
3215,1.70658e+09,1,1,10.6111,0.814284,1.0,0.578109,20,20,g0,Loose,Loose,Loose_L1,0
3217,1.70658e+09,1,1,7.11708,0.47327,1.0,0.5706635,20,20,g0,Loose,Loose,Loose_L1,0
3219,1.70658e+09,1,1,8.38016,0.618833,1.0,0.5706635,20,20,g0,Loose,Loose,Loose_L1,0
3221,1.70658e+09,1,1,8.92094,0.694183,1.0,0.578109,20,20,g0,Loose,Loose,Loose_L1,0
3223,1.70658e+09,1,1,7.46858,0.525479,1.0,0.5700745,20,20,g0,Loose,Loose,Loose_L1,0
3225,1.70658e+09,1,1,7.55164,0.60329,1.0,0.5700745,20,20,g0,Loose,Loose,Loose_L1,0
3227,1.70658e+09,1,1,9.14367,0.662592,1.0,0.5864015,20,20,g0,Loose,Loose,Loose_L1,0
3229,1.70658e+09,1,1,7.5915,0.564644,1.0,0.5864015,20,20,g0,Loose,Loose,Loose_L1,0
3231,1.70658e+09,1,1,8.02957,0.576934,1.0,0.5811405,20,20,g0,Loose,Loose,Loose_L1,0
3233,1.70658e+09,1,1,8.77185,0.680472,1.0,0.592419,20,20,g0,Loose,Loose,Loose_L1,0
3235,1.70658e+09,1,1,7.40317,0.518489,1.0,0.592419,20,20,g0,Loose,Loose,Loose_L1,0
3237,1.70658e+09,1,1,6.96162,0.512632,1.0,0.5882125,20,20,g0,Loose,Loose,Loose_L1,0
3239,1.70658e+09,1,1,8.43193,0.677407,1.0,0.590112,20,20,g0,Loose,Loose,Loose_L1,0
3241,1.70658e+09,1,1,7.09596,0.535678,1.0,0.590112,20,20,g0,Loose,Loose,Loose_L1,0
3243,1.70658e+09,1,1,7.75621,0.607757,1.0,0.590112,20,20,g0,Loose,Loose,Loose_L1,0
3245,1.70658e+09,1,1,7.96165,0.562917,1.0,0.590112,20,20,g0,Loose,Loose,Loose_L1,0
3247,1.70658e+09,1,1,8.7109,0.672909,1.0,0.6055235,20,20,g0,Loose,Loose,Loose_L1,0
3249,1.70658e+09,1,1,7.41975,0.55003,1.0,0.590112,20,20,g0,Loose,Loose,Loose_L1,0
3251,1.70658e+09,1,1,7.93096,0.609753,1.0,0.6055235,20,20,g0,Loose,Loose,Loose_L1,0
3253,1.70658e+09,1,1,8.4469,0.636094,1.0,0.6055235,20,20,g0,Loose,Loose,Loose_L1,0
3255,1.70658e+09,1,1,7.81618,0.588465,1.0,0.5958775000000001,20,20,g0,Loose,Loose,Loose_L1,0
3257,1.70658e+09,1,1,9.02657,0.686624,1.0,0.6055235,20,20,g0,Loose,Loose,Loose_L1,0
3259,1.70658e+09,1,1,7.09346,0.518987,1.0,0.5958775000000001,20,20,g0,Loose,Loose,Loose_L1,0
3261,1.70658e+09,1,1,8.62461,0.672869,1.0,0.5958775000000001,20,20,g0,Loose,Loose,Loose_L1,0
3263,1.70658e+09,1,1,8.00829,0.555655,1.0,0.5958775000000001,20,20,g0,Loose,Loose,Loose_L1,0
3265,1.70658e+09,1,1,8.06449,0.618853,1.0,0.5981110000000001,20,20,g0,Loose,Loose,Loose_L1,0
3267,1.70658e+09,1,1,7.29185,0.559168,1.0,0.5826994999999999,20,20,g0,Loose,Loose,Loose_L1,0
3269,1.70658e+09,1,1,7.58969,0.590315,1.0,0.5893900000000001,20,20,g0,Loose,Loose,Loose_L1,0
3271,1.70658e+09,1,1,8.15023,0.64071,1.0,0.599036,20,20,g0,Loose,Loose,Loose_L1,0
3273,1.70658e+09,1,1,7.24335,0.513794,1.0,0.5893900000000001,20,20,g0,Loose,Loose,Loose_L1,0
3275,1.70658e+09,1,1,7.6716,0.57082,1.0,0.5893900000000001,20,20,g0,Loose,Loose,Loose_L1,0
3277,1.70658e+09,1,1,7.49167,0.556357,1.0,0.5893900000000001,20,20,g0,Loose,Loose,Loose_L1,0
3279,1.70658e+09,1,1,7.63031,0.615584,1.0,0.5893900000000001,20,20,g0,Loose,Loose,Loose_L1,0
3281,1.70658e+09,1,1,6.91578,0.546323,1.0,0.5893900000000001,20,20,g0,Loose,Loose,Loose_L1,0
3283,1.70658e+09,1,1,7.33401,0.547935,1.0,0.5796425000000001,20,20,g0,Loose,Loose,Loose_L1,0
3285,1.70658e+09,1,1,7.92603,0.536467,1.0,0.5796425000000001,20,20,g0,Loose,Loose,Loose_L1,0
3287,1.70658e+09,1,1,7.90501,0.643336,1.0,0.5796425000000001,20,20,g0,Loose,Loose,Loose_L1,0
3289,1.70658e+09,1,1,7.38938,0.564368,1.0,0.5796425000000001,20,20,g0,Loose,Loose,Loose_L1,0
3291,1.70658e+09,1,1,8.32099,0.6532,1.0,0.5796425000000001,20,20,g0,Loose,Loose,Loose_L1,0
3293,1.70658e+09,1,1,6.45012,0.491134,1.0,0.5675939999999999,20,20,g0,Loose,Loose,Loose_L1,0
3295,1.70658e+09,1,1,7.31904,0.600797,1.0,0.5675939999999999,20,20,g0,Loose,Loose,Loose_L1,0
3297,1.70658e+09,1,1,7.71708,0.569089,1.0,0.5667285,20,20,g0,Loose,Loose,Loose_L1,0
3299,1.70658e+09,1,1,6.47207,0.469314,1.0,0.5667285,20,20,g0,Loose,Loose,Loose_L1,0
3301,1.70658e+09,1,1,7.21028,0.556496,1.0,0.561768,20,20,g0,Loose,Loose,Loose_L1,0
3303,1.70658e+09,1,1,8.66436,0.58089,1.0,0.5667285,20,20,g0,Loose,Loose,Loose_L1,0
3305,1.70658e+09,1,1,7.60876,0.561757,1.0,0.5630625,20,20,g0,Loose,Loose,Loose_L1,0
3307,1.70658e+09,1,1,7.06691,0.503608,1.0,0.5630625,20,20,g0,Loose,Loose,Loose_L1,0
3309,1.70658e+09,1,1,8.08987,0.64773,1.0,0.5630625,20,20,g0,Loose,Loose,Loose_L1,0
3311,1.70658e+09,1,1,7.22514,0.544021,1.0,0.5591265,20,20,g0,Loose,Loose,Loose_L1,0
3313,1.70658e+09,1,1,7.37118,0.570932,1.0,0.5630625,20,20,g0,Loose,Loose,Loose_L1,0
3315,1.70658e+09,1,1,7.06623,0.55251,1.0,0.5591265,20,20,g0,Loose,Loose,Loose_L1,0
3317,1.70658e+09,1,1,6.91432,0.538865,1.0,0.5591265,20,20,g0,Loose,Loose,Loose_L1,0
3319,1.70658e+09,1,1,7.99312,0.627483,1.0,0.5591265,20,20,g0,Loose,Loose,Loose_L1,0
3321,1.70658e+09,1,1,8.17852,0.62013,1.0,0.5630625,20,20,g0,Loose,Loose,Loose_L1,0
3323,1.70658e+09,1,1,7.17613,0.471472,1.0,0.5630625,20,20,g0,Loose,Loose,Loose_L1,0
3325,1.70658e+09,1,1,7.55911,0.508851,1.0,0.5630625,20,20,g0,Loose,Loose,Loose_L1,0
3327,1.70658e+09,1,1,6.13137,0.465085,1.0,0.5591265,20,20,g0,Loose,Loose,Loose_L1,0
3329,1.70658e+09,1,1,6.93665,0.524955,1.0,0.554503,20,20,g0,Loose,Loose,Loose_L1,0
3331,1.70658e+09,1,1,6.48515,0.45337,1.0,0.5482655,20,20,g0,Loose,Loose,Loose_L1,0
3333,1.70658e+09,1,1,6.8914,0.577923,1.0,0.554503,20,20,g0,Loose,Loose,Loose_L1,0
3335,1.70658e+09,1,1,7.4703,0.558797,1.0,0.554503,20,20,g0,Loose,Loose,Loose_L1,0
3337,1.70658e+09,1,1,6.65501,0.52233,1.0,0.5482655,20,20,g0,Loose,Loose,Loose_L1,0
3339,1.70658e+09,1,1,6.30524,0.506268,1.0,0.5482655,20,20,g0,Loose,Loose,Loose_L1,0
3341,1.70658e+09,1,1,6.46343,0.520803,1.0,0.541443,20,20,g0,Loose,Loose,Loose_L1,0
3343,1.70658e+09,1,1,6.91144,0.560021,1.0,0.541443,20,20,g0,Loose,Loose,Loose_L1,0
3345,1.70658e+09,1,1,6.30375,0.434521,1.0,0.53191,20,20,g0,Loose,Loose,Loose_L1,0
3347,1.70658e+09,1,1,6.30174,0.530629,1.0,0.5347470000000001,20,20,g0,Loose,Loose,Loose_L1,0
3349,1.70658e+09,1,1,6.42013,0.522417,1.0,0.527792,20,20,g0,Loose,Loose,Loose_L1,0
3351,1.70658e+09,0,0,nan,nan,1.0,0.527792,20,20,g0,Loose,Loose,Native,0
3353,1.70658e+09,1,1,6.44369,0.25566,1.0,0.523686,20,20,g0,Loose,Loose,Loose_L1,0
3355,1.70658e+09,1,1,6.46567,0.424197,1.0,0.5223735,20,20,g0,Loose,Loose,Loose_L1,0
3357,1.70658e+09,1,1,6.53136,0.452131,1.0,0.5215665,20,20,g0,Loose,Loose,Loose_L1,0
3359,1.70658e+09,1,1,6.17756,0.429696,1.0,0.514827,20,20,g0,Loose,Loose,Loose_L1,0
3361,1.70658e+09,1,1,5.90354,0.413064,1.0,0.5075595,20,20,g0,Loose,Loose,Loose_L1,0
3363,1.70658e+09,1,1,6.14272,0.456888,1.0,0.48887,20,20,g0,Loose,Loose,Loose_L1,0
3365,1.70658e+09,1,1,7.11024,0.51803,1.0,0.5075595,20,20,g0,Loose,Loose,Loose_L1,0
3367,1.70658e+09,1,1,6.26831,0.405607,1.0,0.48567650000000007,20,20,g0,Loose,Loose,Loose_L1,0
3369,1.70658e+09,1,1,6.2407,0.45375,1.0,0.48157800000000006,20,20,g0,Loose,Loose,Loose_L1,0
3371,1.70658e+09,1,1,6.08057,0.422817,1.0,0.45531900000000003,20,20,g0,Loose,Loose,Loose_L1,0
3373,1.70658e+09,1,1,6.36863,0.46751,1.0,0.462199,20,20,g0,Loose,Loose,Loose_L1,0
3375,1.70658e+09,1,1,5.9743,0.431118,1.0,0.45531900000000003,20,20,g0,Loose,Loose,Loose_L1,0
3377,1.70658e+09,1,1,5.60283,0.415229,1.0,0.45294049999999997,20,20,g0,Loose,Loose,Loose_L1,0
3379,1.70658e+09,1,1,5.96379,0.449672,1.0,0.4509015,20,20,g0,Loose,Loose,Loose_L1,0
3381,1.70658e+09,1,1,6.15511,0.438668,1.0,0.44417,20,20,g0,Loose,Loose,Loose_L1,0
3383,1.70658e+09,1,1,5.89974,0.434411,1.0,0.4365945,20,20,g0,Loose,Loose,Loose_L1,0
3385,1.70658e+09,1,1,5.92973,0.433745,1.0,0.434466,20,20,g0,Loose,Loose,Loose_L1,0
3387,1.70658e+09,1,1,5.92532,0.432959,1.0,0.43407799999999996,20,20,g0,Loose,Loose,Loose_L1,0
3389,1.70658e+09,1,1,5.70214,0.41652,1.0,0.43335199999999996,20,20,g0,Loose,Loose,Loose_L1,0
3391,1.70658e+09,1,1,5.88355,0.433041,1.0,0.433,20,20,g0,Loose,Loose,Loose_L1,0
3393,1.70658e+09,1,1,5.117,0.37645,1.0,0.433,20,20,g0,Loose,Loose,Loose_L1,0
3395,1.70658e+09,1,1,5.62141,0.431,1.0,0.433,20,20,g0,Loose,Loose,Loose_L1,0
3397,1.70658e+09,1,1,6.06322,0.45221,1.0,0.433,20,20,g0,Loose,Loose,Loose_L1,0
3399,1.70658e+09,1,1,5.57905,0.419353,1.0,0.433,20,20,g0,Loose,Loose,Loose_L1,0
3401,1.70658e+09,1,1,5.8177,0.445942,1.0,0.43339300000000003,20,20,g0,Loose,Loose,Loose_L1,0
3403,1.70658e+09,1,1,5.17955,0.378797,1.0,0.433,20,20,g0,Loose,Loose,Loose_L1,0
3405,1.70658e+09,1,1,5.06525,0.384424,1.0,0.4320385,20,20,g0,Loose,Loose,Loose_L1,0
3407,1.70658e+09,1,1,5.29321,0.40197,1.0,0.4320385,20,20,g0,Loose,Loose,Loose_L1,0
3409,1.70658e+09,1,1,5.48574,0.494518,1.0,0.4320385,20,20,g0,Loose,Loose,Loose_L1,0
3411,1.70658e+09,1,1,5.6439,0.456943,1.0,0.433,20,20,g0,Loose,Loose,Loose_L1,0
3413,1.70658e+09,1,1,5.40969,0.471009,1.0,0.433,20,20,g0,Loose,Loose,Loose_L1,0
3415,1.70658e+09,1,1,5.21395,0.437017,1.0,0.43339300000000003,20,20,g0,Loose,Loose,Loose_L1,0
3417,1.70658e+09,1,1,4.59502,0.329852,1.0,0.43339300000000003,20,20,g0,Loose,Loose,Loose_L1,0
3419,1.70658e+09,1,1,5.57458,0.437749,1.0,0.43339300000000003,20,20,g0,Loose,Loose,Loose_L1,0
3421,1.70658e+09,1,1,4.64472,0.339417,1.0,0.433,20,20,g0,Loose,Loose,Loose_L1,0
3423,1.70658e+09,1,1,4.8409,0.375138,1.0,0.43197949999999996,20,20,g0,Loose,Loose,Loose_L1,0
3425,1.70658e+09,1,1,5.27756,0.487425,1.0,0.43197949999999996,20,20,g0,Loose,Loose,Loose_L1,0
3427,1.70658e+09,1,1,5.59281,0.408128,1.0,0.42517649999999996,20,20,g0,Loose,Loose,Loose_L1,0
3429,1.70658e+09,1,1,4.59985,0.342704,1.0,0.42517649999999996,20,20,g0,Loose,Loose,Loose_L1,0
3431,1.70658e+09,1,1,4.86442,0.390262,1.0,0.41374049999999996,20,20,g0,Loose,Loose,Loose_L1,0
3433,1.70658e+09,1,1,5.16723,0.38467,1.0,0.41374049999999996,20,20,g0,Loose,Loose,Loose_L1,0
3435,1.70658e+09,1,1,4.84212,0.355431,1.0,0.405049,20,20,g0,Loose,Loose,Loose_L1,0
3437,1.70658e+09,1,1,4.71452,0.428769,1.0,0.405049,20,20,g0,Loose,Loose,Loose_L1,0
3439,1.70658e+09,1,1,4.99145,0.437708,1.0,0.405049,20,20,g0,Loose,Loose,Loose_L1,0
3441,1.70658e+09,1,1,4.95712,0.428689,1.0,0.405049,20,20,g0,Loose,Loose,Loose_L1,0
3443,1.70658e+09,1,1,4.64808,0.375895,1.0,0.405049,20,20,g0,Loose,Loose,Loose_L1,0
3445,1.70658e+09,1,1,4.8131,0.428731,1.0,0.41840849999999996,20,20,g0,Loose,Loose,Loose_L1,0
3447,1.70658e+09,1,1,4.32756,0.313742,1.0,0.41840849999999996,20,20,g0,Loose,Loose,Loose_L1,0
3449,1.70658e+09,1,1,4.99917,0.396358,1.0,0.402243,20,20,g0,Loose,Loose,Loose_L1,0
3451,1.70658e+09,1,1,4.55425,0.406321,1.0,0.40133949999999996,20,20,g0,Loose,Loose,Loose_L1,0
3453,1.70658e+09,1,1,4.53797,0.398691,1.0,0.3975245,20,20,g0,Loose,Loose,Loose_L1,0
3455,1.70658e+09,1,1,5.11397,0.448612,1.0,0.3975245,20,20,g0,Loose,Loose,Loose_L1,0
3457,1.70658e+09,0,0,nan,nan,1.0,0.3975245,20,20,g0,Loose,Loose,Native,0
3459,1.70658e+09,1,1,4.35554,0.180006,1.0,0.3975245,20,20,g0,Loose,Loose,Loose_L1,0
3461,1.70658e+09,1,1,4.11608,0.315602,1.0,0.39331,20,20,g0,Loose,Loose,Loose_L1,0
3463,1.70658e+09,1,1,3.98122,0.315902,1.0,0.39331,20,20,g0,Loose,Loose,Loose_L1,0
3465,1.70658e+09,1,1,3.76105,0.307089,1.0,0.39331,20,20,g0,Loose,Loose,Loose_L1,0
3467,1.70658e+09,1,1,3.43388,0.278223,1.0,0.387466,20,20,g0,Loose,Loose,Loose_L1,0
3469,1.70658e+09,1,1,4.35991,0.329639,1.0,0.38028249999999997,20,20,g0,Loose,Loose,Loose_L1,0
3471,1.70658e+09,1,1,3.89405,0.286333,1.0,0.38028249999999997,20,20,g0,Loose,Loose,Loose_L1,0
3473,1.70658e+09,1,1,3.76593,0.301541,1.0,0.36566299999999996,20,20,g0,Loose,Loose,Loose_L1,0
3475,1.70658e+09,1,1,3.5201,0.27296,1.0,0.34253500000000003,20,20,g0,Loose,Loose,Loose_L1,0
3477,1.70658e+09,1,1,3.7869,0.291857,1.0,0.3227705,20,20,g0,Loose,Loose,Loose_L1,0
3479,1.70658e+09,1,1,3.77781,0.306468,1.0,0.31575200000000003,20,20,g0,Loose,Loose,Loose_L1,0
3481,1.70658e+09,1,1,4.29017,0.32283,1.0,0.31575200000000003,20,20,g0,Loose,Loose,Loose_L1,0
3483,1.70658e+09,1,1,3.77521,0.300936,1.0,0.314672,20,20,g0,Loose,Loose,Loose_L1,0
3485,1.70658e+09,1,1,3.33245,0.272658,1.0,0.3104155,20,20,g0,Loose,Loose,Loose_L1,0
3487,1.70658e+09,1,1,4.40412,0.371498,1.0,0.3104155,20,20,g0,Loose,Loose,Loose_L1,0
3489,1.70658e+09,1,1,3.43239,0.270771,1.0,0.3067785,20,20,g0,Loose,Loose,Loose_L1,0
3491,1.70658e+09,1,1,3.5914,0.298653,1.0,0.3040045,20,20,g0,Loose,Loose,Loose_L1,0
3493,1.70658e+09,1,1,4.08327,0.326586,1.0,0.3040045,20,20,g0,Loose,Loose,Loose_L1,0
3495,1.70658e+09,1,1,3.3183,0.270466,1.0,0.30123849999999996,20,20,g0,Loose,Loose,Loose_L1,0
3497,1.70658e+09,1,1,3.34149,0.281366,1.0,0.29979449999999996,20,20,g0,Loose,Loose,Loose_L1,0
3499,1.70658e+09,1,1,3.8794,0.325853,1.0,0.30123849999999996,20,20,g0,Loose,Loose,Loose_L1,0
3501,1.70658e+09,1,1,4.04644,0.329543,1.0,0.30123849999999996,20,20,g0,Loose,Loose,Loose_L1,0
3503,1.70658e+09,1,1,3.49893,0.260092,1.0,0.29979449999999996,20,20,g0,Loose,Loose,Loose_L1,0
3505,1.70658e+09,1,1,3.52465,0.288313,1.0,0.295255,20,20,g0,Loose,Loose,Loose_L1,0
3507,1.70658e+09,1,1,3.74216,0.296657,1.0,0.297655,20,20,g0,Loose,Loose,Loose_L1,0
3509,1.70658e+09,1,1,3.3015,0.249884,1.0,0.294257,20,20,g0,Loose,Loose,Loose_L1,0
3511,1.70658e+09,1,1,4.07485,0.338429,1.0,0.297655,20,20,g0,Loose,Loose,Loose_L1,0
3513,1.70658e+09,1,1,3.66033,0.294914,1.0,0.29578550000000003,20,20,g0,Loose,Loose,Loose_L1,0
3515,1.70658e+09,1,1,3.4207,0.277163,1.0,0.29578550000000003,20,20,g0,Loose,Loose,Loose_L1,0
3517,1.70658e+09,1,1,3.5026,0.292236,1.0,0.29578550000000003,20,20,g0,Loose,Loose,Loose_L1,0
3519,1.70658e+09,1,1,3.44342,0.285959,1.0,0.29357500000000003,20,20,g0,Loose,Loose,Loose_L1,0
3521,1.70658e+09,1,1,3.42965,0.330833,1.0,0.29357500000000003,20,20,g0,Loose,Loose,Loose_L1,0
3523,1.70658e+09,1,1,3.34922,0.315093,1.0,0.29357500000000003,20,20,g0,Loose,Loose,Loose_L1,0
3525,1.70658e+09,1,1,3.78044,0.356307,1.0,0.29578550000000003,20,20,g0,Loose,Loose,Loose_L1,0
3527,1.70658e+09,1,1,3.71001,0.285467,1.0,0.29357500000000003,20,20,g0,Loose,Loose,Loose_L1,0
3529,1.70658e+09,1,1,3.62733,0.32254,1.0,0.29578550000000003,20,20,g0,Loose,Loose,Loose_L1,0
3531,1.70658e+09,1,1,3.62814,0.272082,1.0,0.29357500000000003,20,20,g0,Loose,Loose,Loose_L1,0
3533,1.70658e+09,1,1,3.25586,0.264569,1.0,0.2902745,20,20,g0,Loose,Loose,Loose_L1,0
3535,1.70658e+09,1,1,3.43682,0.337494,1.0,0.29357500000000003,20,20,g0,Loose,Loose,Loose_L1,0
3537,1.70658e+09,1,1,3.45907,0.328302,1.0,0.29578550000000003,20,20,g0,Loose,Loose,Loose_L1,0
3539,1.70658e+09,1,1,3.80194,0.358408,1.0,0.29578550000000003,20,20,g0,Loose,Loose,Loose_L1,0
3541,1.70658e+09,1,1,3.7029,0.342315,1.0,0.29578550000000003,20,20,g0,Loose,Loose,Loose_L1,0
3543,1.70658e+09,1,1,3.69786,0.319104,1.0,0.305875,20,20,g0,Loose,Loose,Loose_L1,0
3545,1.70658e+09,1,1,3.77952,0.360083,1.0,0.3170985,20,20,g0,Loose,Loose,Loose_L1,0
3547,1.70658e+09,1,1,3.59126,0.337122,1.0,0.320822,20,20,g0,Loose,Loose,Loose_L1,0
3549,1.70658e+09,1,1,3.69983,0.349112,1.0,0.32542099999999996,20,20,g0,Loose,Loose,Loose_L1,0
3551,1.70658e+09,1,1,3.47014,0.309144,1.0,0.320822,20,20,g0,Loose,Loose,Loose_L1,0
3553,1.70658e+09,1,1,3.92413,0.358639,1.0,0.32542099999999996,20,20,g0,Loose,Loose,Loose_L1,0
3555,1.70658e+09,1,1,4.26536,0.363325,1.0,0.3295675,20,20,g0,Loose,Loose,Loose_L1,0
3557,1.70658e+09,1,1,4.08017,0.35147,1.0,0.3339775,20,20,g0,Loose,Loose,Loose_L1,0
3559,1.70658e+09,1,1,4.09774,0.380947,1.0,0.337308,20,20,g0,Loose,Loose,Loose_L1,0
3561,1.70658e+09,1,1,3.94091,0.337794,1.0,0.337644,20,20,g0,Loose,Loose,Loose_L1,0
3563,1.70658e+09,1,1,4.51698,0.368761,1.0,0.3400545,20,20,g0,Loose,Loose,Loose_L1,0
3565,1.70658e+09,1,1,3.72921,0.285196,1.0,0.337644,20,20,g0,Loose,Loose,Loose_L1,0
3567,1.70658e+09,1,1,3.8532,0.305514,1.0,0.337644,20,20,g0,Loose,Loose,Loose_L1,0
3569,1.70658e+09,1,1,3.61027,0.292936,1.0,0.337644,20,20,g0,Loose,Loose,Loose_L1,0
3571,1.70658e+09,1,1,3.74372,0.304453,1.0,0.337644,20,20,g0,Loose,Loose,Loose_L1,0
3573,1.70658e+09,1,1,4.03759,0.326263,1.0,0.337644,20,20,g0,Loose,Loose,Loose_L1,0
3575,1.70658e+09,1,1,3.94389,0.322752,1.0,0.337458,20,20,g0,Loose,Loose,Loose_L1,0
3577,1.70658e+09,1,1,4.15679,0.32608,1.0,0.337458,20,20,g0,Loose,Loose,Loose_L1,0
3579,1.70658e+09,1,1,3.77356,0.309143,1.0,0.3316925,20,20,g0,Loose,Loose,Loose_L1,0
3581,1.70658e+09,1,1,3.62365,0.291798,1.0,0.3261715,20,20,g0,Loose,Loose,Loose_L1,0
3583,1.70658e+09,1,1,3.76736,0.311104,1.0,0.3261715,20,20,g0,Loose,Loose,Loose_L1,0
3585,1.70658e+09,1,1,3.84977,0.318578,1.0,0.324416,20,20,g0,Loose,Loose,Loose_L1,0
3587,1.70658e+09,1,1,4.0902,0.307828,1.0,0.320665,20,20,g0,Loose,Loose,Loose_L1,0
3589,1.70658e+09,1,1,3.60299,0.270804,1.0,0.314841,20,20,g0,Loose,Loose,Loose_L1,0
3591,1.70658e+09,1,1,4.1406,0.331245,1.0,0.320665,20,20,g0,Loose,Loose,Loose_L1,0
3593,1.70658e+09,1,1,3.90164,0.304588,1.0,0.314841,20,20,g0,Loose,Loose,Loose_L1,0
3595,1.70658e+09,1,1,4.23309,0.346491,1.0,0.314841,20,20,g0,Loose,Loose,Loose_L1,0
3597,1.70658e+09,1,1,4.28813,0.358317,1.0,0.314841,20,20,g0,Loose,Loose,Loose_L1,0
3599,1.70658e+09,1,1,4.00532,0.342559,1.0,0.314841,20,20,g0,Loose,Loose,Loose_L1,0
3601,1.70658e+09,1,1,4.64353,0.397611,1.0,0.314841,20,20,g0,Loose,Loose,Loose_L1,0
3603,1.70658e+09,1,1,3.92945,0.305496,1.0,0.3101235,20,20,g0,Loose,Loose,Loose_L1,0
3605,1.70658e+09,1,1,4.0077,0.376542,1.0,0.314841,20,20,g0,Loose,Loose,Loose_L1,0
3607,1.70658e+09,1,1,4.46195,0.401241,1.0,0.320665,20,20,g0,Loose,Loose,Loose_L1,0
3609,1.70658e+09,1,1,4.0023,0.349483,1.0,0.324416,20,20,g0,Loose,Loose,Loose_L1,0
3611,1.70658e+09,1,1,3.7525,0.278887,1.0,0.324416,20,20,g0,Loose,Loose,Loose_L1,0
3613,1.70658e+09,1,1,4.22885,0.396934,1.0,0.324416,20,20,g0,Loose,Loose,Loose_L1,0
3615,1.70658e+09,1,1,3.66196,0.326814,1.0,0.326447,20,20,g0,Loose,Loose,Loose_L1,0
3617,1.70658e+09,1,1,4.59542,0.354163,1.0,0.3290295,20,20,g0,Loose,Loose,Loose_L1,0
3619,1.70658e+09,1,1,4.50361,0.346819,1.0,0.33690200000000003,20,20,g0,Loose,Loose,Loose_L1,0
3621,1.70658e+09,1,1,3.62039,0.312788,1.0,0.33690200000000003,20,20,g0,Loose,Loose,Loose_L1,0
3623,1.70658e+09,1,1,4.62653,0.433721,1.0,0.34452499999999997,20,20,g0,Loose,Loose,Loose_L1,0
3625,1.70658e+09,1,1,4.03884,0.308035,1.0,0.34452499999999997,20,20,g0,Loose,Loose,Loose_L1,0
3627,1.70658e+09,1,1,3.65274,0.276489,1.0,0.34452499999999997,20,20,g0,Loose,Loose,Loose_L1,0
3629,1.70658e+09,1,1,4.61261,0.387624,1.0,0.346655,20,20,g0,Loose,Loose,Loose_L1,0
3631,1.70658e+09,1,1,4.03176,0.321877,1.0,0.346655,20,20,g0,Loose,Loose,Loose_L1,0
3633,1.70658e+09,1,1,4.02361,0.318324,1.0,0.346655,20,20,g0,Loose,Loose,Loose_L1,0
3635,1.70658e+09,1,1,4.80717,0.362431,1.0,0.348151,20,20,g0,Loose,Loose,Loose_L1,0
3637,1.70658e+09,1,1,4.15089,0.334333,1.0,0.344689,20,20,g0,Loose,Loose,Loose_L1,0
3639,1.70658e+09,1,1,4.03084,0.315698,1.0,0.340576,20,20,g0,Loose,Loose,Loose_L1,0
3641,1.70658e+09,1,1,4.08983,0.325102,1.0,0.33057349999999996,20,20,g0,Loose,Loose,Loose_L1,0
3643,1.70658e+09,1,1,4.4506,0.356021,1.0,0.340576,20,20,g0,Loose,Loose,Loose_L1,0
3645,1.70658e+09,1,1,4.10428,0.321738,1.0,0.33057349999999996,20,20,g0,Loose,Loose,Loose_L1,0
3647,1.70658e+09,1,1,4.1299,0.327037,1.0,0.3269255,20,20,g0,Loose,Loose,Loose_L1,0
3649,1.70658e+09,1,1,3.76877,0.285975,1.0,0.32595799999999997,20,20,g0,Loose,Loose,Loose_L1,0
3651,1.70658e+09,1,1,4.50922,0.338346,1.0,0.3269255,20,20,g0,Loose,Loose,Loose_L1,0
3653,1.70658e+09,1,1,4.53345,0.318934,1.0,0.32595799999999997,20,20,g0,Loose,Loose,Loose_L1,0
3655,1.70658e+09,1,1,4.09551,0.321307,1.0,0.3234895,20,20,g0,Loose,Loose,Loose_L1,0
3657,1.70658e+09,1,1,4.55284,0.340124,1.0,0.3234895,20,20,g0,Loose,Loose,Loose_L1,0
3659,1.70658e+09,1,1,4.30201,0.321374,1.0,0.3218075,20,20,g0,Loose,Loose,Loose_L1,0
3661,1.70658e+09,1,1,4.76031,0.379212,1.0,0.3234895,20,20,g0,Loose,Loose,Loose_L1,0
3663,1.70658e+09,1,1,4.6869,0.317618,1.0,0.3218075,20,20,g0,Loose,Loose,Loose_L1,0
3665,1.70658e+09,1,1,4.39737,0.337837,1.0,0.3234895,20,20,g0,Loose,Loose,Loose_L1,0
3667,1.70658e+09,1,1,5.02894,0.391879,1.0,0.3260695,20,20,g0,Loose,Loose,Loose_L1,0
3669,1.70658e+09,1,1,4.47437,0.350097,1.0,0.3260695,20,20,g0,Loose,Loose,Loose_L1,0
3671,1.70658e+09,1,1,5.36383,0.426524,1.0,0.330685,20,20,g0,Loose,Loose,Loose_L1,0
3673,1.70658e+09,1,1,4.70944,0.350008,1.0,0.33608499999999997,20,20,g0,Loose,Loose,Loose_L1,0
3675,1.70658e+09,1,1,5.33551,0.413329,1.0,0.33608499999999997,20,20,g0,Loose,Loose,Loose_L1,0
3677,1.70658e+09,1,1,4.65207,0.349582,1.0,0.3380915,20,20,g0,Loose,Loose,Loose_L1,0
3679,1.70658e+09,1,1,5.46083,0.389206,1.0,0.33923499999999995,20,20,g0,Loose,Loose,Loose_L1,0
3681,1.70658e+09,1,1,4.77463,0.345732,1.0,0.342928,20,20,g0,Loose,Loose,Loose_L1,0
3683,1.70658e+09,1,1,4.77586,0.35882,1.0,0.342928,20,20,g0,Loose,Loose,Loose_L1,0
3685,1.70658e+09,1,1,5.03116,0.353935,1.0,0.347657,20,20,g0,Loose,Loose,Loose_L1,0
3687,1.70658e+09,1,1,5.41642,0.41122,1.0,0.34979499999999997,20,20,g0,Loose,Loose,Loose_L1,0
3689,1.70658e+09,0,0,nan,nan,1.0,0.34979499999999997,20,20,g0,Loose,Loose,Native,0
3691,1.70658e+09,1,1,5.75153,0.246602,1.0,0.34979499999999997,20,20,g0,Loose,Loose,Loose_L1,0
3693,1.70658e+09,1,1,5.71717,0.410512,1.0,0.3500525,20,20,g0,Loose,Loose,Loose_L1,0
3695,1.70658e+09,1,1,4.91006,0.355253,1.0,0.352016,20,20,g0,Loose,Loose,Loose_L1,0
3697,1.70658e+09,1,1,6.18835,0.434004,1.0,0.35459399999999996,20,20,g0,Loose,Loose,Loose_L1,0
3699,1.70658e+09,1,1,4.79321,0.341835,1.0,0.35459399999999996,20,20,g0,Loose,Loose,Loose_L1,0
3701,1.70658e+09,1,1,5.06608,0.398134,1.0,0.3570365,20,20,g0,Loose,Loose,Loose_L1,0
3703,1.70658e+09,1,1,5.90386,0.403782,1.0,0.3570365,20,20,g0,Loose,Loose,Loose_L1,0
3705,1.70658e+09,1,1,5.17117,0.383522,1.0,0.371171,20,20,g0,Loose,Loose,Loose_L1,0
3707,1.70658e+09,1,1,5.36041,0.469297,1.0,0.386364,20,20,g0,Loose,Loose,Loose_L1,0
3709,1.70658e+09,1,1,5.84011,0.429266,1.0,0.386364,20,20,g0,Loose,Loose,Loose_L1,0
3711,1.70658e+09,1,1,6.9344,0.598865,1.0,0.39366999999999996,20,20,g0,Loose,Loose,Loose_L1,0
3713,1.70658e+09,1,1,5.83711,0.469491,1.0,0.39366999999999996,20,20,g0,Loose,Loose,Loose_L1,0
3715,1.70658e+09,1,1,6.97779,0.579832,1.0,0.400958,20,20,g0,Loose,Loose,Loose_L1,0
3717,1.70658e+09,1,1,6.04288,0.453302,1.0,0.400958,20,20,g0,Loose,Loose,Loose_L1,0
3719,1.70658e+09,1,1,6.55468,0.550436,1.0,0.407147,20,20,g0,Loose,Loose,Loose_L1,0
3721,1.70658e+09,1,1,6.19701,0.472474,1.0,0.41086599999999995,20,20,g0,Loose,Loose,Loose_L1,0
3723,1.70658e+09,1,1,7.3216,0.56008,1.0,0.420243,20,20,g0,Loose,Loose,Loose_L1,0
3725,1.70658e+09,1,1,6.0492,0.488541,1.0,0.431635,20,20,g0,Loose,Loose,Loose_L1,0
3727,1.70658e+09,1,1,7.38859,0.609766,1.0,0.44365299999999996,20,20,g0,Loose,Loose,Loose_L1,0
3729,1.70658e+09,1,1,6.68454,0.534642,1.0,0.4612995,20,20,g0,Loose,Loose,Loose_L1,0
3731,1.70658e+09,1,1,7.66911,0.619319,1.0,0.469394,20,20,g0,Loose,Loose,Loose_L1,0
3733,1.70658e+09,1,1,7.77169,0.564487,1.0,0.47098249999999997,20,20,g0,Loose,Loose,Loose_L1,0
3735,1.70658e+09,1,1,7.27175,0.574134,1.0,0.4805075,20,20,g0,Loose,Loose,Loose_L1,0
3737,1.70658e+09,1,1,7.52877,0.484074,1.0,0.4863075,20,20,g0,Loose,Loose,Loose_L1,0
3739,1.70658e+09,1,1,7.28667,0.582154,1.0,0.5115915,20,20,g0,Loose,Loose,Loose_L1,0
3741,1.70658e+09,1,1,7.68094,0.56297,1.0,0.542539,20,20,g0,Loose,Loose,Loose_L1,0
3743,1.70658e+09,1,1,7.80326,0.573968,1.0,0.555258,20,20,g0,Loose,Loose,Loose_L1,0
3745,1.70658e+09,1,1,6.86342,0.46963,1.0,0.555258,20,20,g0,Loose,Loose,Loose_L1,0
3747,1.70658e+09,1,1,7.49948,0.619225,1.0,0.561525,20,20,g0,Loose,Loose,Loose_L1,0
3749,1.70658e+09,1,1,7.59348,0.602937,1.0,0.5637285,20,20,g0,Loose,Loose,Loose_L1,0
3751,1.70658e+09,1,1,7.12814,0.487062,1.0,0.561525,20,20,g0,Loose,Loose,Loose_L1,0
3753,1.70658e+09,1,1,7.75332,0.641758,1.0,0.5637285,20,20,g0,Loose,Loose,Loose_L1,0
3755,1.70658e+09,1,1,7.8019,0.573549,1.0,0.5637285,20,20,g0,Loose,Loose,Loose_L1,0
3757,1.70658e+09,1,1,7.58205,0.60549,1.0,0.569018,20,20,g0,Loose,Loose,Loose_L1,0
3759,1.70658e+09,1,1,7.47749,0.588543,1.0,0.5737585000000001,20,20,g0,Loose,Loose,Loose_L1,0
3761,1.70658e+09,1,1,7.5188,0.589213,1.0,0.5740510000000001,20,20,g0,Loose,Loose,Loose_L1,0
3763,1.70658e+09,1,1,7.65601,0.554525,1.0,0.5740510000000001,20,20,g0,Loose,Loose,Loose_L1,0
3765,1.70658e+09,1,1,8.01394,0.58822,1.0,0.578144,20,20,g0,Loose,Loose,Loose_L1,0
3767,1.70658e+09,1,1,8.08339,0.636638,1.0,0.578144,20,20,g0,Loose,Loose,Loose_L1,0
3769,1.70658e+09,1,1,9.02652,0.68837,1.0,0.5851869999999999,20,20,g0,Loose,Loose,Loose_L1,0
3771,1.70658e+09,1,1,8.46976,0.548616,1.0,0.578144,20,20,g0,Loose,Loose,Loose_L1,0
3773,1.70658e+09,1,1,8.57261,0.676276,1.0,0.5851869999999999,20,20,g0,Loose,Loose,Loose_L1,0
3775,1.70658e+09,1,1,9.11963,0.695515,1.0,0.5883815,20,20,g0,Loose,Loose,Loose_L1,0
3777,1.70658e+09,1,1,7.42263,0.553637,1.0,0.5883815,20,20,g0,Loose,Loose,Loose_L1,0
3779,1.70658e+09,1,1,8.92162,0.691583,1.0,0.588878,20,20,g0,Loose,Loose,Loose_L1,0
3781,1.70658e+09,1,1,9.76227,0.73506,1.0,0.5960749999999999,20,20,g0,Loose,Loose,Loose_L1,0
3783,1.70658e+09,1,1,8.60269,0.580812,1.0,0.5960749999999999,20,20,g0,Loose,Loose,Loose_L1,0
3785,1.70658e+09,1,1,7.39645,0.526078,1.0,0.5960749999999999,20,20,g0,Loose,Loose,Loose_L1,0
3787,1.70658e+09,1,1,9.13717,0.683046,1.0,0.5960749999999999,20,20,g0,Loose,Loose,Loose_L1,0
3789,1.70658e+09,1,1,9.07367,0.696132,1.0,0.5973515,20,20,g0,Loose,Loose,Loose_L1,0
3791,1.70658e+09,1,1,8.78411,0.659502,1.0,0.6210640000000001,20,20,g0,Loose,Loose,Loose_L1,0
3793,1.70658e+09,1,1,8.18514,0.569254,1.0,0.5973515,20,20,g0,Loose,Loose,Loose_L1,0
3795,1.70658e+09,1,1,8.16404,0.641743,1.0,0.6210640000000001,20,20,g0,Loose,Loose,Loose_L1,0
3797,1.70658e+09,1,1,8.93363,0.645823,1.0,0.6391905,20,20,g0,Loose,Loose,Loose_L1,0
3799,1.70658e+09,1,1,8.81635,0.636799,1.0,0.6392709999999999,20,20,g0,Loose,Loose,Loose_L1,0
3801,1.70658e+09,1,1,9.02704,0.665351,1.0,0.643783,20,20,g0,Loose,Loose,Loose_L1,0
3803,1.70658e+09,1,1,8.47893,0.629231,1.0,0.643783,20,20,g0,Loose,Loose,Loose_L1,0
3805,1.70658e+09,1,1,10.9771,0.780561,1.0,0.6526625,20,20,g0,Loose,Loose,Loose_L1,0
3807,1.70658e+09,1,1,10.2864,0.618743,1.0,0.6526625,20,20,g0,Loose,Loose,Loose_L1,0
3809,1.70658e+09,1,1,10.8261,0.680901,1.0,0.6526625,20,20,g0,Loose,Loose,Loose_L1,0
3811,1.70658e+09,1,1,9.871,0.608448,1.0,0.6526625,20,20,g0,Loose,Loose,Loose_L1,0
3813,1.70658e+09,1,1,9.5641,0.605786,1.0,0.643783,20,20,g0,Loose,Loose,Loose_L1,0
3815,1.70658e+09,1,1,12.706,0.810635,1.0,0.643783,20,20,g0,Loose,Loose,Loose_L1,0
3817,1.70658e+09,1,1,10.8764,0.645816,1.0,0.6458195,20,20,g0,Loose,Loose,Loose_L1,0
3819,1.70658e+09,1,1,8.94916,0.545047,1.0,0.6437795,20,20,g0,Loose,Loose,Loose_L1,0
3821,1.70658e+09,1,1,9.7872,0.624727,1.0,0.6392709999999999,20,20,g0,Loose,Loose,Loose_L1,0
3823,1.70658e+09,1,1,9.14038,0.604732,1.0,0.6392709999999999,20,20,g0,Loose,Loose,Loose_L1,0
3825,1.70658e+09,1,1,9.06055,0.613953,1.0,0.6392709999999999,20,20,g0,Loose,Loose,Loose_L1,0
3827,1.70658e+09,1,1,10.3121,0.662096,1.0,0.6392709999999999,20,20,g0,Loose,Loose,Loose_L1,0
3829,1.70658e+09,1,1,9.55847,0.583293,1.0,0.633015,20,20,g0,Loose,Loose,Loose_L1,0
3831,1.70658e+09,1,1,9.16248,0.612154,1.0,0.626979,20,20,g0,Loose,Loose,Loose_L1,0
3833,1.70658e+09,1,1,9.72204,0.628931,1.0,0.629081,20,20,g0,Loose,Loose,Loose_L1,0
3835,1.70658e+09,1,1,9.01226,0.567969,1.0,0.6268290000000001,20,20,g0,Loose,Loose,Loose_L1,0
3837,1.70658e+09,1,1,9.98705,0.664553,1.0,0.6268290000000001,20,20,g0,Loose,Loose,Loose_L1,0
3839,1.70658e+09,1,1,8.70758,0.543201,1.0,0.621735,20,20,g0,Loose,Loose,Loose_L1,0
3841,1.70658e+09,1,1,10.5699,0.673032,1.0,0.621735,20,20,g0,Loose,Loose,Loose_L1,0
3843,1.70658e+09,1,1,9.68988,0.595641,1.0,0.616348,20,20,g0,Loose,Loose,Loose_L1,0
3845,1.70658e+09,1,1,9.55189,0.591285,1.0,0.6130534999999999,20,20,g0,Loose,Loose,Loose_L1,0
3847,1.70658e+09,1,1,10.5835,0.650866,1.0,0.6130534999999999,20,20,g0,Loose,Loose,Loose_L1,0
3849,1.70658e+09,1,1,10.8611,0.65073,1.0,0.6130534999999999,20,20,g0,Loose,Loose,Loose_L1,0
3851,1.70658e+09,1,1,11.5293,0.658711,1.0,0.61934,20,20,g0,Loose,Loose,Loose_L1,0
3853,1.70658e+09,1,1,10.1363,0.600511,1.0,0.61934,20,20,g0,Loose,Loose,Loose_L1,0
3855,1.70658e+09,1,1,10.9846,0.698317,1.0,0.61934,20,20,g0,Loose,Loose,Loose_L1,0
3857,1.70658e+09,1,1,9.06401,0.57203,1.0,0.6130534999999999,20,20,g0,Loose,Loose,Loose_L1,0
3859,1.70658e+09,1,1,9.80773,0.619585,1.0,0.616769,20,20,g0,Loose,Loose,Loose_L1,0
3861,1.70658e+09,1,1,10.5739,0.686676,1.0,0.616769,20,20,g0,Loose,Loose,Loose_L1,0
3863,1.70658e+09,1,1,10.8347,0.694817,1.0,0.624258,20,20,g0,Loose,Loose,Loose_L1,0
3865,1.70658e+09,1,1,10.3622,0.662676,1.0,0.6398305,20,20,g0,Loose,Loose,Loose_L1,0
3867,1.70658e+09,1,1,9.40871,0.604729,1.0,0.624258,20,20,g0,Loose,Loose,Loose_L1,0
3869,1.70658e+09,1,1,9.92578,0.658114,1.0,0.6398305,20,20,g0,Loose,Loose,Loose_L1,0
3871,1.70658e+09,1,1,9.5187,0.619754,1.0,0.6398305,20,20,g0,Loose,Loose,Loose_L1,0
3873,1.70658e+09,1,1,9.1996,0.5634,1.0,0.6352420000000001,20,20,g0,Loose,Loose,Loose_L1,0
3875,1.70658e+09,1,1,10.0828,0.662768,1.0,0.650798,20,20,g0,Loose,Loose,Loose_L1,0
3877,1.70658e+09,1,1,10.2557,0.640634,1.0,0.6456820000000001,20,20,g0,Loose,Loose,Loose_L1,0
3879,1.70658e+09,1,1,10.1719,0.617262,1.0,0.6456820000000001,20,20,g0,Loose,Loose,Loose_L1,0
3881,1.70658e+09,1,1,10.5792,0.632404,1.0,0.6365190000000001,20,20,g0,Loose,Loose,Loose_L1,0
3883,1.70658e+09,1,1,9.97197,0.622513,1.0,0.6365190000000001,20,20,g0,Loose,Loose,Loose_L1,0
3885,1.70658e+09,1,1,9.26617,0.595771,1.0,0.6365190000000001,20,20,g0,Loose,Loose,Loose_L1,0
3887,1.70658e+09,1,1,9.28269,0.573367,1.0,0.6274584999999999,20,20,g0,Loose,Loose,Loose_L1,0
3889,1.70658e+09,1,1,9.22754,0.592819,1.0,0.6211335,20,20,g0,Loose,Loose,Loose_L1,0
3891,1.70658e+09,1,1,7.422,0.47133,1.0,0.6196695000000001,20,20,g0,Loose,Loose,Loose_L1,0
3893,1.70658e+09,1,1,9.21968,0.651229,1.0,0.6211335,20,20,g0,Loose,Loose,Loose_L1,0
3895,1.70658e+09,1,1,9.10312,0.546261,1.0,0.6196695000000001,20,20,g0,Loose,Loose,Loose_L1,0
3897,1.70658e+09,1,1,9.47882,0.605297,1.0,0.6196695000000001,20,20,g0,Loose,Loose,Loose_L1,0
3899,1.70658e+09,1,1,8.84476,0.586737,1.0,0.6185080000000001,20,20,g0,Loose,Loose,Loose_L1,0
3901,1.70658e+09,1,1,7.73474,0.483313,1.0,0.6112795,20,20,g0,Loose,Loose,Loose_L1,0
3903,1.70658e+09,1,1,7.29489,0.48033,1.0,0.605013,20,20,g0,Loose,Loose,Loose_L1,0
3905,1.70658e+09,1,1,6.7423,0.430762,1.0,0.60025,20,20,g0,Loose,Loose,Loose_L1,0
3907,1.70658e+09,1,1,6.75885,0.490362,1.0,0.594295,20,20,g0,Loose,Loose,Loose_L1,0
3909,1.70658e+09,1,1,8.03926,0.582012,1.0,0.5897779999999999,20,20,g0,Loose,Loose,Loose_L1,0
3911,1.70658e+09,1,1,7.36883,0.509563,1.0,0.5843745,20,20,g0,Loose,Loose,Loose_L1,0
3913,1.70658e+09,1,1,6.59742,0.464109,1.0,0.5843745,20,20,g0,Loose,Loose,Loose_L1,0
3915,1.70658e+09,1,1,7.01531,0.491061,1.0,0.5776895,20,20,g0,Loose,Loose,Loose_L1,0
3917,1.70658e+09,1,1,6.42404,0.460373,1.0,0.559814,20,20,g0,Loose,Loose,Loose_L1,0
3919,1.70658e+09,1,1,6.86135,0.468642,1.0,0.5279119999999999,20,20,g0,Loose,Loose,Loose_L1,0
3921,1.70658e+09,1,1,6.41482,0.461537,1.0,0.500312,20,20,g0,Loose,Loose,Loose_L1,0
3923,1.70658e+09,1,1,7.74442,0.575917,1.0,0.500312,20,20,g0,Loose,Loose,Loose_L1,0
3925,1.70658e+09,1,1,7.94229,0.567685,1.0,0.500312,20,20,g0,Loose,Loose,Loose_L1,0
3927,1.70658e+09,1,1,7.73423,0.540569,1.0,0.500312,20,20,g0,Loose,Loose,Loose_L1,0
3929,1.70658e+09,1,1,6.94254,0.483396,1.0,0.4907115,20,20,g0,Loose,Loose,Loose_L1,0
3931,1.70658e+09,1,1,7.14886,0.514059,1.0,0.500312,20,20,g0,Loose,Loose,Loose_L1,0
3933,1.70658e+09,1,1,7.6195,0.543534,1.0,0.500312,20,20,g0,Loose,Loose,Loose_L1,0
3935,1.70658e+09,1,1,7.21373,0.485254,1.0,0.4907115,20,20,g0,Loose,Loose,Loose_L1,0
3937,1.70658e+09,1,1,7.65307,0.511688,1.0,0.4907115,20,20,g0,Loose,Loose,Loose_L1,0
3939,1.70658e+09,1,1,7.42938,0.473617,1.0,0.487808,20,20,g0,Loose,Loose,Loose_L1,0
3941,1.70658e+09,1,1,6.64603,0.461026,1.0,0.487808,20,20,g0,Loose,Loose,Loose_L1,0
3943,1.70658e+09,1,1,7.41919,0.530839,1.0,0.4907115,20,20,g0,Loose,Loose,Loose_L1,0
3945,1.70658e+09,1,1,7.0908,0.499304,1.0,0.4951825,20,20,g0,Loose,Loose,Loose_L1,0
3947,1.70658e+09,1,1,7.7003,0.547906,1.0,0.5044335,20,20,g0,Loose,Loose,Loose_L1,0
3949,1.70658e+09,1,1,8.08441,0.562917,1.0,0.5044335,20,20,g0,Loose,Loose,Loose_L1,0
3951,1.70658e+09,1,1,7.22639,0.495925,1.0,0.4976145,20,20,g0,Loose,Loose,Loose_L1,0
3953,1.70658e+09,1,1,7.37684,0.515239,1.0,0.5054960000000001,20,20,g0,Loose,Loose,Loose_L1,0
3955,1.70658e+09,1,1,7.22161,0.508736,1.0,0.510212,20,20,g0,Loose,Loose,Loose_L1,0
3957,1.70658e+09,1,1,7.97948,0.565327,1.0,0.5128735,20,20,g0,Loose,Loose,Loose_L1,0
3959,1.70658e+09,1,1,8.25937,0.573371,1.0,0.514649,20,20,g0,Loose,Loose,Loose_L1,0
3961,1.70658e+09,1,1,8.26487,0.563547,1.0,0.523039,20,20,g0,Loose,Loose,Loose_L1,0
3963,1.70658e+09,1,1,7.82224,0.479972,1.0,0.514649,20,20,g0,Loose,Loose,Loose_L1,0
3965,1.70658e+09,1,1,7.85017,0.538884,1.0,0.514649,20,20,g0,Loose,Loose,Loose_L1,0
3967,1.70658e+09,1,1,8.41861,0.575906,1.0,0.514649,20,20,g0,Loose,Loose,Loose_L1,0
3969,1.70658e+09,1,1,7.59209,0.511953,1.0,0.514649,20,20,g0,Loose,Loose,Loose_L1,0
3971,1.70658e+09,1,1,7.80111,0.540274,1.0,0.523039,20,20,g0,Loose,Loose,Loose_L1,0
3973,1.70658e+09,1,1,7.72398,0.535,1.0,0.523039,20,20,g0,Loose,Loose,Loose_L1,0
3975,1.70658e+09,1,1,8.17947,0.536055,1.0,0.5329195,20,20,g0,Loose,Loose,Loose_L1,0
3977,1.70658e+09,1,1,7.70143,0.497378,1.0,0.5329195,20,20,g0,Loose,Loose,Loose_L1,0
3979,1.70658e+09,1,1,8.65415,0.598584,1.0,0.5355274999999999,20,20,g0,Loose,Loose,Loose_L1,0
3981,1.70658e+09,1,1,7.61165,0.51397,1.0,0.5355274999999999,20,20,g0,Loose,Loose,Loose_L1,0
3983,1.70658e+09,1,1,8.10297,0.648982,1.0,0.5374695,20,20,g0,Loose,Loose,Loose_L1,0
3985,1.70658e+09,1,1,8.00127,0.527787,1.0,0.5374695,20,20,g0,Loose,Loose,Loose_L1,0
3987,1.70658e+09,1,1,6.76149,0.46246,1.0,0.5355274999999999,20,20,g0,Loose,Loose,Loose_L1,0
3989,1.70658e+09,1,1,8.49575,0.606663,1.0,0.5355274999999999,20,20,g0,Loose,Loose,Loose_L1,0
3991,1.70658e+09,1,1,8.3626,0.567385,1.0,0.5374695,20,20,g0,Loose,Loose,Loose_L1,0
3993,1.70658e+09,1,1,8.6166,0.587637,1.0,0.539579,20,20,g0,Loose,Loose,Loose_L1,0
3995,1.70658e+09,1,1,6.60265,0.431115,1.0,0.539579,20,20,g0,Loose,Loose,Loose_L1,0
3997,1.70658e+09,1,1,7.79472,0.5681,1.0,0.539579,20,20,g0,Loose,Loose,Loose_L1,0
3999,1.70658e+09,1,1,6.82348,0.459658,1.0,0.5374695,20,20,g0,Loose,Loose,Loose_L1,0
4001,1.70658e+09,1,1,7.19717,0.519551,1.0,0.5355274999999999,20,20,g0,Loose,Loose,Loose_L1,0
4003,1.70658e+09,1,1,7.83362,0.533895,1.0,0.5355274999999999,20,20,g0,Loose,Loose,Loose_L1,0
4005,1.70658e+09,1,1,8.09174,0.560504,1.0,0.5355274999999999,20,20,g0,Loose,Loose,Loose_L1,0
4007,1.70658e+09,1,1,7.47298,0.492835,1.0,0.5344475,20,20,g0,Loose,Loose,Loose_L1,0
4009,1.70658e+09,1,1,8.99433,0.552633,1.0,0.5355274999999999,20,20,g0,Loose,Loose,Loose_L1,0
4011,1.70658e+09,1,1,7.53633,0.476555,1.0,0.5344475,20,20,g0,Loose,Loose,Loose_L1,0
4013,1.70658e+09,1,1,7.66762,0.475996,1.0,0.530841,20,20,g0,Loose,Loose,Loose_L1,0
4015,1.70658e+09,1,1,8.60353,0.576641,1.0,0.530841,20,20,g0,Loose,Loose,Loose_L1,0
4017,1.70658e+09,1,1,7.83444,0.616159,1.0,0.543264,20,20,g0,Loose,Loose,Loose_L1,0
4019,1.70658e+09,1,1,9.12584,0.565883,1.0,0.543264,20,20,g0,Loose,Loose,Loose_L1,0
4021,1.70658e+09,1,1,8.31751,0.560142,1.0,0.5563875,20,20,g0,Loose,Loose,Loose_L1,0
4023,1.70658e+09,1,1,7.73159,0.473114,1.0,0.543264,20,20,g0,Loose,Loose,Loose_L1,0
4025,1.70658e+09,1,1,7.63226,0.524467,1.0,0.543264,20,20,g0,Loose,Loose,Loose_L1,0
4027,1.70658e+09,1,1,7.03697,0.559282,1.0,0.5559575,20,20,g0,Loose,Loose,Loose_L1,0
4029,1.70658e+09,1,1,7.75822,0.487679,1.0,0.543264,20,20,g0,Loose,Loose,Loose_L1,0
4031,1.70658e+09,1,1,7.8384,0.541724,1.0,0.5378095,20,20,g0,Loose,Loose,Loose_L1,0
4033,1.70658e+09,1,1,7.4983,0.515108,1.0,0.529181,20,20,g0,Loose,Loose,Loose_L1,0
4035,1.70658e+09,1,1,7.81625,0.540736,1.0,0.5373155000000001,20,20,g0,Loose,Loose,Loose_L1,0
4037,1.70658e+09,1,1,7.46556,0.512343,1.0,0.529181,20,20,g0,Loose,Loose,Loose_L1,0
4039,1.70658e+09,1,1,7.09142,0.473457,1.0,0.529181,20,20,g0,Loose,Loose,Loose_L1,0
4041,1.70658e+09,1,1,7.10257,0.531391,1.0,0.532643,20,20,g0,Loose,Loose,Loose_L1,0
4043,1.70658e+09,1,1,8.09015,0.597704,1.0,0.5360635,20,20,g0,Loose,Loose,Loose_L1,0
4045,1.70658e+09,1,1,7.95381,0.613371,1.0,0.5360635,20,20,g0,Loose,Loose,Loose_L1,0
4047,1.70658e+09,1,1,8.32725,0.632534,1.0,0.54123,20,20,g0,Loose,Loose,Loose_L1,0
4049,1.70658e+09,1,1,8.05499,0.601825,1.0,0.54123,20,20,g0,Loose,Loose,Loose_L1,0
4051,1.70658e+09,1,1,7.46717,0.564309,1.0,0.550503,20,20,g0,Loose,Loose,Loose_L1,0
4053,1.70658e+09,1,1,7.75918,0.558646,1.0,0.558964,20,20,g0,Loose,Loose,Loose_L1,0
4055,1.70658e+09,1,1,8.61937,0.626243,1.0,0.558964,20,20,g0,Loose,Loose,Loose_L1,0
4057,1.70658e+09,1,1,7.46868,0.530167,1.0,0.5501849999999999,20,20,g0,Loose,Loose,Loose_L1,0
4059,1.70658e+09,1,1,9.27897,0.606325,1.0,0.5501849999999999,20,20,g0,Loose,Loose,Loose_L1,0
4061,1.70658e+09,1,1,7.88334,0.523954,1.0,0.54123,20,20,g0,Loose,Loose,Loose_L1,0
4063,1.70658e+09,1,1,8.06606,0.504645,1.0,0.54123,20,20,g0,Loose,Loose,Loose_L1,0
4065,1.70658e+09,1,1,8.50127,0.541049,1.0,0.5413865,20,20,g0,Loose,Loose,Loose_L1,0
4067,1.70658e+09,1,1,8.12337,0.52804,1.0,0.5408925,20,20,g0,Loose,Loose,Loose_L1,0
4069,1.70658e+09,1,1,8.64477,0.581454,1.0,0.5413865,20,20,g0,Loose,Loose,Loose_L1,0
4071,1.70658e+09,1,1,7.41916,0.496316,1.0,0.5408925,20,20,g0,Loose,Loose,Loose_L1,0
4073,1.70658e+09,1,1,8.55267,0.572809,1.0,0.5498475,20,20,g0,Loose,Loose,Loose_L1,0
4075,1.70658e+09,1,1,8.08683,0.541108,1.0,0.549877,20,20,g0,Loose,Loose,Loose_L1,0
4077,1.70658e+09,1,1,8.0735,0.5453,1.0,0.551973,20,20,g0,Loose,Loose,Loose_L1,0
4079,1.70658e+09,1,1,8.61283,0.584862,1.0,0.5614775,20,20,g0,Loose,Loose,Loose_L1,0
4081,1.70658e+09,1,1,7.78009,0.519989,1.0,0.5614775,20,20,g0,Loose,Loose,Loose_L1,0
4083,1.70658e+09,1,1,8.24552,0.561946,1.0,0.5602959999999999,20,20,g0,Loose,Loose,Loose_L1,0
4085,1.70658e+09,1,1,7.53641,0.513273,1.0,0.551973,20,20,g0,Loose,Loose,Loose_L1,0
4087,1.70658e+09,1,1,7.45185,0.516081,1.0,0.543204,20,20,g0,Loose,Loose,Loose_L1,0
4089,1.70658e+09,1,1,7.42681,0.514219,1.0,0.5410785,20,20,g0,Loose,Loose,Loose_L1,0
4091,1.70658e+09,1,1,7.86411,0.520311,1.0,0.5356080000000001,20,20,g0,Loose,Loose,Loose_L1,0
4093,1.70658e+09,1,1,7.93377,0.543275,1.0,0.5356080000000001,20,20,g0,Loose,Loose,Loose_L1,0
4095,1.70658e+09,1,1,7.53184,0.473796,1.0,0.5291035,20,20,g0,Loose,Loose,Loose_L1,0
4097,1.70658e+09,1,1,8.4892,0.572814,1.0,0.5345445,20,20,g0,Loose,Loose,Loose_L1,0
4099,1.70658e+09,1,1,7.86149,0.505158,1.0,0.525997,20,20,g0,Loose,Loose,Loose_L1,0
4101,1.70658e+09,1,1,7.99751,0.543057,1.0,0.5345445,20,20,g0,Loose,Loose,Loose_L1,0
4103,1.70658e+09,1,1,7.59495,0.49411,1.0,0.5345445,20,20,g0,Loose,Loose,Loose_L1,0
4105,1.70658e+09,1,1,8.27049,0.547787,1.0,0.534574,20,20,g0,Loose,Loose,Loose_L1,0
4107,1.70658e+09,1,1,7.6373,0.519317,1.0,0.5307095,20,20,g0,Loose,Loose,Loose_L1,0
4109,1.70658e+09,1,1,6.9002,0.473173,1.0,0.52015,20,20,g0,Loose,Loose,Loose_L1,0
4111,1.70658e+09,1,1,7.2398,0.514092,1.0,0.52015,20,20,g0,Loose,Loose,Loose_L1,0
4113,1.70658e+09,1,1,7.88678,0.556867,1.0,0.52015,20,20,g0,Loose,Loose,Loose_L1,0
4115,1.70658e+09,1,1,7.83296,0.522559,1.0,0.52015,20,20,g0,Loose,Loose,Loose_L1,0
4117,1.70658e+09,1,1,7.72458,0.519061,1.0,0.519653,20,20,g0,Loose,Loose,Loose_L1,0
4119,1.70658e+09,1,1,7.35757,0.496681,1.0,0.519189,20,20,g0,Loose,Loose,Loose_L1,0
4121,1.70658e+09,1,1,7.99515,0.543212,1.0,0.519189,20,20,g0,Loose,Loose,Loose_L1,0
4123,1.70658e+09,1,1,7.8795,0.545411,1.0,0.519189,20,20,g0,Loose,Loose,Loose_L1,0
4125,1.70658e+09,1,1,7.58058,0.512624,1.0,0.519189,20,20,g0,Loose,Loose,Loose_L1,0
4127,1.70658e+09,1,1,7.20219,0.493896,1.0,0.519189,20,20,g0,Loose,Loose,Loose_L1,0
4129,1.70658e+09,1,1,7.28747,0.514549,1.0,0.519189,20,20,g0,Loose,Loose,Loose_L1,0
4131,1.70658e+09,1,1,7.98169,0.56189,1.0,0.519189,20,20,g0,Loose,Loose,Loose_L1,0
4133,1.70658e+09,1,1,7.73903,0.535921,1.0,0.519189,20,20,g0,Loose,Loose,Loose_L1,0
4135,1.70658e+09,1,1,7.1945,0.490851,1.0,0.519189,20,20,g0,Loose,Loose,Loose_L1,0
4137,1.70658e+09,1,1,8.36277,0.579528,1.0,0.519189,20,20,g0,Loose,Loose,Loose_L1,0
4139,1.70658e+09,1,1,6.41551,0.4194,1.0,0.519189,20,20,g0,Loose,Loose,Loose_L1,0
4141,1.70658e+09,1,1,6.67893,0.464217,1.0,0.516805,20,20,g0,Loose,Loose,Loose_L1,0
4143,1.70658e+09,1,1,7.75254,0.563071,1.0,0.519189,20,20,g0,Loose,Loose,Loose_L1,0
4145,1.70658e+09,1,1,7.20149,0.499788,1.0,0.516805,20,20,g0,Loose,Loose,Loose_L1,0
4147,1.70658e+09,1,1,7.13304,0.503662,1.0,0.5143205,20,20,g0,Loose,Loose,Loose_L1,0
4149,1.70658e+09,1,1,6.7705,0.479539,1.0,0.5143205,20,20,g0,Loose,Loose,Loose_L1,0
4151,1.70658e+09,1,1,7.82532,0.535609,1.0,0.516805,20,20,g0,Loose,Loose,Loose_L1,0
4153,1.70658e+09,1,1,8.34407,0.578524,1.0,0.516805,20,20,g0,Loose,Loose,Loose_L1,0
4155,1.70658e+09,1,1,7.09226,0.463231,1.0,0.5135865,20,20,g0,Loose,Loose,Loose_L1,0
4157,1.70658e+09,1,1,7.92715,0.559393,1.0,0.5135865,20,20,g0,Loose,Loose,Loose_L1,0
4159,1.70658e+09,1,1,7.89158,0.53397,1.0,0.5242595,20,20,g0,Loose,Loose,Loose_L1,0
4161,1.70658e+09,1,1,8.36856,0.570497,1.0,0.5242595,20,20,g0,Loose,Loose,Loose_L1,0
4163,1.70658e+09,1,1,7.32655,0.47852,1.0,0.5135865,20,20,g0,Loose,Loose,Loose_L1,0
4165,1.70658e+09,1,1,6.97438,0.496438,1.0,0.5091055,20,20,g0,Loose,Loose,Loose_L1,0
4167,1.70658e+09,1,1,7.51227,0.539131,1.0,0.5242595,20,20,g0,Loose,Loose,Loose_L1,0
4169,1.70658e+09,1,1,8.6097,0.647322,1.0,0.5347895,20,20,g0,Loose,Loose,Loose_L1,0
4171,1.70658e+09,1,1,9.14485,0.648352,1.0,0.5347895,20,20,g0,Loose,Loose,Loose_L1,0
4173,1.70658e+09,1,1,8.73529,0.60742,1.0,0.5347895,20,20,g0,Loose,Loose,Loose_L1,0
4175,1.70658e+09,1,1,9.52223,0.674634,1.0,0.53737,20,20,g0,Loose,Loose,Loose_L1,0
4177,1.70658e+09,1,1,8.24413,0.521016,1.0,0.5347895,20,20,g0,Loose,Loose,Loose_L1,0
4179,1.70658e+09,1,1,7.44603,0.583388,1.0,0.53737,20,20,g0,Loose,Loose,Loose_L1,0
4181,1.70658e+09,1,1,7.6162,0.513232,1.0,0.53737,20,20,g0,Loose,Loose,Loose_L1,0
4183,1.70658e+09,1,1,7.41501,0.492014,1.0,0.5347895,20,20,g0,Loose,Loose,Loose_L1,0
4185,1.70658e+09,1,1,7.87492,0.550787,1.0,0.53737,20,20,g0,Loose,Loose,Loose_L1,0
4187,1.70658e+09,1,1,7.99526,0.553264,1.0,0.544959,20,20,g0,Loose,Loose,Loose_L1,0
4189,1.70658e+09,1,1,7.99409,0.521255,1.0,0.544959,20,20,g0,Loose,Loose,Loose_L1,0
4191,1.70658e+09,1,1,8.57738,0.674694,1.0,0.5520255000000001,20,20,g0,Loose,Loose,Loose_L1,0
4193,1.70658e+09,1,1,7.85862,0.584272,1.0,0.5520255000000001,20,20,g0,Loose,Loose,Loose_L1,0
4195,1.70658e+09,1,1,7.75283,0.506171,1.0,0.5520255000000001,20,20,g0,Loose,Loose,Loose_L1,0
4197,1.70658e+09,1,1,8.35517,0.654313,1.0,0.5520255000000001,20,20,g0,Loose,Loose,Loose_L1,0
4199,1.70658e+09,1,1,7.6556,0.53653,1.0,0.5520255000000001,20,20,g0,Loose,Loose,Loose_L1,0
4201,1.70658e+09,1,1,8.96785,0.697065,1.0,0.5520255000000001,20,20,g0,Loose,Loose,Loose_L1,0
4203,1.70658e+09,1,1,7.32493,0.470305,1.0,0.5520255000000001,20,20,g0,Loose,Loose,Loose_L1,0
4205,1.70658e+09,1,1,7.24248,0.486635,1.0,0.5520255000000001,20,20,g0,Loose,Loose,Loose_L1,0
4207,1.70658e+09,1,1,8.44335,0.626894,1.0,0.568326,20,20,g0,Loose,Loose,Loose_L1,0
4209,1.70658e+09,1,1,9.28275,0.630547,1.0,0.568326,20,20,g0,Loose,Loose,Loose_L1,0
4211,1.70658e+09,1,1,8.59451,0.567471,1.0,0.5603674999999999,20,20,g0,Loose,Loose,Loose_L1,0
4213,1.70658e+09,1,1,8.05285,0.622373,1.0,0.5603674999999999,20,20,g0,Loose,Loose,Loose_L1,0
4215,1.70658e+09,1,1,8.43602,0.553439,1.0,0.5533515,20,20,g0,Loose,Loose,Loose_L1,0
4217,1.70658e+09,1,1,10.0096,0.666173,1.0,0.5604549999999999,20,20,g0,Loose,Loose,Loose_L1,0
4219,1.70658e+09,1,1,9.45515,0.707865,1.0,0.5604549999999999,20,20,g0,Loose,Loose,Loose_L1,0
4221,1.70658e+09,1,1,9.22373,0.670425,1.0,0.5758715,20,20,g0,Loose,Loose,Loose_L1,0
4223,1.70658e+09,1,1,8.88285,0.602171,1.0,0.5932215000000001,20,20,g0,Loose,Loose,Loose_L1,0
4225,1.70658e+09,1,1,7.29231,0.501265,1.0,0.5932215000000001,20,20,g0,Loose,Loose,Loose_L1,0
4227,1.70658e+09,1,1,8.02606,0.633755,1.0,0.6122719999999999,20,20,g0,Loose,Loose,Loose_L1,0
4229,1.70658e+09,1,1,8.04595,0.487522,1.0,0.6122719999999999,20,20,g0,Loose,Loose,Loose_L1,0
4231,1.70658e+09,1,1,7.88816,0.542896,1.0,0.5932215000000001,20,20,g0,Loose,Loose,Loose_L1,0
4233,1.70658e+09,1,1,8.30186,0.615296,1.0,0.6087335,20,20,g0,Loose,Loose,Loose_L1,0
4235,1.70658e+09,1,1,9.81205,0.752057,1.0,0.6188345,20,20,g0,Loose,Loose,Loose_L1,0
4237,1.70658e+09,1,1,9.15107,0.613185,1.0,0.6142405,20,20,g0,Loose,Loose,Loose_L1,0
4239,1.70658e+09,1,1,9.46543,0.598926,1.0,0.6142405,20,20,g0,Loose,Loose,Loose_L1,0
4241,1.70658e+09,1,1,9.42636,0.606092,1.0,0.6096385,20,20,g0,Loose,Loose,Loose_L1,0
4243,1.70658e+09,1,1,8.41811,0.626279,1.0,0.6142405,20,20,g0,Loose,Loose,Loose_L1,0
4245,1.70658e+09,1,1,6.8013,0.505638,1.0,0.6142405,20,20,g0,Loose,Loose,Loose_L1,0
4247,1.70658e+09,1,1,7.13557,0.561279,1.0,0.6096385,20,20,g0,Loose,Loose,Loose_L1,0
4249,1.70658e+09,1,1,6.59648,0.448924,1.0,0.6041315,20,20,g0,Loose,Loose,Loose_L1,0
4251,1.70658e+09,1,1,7.19987,0.514332,1.0,0.6041315,20,20,g0,Loose,Loose,Loose_L1,0
4253,1.70658e+09,1,1,7.07653,0.454871,1.0,0.6005484999999999,20,20,g0,Loose,Loose,Loose_L1,0
4255,1.70658e+09,1,1,7.55808,0.612762,1.0,0.6041315,20,20,g0,Loose,Loose,Loose_L1,0
4257,1.70658e+09,1,1,6.81245,0.5244,1.0,0.6005484999999999,20,20,g0,Loose,Loose,Loose_L1,0
4259,1.70658e+09,1,1,7.32683,0.572563,1.0,0.5857445,20,20,g0,Loose,Loose,Loose_L1,0
4261,1.70658e+09,1,1,6.67181,0.516396,1.0,0.566921,20,20,g0,Loose,Loose,Loose_L1,0
4263,1.70658e+09,1,1,6.87378,0.546263,1.0,0.553771,20,20,g0,Loose,Loose,Loose_L1,0
4265,1.70658e+09,1,1,6.6365,0.520164,1.0,0.553771,20,20,g0,Loose,Loose,Loose_L1,0
4267,1.70658e+09,1,1,6.16532,0.492918,1.0,0.5445795,20,20,g0,Loose,Loose,Loose_L1,0
4269,1.70658e+09,1,1,7.31284,0.595846,1.0,0.553771,20,20,g0,Loose,Loose,Loose_L1,0
4271,1.70658e+09,1,1,5.56575,0.356602,1.0,0.553771,20,20,g0,Loose,Loose,Loose_L1,0
4273,1.70658e+09,1,1,5.97329,0.508638,1.0,0.5353315000000001,20,20,g0,Loose,Loose,Loose_L1,0
4275,1.70658e+09,1,1,6.16879,0.510355,1.0,0.5222819999999999,20,20,g0,Loose,Loose,Loose_L1,0
4277,1.70658e+09,1,1,6.60232,0.498975,1.0,0.51828,20,20,g0,Loose,Loose,Loose_L1,0
4279,1.70658e+09,1,1,6.87695,0.462066,1.0,0.5153639999999999,20,20,g0,Loose,Loose,Loose_L1,0
4281,1.70658e+09,1,1,6.6779,0.469493,1.0,0.5123435000000001,20,20,g0,Loose,Loose,Loose_L1,0
4283,1.70658e+09,1,1,6.40821,0.489095,1.0,0.5094965,20,20,g0,Loose,Loose,Loose_L1,0
4285,1.70658e+09,1,1,6.06836,0.499386,1.0,0.5094965,20,20,g0,Loose,Loose,Loose_L1,0
4287,1.70658e+09,1,1,6.94867,0.570125,1.0,0.5094965,20,20,g0,Loose,Loose,Loose_L1,0
4289,1.70658e+09,1,1,6.83634,0.5091,1.0,0.5097275,20,20,g0,Loose,Loose,Loose_L1,0
4291,1.70658e+09,1,1,6.6384,0.467749,1.0,0.508869,20,20,g0,Loose,Loose,Loose_L1,0
4293,1.70658e+09,1,1,6.8011,0.489693,1.0,0.508869,20,20,g0,Loose,Loose,Loose_L1,0
4295,1.70658e+09,1,1,7.78308,0.556728,1.0,0.508869,20,20,g0,Loose,Loose,Loose_L1,0
4297,1.70658e+09,1,1,6.39188,0.441305,1.0,0.504012,20,20,g0,Loose,Loose,Loose_L1,0
4299,1.70658e+09,1,1,7.39812,0.526098,1.0,0.504012,20,20,g0,Loose,Loose,Loose_L1,0
4301,1.70658e+09,1,1,7.88736,0.552987,1.0,0.504012,20,20,g0,Loose,Loose,Loose_L1,0
4303,1.70658e+09,1,1,7.13142,0.493056,1.0,0.4991805,20,20,g0,Loose,Loose,Loose_L1,0
4305,1.70658e+09,1,1,7.06393,0.494981,1.0,0.49697800000000003,20,20,g0,Loose,Loose,Loose_L1,0
4307,1.70658e+09,1,1,7.80981,0.548152,1.0,0.4991805,20,20,g0,Loose,Loose,Loose_L1,0
4309,1.70658e+09,1,1,8.1884,0.544282,1.0,0.4991805,20,20,g0,Loose,Loose,Loose_L1,0
4311,1.70658e+09,1,1,6.65129,0.454761,1.0,0.4991805,20,20,g0,Loose,Loose,Loose_L1,0
4313,1.70658e+09,1,1,7.7281,0.522318,1.0,0.4991805,20,20,g0,Loose,Loose,Loose_L1,0
4315,1.70658e+09,1,1,6.69562,0.469003,1.0,0.49697800000000003,20,20,g0,Loose,Loose,Loose_L1,0
4317,1.70658e+09,1,1,7.05325,0.491054,1.0,0.4940185,20,20,g0,Loose,Loose,Loose_L1,0
4319,1.70658e+09,1,1,7.33725,0.529225,1.0,0.4971835,20,20,g0,Loose,Loose,Loose_L1,0
4321,1.70658e+09,1,1,6.67337,0.470207,1.0,0.4971835,20,20,g0,Loose,Loose,Loose_L1,0
4323,1.70658e+09,1,1,6.00325,0.412459,1.0,0.4971835,20,20,g0,Loose,Loose,Loose_L1,0
4325,1.70658e+09,1,1,5.62365,0.418022,1.0,0.4940185,20,20,g0,Loose,Loose,Loose_L1,0
4327,1.70658e+09,1,1,4.90915,0.369101,1.0,0.492055,20,20,g0,Loose,Loose,Loose_L1,0
4329,1.70658e+09,1,1,4.42405,0.324528,1.0,0.4903735,20,20,g0,Loose,Loose,Loose_L1,0
4331,1.70658e+09,1,1,4.68302,0.370068,1.0,0.4903735,20,20,g0,Loose,Loose,Loose_L1,0
4333,1.70658e+09,1,1,4.79957,0.358885,1.0,0.48063049999999996,20,20,g0,Loose,Loose,Loose_L1,0
4335,1.70658e+09,1,1,4.85447,0.379405,1.0,0.469605,20,20,g0,Loose,Loose,Loose_L1,0
4337,1.70658e+09,1,1,4.80929,0.374778,1.0,0.469605,20,20,g0,Loose,Loose,Loose_L1,0
4339,1.70658e+09,1,1,6.32205,0.478527,1.0,0.469605,20,20,g0,Loose,Loose,Loose_L1,0
4341,1.70658e+09,1,1,5.06983,0.363307,1.0,0.461882,20,20,g0,Loose,Loose,Loose_L1,0
4343,1.70658e+09,1,1,4.3602,0.3255,1.0,0.43639150000000004,20,20,g0,Loose,Loose,Loose_L1,0
4345,1.70658e+09,1,1,4.17726,0.318125,1.0,0.4152405,20,20,g0,Loose,Loose,Loose_L1,0
4347,1.70658e+09,1,1,5.21942,0.416261,1.0,0.41436,20,20,g0,Loose,Loose,Loose_L1,0
4349,1.70658e+09,1,1,4.65077,0.355359,1.0,0.395932,20,20,g0,Loose,Loose,Loose_L1,0
4351,1.70658e+09,1,1,4.65195,0.362635,1.0,0.3770915,20,20,g0,Loose,Loose,Loose_L1,0
4353,1.70658e+09,1,1,6.22799,0.487223,1.0,0.3770915,20,20,g0,Loose,Loose,Loose_L1,0
4355,1.70658e+09,1,1,5.49766,0.402275,1.0,0.3770915,20,20,g0,Loose,Loose,Loose_L1,0
4357,1.70658e+09,1,1,6.58807,0.493107,1.0,0.3770915,20,20,g0,Loose,Loose,Loose_L1,0
4359,1.70658e+09,1,1,5.32341,0.368475,1.0,0.372423,20,20,g0,Loose,Loose,Loose_L1,0
4361,1.70658e+09,1,1,5.49263,0.41926,1.0,0.372423,20,20,g0,Loose,Loose,Loose_L1,0
4363,1.70658e+09,1,1,5.70647,0.429851,1.0,0.372423,20,20,g0,Loose,Loose,Loose_L1,0
4365,1.70658e+09,1,1,6.00434,0.514741,1.0,0.372423,20,20,g0,Loose,Loose,Loose_L1,0
4367,1.70658e+09,1,1,5.85021,0.482202,1.0,0.3770915,20,20,g0,Loose,Loose,Loose_L1,0
4369,1.70658e+09,1,1,5.54946,0.456142,1.0,0.39083999999999997,20,20,g0,Loose,Loose,Loose_L1,0
4371,1.70658e+09,1,1,5.21565,0.433736,1.0,0.40926799999999997,20,20,g0,Loose,Loose,Loose_L1,0
4373,1.70658e+09,1,1,5.78311,0.48978,1.0,0.4177605,20,20,g0,Loose,Loose,Loose_L1,0
4375,1.70658e+09,1,1,5.19979,0.397169,1.0,0.4177605,20,20,g0,Loose,Loose,Loose_L1,0
4377,1.70658e+09,1,1,5.62271,0.482492,1.0,0.4245555,20,20,g0,Loose,Loose,Loose_L1,0
4379,1.70658e+09,1,1,5.51874,0.46202,1.0,0.4245555,20,20,g0,Loose,Loose,Loose_L1,0
4381,1.70658e+09,1,1,6.60774,0.550614,1.0,0.4317935,20,20,g0,Loose,Loose,Loose_L1,0
4383,1.70658e+09,1,1,6.07999,0.418748,1.0,0.4317935,20,20,g0,Loose,Loose,Loose_L1,0
4385,1.70658e+09,1,1,7.49727,0.545972,1.0,0.444939,20,20,g0,Loose,Loose,Loose_L1,0
4387,1.70658e+09,1,1,5.8262,0.471568,1.0,0.45908099999999996,20,20,g0,Loose,Loose,Loose_L1,0
4389,1.70658e+09,1,1,6.56735,0.474181,1.0,0.466794,20,20,g0,Loose,Loose,Loose_L1,0
4391,1.70658e+09,1,1,6.16126,0.447171,1.0,0.466794,20,20,g0,Loose,Loose,Loose_L1,0
4393,1.70658e+09,1,1,7.34903,0.526292,1.0,0.466794,20,20,g0,Loose,Loose,Loose_L1,0
4395,1.70658e+09,1,1,7.05008,0.50675,1.0,0.4728745,20,20,g0,Loose,Loose,Loose_L1,0
4397,1.70658e+09,1,1,6.7226,0.486114,1.0,0.4728745,20,20,g0,Loose,Loose,Loose_L1,0
4399,1.70658e+09,1,1,6.02701,0.474466,1.0,0.4743235,20,20,g0,Loose,Loose,Loose_L1,0
4401,1.70658e+09,1,1,8.08097,0.59666,1.0,0.47833400000000004,20,20,g0,Loose,Loose,Loose_L1,0
4403,1.70658e+09,1,1,6.18381,0.462949,1.0,0.47833400000000004,20,20,g0,Loose,Loose,Loose_L1,0
4405,1.70658e+09,1,1,6.0707,0.452785,1.0,0.4743235,20,20,g0,Loose,Loose,Loose_L1,0
4407,1.70658e+09,1,1,7.09512,0.521376,1.0,0.4743235,20,20,g0,Loose,Loose,Loose_L1,0
4409,1.70658e+09,1,1,5.78019,0.446408,1.0,0.4743235,20,20,g0,Loose,Loose,Loose_L1,0
4411,1.70658e+09,1,1,6.14591,0.517817,1.0,0.478479,20,20,g0,Loose,Loose,Loose_L1,0
4413,1.70658e+09,1,1,6.91338,0.577591,1.0,0.478479,20,20,g0,Loose,Loose,Loose_L1,0
4415,1.70658e+09,1,1,5.88883,0.444433,1.0,0.478479,20,20,g0,Loose,Loose,Loose_L1,0
4417,1.70658e+09,1,1,6.76229,0.48857,1.0,0.48029,20,20,g0,Loose,Loose,Loose_L1,0
4419,1.70658e+09,1,1,6.4507,0.457893,1.0,0.48029,20,20,g0,Loose,Loose,Loose_L1,0
4421,1.70658e+09,1,1,6.0525,0.418897,1.0,0.4743235,20,20,g0,Loose,Loose,Loose_L1,0
4423,1.70658e+09,1,1,8.12019,0.597342,1.0,0.48029,20,20,g0,Loose,Loose,Loose_L1,0
4425,1.70658e+09,1,1,6.46141,0.445433,1.0,0.4743235,20,20,g0,Loose,Loose,Loose_L1,0
4427,1.70658e+09,1,1,6.0639,0.419386,1.0,0.4743235,20,20,g0,Loose,Loose,Loose_L1,0
4429,1.70658e+09,1,1,5.96534,0.507492,1.0,0.48029,20,20,g0,Loose,Loose,Loose_L1,0
4431,1.70658e+09,1,1,5.95188,0.487079,1.0,0.4865965,20,20,g0,Loose,Loose,Loose_L1,0
4433,1.70658e+09,1,1,5.95409,0.488913,1.0,0.4865965,20,20,g0,Loose,Loose,Loose_L1,0
4435,1.70658e+09,1,1,6.43233,0.52913,1.0,0.4865965,20,20,g0,Loose,Loose,Loose_L1,0
4437,1.70658e+09,1,1,6.05915,0.486636,1.0,0.4868575,20,20,g0,Loose,Loose,Loose_L1,0
4439,1.70658e+09,1,1,5.44909,0.374124,1.0,0.4868575,20,20,g0,Loose,Loose,Loose_L1,0
4441,1.70658e+09,1,1,5.32872,0.38121,1.0,0.4747925,20,20,g0,Loose,Loose,Loose_L1,0
4443,1.70658e+09,1,1,6.15124,0.468114,1.0,0.477375,20,20,g0,Loose,Loose,Loose_L1,0
4445,1.70658e+09,1,1,5.91461,0.431915,1.0,0.477375,20,20,g0,Loose,Loose,Loose_L1,0
4447,1.70658e+09,1,1,5.59893,0.413982,1.0,0.4630035,20,20,g0,Loose,Loose,Loose_L1,0
4449,1.70658e+09,1,1,4.93303,0.352218,1.0,0.4630035,20,20,g0,Loose,Loose,Loose_L1,0
4451,1.70658e+09,1,1,5.27199,0.401027,1.0,0.45166300000000004,20,20,g0,Loose,Loose,Loose_L1,0
4453,1.70658e+09,1,1,5.75233,0.434856,1.0,0.444933,20,20,g0,Loose,Loose,Loose_L1,0
4455,1.70658e+09,1,1,5.2478,0.38935,1.0,0.44014450000000005,20,20,g0,Loose,Loose,Loose_L1,0
4457,1.70658e+09,1,1,5.1237,0.386104,1.0,0.4333855,20,20,g0,Loose,Loose,Loose_L1,0
4459,1.70658e+09,1,1,4.76756,0.346749,1.0,0.4256505,20,20,g0,Loose,Loose,Loose_L1,0
4461,1.70658e+09,1,1,5.79922,0.43153,1.0,0.4317225,20,20,g0,Loose,Loose,Loose_L1,0
4463,1.70658e+09,1,1,5.58566,0.417825,1.0,0.425458,20,20,g0,Loose,Loose,Loose_L1,0
4465,1.70658e+09,1,1,4.90538,0.366176,1.0,0.41860549999999996,20,20,g0,Loose,Loose,Loose_L1,0
4467,1.70658e+09,1,1,4.73685,0.360233,1.0,0.4159035,20,20,g0,Loose,Loose,Loose_L1,0
4469,1.70658e+09,1,1,6.01178,0.465456,1.0,0.4159035,20,20,g0,Loose,Loose,Loose_L1,0
4471,1.70658e+09,1,1,4.82221,0.356003,1.0,0.40750450000000005,20,20,g0,Loose,Loose,Loose_L1,0
4473,1.70658e+09,1,1,4.79979,0.366937,1.0,0.3951885,20,20,g0,Loose,Loose,Loose_L1,0
4475,1.70658e+09,1,1,4.45266,0.338904,1.0,0.387727,20,20,g0,Loose,Loose,Loose_L1,0
4477,1.70658e+09,1,1,5.06626,0.376723,1.0,0.383657,20,20,g0,Loose,Loose,Loose_L1,0
4479,1.70658e+09,1,1,4.81806,0.37215,1.0,0.383657,20,20,g0,Loose,Loose,Loose_L1,0
4481,1.70658e+09,1,1,5.22913,0.392965,1.0,0.387727,20,20,g0,Loose,Loose,Loose_L1,0
4483,1.70658e+09,1,1,5.11579,0.39357,1.0,0.387727,20,20,g0,Loose,Loose,Loose_L1,0
4485,1.70658e+09,1,1,4.59414,0.348354,1.0,0.38141349999999996,20,20,g0,Loose,Loose,Loose_L1,0
4487,1.70658e+09,1,1,4.632,0.350746,1.0,0.37443649999999995,20,20,g0,Loose,Loose,Loose_L1,0
4489,1.70658e+09,1,1,4.61289,0.359909,1.0,0.37443649999999995,20,20,g0,Loose,Loose,Loose_L1,0
4491,1.70658e+09,1,1,4.69726,0.371427,1.0,0.37178849999999997,20,20,g0,Loose,Loose,Loose_L1,0
4493,1.70658e+09,1,1,4.31528,0.333195,1.0,0.369182,20,20,g0,Loose,Loose,Loose_L1,0
4495,1.70658e+09,1,1,4.4231,0.335928,1.0,0.3665565,20,20,g0,Loose,Loose,Loose_L1,0
4497,1.70658e+09,1,1,4.78342,0.37965,1.0,0.3665565,20,20,g0,Loose,Loose,Loose_L1,0
4499,1.70658e+09,1,1,4.64647,0.353296,1.0,0.3665565,20,20,g0,Loose,Loose,Loose_L1,0
4501,1.70658e+09,1,1,5.1372,0.39717,1.0,0.3665565,20,20,g0,Loose,Loose,Loose_L1,0
4503,1.70658e+09,1,1,4.53197,0.344315,1.0,0.36320450000000004,20,20,g0,Loose,Loose,Loose_L1,0
4505,1.70658e+09,1,1,4.77945,0.376402,1.0,0.36358500000000005,20,20,g0,Loose,Loose,Loose_L1,0
4507,1.70658e+09,1,1,4.70695,0.365656,1.0,0.3662965,20,20,g0,Loose,Loose,Loose_L1,0
4509,1.70658e+09,1,1,4.56881,0.356704,1.0,0.3627825,20,20,g0,Loose,Loose,Loose_L1,0
4511,1.70658e+09,1,1,4.96378,0.394974,1.0,0.3662965,20,20,g0,Loose,Loose,Loose_L1,0
4513,1.70658e+09,1,1,4.21205,0.325299,1.0,0.3627825,20,20,g0,Loose,Loose,Loose_L1,0
4515,1.70658e+09,1,1,4.29809,0.329387,1.0,0.3627825,20,20,g0,Loose,Loose,Loose_L1,0
4517,1.70658e+09,1,1,4.24504,0.34008,1.0,0.35830649999999997,20,20,g0,Loose,Loose,Loose_L1,0
4519,1.70658e+09,1,1,3.91714,0.298687,1.0,0.355,20,20,g0,Loose,Loose,Loose_L1,0
4521,1.70658e+09,1,1,4.81293,0.384866,1.0,0.355,20,20,g0,Loose,Loose,Loose_L1,0
4523,1.70658e+09,1,1,4.34949,0.336534,1.0,0.35202100000000003,20,20,g0,Loose,Loose,Loose_L1,0
4525,1.70658e+09,1,1,4.56443,0.341806,1.0,0.35202100000000003,20,20,g0,Loose,Loose,Loose_L1,0
4527,1.70658e+09,1,1,4.27752,0.330893,1.0,0.3488055,20,20,g0,Loose,Loose,Loose_L1,0
4529,1.70658e+09,1,1,5.28177,0.404147,1.0,0.3488055,20,20,g0,Loose,Loose,Loose_L1,0
4531,1.70658e+09,1,1,4.4567,0.33994,1.0,0.3430605,20,20,g0,Loose,Loose,Loose_L1,0
4533,1.70658e+09,1,1,4.60142,0.357612,1.0,0.3488055,20,20,g0,Loose,Loose,Loose_L1,0
4535,1.70658e+09,1,1,3.9301,0.303361,1.0,0.3488055,20,20,g0,Loose,Loose,Loose_L1,0
4537,1.70658e+09,1,1,4.28851,0.344135,1.0,0.344225,20,20,g0,Loose,Loose,Loose_L1,0
4539,1.70658e+09,1,1,4.37355,0.398207,1.0,0.344225,20,20,g0,Loose,Loose,Loose_L1,0
4541,1.70658e+09,1,1,4.50009,0.347863,1.0,0.344225,20,20,g0,Loose,Loose,Loose_L1,0
4543,1.70658e+09,1,1,4.39954,0.343137,1.0,0.34363600000000005,20,20,g0,Loose,Loose,Loose_L1,0
4545,1.70658e+09,1,1,4.28893,0.33676,1.0,0.34247150000000004,20,20,g0,Loose,Loose,Loose_L1,0
4547,1.70658e+09,1,1,4.32636,0.329997,1.0,0.340943,20,20,g0,Loose,Loose,Loose_L1,0
4549,1.70658e+09,1,1,4.28655,0.341873,1.0,0.340943,20,20,g0,Loose,Loose,Loose_L1,0
4551,1.70658e+09,1,1,4.32052,0.338277,1.0,0.34001000000000003,20,20,g0,Loose,Loose,Loose_L1,0
4553,1.70658e+09,1,1,4.4326,0.352753,1.0,0.340943,20,20,g0,Loose,Loose,Loose_L1,0
4555,1.70658e+09,1,1,4.58866,0.359932,1.0,0.34183949999999996,20,20,g0,Loose,Loose,Loose_L1,0
4557,1.70658e+09,1,1,4.22677,0.331809,1.0,0.34183949999999996,20,20,g0,Loose,Loose,Loose_L1,0
4559,1.70658e+09,1,1,4.3095,0.337028,1.0,0.34183949999999996,20,20,g0,Loose,Loose,Loose_L1,0
4561,1.70658e+09,1,1,3.95736,0.313036,1.0,0.340873,20,20,g0,Loose,Loose,Loose_L1,0
4563,1.70658e+09,1,1,4.28242,0.339639,1.0,0.340873,20,20,g0,Loose,Loose,Loose_L1,0
4565,1.70658e+09,1,1,4.22393,0.330141,1.0,0.3397895,20,20,g0,Loose,Loose,Loose_L1,0
4567,1.70658e+09,1,1,4.30198,0.340628,1.0,0.34028400000000003,20,20,g0,Loose,Loose,Loose_L1,0
4569,1.70658e+09,1,1,4.26289,0.324191,1.0,0.3397895,20,20,g0,Loose,Loose,Loose_L1,0
4571,1.70658e+09,1,1,4.53624,0.362242,1.0,0.3401335,20,20,g0,Loose,Loose,Loose_L1,0
4573,1.70658e+09,1,1,4.44216,0.345269,1.0,0.3401335,20,20,g0,Loose,Loose,Loose_L1,0
4575,1.70658e+09,1,1,4.88775,0.385776,1.0,0.3412505,20,20,g0,Loose,Loose,Loose_L1,0
4577,1.70658e+09,1,1,4.47027,0.343768,1.0,0.3412505,20,20,g0,Loose,Loose,Loose_L1,0
4579,1.70658e+09,1,1,5.4359,0.422072,1.0,0.3412505,20,20,g0,Loose,Loose,Loose_L1,0
4581,1.70658e+09,1,1,4.84191,0.354234,1.0,0.3412505,20,20,g0,Loose,Loose,Loose_L1,0
4583,1.70658e+09,1,1,4.45445,0.342764,1.0,0.3412505,20,20,g0,Loose,Loose,Loose_L1,0
4585,1.70658e+09,1,1,4.02641,0.315262,1.0,0.3412505,20,20,g0,Loose,Loose,Loose_L1,0
4587,1.70658e+09,1,1,4.36094,0.34588,1.0,0.34231849999999997,20,20,g0,Loose,Loose,Loose_L1,0
4589,1.70658e+09,1,1,4.35341,0.33968,1.0,0.341696,20,20,g0,Loose,Loose,Loose_L1,0
4591,1.70658e+09,1,1,4.80576,0.374687,1.0,0.343266,20,20,g0,Loose,Loose,Loose_L1,0
4593,1.70658e+09,1,1,4.04634,0.313576,1.0,0.341696,20,20,g0,Loose,Loose,Loose_L1,0
4595,1.70658e+09,1,1,4.60764,0.366545,1.0,0.341696,20,20,g0,Loose,Loose,Loose_L1,0
4597,1.70658e+09,1,1,5.00378,0.394123,1.0,0.343266,20,20,g0,Loose,Loose,Loose_L1,0
4599,1.70658e+09,1,1,5.43382,0.419845,1.0,0.3445185,20,20,g0,Loose,Loose,Loose_L1,0
4601,1.70658e+09,1,1,4.42149,0.335682,1.0,0.3445185,20,20,g0,Loose,Loose,Loose_L1,0
4603,1.70658e+09,1,1,4.76763,0.365974,1.0,0.3455745,20,20,g0,Loose,Loose,Loose_L1,0
4605,1.70658e+09,1,1,4.63119,0.361012,1.0,0.350057,20,20,g0,Loose,Loose,Loose_L1,0
4607,1.70658e+09,1,1,4.32627,0.329986,1.0,0.350057,20,20,g0,Loose,Loose,Loose_L1,0
4609,1.70658e+09,1,1,4.40458,0.356301,1.0,0.35526749999999996,20,20,g0,Loose,Loose,Loose_L1,0
4611,1.70658e+09,1,1,4.11515,0.313937,1.0,0.350057,20,20,g0,Loose,Loose,Loose_L1,0
4613,1.70658e+09,1,1,4.39879,0.340066,1.0,0.350057,20,20,g0,Loose,Loose,Loose_L1,0
4615,1.70658e+09,1,1,4.63079,0.347559,1.0,0.3467195,20,20,g0,Loose,Loose,Loose_L1,0
4617,1.70658e+09,1,1,4.48325,0.361461,1.0,0.3508965,20,20,g0,Loose,Loose,Loose_L1,0
4619,1.70658e+09,1,1,5.04647,0.406206,1.0,0.3508965,20,20,g0,Loose,Loose,Loose_L1,0
4621,1.70658e+09,1,1,4.49918,0.336017,1.0,0.3467195,20,20,g0,Loose,Loose,Loose_L1,0
4623,1.70658e+09,1,1,4.89871,0.396622,1.0,0.35192999999999997,20,20,g0,Loose,Loose,Loose_L1,0
4625,1.70658e+09,1,1,4.93959,0.371168,1.0,0.3586565,20,20,g0,Loose,Loose,Loose_L1,0
4627,1.70658e+09,1,1,5.81299,0.443572,1.0,0.36123649999999996,20,20,g0,Loose,Loose,Loose_L1,0
4629,1.70658e+09,1,1,5.05951,0.387242,1.0,0.3637175,20,20,g0,Loose,Loose,Loose_L1,0
4631,1.70658e+09,1,1,6.0678,0.452054,1.0,0.3637175,20,20,g0,Loose,Loose,Loose_L1,0
4633,1.70658e+09,1,1,4.96094,0.372989,1.0,0.3662595,20,20,g0,Loose,Loose,Loose_L1,0
4635,1.70658e+09,1,1,5.2395,0.397821,1.0,0.368571,20,20,g0,Loose,Loose,Loose_L1,0
4637,1.70658e+09,1,1,5.37848,0.407126,1.0,0.368571,20,20,g0,Loose,Loose,Loose_L1,0
4639,1.70658e+09,1,1,5.05692,0.362982,1.0,0.364478,20,20,g0,Loose,Loose,Loose_L1,0
4641,1.70658e+09,1,1,4.76002,0.360954,1.0,0.364478,20,20,g0,Loose,Loose,Loose_L1,0
4643,1.70658e+09,1,1,4.94875,0.381805,1.0,0.36707500000000004,20,20,g0,Loose,Loose,Loose_L1,0
4645,1.70658e+09,1,1,6.48344,0.501407,1.0,0.3720785,20,20,g0,Loose,Loose,Loose_L1,0
4647,1.70658e+09,1,1,4.48655,0.309467,1.0,0.3720785,20,20,g0,Loose,Loose,Loose_L1,0
4649,1.70658e+09,1,1,5.65828,0.423287,1.0,0.377397,20,20,g0,Loose,Loose,Loose_L1,0
4651,1.70658e+09,1,1,5.66008,0.423558,1.0,0.3845235,20,20,g0,Loose,Loose,Loose_L1,0
4653,1.70658e+09,1,1,6.3026,0.450316,1.0,0.39193199999999995,20,20,g0,Loose,Loose,Loose_L1,0
4655,1.70658e+09,1,1,7.07721,0.520235,1.0,0.3972215,20,20,g0,Loose,Loose,Loose_L1,0
4657,1.70658e+09,1,1,4.72377,0.3317,1.0,0.3972215,20,20,g0,Loose,Loose,Loose_L1,0
4659,1.70658e+09,1,1,5.60007,0.431517,1.0,0.3972215,20,20,g0,Loose,Loose,Loose_L1,0
4661,1.70658e+09,1,1,5.64968,0.425138,1.0,0.4024735,20,20,g0,Loose,Loose,Loose_L1,0
4663,1.70658e+09,1,1,6.00026,0.453116,1.0,0.41520650000000003,20,20,g0,Loose,Loose,Loose_L1,0
4665,1.70658e+09,1,1,7.67596,0.568821,1.0,0.42342250000000003,20,20,g0,Loose,Loose,Loose_L1,0
4667,1.70658e+09,1,1,5.7757,0.388205,1.0,0.41520650000000003,20,20,g0,Loose,Loose,Loose_L1,0
4669,1.70658e+09,1,1,5.83562,0.434557,1.0,0.42342250000000003,20,20,g0,Loose,Loose,Loose_L1,0
4671,1.70658e+09,1,1,6.86082,0.476039,1.0,0.42342250000000003,20,20,g0,Loose,Loose,Loose_L1,0
4673,1.70658e+09,1,1,6.03876,0.443221,1.0,0.424348,20,20,g0,Loose,Loose,Loose_L1,0
4675,1.70658e+09,1,1,7.56686,0.548223,1.0,0.42832749999999997,20,20,g0,Loose,Loose,Loose_L1,0
4677,1.70658e+09,1,1,6.50776,0.458266,1.0,0.433037,20,20,g0,Loose,Loose,Loose_L1,0
4679,1.70658e+09,1,1,6.65835,0.480243,1.0,0.438889,20,20,g0,Loose,Loose,Loose_L1,0
4681,1.70658e+09,1,1,5.94281,0.426892,1.0,0.438889,20,20,g0,Loose,Loose,Loose_L1,0
4683,1.70658e+09,1,1,6.13398,0.457838,1.0,0.4467685,20,20,g0,Loose,Loose,Loose_L1,0
4685,1.70658e+09,1,1,5.63592,0.418045,1.0,0.438889,20,20,g0,Loose,Loose,Loose_L1,0
4687,1.70658e+09,1,1,6.43013,0.464688,1.0,0.4467685,20,20,g0,Loose,Loose,Loose_L1,0
4689,1.70658e+09,1,1,6.67305,0.454591,1.0,0.451716,20,20,g0,Loose,Loose,Loose_L1,0
4691,1.70658e+09,1,1,5.6111,0.418295,1.0,0.451716,20,20,g0,Loose,Loose,Loose_L1,0
4693,1.70658e+09,1,1,5.46383,0.384621,1.0,0.44816849999999997,20,20,g0,Loose,Loose,Loose_L1,0
4695,1.70658e+09,1,1,5.69945,0.442284,1.0,0.4427525,20,20,g0,Loose,Loose,Loose_L1,0
4697,1.70658e+09,1,1,6.00245,0.420965,1.0,0.4427525,20,20,g0,Loose,Loose,Loose_L1,0
4699,1.70658e+09,1,1,5.5631,0.417259,1.0,0.4427525,20,20,g0,Loose,Loose,Loose_L1,0
4701,1.70658e+09,1,1,4.91226,0.362419,1.0,0.4427525,20,20,g0,Loose,Loose,Loose_L1,0
4703,1.70658e+09,1,1,5.87618,0.462117,1.0,0.4427525,20,20,g0,Loose,Loose,Loose_L1,0
4705,1.70658e+09,1,1,6.68184,0.503536,1.0,0.4427525,20,20,g0,Loose,Loose,Loose_L1,0
4707,1.70658e+09,1,1,5.78549,0.417339,1.0,0.4427525,20,20,g0,Loose,Loose,Loose_L1,0
4709,1.70658e+09,1,1,7.0027,0.507112,1.0,0.448906,20,20,g0,Loose,Loose,Loose_L1,0
4711,1.70658e+09,1,1,6.0694,0.432143,1.0,0.4427525,20,20,g0,Loose,Loose,Loose_L1,0
4713,1.70658e+09,1,1,6.0083,0.442298,1.0,0.442291,20,20,g0,Loose,Loose,Loose_L1,0
4715,1.70658e+09,1,1,6.16202,0.45242,1.0,0.442291,20,20,g0,Loose,Loose,Loose_L1,0
4717,1.70658e+09,1,1,6.60845,0.480879,1.0,0.442291,20,20,g0,Loose,Loose,Loose_L1,0
4719,1.70658e+09,1,1,5.71218,0.396331,1.0,0.43721350000000003,20,20,g0,Loose,Loose,Loose_L1,0
4721,1.70658e+09,1,1,7.40258,0.552774,1.0,0.442291,20,20,g0,Loose,Loose,Loose_L1,0
4723,1.70658e+09,1,1,6.56623,0.471153,1.0,0.442291,20,20,g0,Loose,Loose,Loose_L1,0
4725,1.70658e+09,1,1,5.83077,0.426059,1.0,0.442291,20,20,g0,Loose,Loose,Loose_L1,0
4727,1.70658e+09,1,1,6.51624,0.467347,1.0,0.442291,20,20,g0,Loose,Loose,Loose_L1,0
4729,1.70658e+09,1,1,6.33088,0.468997,1.0,0.442291,20,20,g0,Loose,Loose,Loose_L1,0
4731,1.70658e+09,1,1,5.05568,0.372943,1.0,0.442291,20,20,g0,Loose,Loose,Loose_L1,0
4733,1.70658e+09,1,1,5.9041,0.45339,1.0,0.447359,20,20,g0,Loose,Loose,Loose_L1,0
4735,1.70658e+09,1,1,6.27007,0.471688,1.0,0.452905,20,20,g0,Loose,Loose,Loose_L1,0
4737,1.70658e+09,1,1,6.32008,0.471321,1.0,0.45775350000000004,20,20,g0,Loose,Loose,Loose_L1,0
4739,1.70658e+09,1,1,5.6355,0.414172,1.0,0.45775350000000004,20,20,g0,Loose,Loose,Loose_L1,0
4741,1.70658e+09,1,1,6.13819,0.461329,1.0,0.461723,20,20,g0,Loose,Loose,Loose_L1,0
4743,1.70658e+09,1,1,6.02434,0.463113,1.0,0.462221,20,20,g0,Loose,Loose,Loose_L1,0
4745,1.70658e+09,1,1,4.91595,0.375595,1.0,0.45735950000000003,20,20,g0,Loose,Loose,Loose_L1,0
4747,1.70658e+09,1,1,5.55199,0.445481,1.0,0.45735950000000003,20,20,g0,Loose,Loose,Loose_L1,0
4749,1.70658e+09,1,1,5.61763,0.40043,1.0,0.452905,20,20,g0,Loose,Loose,Loose_L1,0
4751,1.70658e+09,1,1,6.06651,0.450872,1.0,0.452905,20,20,g0,Loose,Loose,Loose_L1,0
4753,1.70658e+09,1,1,5.20181,0.381047,1.0,0.452905,20,20,g0,Loose,Loose,Loose_L1,0
4755,1.70658e+09,1,1,4.96791,0.379443,1.0,0.452131,20,20,g0,Loose,Loose,Loose_L1,0
4757,1.70658e+09,1,1,5.54027,0.439652,1.0,0.4481765,20,20,g0,Loose,Loose,Loose_L1,0
4759,1.70658e+09,1,1,5.15856,0.404456,1.0,0.4481765,20,20,g0,Loose,Loose,Loose_L1,0
4761,1.70658e+09,1,1,5.69998,0.446964,1.0,0.44622249999999997,20,20,g0,Loose,Loose,Loose_L1,0
4763,1.70658e+09,1,1,5.57641,0.42044,1.0,0.4425665,20,20,g0,Loose,Loose,Loose_L1,0
4765,1.70658e+09,1,1,4.99281,0.392085,1.0,0.4425665,20,20,g0,Loose,Loose,Loose_L1,0
4767,1.70658e+09,1,1,5.76963,0.454255,1.0,0.4425665,20,20,g0,Loose,Loose,Loose_L1,0
4769,1.70658e+09,1,1,5.93816,0.469065,1.0,0.4425665,20,20,g0,Loose,Loose,Loose_L1,0
4771,1.70658e+09,1,1,6.16149,0.471092,1.0,0.44622249999999997,20,20,g0,Loose,Loose,Loose_L1,0
4773,1.70658e+09,1,1,6.14569,0.47837,1.0,0.44622249999999997,20,20,g0,Loose,Loose,Loose_L1,0
4775,1.70658e+09,1,1,5.02077,0.393848,1.0,0.4425665,20,20,g0,Loose,Loose,Loose_L1,0
4777,1.70658e+09,1,1,6.39163,0.522191,1.0,0.4425665,20,20,g0,Loose,Loose,Loose_L1,0
4779,1.70658e+09,1,1,5.6189,0.416527,1.0,0.4425665,20,20,g0,Loose,Loose,Loose_L1,0
4781,1.70658e+09,1,1,5.4383,0.433678,1.0,0.43666499999999997,20,20,g0,Loose,Loose,Loose_L1,0
4783,1.70658e+09,1,1,5.61005,0.442332,1.0,0.43666499999999997,20,20,g0,Loose,Loose,Loose_L1,0
4785,1.70658e+09,1,1,5.60307,0.450133,1.0,0.440992,20,20,g0,Loose,Loose,Loose_L1,0
4787,1.70658e+09,1,1,5.61638,0.426606,1.0,0.43666499999999997,20,20,g0,Loose,Loose,Loose_L1,0
4789,1.70658e+09,1,1,6.18857,0.477863,1.0,0.440992,20,20,g0,Loose,Loose,Loose_L1,0
4791,1.70658e+09,1,1,6.00819,0.464405,1.0,0.440992,20,20,g0,Loose,Loose,Loose_L1,0
4793,1.70658e+09,1,1,5.83403,0.444264,1.0,0.44329799999999997,20,20,g0,Loose,Loose,Loose_L1,0
4795,1.70658e+09,1,1,6.28344,0.493415,1.0,0.44561399999999995,20,20,g0,Loose,Loose,Loose_L1,0
4797,1.70658e+09,1,1,5.44961,0.416854,1.0,0.44561399999999995,20,20,g0,Loose,Loose,Loose_L1,0
4799,1.70658e+09,1,1,5.84426,0.454424,1.0,0.4485485,20,20,g0,Loose,Loose,Loose_L1,0
4801,1.70658e+09,1,1,5.15857,0.38517,1.0,0.4471985,20,20,g0,Loose,Loose,Loose_L1,0
4803,1.70658e+09,1,1,5.02887,0.392292,1.0,0.4471985,20,20,g0,Loose,Loose,Loose_L1,0
4805,1.70658e+09,1,1,5.10568,0.403597,1.0,0.4471985,20,20,g0,Loose,Loose,Loose_L1,0
4807,1.70658e+09,1,1,5.78813,0.474257,1.0,0.4471985,20,20,g0,Loose,Loose,Loose_L1,0
4809,1.70658e+09,1,1,6.25247,0.467472,1.0,0.4471985,20,20,g0,Loose,Loose,Loose_L1,0
4811,1.70658e+09,1,1,5.33934,0.404373,1.0,0.44329799999999997,20,20,g0,Loose,Loose,Loose_L1,0
4813,1.70658e+09,1,1,6.03351,0.491527,1.0,0.44329799999999997,20,20,g0,Loose,Loose,Loose_L1,0
4815,1.70658e+09,1,1,5.39449,0.403184,1.0,0.44329799999999997,20,20,g0,Loose,Loose,Loose_L1,0
4817,1.70658e+09,1,1,5.39303,0.420984,1.0,0.438005,20,20,g0,Loose,Loose,Loose_L1,0
4819,1.70658e+09,1,1,6.14055,0.441055,1.0,0.44169349999999996,20,20,g0,Loose,Loose,Loose_L1,0
4821,1.70658e+09,1,1,5.18588,0.394465,1.0,0.44169349999999996,20,20,g0,Loose,Loose,Loose_L1,0
4823,1.70658e+09,1,1,5.35229,0.42486,1.0,0.4338305,20,20,g0,Loose,Loose,Loose_L1,0
4825,1.70658e+09,1,1,5.0455,0.387351,1.0,0.42573300000000003,20,20,g0,Loose,Loose,Loose_L1,0
4827,1.70658e+09,1,1,5.28711,0.421375,1.0,0.42311750000000004,20,20,g0,Loose,Loose,Loose_L1,0
4829,1.70658e+09,1,1,6.10334,0.4778,1.0,0.42311750000000004,20,20,g0,Loose,Loose,Loose_L1,0
4831,1.70658e+09,1,1,5.33281,0.401117,1.0,0.42117950000000004,20,20,g0,Loose,Loose,Loose_L1,0
4833,1.70658e+09,1,1,5.63213,0.437894,1.0,0.42117950000000004,20,20,g0,Loose,Loose,Loose_L1,0
4835,1.70658e+09,1,1,6.70338,0.509179,1.0,0.42117950000000004,20,20,g0,Loose,Loose,Loose_L1,0
4837,1.70658e+09,1,1,4.85598,0.361494,1.0,0.42117950000000004,20,20,g0,Loose,Loose,Loose_L1,0
4839,1.70658e+09,1,1,5.59817,0.434974,1.0,0.42117950000000004,20,20,g0,Loose,Loose,Loose_L1,0
4841,1.70658e+09,1,1,5.01864,0.380142,1.0,0.42117950000000004,20,20,g0,Loose,Loose,Loose_L1,0
4843,1.70658e+09,1,1,5.59536,0.434913,1.0,0.42311750000000004,20,20,g0,Loose,Loose,Loose_L1,0
4845,1.70658e+09,1,1,5.28818,0.406943,1.0,0.42311750000000004,20,20,g0,Loose,Loose,Loose_L1,0
4847,1.70658e+09,1,1,6.50338,0.506347,1.0,0.42311750000000004,20,20,g0,Loose,Loose,Loose_L1,0
4849,1.70658e+09,1,1,6.08287,0.45548,1.0,0.42311750000000004,20,20,g0,Loose,Loose,Loose_L1,0
4851,1.70658e+09,1,1,5.30897,0.409287,1.0,0.42311750000000004,20,20,g0,Loose,Loose,Loose_L1,0
4853,1.70658e+09,1,1,5.25308,0.414589,1.0,0.42117950000000004,20,20,g0,Loose,Loose,Loose_L1,0
4855,1.70658e+09,1,1,5.31844,0.425897,1.0,0.42311750000000004,20,20,g0,Loose,Loose,Loose_L1,0
4857,1.70658e+09,1,1,5.43625,0.423815,1.0,0.42433750000000003,20,20,g0,Loose,Loose,Loose_L1,0
4859,1.70658e+09,1,1,4.73602,0.372211,1.0,0.422595,20,20,g0,Loose,Loose,Loose_L1,0
4861,1.70658e+09,1,1,5.36963,0.441391,1.0,0.42433750000000003,20,20,g0,Loose,Loose,Loose_L1,0
4863,1.70658e+09,1,1,5.99975,0.473448,1.0,0.424856,20,20,g0,Loose,Loose,Loose_L1,0
4865,1.70658e+09,1,1,5.02735,0.380313,1.0,0.424856,20,20,g0,Loose,Loose,Loose_L1,0
4867,1.70658e+09,1,1,5.7743,0.469296,1.0,0.43040500000000004,20,20,g0,Loose,Loose,Loose_L1,0
4869,1.70658e+09,1,1,5.92987,0.465891,1.0,0.43040500000000004,20,20,g0,Loose,Loose,Loose_L1,0
4871,1.70658e+09,1,1,6.70611,0.514293,1.0,0.43494350000000004,20,20,g0,Loose,Loose,Loose_L1,0
4873,1.70658e+09,1,1,5.35571,0.395636,1.0,0.43040500000000004,20,20,g0,Loose,Loose,Loose_L1,0
4875,1.70658e+09,1,1,5.45997,0.418722,1.0,0.424856,20,20,g0,Loose,Loose,Loose_L1,0
4877,1.70658e+09,1,1,6.0591,0.458927,1.0,0.43040500000000004,20,20,g0,Loose,Loose,Loose_L1,0
4879,1.70658e+09,1,1,5.29059,0.407929,1.0,0.424856,20,20,g0,Loose,Loose,Loose_L1,0
4881,1.70658e+09,1,1,5.27629,0.401628,1.0,0.424856,20,20,g0,Loose,Loose,Loose_L1,0
4883,1.70658e+09,1,1,5.20866,0.398317,1.0,0.4212685,20,20,g0,Loose,Loose,Loose_L1,0
4885,1.70658e+09,1,1,6.51284,0.499087,1.0,0.424856,20,20,g0,Loose,Loose,Loose_L1,0
4887,1.70658e+09,1,1,5.73824,0.421453,1.0,0.422634,20,20,g0,Loose,Loose,Loose_L1,0
4889,1.70658e+09,1,1,6.03318,0.458483,1.0,0.422634,20,20,g0,Loose,Loose,Loose_L1,0
4891,1.70658e+09,1,1,5.81439,0.440446,1.0,0.424856,20,20,g0,Loose,Loose,Loose_L1,0
4893,1.70658e+09,1,1,6.56768,0.499698,1.0,0.43317150000000004,20,20,g0,Loose,Loose,Loose_L1,0
4895,1.70658e+09,1,1,6.1768,0.454797,1.0,0.4409185,20,20,g0,Loose,Loose,Loose_L1,0
4897,1.70658e+09,1,1,5.85865,0.435095,1.0,0.4409185,20,20,g0,Loose,Loose,Loose_L1,0
4899,1.70658e+09,1,1,5.43986,0.414126,1.0,0.4409185,20,20,g0,Loose,Loose,Loose_L1,0
4901,1.70658e+09,1,1,5.46198,0.42244,1.0,0.4377705,20,20,g0,Loose,Loose,Loose_L1,0
4903,1.70658e+09,1,1,6.75813,0.523931,1.0,0.4377705,20,20,g0,Loose,Loose,Loose_L1,0
4905,1.70658e+09,1,1,6.65398,0.499978,1.0,0.4476215,20,20,g0,Loose,Loose,Loose_L1,0
4907,1.70658e+09,1,1,5.75345,0.427766,1.0,0.4377705,20,20,g0,Loose,Loose,Loose_L1,0
4909,1.70658e+09,1,1,5.62265,0.424517,1.0,0.4314305,20,20,g0,Loose,Loose,Loose_L1,0
4911,1.70658e+09,1,1,5.34558,0.425375,1.0,0.42657049999999996,20,20,g0,Loose,Loose,Loose_L1,0
4913,1.70658e+09,1,1,6.43463,0.510493,1.0,0.4314305,20,20,g0,Loose,Loose,Loose_L1,0
4915,1.70658e+09,1,1,5.92075,0.458078,1.0,0.4377705,20,20,g0,Loose,Loose,Loose_L1,0
4917,1.70658e+09,1,1,5.77581,0.454003,1.0,0.4377705,20,20,g0,Loose,Loose,Loose_L1,0
4919,1.70658e+09,1,1,6.37475,0.472292,1.0,0.4472245,20,20,g0,Loose,Loose,Loose_L1,0
4921,1.70658e+09,1,1,6.10646,0.458364,1.0,0.4544,20,20,g0,Loose,Loose,Loose_L1,0
4923,1.70658e+09,1,1,5.95859,0.445717,1.0,0.4544,20,20,g0,Loose,Loose,Loose_L1,0
4925,1.70658e+09,1,1,5.79292,0.458247,1.0,0.4544,20,20,g0,Loose,Loose,Loose_L1,0
4927,1.70658e+09,1,1,5.76567,0.436962,1.0,0.4544,20,20,g0,Loose,Loose,Loose_L1,0
4929,1.70658e+09,1,1,5.66094,0.430079,1.0,0.44986,20,20,g0,Loose,Loose,Loose_L1,0
4931,1.70658e+09,1,1,5.79797,0.456366,1.0,0.4544,20,20,g0,Loose,Loose,Loose_L1,0
4933,1.70658e+09,1,1,5.50136,0.423945,1.0,0.44986,20,20,g0,Loose,Loose,Loose_L1,0
4935,1.70658e+09,1,1,6.59295,0.517719,1.0,0.44986,20,20,g0,Loose,Loose,Loose_L1,0
4937,1.70658e+09,1,1,6.65092,0.492849,1.0,0.4551845,20,20,g0,Loose,Loose,Loose_L1,0
4939,1.70658e+09,1,1,6.76325,0.496325,1.0,0.457222,20,20,g0,Loose,Loose,Loose_L1,0
4941,1.70658e+09,1,1,6.32353,0.448073,1.0,0.457222,20,20,g0,Loose,Loose,Loose_L1,0
4943,1.70658e+09,1,1,5.83686,0.459086,1.0,0.457222,20,20,g0,Loose,Loose,Loose_L1,0
4945,1.70658e+09,1,1,5.73957,0.425869,1.0,0.4551845,20,20,g0,Loose,Loose,Loose_L1,0
4947,1.70658e+09,1,1,5.72668,0.437578,1.0,0.4551845,20,20,g0,Loose,Loose,Loose_L1,0
4949,1.70658e+09,1,1,5.77586,0.435949,1.0,0.4551845,20,20,g0,Loose,Loose,Loose_L1,0
4951,1.70658e+09,1,1,5.30389,0.401778,1.0,0.4551845,20,20,g0,Loose,Loose,Loose_L1,0
4953,1.70658e+09,1,1,5.91519,0.456717,1.0,0.4551845,20,20,g0,Loose,Loose,Loose_L1,0
4955,1.70658e+09,1,1,5.31661,0.406327,1.0,0.451038,20,20,g0,Loose,Loose,Loose_L1,0
4957,1.70658e+09,1,1,5.67125,0.440164,1.0,0.446895,20,20,g0,Loose,Loose,Loose_L1,0
4959,1.70658e+09,1,1,6.35144,0.481138,1.0,0.446895,20,20,g0,Loose,Loose,Loose_L1,0
4961,1.70658e+09,1,1,4.88635,0.367192,1.0,0.44294049999999996,20,20,g0,Loose,Loose,Loose_L1,0
4963,1.70658e+09,1,1,6.19327,0.497584,1.0,0.44411849999999997,20,20,g0,Loose,Loose,Loose_L1,0
4965,1.70658e+09,1,1,5.91268,0.43752,1.0,0.438871,20,20,g0,Loose,Loose,Loose_L1,0
4967,1.70658e+09,1,1,5.21885,0.402985,1.0,0.438871,20,20,g0,Loose,Loose,Loose_L1,0
4969,1.70658e+09,1,1,5.25003,0.400477,1.0,0.438871,20,20,g0,Loose,Loose,Loose_L1,0
4971,1.70658e+09,1,1,5.73788,0.452066,1.0,0.438871,20,20,g0,Loose,Loose,Loose_L1,0
4973,1.70658e+09,1,1,5.52876,0.417553,1.0,0.438871,20,20,g0,Loose,Loose,Loose_L1,0
4975,1.70658e+09,1,1,5.33614,0.394122,1.0,0.437549,20,20,g0,Loose,Loose,Loose_L1,0
4977,1.70658e+09,1,1,6.53156,0.509317,1.0,0.437549,20,20,g0,Loose,Loose,Loose_L1,0
4979,1.70658e+09,1,1,5.74355,0.429906,1.0,0.4367345,20,20,g0,Loose,Loose,Loose_L1,0
4981,1.70658e+09,1,1,5.32396,0.404648,1.0,0.4329275,20,20,g0,Loose,Loose,Loose_L1,0
4983,1.70658e+09,1,1,5.7125,0.442986,1.0,0.4329275,20,20,g0,Loose,Loose,Loose_L1,0
4985,1.70658e+09,1,1,4.87455,0.36898,1.0,0.4329275,20,20,g0,Loose,Loose,Loose_L1,0
4987,1.70658e+09,1,1,5.45901,0.432524,1.0,0.431215,20,20,g0,Loose,Loose,Loose_L1,0
4989,1.70658e+09,1,1,5.83117,0.456462,1.0,0.431215,20,20,g0,Loose,Loose,Loose_L1,0
4991,1.70658e+09,1,1,5.87448,0.450843,1.0,0.435022,20,20,g0,Loose,Loose,Loose_L1,0
4993,1.70658e+09,1,1,6.58284,0.507481,1.0,0.435022,20,20,g0,Loose,Loose,Loose_L1,0
4995,1.70658e+09,1,1,6.60035,0.488888,1.0,0.438842,20,20,g0,Loose,Loose,Loose_L1,0
4997,1.70658e+09,1,1,5.64654,0.400363,1.0,0.435022,20,20,g0,Loose,Loose,Loose_L1,0
4999,1.70658e+09,1,1,5.70042,0.412398,1.0,0.431215,20,20,g0,Loose,Loose,Loose_L1,0
5001,1.70658e+09,1,1,5.78716,0.452711,1.0,0.435022,20,20,g0,Loose,Loose,Loose_L1,0
5003,1.70658e+09,1,1,5.80822,0.451715,1.0,0.435022,20,20,g0,Loose,Loose,Loose_L1,0
5005,1.70658e+09,1,1,5.71739,0.434685,1.0,0.4336045,20,20,g0,Loose,Loose,Loose_L1,0
5007,1.70658e+09,1,1,6.07418,0.455888,1.0,0.4388355,20,20,g0,Loose,Loose,Loose_L1,0
5009,1.70658e+09,1,1,5.6258,0.420511,1.0,0.4388355,20,20,g0,Loose,Loose,Loose_L1,0
5011,1.70658e+09,1,1,5.78706,0.444983,1.0,0.4388355,20,20,g0,Loose,Loose,Loose_L1,0
5013,1.70658e+09,1,1,5.26052,0.403293,1.0,0.4388355,20,20,g0,Loose,Loose,Loose_L1,0
5015,1.70658e+09,1,1,5.4892,0.423969,1.0,0.4388355,20,20,g0,Loose,Loose,Loose_L1,0
5017,1.70658e+09,1,1,4.86265,0.389316,1.0,0.4336045,20,20,g0,Loose,Loose,Loose_L1,0
5019,1.70658e+09,1,1,5.45515,0.42363,1.0,0.4336045,20,20,g0,Loose,Loose,Loose_L1,0
5021,1.70658e+09,1,1,4.9912,0.395906,1.0,0.4336045,20,20,g0,Loose,Loose,Loose_L1,0
5023,1.70658e+09,1,1,5.36298,0.422736,1.0,0.4282465,20,20,g0,Loose,Loose,Loose_L1,0
5025,1.70658e+09,1,1,5.28743,0.427484,1.0,0.430004,20,20,g0,Loose,Loose,Loose_L1,0
5027,1.70658e+09,1,1,5.13318,0.394562,1.0,0.4257265,20,20,g0,Loose,Loose,Loose_L1,0
5029,1.70658e+09,1,1,5.29458,0.394711,1.0,0.4237995,20,20,g0,Loose,Loose,Loose_L1,0
5031,1.70658e+09,1,1,6.14432,0.470774,1.0,0.4237995,20,20,g0,Loose,Loose,Loose_L1,0
5033,1.70658e+09,1,1,5.85571,0.443173,1.0,0.4237995,20,20,g0,Loose,Loose,Loose_L1,0
5035,1.70658e+09,1,1,5.94562,0.443828,1.0,0.4237995,20,20,g0,Loose,Loose,Loose_L1,0
5037,1.70658e+09,1,1,6.01508,0.46258,1.0,0.4257265,20,20,g0,Loose,Loose,Loose_L1,0
5039,1.70658e+09,1,1,5.87892,0.460105,1.0,0.4310845,20,20,g0,Loose,Loose,Loose_L1,0
5041,1.70658e+09,1,1,6.40134,0.494651,1.0,0.4310845,20,20,g0,Loose,Loose,Loose_L1,0
5043,1.70658e+09,1,1,5.81312,0.432136,1.0,0.42981,20,20,g0,Loose,Loose,Loose_L1,0
5045,1.70658e+09,1,1,6.46739,0.502076,1.0,0.42981,20,20,g0,Loose,Loose,Loose_L1,0
5047,1.70658e+09,1,1,5.88974,0.436246,1.0,0.42981,20,20,g0,Loose,Loose,Loose_L1,0
5049,1.70658e+09,1,1,6.4148,0.484048,1.0,0.434191,20,20,g0,Loose,Loose,Loose_L1,0
5051,1.70658e+09,1,1,6.23469,0.46477,1.0,0.434191,20,20,g0,Loose,Loose,Loose_L1,0
5053,1.70658e+09,1,1,5.85386,0.431638,1.0,0.434191,20,20,g0,Loose,Loose,Loose_L1,0
5055,1.70658e+09,1,1,5.59783,0.417084,1.0,0.434191,20,20,g0,Loose,Loose,Loose_L1,0
5057,1.70658e+09,1,1,5.73123,0.44292,1.0,0.439583,20,20,g0,Loose,Loose,Loose_L1,0
5059,1.70658e+09,1,1,5.61093,0.436689,1.0,0.4398045,20,20,g0,Loose,Loose,Loose_L1,0
5061,1.70658e+09,1,1,5.866,0.459042,1.0,0.4430465,20,20,g0,Loose,Loose,Loose_L1,0
5063,1.70658e+09,1,1,7.23518,0.54747,1.0,0.44350049999999996,20,20,g0,Loose,Loose,Loose_L1,0
5065,1.70658e+09,1,1,5.8706,0.419001,1.0,0.44350049999999996,20,20,g0,Loose,Loose,Loose_L1,0
5067,1.70658e+09,1,1,6.67194,0.515676,1.0,0.45143500000000003,20,20,g0,Loose,Loose,Loose_L1,0
5069,1.70658e+09,1,1,4.81076,0.360067,1.0,0.45143500000000003,20,20,g0,Loose,Loose,Loose_L1,0
5071,1.70658e+09,1,1,3.51155,0.283595,1.0,0.44350049999999996,20,20,g0,Loose,Loose,Loose_L1,0
5073,1.70658e+09,1,1,2.48288,0.208878,1.0,0.443374,20,20,g0,Loose,Loose,Loose_L1,0
5075,1.70658e+09,1,1,2.56523,0.227276,1.0,0.4398045,20,20,g0,Loose,Loose,Loose_L1,0
5077,1.70658e+09,1,1,2.55025,0.232947,1.0,0.4364675,20,20,g0,Loose,Loose,Loose_L1,0
5079,1.70658e+09,1,1,2.72087,0.252277,1.0,0.434191,20,20,g0,Loose,Loose,Loose_L1,0
5081,1.70658e+09,1,1,2.74903,0.251742,1.0,0.431887,20,20,g0,Loose,Loose,Loose_L1,0
5083,1.70658e+09,1,1,3.05668,0.257818,1.0,0.4253195,20,20,g0,Loose,Loose,Loose_L1,0
5085,1.70658e+09,1,1,3.07214,0.26303,1.0,0.4180425,20,20,g0,Loose,Loose,Loose_L1,0
5087,1.70658e+09,1,1,2.94859,0.256091,1.0,0.3885755,20,20,g0,Loose,Loose,Loose_L1,0
5089,1.70658e+09,1,1,2.90465,0.254625,1.0,0.321831,20,20,g0,Loose,Loose,Loose_L1,0
5091,1.70658e+09,1,1,2.53276,0.218709,1.0,0.27331249999999996,20,20,g0,Loose,Loose,Loose_L1,0
5093,1.70658e+09,1,1,2.41334,0.216662,1.0,0.260424,20,20,g0,Loose,Loose,Loose_L1,0
5095,1.70658e+09,1,1,2.55162,0.226868,1.0,0.2569545,20,20,g0,Loose,Loose,Loose_L1,0
5097,1.70658e+09,1,1,3.23211,0.290911,1.0,0.2569545,20,20,g0,Loose,Loose,Loose_L1,0
5099,1.70658e+09,1,1,5.01185,0.433557,1.0,0.2569545,20,20,g0,Loose,Loose,Loose_L1,0
5101,1.70658e+09,1,1,5.028,0.407525,1.0,0.2569545,20,20,g0,Loose,Loose,Loose_L1,0
5103,1.70658e+09,1,1,5.45002,0.438437,1.0,0.2569545,20,20,g0,Loose,Loose,Loose_L1,0
5105,1.70658e+09,1,1,5.71082,0.434473,1.0,0.2569545,20,20,g0,Loose,Loose,Loose_L1,0
5107,1.70658e+09,1,1,5.60669,0.424105,1.0,0.2569545,20,20,g0,Loose,Loose,Loose_L1,0
5109,1.70658e+09,1,1,4.74495,0.358313,1.0,0.2569545,20,20,g0,Loose,Loose,Loose_L1,0
5111,1.70658e+09,1,1,5.47948,0.440337,1.0,0.2569545,20,20,g0,Loose,Loose,Loose_L1,0
5113,1.70658e+09,1,1,5.85281,0.436554,1.0,0.260424,20,20,g0,Loose,Loose,Loose_L1,0
5115,1.70658e+09,1,1,5.5027,0.426431,1.0,0.2769705,20,20,g0,Loose,Loose,Loose_L1,0
5117,1.70658e+09,1,1,6.01341,0.464225,1.0,0.324612,20,20,g0,Loose,Loose,Loose_L1,0
5119,1.70658e+09,1,1,6.25886,0.478627,1.0,0.382919,20,20,g0,Loose,Loose,Loose_L1,0
5121,1.70658e+09,1,1,5.05277,0.388086,1.0,0.39780550000000003,20,20,g0,Loose,Loose,Loose_L1,0
5123,1.70658e+09,1,1,5.88053,0.461731,1.0,0.41581500000000005,20,20,g0,Loose,Loose,Loose_L1,0
5125,1.70658e+09,1,1,5.21931,0.396017,1.0,0.41581500000000005,20,20,g0,Loose,Loose,Loose_L1,0
5127,1.70658e+09,1,1,5.23458,0.415142,1.0,0.41962350000000004,20,20,g0,Loose,Loose,Loose_L1,0
5129,1.70658e+09,1,1,5.34293,0.407757,1.0,0.41962350000000004,20,20,g0,Loose,Loose,Loose_L1,0
5131,1.70658e+09,1,1,5.60214,0.444865,1.0,0.425268,20,20,g0,Loose,Loose,Loose_L1,0
5133,1.70658e+09,1,1,5.54973,0.425776,1.0,0.42610349999999997,20,20,g0,Loose,Loose,Loose_L1,0
5135,1.70658e+09,1,1,6.23038,0.465956,1.0,0.429994,20,20,g0,Loose,Loose,Loose_L1,0
5137,1.70658e+09,1,1,5.26762,0.3981,1.0,0.429994,20,20,g0,Loose,Loose,Loose_L1,0
5139,1.70658e+09,1,1,5.65962,0.437945,1.0,0.430452,20,20,g0,Loose,Loose,Loose_L1,0
5141,1.70658e+09,1,1,6.30547,0.49559,1.0,0.4355135,20,20,g0,Loose,Loose,Loose_L1,0
5143,1.70658e+09,1,1,5.31734,0.403045,1.0,0.430452,20,20,g0,Loose,Loose,Loose_L1,0
5145,1.70658e+09,1,1,5.51761,0.437043,1.0,0.4314925,20,20,g0,Loose,Loose,Loose_L1,0
5147,1.70658e+09,1,1,5.1653,0.399026,1.0,0.4314925,20,20,g0,Loose,Loose,Loose_L1,0
5149,1.70658e+09,1,1,5.98105,0.46212,1.0,0.4367985,20,20,g0,Loose,Loose,Loose_L1,0
5151,1.70658e+09,1,1,5.33924,0.404547,1.0,0.4314925,20,20,g0,Loose,Loose,Loose_L1,0
5153,1.70658e+09,1,1,5.08423,0.398793,1.0,0.42610349999999997,20,20,g0,Loose,Loose,Loose_L1,0
5155,1.70658e+09,1,1,5.30603,0.412766,1.0,0.420459,20,20,g0,Loose,Loose,Loose_L1,0
5157,1.70658e+09,1,1,5.71701,0.44892,1.0,0.420459,20,20,g0,Loose,Loose,Loose_L1,0
5159,1.70658e+09,1,1,5.33348,0.410673,1.0,0.41395400000000004,20,20,g0,Loose,Loose,Loose_L1,0
5161,1.70658e+09,1,1,5.10039,0.393163,1.0,0.41395400000000004,20,20,g0,Loose,Loose,Loose_L1,0
5163,1.70658e+09,1,1,5.17594,0.399762,1.0,0.4117195,20,20,g0,Loose,Loose,Loose_L1,0
5165,1.70658e+09,1,1,5.1348,0.400882,1.0,0.4117195,20,20,g0,Loose,Loose,Loose_L1,0
5167,1.70658e+09,1,1,5.32246,0.410195,1.0,0.41043399999999997,20,20,g0,Loose,Loose,Loose_L1,0
5169,1.70658e+09,1,1,5.69994,0.443532,1.0,0.4117195,20,20,g0,Loose,Loose,Loose_L1,0
5171,1.70658e+09,1,1,5.19673,0.407603,1.0,0.41043399999999997,20,20,g0,Loose,Loose,Loose_L1,0
5173,1.70658e+09,1,1,5.07608,0.40573,1.0,0.408899,20,20,g0,Loose,Loose,Loose_L1,0
5175,1.70658e+09,1,1,5.36962,0.423106,1.0,0.408899,20,20,g0,Loose,Loose,Loose_L1,0
5177,1.70658e+09,1,1,5.54345,0.436353,1.0,0.41043399999999997,20,20,g0,Loose,Loose,Loose_L1,0
5179,1.70658e+09,1,1,5.71448,0.418549,1.0,0.41043399999999997,20,20,g0,Loose,Loose,Loose_L1,0
5181,1.70658e+09,1,1,5.2725,0.399628,1.0,0.408899,20,20,g0,Loose,Loose,Loose_L1,0
5183,1.70658e+09,1,1,5.06428,0.399094,1.0,0.408899,20,20,g0,Loose,Loose,Loose_L1,0
5185,1.70658e+09,1,1,5.75644,0.442938,1.0,0.408899,20,20,g0,Loose,Loose,Loose_L1,0
5187,1.70658e+09,1,1,4.98515,0.3778,1.0,0.408899,20,20,g0,Loose,Loose,Loose_L1,0
5189,1.70658e+09,1,1,5.74421,0.457819,1.0,0.408899,20,20,g0,Loose,Loose,Loose_L1,0
5191,1.70658e+09,1,1,5.19465,0.390055,1.0,0.408899,20,20,g0,Loose,Loose,Loose_L1,0
5193,1.70658e+09,1,1,5.34797,0.427217,1.0,0.41043399999999997,20,20,g0,Loose,Loose,Loose_L1,0
5195,1.70658e+09,1,1,5.96299,0.475921,1.0,0.41043399999999997,20,20,g0,Loose,Loose,Loose_L1,0
5197,1.70658e+09,1,1,4.83721,0.364248,1.0,0.408899,20,20,g0,Loose,Loose,Loose_L1,0
5199,1.70658e+09,1,1,5.04011,0.402756,1.0,0.4066665,20,20,g0,Loose,Loose,Loose_L1,0
5201,1.70658e+09,1,1,5.07488,0.403443,1.0,0.4066665,20,20,g0,Loose,Loose,Loose_L1,0
5203,1.70658e+09,1,1,5.31269,0.413942,1.0,0.408899,20,20,g0,Loose,Loose,Loose_L1,0
5205,1.70658e+09,1,1,5.68278,0.433771,1.0,0.41206849999999995,20,20,g0,Loose,Loose,Loose_L1,0
5207,1.70658e+09,1,1,5.09367,0.392201,1.0,0.4107725,20,20,g0,Loose,Loose,Loose_L1,0
5209,1.70658e+09,1,1,5.08888,0.390365,1.0,0.4066665,20,20,g0,Loose,Loose,Loose_L1,0
5211,1.70658e+09,1,1,6.01212,0.489125,1.0,0.409836,20,20,g0,Loose,Loose,Loose_L1,0
5213,1.70658e+09,1,1,5.98131,0.460639,1.0,0.4162455,20,20,g0,Loose,Loose,Loose_L1,0
5215,1.70658e+09,1,1,4.80827,0.359979,1.0,0.4086925,20,20,g0,Loose,Loose,Loose_L1,0
5217,1.70658e+09,1,1,5.00802,0.405139,1.0,0.404291,20,20,g0,Loose,Loose,Loose_L1,0
5219,1.70658e+09,1,1,5.66991,0.446475,1.0,0.404291,20,20,g0,Loose,Loose,Loose_L1,0
5221,1.70658e+09,1,1,4.96026,0.38092,1.0,0.404291,20,20,g0,Loose,Loose,Loose_L1,0
5223,1.70658e+09,1,1,5.10173,0.412558,1.0,0.4088485,20,20,g0,Loose,Loose,Loose_L1,0
5225,1.70658e+09,1,1,5.27109,0.433831,1.0,0.4088485,20,20,g0,Loose,Loose,Loose_L1,0
5227,1.70658e+09,1,1,5.37927,0.426074,1.0,0.41325,20,20,g0,Loose,Loose,Loose_L1,0
5229,1.70658e+09,1,1,5.64688,0.451411,1.0,0.41325,20,20,g0,Loose,Loose,Loose_L1,0
5231,1.70658e+09,1,1,5.50279,0.424445,1.0,0.4191935,20,20,g0,Loose,Loose,Loose_L1,0
5233,1.70658e+09,1,1,6.16417,0.47962,1.0,0.4191935,20,20,g0,Loose,Loose,Loose_L1,0
5235,1.70658e+09,1,1,6.15755,0.468473,1.0,0.4191935,20,20,g0,Loose,Loose,Loose_L1,0
5237,1.70658e+09,1,1,5.13306,0.382268,1.0,0.4191935,20,20,g0,Loose,Loose,Loose_L1,0
5239,1.70658e+09,1,1,5.31535,0.418189,1.0,0.421317,20,20,g0,Loose,Loose,Loose_L1,0
5241,1.70658e+09,1,1,6.22865,0.492643,1.0,0.4252595,20,20,g0,Loose,Loose,Loose_L1,0
5243,1.70658e+09,1,1,5.08546,0.381021,1.0,0.4252595,20,20,g0,Loose,Loose,Loose_L1,0
5245,1.70658e+09,1,1,5.84231,0.456669,1.0,0.4252595,20,20,g0,Loose,Loose,Loose_L1,0
5247,1.70658e+09,1,1,5.38859,0.404085,1.0,0.4252595,20,20,g0,Loose,Loose,Loose_L1,0
5249,1.70658e+09,1,1,5.61064,0.423229,1.0,0.4252595,20,20,g0,Loose,Loose,Loose_L1,0
5251,1.70658e+09,1,1,5.34093,0.411396,1.0,0.423837,20,20,g0,Loose,Loose,Loose_L1,0
5253,1.70658e+09,1,1,5.50734,0.422432,1.0,0.4228305,20,20,g0,Loose,Loose,Loose_L1,0
5255,1.70658e+09,1,1,4.90808,0.381586,1.0,0.4228305,20,20,g0,Loose,Loose,Loose_L1,0
5257,1.70658e+09,1,1,5.15522,0.405971,1.0,0.4228305,20,20,g0,Loose,Loose,Loose_L1,0
5259,1.70658e+09,1,1,5.2039,0.417788,1.0,0.4203105,20,20,g0,Loose,Loose,Loose_L1,0
5261,1.70658e+09,1,1,5.20041,0.404872,1.0,0.4203105,20,20,g0,Loose,Loose,Loose_L1,0
5263,1.70658e+09,1,1,5.10608,0.391774,1.0,0.4203105,20,20,g0,Loose,Loose,Loose_L1,0
5265,1.70658e+09,1,1,5.3607,0.425567,1.0,0.4203105,20,20,g0,Loose,Loose,Loose_L1,0
5267,1.70658e+09,1,1,5.77256,0.444552,1.0,0.4203105,20,20,g0,Loose,Loose,Loose_L1,0
5269,1.70658e+09,1,1,5.81742,0.450754,1.0,0.4203105,20,20,g0,Loose,Loose,Loose_L1,0
5271,1.70658e+09,1,1,5.23793,0.405653,1.0,0.4179885,20,20,g0,Loose,Loose,Loose_L1,0
5273,1.70658e+09,1,1,4.98807,0.393539,1.0,0.41459199999999996,20,20,g0,Loose,Loose,Loose_L1,0
5275,1.70658e+09,1,1,5.38975,0.422122,1.0,0.41459199999999996,20,20,g0,Loose,Loose,Loose_L1,0
5277,1.70658e+09,1,1,5.20047,0.397159,1.0,0.41459199999999996,20,20,g0,Loose,Loose,Loose_L1,0
5279,1.70658e+09,1,1,5.41071,0.445152,1.0,0.41459199999999996,20,20,g0,Loose,Loose,Loose_L1,0
5281,1.70658e+09,1,1,5.00326,0.395342,1.0,0.4086835,20,20,g0,Loose,Loose,Loose_L1,0
5283,1.70658e+09,1,1,5.44283,0.423315,1.0,0.41459199999999996,20,20,g0,Loose,Loose,Loose_L1,0
5285,1.70658e+09,1,1,6.22076,0.489675,1.0,0.41459199999999996,20,20,g0,Loose,Loose,Loose_L1,0
5287,1.70658e+09,1,1,5.4161,0.408322,1.0,0.41459199999999996,20,20,g0,Loose,Loose,Loose_L1,0
5289,1.70658e+09,1,1,5.092,0.397098,1.0,0.409859,20,20,g0,Loose,Loose,Loose_L1,0
5291,1.70658e+09,1,1,5.67278,0.436412,1.0,0.413055,20,20,g0,Loose,Loose,Loose_L1,0
5293,1.70658e+09,1,1,6.27719,0.486981,1.0,0.413055,20,20,g0,Loose,Loose,Loose_L1,0
5295,1.70658e+09,1,1,5.85216,0.449473,1.0,0.41995499999999997,20,20,g0,Loose,Loose,Loose_L1,0
5297,1.70658e+09,1,1,5.19101,0.394335,1.0,0.41995499999999997,20,20,g0,Loose,Loose,Loose_L1,0
5299,1.70658e+09,1,1,5.81203,0.466221,1.0,0.4227185,20,20,g0,Loose,Loose,Loose_L1,0
5301,1.70658e+09,1,1,5.28011,0.39572,1.0,0.4227185,20,20,g0,Loose,Loose,Loose_L1,0
5303,1.70658e+09,1,1,5.60651,0.440967,1.0,0.42444099999999996,20,20,g0,Loose,Loose,Loose_L1,0
5305,1.70658e+09,1,1,5.54187,0.425344,1.0,0.4243295,20,20,g0,Loose,Loose,Loose_L1,0
5307,1.70658e+09,1,1,5.22824,0.415668,1.0,0.4227185,20,20,g0,Loose,Loose,Loose_L1,0
5309,1.70658e+09,1,1,5.72594,0.434433,1.0,0.4227185,20,20,g0,Loose,Loose,Loose_L1,0
5311,1.70658e+09,1,1,5.47009,0.422052,1.0,0.4227185,20,20,g0,Loose,Loose,Loose_L1,0
5313,1.70658e+09,1,1,6.43954,0.495521,1.0,0.4243295,20,20,g0,Loose,Loose,Loose_L1,0
5315,1.70658e+09,1,1,4.98533,0.3713,1.0,0.4243295,20,20,g0,Loose,Loose,Loose_L1,0
5317,1.70658e+09,1,1,4.87718,0.378579,1.0,0.4243295,20,20,g0,Loose,Loose,Loose_L1,0
5319,1.70658e+09,1,1,5.2916,0.423616,1.0,0.4234655,20,20,g0,Loose,Loose,Loose_L1,0
5321,1.70658e+09,1,1,4.9143,0.385015,1.0,0.4234655,20,20,g0,Loose,Loose,Loose_L1,0
5323,1.70658e+09,1,1,5.52116,0.440834,1.0,0.42447999999999997,20,20,g0,Loose,Loose,Loose_L1,0
5325,1.70658e+09,1,1,4.65647,0.366921,1.0,0.422834,20,20,g0,Loose,Loose,Loose_L1,0
5327,1.70658e+09,1,1,5.12997,0.402074,1.0,0.422834,20,20,g0,Loose,Loose,Loose_L1,0
5329,1.70658e+09,1,1,4.90374,0.394346,1.0,0.422834,20,20,g0,Loose,Loose,Loose_L1,0
5331,1.70658e+09,1,1,4.84717,0.39237,1.0,0.41886,20,20,g0,Loose,Loose,Loose_L1,0
5333,1.70658e+09,1,1,5.04725,0.393077,1.0,0.408871,20,20,g0,Loose,Loose,Loose_L1,0
5335,1.70658e+09,1,1,5.46829,0.434991,1.0,0.408871,20,20,g0,Loose,Loose,Loose_L1,0
5337,1.70658e+09,1,1,6.0135,0.459692,1.0,0.41886,20,20,g0,Loose,Loose,Loose_L1,0
5339,1.70658e+09,1,1,4.92196,0.37225,1.0,0.408871,20,20,g0,Loose,Loose,Loose_L1,0
5341,1.70658e+09,1,1,5.87959,0.469478,1.0,0.41886,20,20,g0,Loose,Loose,Loose_L1,0
5343,1.70658e+09,1,1,5.92909,0.439813,1.0,0.41886,20,20,g0,Loose,Loose,Loose_L1,0
5345,1.70658e+09,1,1,5.38181,0.411077,1.0,0.41337250000000003,20,20,g0,Loose,Loose,Loose_L1,0
5347,1.70658e+09,1,1,5.32524,0.416333,1.0,0.413705,20,20,g0,Loose,Loose,Loose_L1,0
5349,1.70658e+09,1,1,5.3709,0.420071,1.0,0.413705,20,20,g0,Loose,Loose,Loose_L1,0
5351,1.70658e+09,1,1,5.47415,0.431793,1.0,0.413705,20,20,g0,Loose,Loose,Loose_L1,0
5353,1.70658e+09,1,1,5.36314,0.40768,1.0,0.4093785,20,20,g0,Loose,Loose,Loose_L1,0
5355,1.70658e+09,1,1,5.69486,0.450043,1.0,0.413705,20,20,g0,Loose,Loose,Loose_L1,0
5357,1.70658e+09,1,1,5.01751,0.385391,1.0,0.413705,20,20,g0,Loose,Loose,Loose_L1,0
5359,1.70658e+09,1,1,5.4209,0.409643,1.0,0.41036,20,20,g0,Loose,Loose,Loose_L1,0
5361,1.70658e+09,1,1,5.43996,0.419692,1.0,0.413705,20,20,g0,Loose,Loose,Loose_L1,0
5363,1.70658e+09,1,1,4.98352,0.397146,1.0,0.41036,20,20,g0,Loose,Loose,Loose_L1,0
5365,1.70658e+09,1,1,5.0936,0.399549,1.0,0.41036,20,20,g0,Loose,Loose,Loose_L1,0
5367,1.70658e+09,1,1,6.2289,0.493088,1.0,0.413705,20,20,g0,Loose,Loose,Loose_L1,0
5369,1.70658e+09,1,1,4.78533,0.36001,1.0,0.413705,20,20,g0,Loose,Loose,Loose_L1,0
5371,1.70658e+09,1,1,5.39685,0.426374,1.0,0.4180125,20,20,g0,Loose,Loose,Loose_L1,0
5373,1.70658e+09,1,1,5.57287,0.432334,1.0,0.4198815,20,20,g0,Loose,Loose,Loose_L1,0
5375,1.70658e+09,1,1,5.40748,0.411469,1.0,0.4180125,20,20,g0,Loose,Loose,Loose_L1,0
5377,1.70658e+09,1,1,5.46623,0.419462,1.0,0.41789750000000003,20,20,g0,Loose,Loose,Loose_L1,0
5379,1.70658e+09,1,1,5.15024,0.403696,1.0,0.41789750000000003,20,20,g0,Loose,Loose,Loose_L1,0
5381,1.70658e+09,1,1,6.4378,0.518406,1.0,0.41789750000000003,20,20,g0,Loose,Loose,Loose_L1,0
5383,1.70658e+09,1,1,5.16579,0.383193,1.0,0.41390099999999996,20,20,g0,Loose,Loose,Loose_L1,0
5385,1.70658e+09,1,1,6.81504,0.542129,1.0,0.41789750000000003,20,20,g0,Loose,Loose,Loose_L1,0
5387,1.70658e+09,1,1,6.50732,0.474792,1.0,0.419577,20,20,g0,Loose,Loose,Loose_L1,0
5389,1.70658e+09,1,1,6.33942,0.467401,1.0,0.419577,20,20,g0,Loose,Loose,Loose_L1,0
5391,1.70658e+09,1,1,5.8145,0.437018,1.0,0.419577,20,20,g0,Loose,Loose,Loose_L1,0
5393,1.70658e+09,1,1,5.68949,0.443156,1.0,0.423033,20,20,g0,Loose,Loose,Loose_L1,0
5395,1.70658e+09,1,1,5.10576,0.391542,1.0,0.419577,20,20,g0,Loose,Loose,Loose_L1,0
5397,1.70658e+09,1,1,5.50332,0.421554,1.0,0.42062299999999997,20,20,g0,Loose,Loose,Loose_L1,0
5399,1.70658e+09,1,1,5.36306,0.424062,1.0,0.42280799999999996,20,20,g0,Loose,Loose,Loose_L1,0
5401,1.70658e+09,1,1,5.27859,0.408065,1.0,0.42280799999999996,20,20,g0,Loose,Loose,Loose_L1,0
5403,1.70658e+09,1,1,5.18227,0.407499,1.0,0.42280799999999996,20,20,g0,Loose,Loose,Loose_L1,0
5405,1.70658e+09,1,1,5.21463,0.418615,1.0,0.42280799999999996,20,20,g0,Loose,Loose,Loose_L1,0
5407,1.70658e+09,1,1,5.16838,0.398703,1.0,0.420508,20,20,g0,Loose,Loose,Loose_L1,0
5409,1.70658e+09,1,1,5.16647,0.402707,1.0,0.420508,20,20,g0,Loose,Loose,Loose_L1,0
5411,1.70658e+09,1,1,5.38136,0.430211,1.0,0.420508,20,20,g0,Loose,Loose,Loose_L1,0
5413,1.70658e+09,1,1,5.1604,0.396936,1.0,0.4190385,20,20,g0,Loose,Loose,Loose_L1,0
5415,1.70658e+09,1,1,5.93129,0.466392,1.0,0.420508,20,20,g0,Loose,Loose,Loose_L1,0
5417,1.70658e+09,1,1,4.98105,0.377848,1.0,0.42008449999999997,20,20,g0,Loose,Loose,Loose_L1,0
5419,1.70658e+09,1,1,6.68555,0.54162,1.0,0.42280799999999996,20,20,g0,Loose,Loose,Loose_L1,0
5421,1.70658e+09,1,1,5.38585,0.397315,1.0,0.42008449999999997,20,20,g0,Loose,Loose,Loose_L1,0
5423,1.70658e+09,1,1,5.83764,0.441648,1.0,0.42280799999999996,20,20,g0,Loose,Loose,Loose_L1,0
5425,1.70658e+09,1,1,5.81635,0.434998,1.0,0.42280799999999996,20,20,g0,Loose,Loose,Loose_L1,0
5427,1.70658e+09,1,1,5.37096,0.406214,1.0,0.42008449999999997,20,20,g0,Loose,Loose,Loose_L1,0
5429,1.70658e+09,1,1,5.2154,0.411113,1.0,0.414864,20,20,g0,Loose,Loose,Loose_L1,0
5431,1.70658e+09,1,1,5.06631,0.392519,1.0,0.409589,20,20,g0,Loose,Loose,Loose_L1,0
5433,1.70658e+09,1,1,5.25136,0.423318,1.0,0.409589,20,20,g0,Loose,Loose,Loose_L1,0
5435,1.70658e+09,1,1,5.10113,0.410201,1.0,0.410657,20,20,g0,Loose,Loose,Loose_L1,0
5437,1.70658e+09,1,1,6.26071,0.485815,1.0,0.410657,20,20,g0,Loose,Loose,Loose_L1,0
5439,1.70658e+09,1,1,5.34234,0.404094,1.0,0.40913299999999997,20,20,g0,Loose,Loose,Loose_L1,0
5441,1.70658e+09,1,1,6.3627,0.491093,1.0,0.410657,20,20,g0,Loose,Loose,Loose_L1,0
5443,1.70658e+09,1,1,5.94106,0.457049,1.0,0.414864,20,20,g0,Loose,Loose,Loose_L1,0
5445,1.70658e+09,1,1,4.9662,0.37333,1.0,0.410657,20,20,g0,Loose,Loose,Loose_L1,0
5447,1.70658e+09,1,1,5.20738,0.412009,1.0,0.411561,20,20,g0,Loose,Loose,Loose_L1,0
5449,1.70658e+09,1,1,5.23277,0.406605,1.0,0.411561,20,20,g0,Loose,Loose,Loose_L1,0
5451,1.70658e+09,1,1,5.61773,0.427254,1.0,0.411561,20,20,g0,Loose,Loose,Loose_L1,0
5453,1.70658e+09,1,1,5.6496,0.431193,1.0,0.4176635,20,20,g0,Loose,Loose,Loose_L1,0
5455,1.70658e+09,1,1,4.83305,0.378034,1.0,0.411561,20,20,g0,Loose,Loose,Loose_L1,0
5457,1.70658e+09,1,1,5.46337,0.426935,1.0,0.4176635,20,20,g0,Loose,Loose,Loose_L1,0
5459,1.70658e+09,1,1,5.14421,0.398084,1.0,0.411561,20,20,g0,Loose,Loose,Loose_L1,0
5461,1.70658e+09,1,1,5.02741,0.392121,1.0,0.411561,20,20,g0,Loose,Loose,Loose_L1,0
5463,1.70658e+09,1,1,5.9724,0.474165,1.0,0.411561,20,20,g0,Loose,Loose,Loose_L1,0
5465,1.70658e+09,1,1,6.24129,0.479594,1.0,0.411561,20,20,g0,Loose,Loose,Loose_L1,0
5467,1.70658e+09,1,1,4.97173,0.385398,1.0,0.411561,20,20,g0,Loose,Loose,Loose_L1,0
5469,1.70658e+09,1,1,5.58135,0.448988,1.0,0.4176635,20,20,g0,Loose,Loose,Loose_L1,0
5471,1.70658e+09,1,1,5.27881,0.406534,1.0,0.4176635,20,20,g0,Loose,Loose,Loose_L1,0
5473,1.70658e+09,1,1,5.09627,0.396943,1.0,0.411105,20,20,g0,Loose,Loose,Loose_L1,0
5475,1.70658e+09,1,1,5.09764,0.403301,1.0,0.409307,20,20,g0,Loose,Loose,Loose_L1,0
5477,1.70658e+09,1,1,5.0084,0.400974,1.0,0.40656950000000003,20,20,g0,Loose,Loose,Loose_L1,0
5479,1.70658e+09,1,1,5.87638,0.479027,1.0,0.409307,20,20,g0,Loose,Loose,Loose_L1,0
5481,1.70658e+09,1,1,5.25312,0.408082,1.0,0.40734349999999997,20,20,g0,Loose,Loose,Loose_L1,0
