sequence_frame,timestamp,registration_success,weak_flag,weak_multiplier,q_weak,rolling_weak_fraction,rolling_q_median,rolling_successful_frames,rolling_q_frames,gate_candidate,state_before,state_after,selected_estimator,mode_switch
5,1.70658e+09,1,1,2.80203,0.00161827,1.0,0.00161827,1,1,g1,Native,Native,Native,0
7,1.70658e+09,1,1,3.363,0.387901,1.0,0.194759635,2,2,g1,Native,Native,Native,0
9,1.70658e+09,1,1,3.24093,0.369672,1.0,0.369672,3,3,g1,Native,Native,Native,0
11,1.70658e+09,1,1,4.04989,0.462854,1.0,0.3787865,4,4,g1,Native,Native,Native,0
13,1.70658e+09,1,1,3.92027,0.433213,1.0,0.387901,5,5,g1,Native,Native,Native,0
15,1.70658e+09,1,1,3.86713,0.435821,1.0,0.410557,6,6,g1,Native,Native,Native,0
17,1.70658e+09,1,1,4.46835,0.508778,1.0,0.433213,7,7,g1,Native,Native,Native,0
19,1.70658e+09,1,1,4.59652,0.515817,1.0,0.43451700000000004,8,8,g1,Native,Native,Native,0
21,1.70658e+09,0,0,nan,nan,1.0,0.43451700000000004,8,8,g1,Native,Native,Native,0
23,1.70658e+09,1,1,5.13736,0.32122,1.0,0.433213,9,9,g1,Native,Native,Native,0
25,1.70658e+09,1,1,4.04488,0.416917,1.0,0.425065,10,10,g1,Native,Loose,Loose_L1,1
27,1.70658e+09,1,1,3.97491,0.501402,1.0,0.433213,11,11,g1,Loose,Loose,Loose_L1,0
29,1.70658e+09,1,1,4.44358,0.530192,1.0,0.43451700000000004,12,12,g1,Loose,Loose,Loose_L1,0
31,1.70658e+09,1,1,3.68308,0.435935,1.0,0.435821,13,13,g1,Loose,Loose,Loose_L1,0
33,1.70658e+09,1,1,5.05003,0.622118,1.0,0.435878,14,14,g1,Loose,Loose,Loose_L1,0
35,1.70658e+09,1,1,5.43552,0.628755,1.0,0.435935,15,15,g1,Loose,Loose,Loose_L1,0
37,1.70658e+09,1,1,6.40324,0.727204,1.0,0.44939450000000003,16,16,g1,Loose,Loose,Loose_L1,0
39,1.70658e+09,1,1,5.17657,0.559525,1.0,0.462854,17,17,g1,Loose,Loose,Loose_L1,0
41,1.70658e+09,1,1,4.92017,0.555064,1.0,0.482128,18,18,g1,Loose,Loose,Loose_L1,0
43,1.70658e+09,1,1,4.77597,0.559817,1.0,0.501402,19,19,g1,Loose,Loose,Loose_L1,0
45,1.70658e+09,1,1,4.16192,0.492621,1.0,0.4970115,20,20,g1,Loose,Loose,Loose_L1,0
47,1.70658e+09,1,1,5.94988,0.728298,1.0,0.50509,20,20,g1,Loose,Loose,Loose_L1,0
49,1.70658e+09,1,1,4.24063,0.479708,1.0,0.50509,20,20,g1,Loose,Loose,Loose_L1,0
51,1.70658e+09,1,1,4.25543,0.517282,1.0,0.5122975,20,20,g1,Loose,Loose,Loose_L1,0
53,1.70658e+09,1,1,4.27728,0.521416,1.0,0.5165495,20,20,g1,Loose,Loose,Loose_L1,0
55,1.70658e+09,1,1,4.89143,0.599686,1.0,0.5193490000000001,20,20,g1,Loose,Loose,Loose_L1,0
57,1.70658e+09,1,1,4.32789,0.518364,1.0,0.51989,20,20,g1,Loose,Loose,Loose_L1,0
59,1.70658e+09,1,1,6.00384,0.734555,1.0,0.5258039999999999,20,20,g1,Loose,Loose,Loose_L1,0
61,1.70658e+09,1,1,5.58305,0.63518,1.0,0.542628,20,20,g1,Loose,Loose,Loose_L1,0
63,1.70658e+09,0,0,nan,nan,1.0,0.542628,20,20,g1,Loose,Loose,Native,0
65,1.70658e+09,0,0,nan,nan,1.0,0.542628,20,20,g1,Loose,Loose,Native,0
67,1.70658e+09,1,1,5.41677,0.261573,1.0,0.542628,20,20,g1,Loose,Loose,Loose_L1,0
69,1.70658e+09,0,0,nan,nan,1.0,0.542628,20,20,g1,Loose,Loose,Native,0
71,1.70658e+09,0,0,nan,nan,1.0,0.542628,20,20,g1,Loose,Loose,Native,0
73,1.70658e+09,1,1,5.42685,0.25139,1.0,0.542628,20,20,g1,Loose,Loose,Loose_L1,0
75,1.70658e+09,1,1,4.28166,0.441608,1.0,0.542628,20,20,g1,Loose,Loose,Loose_L1,0
77,1.70658e+09,1,1,3.93535,0.485102,1.0,0.53824,20,20,g1,Loose,Loose,Loose_L1,0
79,1.70658e+09,1,1,5.00032,0.633309,1.0,0.5572945,20,20,g1,Loose,Loose,Loose_L1,0
81,1.70658e+09,1,1,6.22,0.750467,1.0,0.5572945,20,20,g1,Loose,Loose,Loose_L1,0
83,1.70658e+09,1,1,6.56886,0.747385,1.0,0.5572945,20,20,g1,Loose,Loose,Loose_L1,0
85,1.70658e+09,1,1,4.80553,0.533953,1.0,0.5445085000000001,20,20,g1,Loose,Loose,Loose_L1,0
87,1.70658e+09,0,0,nan,nan,1.0,0.5445085000000001,20,20,g1,Loose,Loose,Native,0
89,1.70658e+09,1,1,6.43575,0.462882,1.0,0.5276845,20,20,g1,Loose,Loose,Loose_L1,0
91,1.70658e+09,1,1,4.13815,0.428759,1.0,0.51989,20,20,g1,Loose,Loose,Loose_L1,0
93,1.70658e+09,1,1,5.6681,0.707182,1.0,0.51989,20,20,g1,Loose,Loose,Loose_L1,0
95,1.70658e+09,1,1,6.09214,0.724357,1.0,0.5276845,20,20,g1,Loose,Loose,Loose_L1,0
97,1.70658e+09,1,1,5.03051,0.579916,1.0,0.5276845,20,20,g1,Loose,Loose,Loose_L1,0
99,1.70658e+09,1,1,5.35121,0.645539,1.0,0.5569345,20,20,g1,Loose,Loose,Loose_L1,0
101,1.70658e+09,1,1,4.23372,0.503389,1.0,0.5569345,20,20,g1,Loose,Loose,Loose_L1,0
103,1.70658e+09,1,1,6.04391,0.768815,1.0,0.589801,20,20,g1,Loose,Loose,Loose_L1,0
105,1.70658e+09,1,1,5.74101,0.670505,1.0,0.6066125,20,20,g1,Loose,Loose,Loose_L1,0
107,1.70658e+09,1,1,5.87954,0.691243,1.0,0.6342445,20,20,g1,Loose,Loose,Loose_L1,0
109,1.70658e+09,1,1,5.21104,0.609716,1.0,0.6215125,20,20,g1,Loose,Loose,Loose_L1,0
111,1.70658e+09,1,1,5.967,0.7107,1.0,0.6215125,20,20,g1,Loose,Loose,Loose_L1,0
113,1.70658e+09,0,0,nan,nan,1.0,0.6215125,20,20,g1,Loose,Loose,Native,0
115,1.70658e+09,1,1,4.91337,0.346861,1.0,0.6215125,20,20,g1,Loose,Loose,Loose_L1,0
117,1.70658e+09,1,1,5.71036,0.64809,1.0,0.639424,20,20,g1,Loose,Loose,Loose_L1,0
119,1.70658e+09,1,1,4.88485,0.567296,1.0,0.639424,20,20,g1,Loose,Loose,Loose_L1,0
121,1.70658e+09,1,1,6.13846,0.747814,1.0,0.6468145000000001,20,20,g1,Loose,Loose,Loose_L1,0
123,1.70658e+09,1,1,4.97673,0.578703,1.0,0.6468145000000001,20,20,g1,Loose,Loose,Loose_L1,0
125,1.70658e+09,1,1,5.14936,0.623548,1.0,0.6345434999999999,20,20,g1,Loose,Loose,Loose_L1,0
127,1.70658e+09,1,1,5.03513,0.604407,1.0,0.6166320000000001,20,20,g1,Loose,Loose,Loose_L1,0
129,1.70658e+09,1,1,5.50943,0.673092,1.0,0.6345434999999999,20,20,g1,Loose,Loose,Loose_L1,0
131,1.70658e+09,1,1,7.90763,0.943805,1.0,0.6468145000000001,20,20,g1,Loose,Loose,Loose_L1,0
133,1.70658e+09,0,0,nan,nan,1.0,0.6468145000000001,20,20,g1,Loose,Loose,Native,0
135,1.70658e+09,1,1,5.7835,0.392374,1.0,0.6468145000000001,20,20,g1,Loose,Loose,Loose_L1,0
137,1.70658e+09,0,0,nan,nan,1.0,0.6468145000000001,20,20,g1,Loose,Loose,Native,0
139,1.70658e+09,1,1,5.67857,0.384293,1.0,0.6345434999999999,20,20,g1,Loose,Loose,Loose_L1,0
141,1.70658e+09,1,1,5.95195,0.647148,1.0,0.6345434999999999,20,20,g1,Loose,Loose,Loose_L1,0
143,1.70658e+09,1,1,6.37911,0.713607,1.0,0.6463435,20,20,g1,Loose,Loose,Loose_L1,0
145,1.70658e+09,1,1,7.7588,0.871518,1.0,0.647619,20,20,g1,Loose,Loose,Loose_L1,0
147,1.70658e+09,1,1,7.04885,0.760043,1.0,0.6592975000000001,20,20,g1,Loose,Loose,Loose_L1,0
149,1.70658e+09,1,1,9.09146,0.995655,1.0,0.6592975000000001,20,20,g1,Loose,Loose,Loose_L1,0
151,1.70658e+09,1,1,8.33439,0.868457,1.0,0.660591,20,20,g1,Loose,Loose,Loose_L1,0
153,1.70658e+09,1,1,8.90669,0.917573,1.0,0.660591,20,20,g1,Loose,Loose,Loose_L1,0
155,1.70658e+09,1,1,9.89301,1.00634,1.0,0.6918960000000001,20,20,g1,Loose,Loose,Loose_L1,0
157,1.70658e+09,1,1,9.2931,0.922503,1.0,0.6933495000000001,20,20,g1,Loose,Loose,Loose_L1,0
159,1.70658e+09,1,1,9.68527,0.967304,1.0,0.7307105,20,20,g1,Loose,Loose,Loose_L1,0
161,1.70658e+09,1,1,7.22065,0.702739,1.0,0.7307105,20,20,g1,Loose,Loose,Loose_L1,0
163,1.70658e+09,1,1,9.1919,0.991967,1.0,0.7539285,20,20,g1,Loose,Loose,Loose_L1,0
165,1.70658e+09,1,1,8.26298,0.844899,1.0,0.8024709999999999,20,20,g1,Loose,Loose,Loose_L1,0
167,1.70658e+09,1,1,10.0922,1.04352,1.0,0.856678,20,20,g1,Loose,Loose,Loose_L1,0
169,1.70658e+09,1,1,10.1567,1.00869,1.0,0.8699875,20,20,g1,Loose,Loose,Loose_L1,0
171,1.70658e+09,1,1,12.0867,1.17832,1.0,0.8945455,20,20,g1,Loose,Loose,Loose_L1,0
173,1.70658e+09,1,1,9.84819,0.9178,1.0,0.9176865,20,20,g1,Loose,Loose,Loose_L1,0
175,1.70658e+09,1,1,9.2196,0.90104,1.0,0.9093065,20,20,g1,Loose,Loose,Loose_L1,0
177,1.70658e+09,1,1,9.43562,0.938737,1.0,0.9176865,20,20,g1,Loose,Loose,Loose_L1,0
179,1.70658e+09,1,1,9.98376,0.998751,1.0,0.9201515,20,20,g1,Loose,Loose,Loose_L1,0
181,1.70658e+09,1,1,8.93013,0.873507,1.0,0.9201515,20,20,g1,Loose,Loose,Loose_L1,0
183,1.70658e+09,1,1,10.8264,1.09328,1.0,0.93062,20,20,g1,Loose,Loose,Loose_L1,0
185,1.70658e+09,1,1,10.5797,1.02997,1.0,0.9530205,20,20,g1,Loose,Loose,Loose_L1,0
187,1.70658e+09,1,1,8.83081,0.853257,1.0,0.9530205,20,20,g1,Loose,Loose,Loose_L1,0
189,1.70658e+09,1,1,9.02946,0.913675,1.0,0.93062,20,20,g1,Loose,Loose,Loose_L1,0
191,1.70658e+09,1,1,10.0495,1.01022,1.0,0.9530205,20,20,g1,Loose,Loose,Loose_L1,0
193,1.70658e+09,1,1,9.64298,0.953818,1.0,0.960561,20,20,g1,Loose,Loose,Loose_L1,0
195,1.70658e+09,1,1,10.8082,1.07763,1.0,0.960561,20,20,g1,Loose,Loose,Loose_L1,0
197,1.70658e+09,1,1,10.0408,0.968929,1.0,0.9681165,20,20,g1,Loose,Loose,Loose_L1,0
199,1.70658e+09,0,0,nan,nan,1.0,0.9681165,20,20,g1,Loose,Loose,Native,0
201,1.70658e+09,1,1,10.0905,0.639091,1.0,0.9613735000000001,20,20,g1,Loose,Loose,Loose_L1,0
203,1.70658e+09,1,1,10.1185,0.894525,1.0,0.9613735000000001,20,20,g1,Loose,Loose,Loose_L1,0
205,1.70658e+09,1,1,9.34834,0.890069,1.0,0.9462775000000001,20,20,g1,Loose,Loose,Loose_L1,0
207,1.70658e+09,1,1,9.17442,0.907229,1.0,0.9462775000000001,20,20,g1,Loose,Loose,Loose_L1,0
209,1.70658e+09,1,1,9.75264,0.968326,1.0,0.9462775000000001,20,20,g1,Loose,Loose,Loose_L1,0
211,1.70658e+09,1,1,8.95177,0.887347,1.0,0.9282684999999999,20,20,g1,Loose,Loose,Loose_L1,0
213,1.70658e+09,1,1,9.41261,0.954614,1.0,0.9282684999999999,20,20,g1,Loose,Loose,Loose_L1,0
215,1.70658e+09,1,1,9.1973,0.92219,1.0,0.9304635,20,20,g1,Loose,Loose,Loose_L1,0
217,1.70658e+09,0,0,nan,nan,1.0,0.9304635,20,20,g1,Loose,Loose,Native,0
219,1.70658e+09,1,1,9.57117,0.619026,1.0,0.9304635,20,20,g1,Loose,Loose,Loose_L1,0
221,1.70658e+09,1,1,9.80666,0.886328,1.0,0.9179325,20,20,g1,Loose,Loose,Loose_L1,0
223,1.70658e+09,1,1,10.0571,0.959948,1.0,0.9179325,20,20,g1,Loose,Loose,Loose_L1,0
225,1.70658e+09,0,0,nan,nan,1.0,0.9179325,20,20,g1,Loose,Loose,Native,0
227,1.70658e+09,1,1,9.19247,0.580941,1.0,0.9179325,20,20,g1,Loose,Loose,Loose_L1,0
229,1.70658e+09,1,1,9.14446,0.830548,1.0,0.910452,20,20,g1,Loose,Loose,Loose_L1,0
231,1.70658e+09,1,1,8.8181,0.870272,1.0,0.9008769999999999,20,20,g1,Loose,Loose,Loose_L1,0
233,1.70658e+09,1,1,8.7903,0.891262,1.0,0.9008769999999999,20,20,g1,Loose,Loose,Loose_L1,0
235,1.70658e+09,1,1,10.6011,1.07591,1.0,0.9008769999999999,20,20,g1,Loose,Loose,Loose_L1,0
237,1.70658e+09,1,1,9.12756,0.887685,1.0,0.8928935,20,20,g1,Loose,Loose,Loose_L1,0
239,1.70658e+09,1,1,10.3251,1.02719,1.0,0.8928935,20,20,g1,Loose,Loose,Loose_L1,0
241,1.70658e+09,1,1,9.06518,0.879969,1.0,0.8906655,20,20,g1,Loose,Loose,Loose_L1,0
243,1.70658e+09,1,1,9.86291,0.988315,1.0,0.8906655,20,20,g1,Loose,Loose,Loose_L1,0
245,1.70658e+09,1,1,7.9507,0.782947,1.0,0.8906655,20,20,g1,Loose,Loose,Loose_L1,0
247,1.70658e+09,1,1,9.91684,1.01826,1.0,0.8906655,20,20,g1,Loose,Loose,Loose_L1,0
249,1.70658e+09,1,1,9.4057,0.924085,1.0,0.8992454999999999,20,20,g1,Loose,Loose,Loose_L1,0
251,1.70658e+09,1,1,8.79011,0.877328,1.0,0.8894735,20,20,g1,Loose,Loose,Loose_L1,0
253,1.70658e+09,1,1,9.43334,0.960304,1.0,0.8894735,20,20,g1,Loose,Loose,Loose_L1,0
255,1.70658e+09,1,1,9.13212,0.921562,1.0,0.906412,20,20,g1,Loose,Loose,Loose_L1,0
257,1.70658e+09,1,1,9.11993,0.921287,1.0,0.9062745,20,20,g1,Loose,Loose,Loose_L1,0
259,1.70658e+09,1,1,9.70148,0.98337,1.0,0.9062745,20,20,g1,Loose,Loose,Loose_L1,0
261,1.70658e+09,1,1,10.0258,0.992401,1.0,0.9214245,20,20,g1,Loose,Loose,Loose_L1,0
263,1.70658e+09,1,1,9.03401,0.878226,1.0,0.9214245,20,20,g1,Loose,Loose,Loose_L1,0
265,1.70658e+09,1,1,9.4193,0.947454,1.0,0.9214245,20,20,g1,Loose,Loose,Loose_L1,0
267,1.70658e+09,1,1,9.49905,0.960798,1.0,0.9228235,20,20,g1,Loose,Loose,Loose_L1,0
269,1.70658e+09,1,1,11.1278,1.11688,1.0,0.9357695,20,20,g1,Loose,Loose,Loose_L1,0
271,1.70658e+09,1,1,10.5484,1.01776,1.0,0.953879,20,20,g1,Loose,Loose,Loose_L1,0
273,1.70658e+09,1,1,9.25049,0.885959,1.0,0.953879,20,20,g1,Loose,Loose,Loose_L1,0
275,1.70658e+09,1,1,10.7498,1.05321,1.0,0.953879,20,20,g1,Loose,Loose,Loose_L1,0
277,1.70658e+09,1,1,10.1123,0.975009,1.0,0.960551,20,20,g1,Loose,Loose,Loose_L1,0
279,1.70658e+09,1,1,9.95977,0.978983,1.0,0.960551,20,20,g1,Loose,Loose,Loose_L1,0
281,1.70658e+09,1,1,9.61852,0.937274,1.0,0.960551,20,20,g1,Loose,Loose,Loose_L1,0
283,1.70658e+09,1,1,8.74336,0.877462,1.0,0.953879,20,20,g1,Loose,Loose,Loose_L1,0
285,1.70658e+09,1,1,9.83611,1.00494,1.0,0.960551,20,20,g1,Loose,Loose,Loose_L1,0
287,1.70658e+09,1,1,9.36135,0.933322,1.0,0.953879,20,20,g1,Loose,Loose,Loose_L1,0
289,1.70658e+09,1,1,9.96236,1.01061,1.0,0.960551,20,20,g1,Loose,Loose,Loose_L1,0
291,1.70658e+09,1,1,10.5364,1.046,1.0,0.9679035,20,20,g1,Loose,Loose,Loose_L1,0
293,1.70658e+09,1,1,10.3007,1.00256,1.0,0.976996,20,20,g1,Loose,Loose,Loose_L1,0
295,1.70658e+09,1,1,10.3612,1.011,1.0,0.9811765,20,20,g1,Loose,Loose,Loose_L1,0
297,1.70658e+09,1,1,9.08378,0.885848,1.0,0.9811765,20,20,g1,Loose,Loose,Loose_L1,0
299,1.70658e+09,1,1,8.7231,0.868627,1.0,0.976996,20,20,g1,Loose,Loose,Loose_L1,0
301,1.70658e+09,1,1,9.48756,0.968175,1.0,0.971592,20,20,g1,Loose,Loose,Loose_L1,0
303,1.70658e+09,1,1,8.25994,0.832572,1.0,0.971592,20,20,g1,Loose,Loose,Loose_L1,0
305,1.70658e+09,1,1,9.10472,0.943682,1.0,0.971592,20,20,g1,Loose,Loose,Loose_L1,0
307,1.70658e+09,1,1,7.35825,0.740118,1.0,0.971592,20,20,g1,Loose,Loose,Loose_L1,0
309,1.70658e+09,1,1,8.38,0.89884,1.0,0.9559285,20,20,g1,Loose,Loose,Loose_L1,0
311,1.70658e+09,1,1,10.9412,1.14742,1.0,0.9559285,20,20,g1,Loose,Loose,Loose_L1,0
313,1.70658e+09,1,1,7.55566,0.744924,1.0,0.9559285,20,20,g1,Loose,Loose,Loose_L1,0
315,1.70658e+09,1,1,7.62946,0.798175,1.0,0.940478,20,20,g1,Loose,Loose,Loose_L1,0
317,1.70658e+09,1,1,9.16867,0.987807,1.0,0.940478,20,20,g1,Loose,Loose,Loose_L1,0
319,1.70658e+09,1,1,7.35683,0.752357,1.0,0.935298,20,20,g1,Loose,Loose,Loose_L1,0
321,1.70658e+09,1,1,8.0046,0.855676,1.0,0.9160809999999999,20,20,g1,Loose,Loose,Loose_L1,0
323,1.70658e+09,1,1,8.43183,0.888765,1.0,0.9160809999999999,20,20,g1,Loose,Loose,Loose_L1,0
325,1.70658e+09,1,1,7.89799,0.815544,1.0,0.8938025,20,20,g1,Loose,Loose,Loose_L1,0
327,1.70658e+09,1,1,6.20938,0.671388,1.0,0.8873065,20,20,g1,Loose,Loose,Loose_L1,0
329,1.70658e+09,1,1,7.6669,0.858656,1.0,0.8772375,20,20,g1,Loose,Loose,Loose_L1,0
331,1.70658e+09,1,1,6.14913,0.678128,1.0,0.8636415,20,20,g1,Loose,Loose,Loose_L1,0
333,1.70658e+09,1,1,6.5284,0.736296,1.0,0.857166,20,20,g1,Loose,Loose,Loose_L1,0
335,1.70658e+09,1,1,8.30977,0.943421,1.0,0.857166,20,20,g1,Loose,Loose,Loose_L1,0
337,1.70658e+09,1,1,9.83122,1.05904,1.0,0.857166,20,20,g1,Loose,Loose,Loose_L1,0
339,1.70658e+09,1,1,7.95182,0.809138,1.0,0.844124,20,20,g1,Loose,Loose,Loose_L1,0
341,1.70658e+09,1,1,6.00985,0.636979,1.0,0.824058,20,20,g1,Loose,Loose,Loose_L1,0
343,1.70658e+09,1,1,6.1409,0.70734,1.0,0.812341,20,20,g1,Loose,Loose,Loose_L1,0
345,1.70658e+09,1,1,7.10138,0.803732,1.0,0.806435,20,20,g1,Loose,Loose,Loose_L1,0
347,1.70658e+09,1,1,8.08334,0.89575,1.0,0.812341,20,20,g1,Loose,Loose,Loose_L1,0
349,1.70658e+09,1,1,6.94443,0.737994,1.0,0.806435,20,20,g1,Loose,Loose,Loose_L1,0
351,1.70658e+09,1,1,6.25696,0.673683,1.0,0.8009535,20,20,g1,Loose,Loose,Loose_L1,0
353,1.70658e+09,1,1,6.59668,0.748387,1.0,0.8009535,20,20,g1,Loose,Loose,Loose_L1,0
355,1.70658e+09,1,1,6.48042,0.729582,1.0,0.7780445,20,20,g1,Loose,Loose,Loose_L1,0
357,1.70658e+09,1,1,5.51719,0.621148,1.0,0.750372,20,20,g1,Loose,Loose,Loose_L1,0
359,1.70658e+09,1,1,6.49104,0.754977,1.0,0.751682,20,20,g1,Loose,Loose,Loose_L1,0
361,1.70658e+09,1,1,8.2077,0.920174,1.0,0.751682,20,20,g1,Loose,Loose,Loose_L1,0
363,1.70658e+09,1,1,7.13682,0.758053,1.0,0.751682,20,20,g1,Loose,Loose,Loose_L1,0
365,1.70658e+09,1,1,4.97432,0.543799,1.0,0.7431905000000001,20,20,g1,Loose,Loose,Loose_L1,0
367,1.70658e+09,1,1,6.53206,0.78569,1.0,0.751682,20,20,g1,Loose,Loose,Loose_L1,0
369,1.70658e+09,1,1,8.27564,0.941477,1.0,0.751682,20,20,g1,Loose,Loose,Loose_L1,0
371,1.70658e+09,1,1,5.45664,0.575113,1.0,0.751682,20,20,g1,Loose,Loose,Loose_L1,0
373,1.70658e+09,1,1,6.6116,0.773031,1.0,0.756515,20,20,g1,Loose,Loose,Loose_L1,0
375,1.70658e+09,1,1,7.38053,0.825849,1.0,0.756515,20,20,g1,Loose,Loose,Loose_L1,0
377,1.70658e+09,1,1,5.95003,0.639801,1.0,0.751682,20,20,g1,Loose,Loose,Loose_L1,0
379,1.70658e+09,1,1,6.13596,0.696485,1.0,0.7431905000000001,20,20,g1,Loose,Loose,Loose_L1,0
381,1.70658e+09,1,1,5.75614,0.655688,1.0,0.7431905000000001,20,20,g1,Loose,Loose,Loose_L1,0
383,1.70658e+09,1,1,6.93588,0.8041,1.0,0.751682,20,20,g1,Loose,Loose,Loose_L1,0
385,1.70658e+09,1,1,7.70944,0.858021,1.0,0.751682,20,20,g1,Loose,Loose,Loose_L1,0
387,1.70658e+09,1,1,8.83427,0.948145,1.0,0.751682,20,20,g1,Loose,Loose,Loose_L1,0
389,1.70658e+09,1,1,7.71923,0.796627,1.0,0.756515,20,20,g1,Loose,Loose,Loose_L1,0
391,1.70658e+09,1,1,5.67231,0.59619,1.0,0.756515,20,20,g1,Loose,Loose,Loose_L1,0
393,1.70658e+09,1,1,7.44844,0.852307,1.0,0.765542,20,20,g1,Loose,Loose,Loose_L1,0
395,1.70658e+09,1,1,6.88244,0.749786,1.0,0.765542,20,20,g1,Loose,Loose,Loose_L1,0
397,1.70658e+09,1,1,7.9783,0.881778,1.0,0.7793605,20,20,g1,Loose,Loose,Loose_L1,0
399,1.70658e+09,1,1,6.35942,0.675613,1.0,0.7793605,20,20,g1,Loose,Loose,Loose_L1,0
401,1.70658e+09,1,1,5.76595,0.642889,1.0,0.765542,20,20,g1,Loose,Loose,Loose_L1,0
403,1.70658e+09,1,1,6.03452,0.703691,1.0,0.7614084999999999,20,20,g1,Loose,Loose,Loose_L1,0
405,1.70658e+09,0,0,nan,nan,1.0,0.7614084999999999,20,20,g1,Loose,Loose,Native,0
407,1.70658e+09,0,0,nan,nan,1.0,0.7614084999999999,20,20,g1,Loose,Loose,Native,0
409,1.70658e+09,1,1,6.78829,0.34118,1.0,0.7614084999999999,20,20,g1,Loose,Loose,Loose_L1,0
411,1.70658e+09,1,1,7.19543,0.697495,1.0,0.7267385,20,20,g1,Loose,Loose,Loose_L1,0
413,1.70658e+09,1,1,7.70691,0.820535,1.0,0.7267385,20,20,g1,Loose,Loose,Loose_L1,0
415,1.70658e+09,1,1,6.69221,0.710877,1.0,0.7303314999999999,20,20,g1,Loose,Loose,Loose_L1,0
417,1.70658e+09,1,1,7.52268,0.830154,1.0,0.7303314999999999,20,20,g1,Loose,Loose,Loose_L1,0
419,1.70658e+09,1,1,6.37903,0.686434,1.0,0.707284,20,20,g1,Loose,Loose,Loose_L1,0
421,1.70658e+09,1,1,6.86066,0.769849,1.0,0.7303314999999999,20,20,g1,Loose,Loose,Loose_L1,0
423,1.70658e+09,1,1,6.26183,0.694869,1.0,0.7303314999999999,20,20,g1,Loose,Loose,Loose_L1,0
425,1.70658e+09,1,1,5.38401,0.612561,1.0,0.7303314999999999,20,20,g1,Loose,Loose,Loose_L1,0
427,1.70658e+09,1,1,6.29281,0.740047,1.0,0.725462,20,20,g1,Loose,Loose,Loose_L1,0
429,1.70658e+09,1,1,5.18828,0.585656,1.0,0.707284,20,20,g1,Loose,Loose,Loose_L1,0
431,1.70658e+09,1,1,7.08222,0.845151,1.0,0.707284,20,20,g1,Loose,Loose,Loose_L1,0
433,1.70658e+09,1,1,6.94041,0.774166,1.0,0.707284,20,20,g1,Loose,Loose,Loose_L1,0
435,1.70658e+09,1,1,6.3041,0.694394,1.0,0.707284,20,20,g1,Loose,Loose,Loose_L1,0
437,1.70658e+09,1,1,8.42984,0.946873,1.0,0.707284,20,20,g1,Loose,Loose,Loose_L1,0
439,1.70658e+09,1,1,7.08489,0.742988,1.0,0.707284,20,20,g1,Loose,Loose,Loose_L1,0
441,1.70658e+09,1,1,8.55268,0.929621,1.0,0.707284,20,20,g1,Loose,Loose,Loose_L1,0
443,1.70658e+09,0,0,nan,nan,1.0,0.707284,20,20,g1,Loose,Loose,Native,0
445,1.70658e+09,1,1,5.99858,0.391907,1.0,0.707284,20,20,g1,Loose,Loose,Loose_L1,0
447,1.70658e+09,1,1,5.86183,0.624864,1.0,0.707284,20,20,g1,Loose,Loose,Loose_L1,0
449,1.70658e+09,1,1,5.49896,0.630554,1.0,0.704186,20,20,g1,Loose,Loose,Loose_L1,0
451,1.70658e+09,1,1,5.58605,0.662302,1.0,0.704186,20,20,g1,Loose,Loose,Loose_L1,0
453,1.70658e+09,1,1,6.23038,0.726115,1.0,0.718496,20,20,g1,Loose,Loose,Loose_L1,0
455,1.70658e+09,0,0,nan,nan,1.0,0.718496,20,20,g1,Loose,Loose,Native,0
457,1.70658e+09,1,1,8.81195,0.618246,1.0,0.702873,20,20,g1,Loose,Loose,Loose_L1,0
459,1.70658e+09,0,0,nan,nan,1.0,0.702873,20,20,g1,Loose,Loose,Native,0
461,1.70658e+09,1,1,7.604,0.469779,1.0,0.6946315,20,20,g1,Loose,Loose,Loose_L1,0
463,1.70658e+09,1,1,7.56543,0.74021,1.0,0.6946315,20,20,g1,Loose,Loose,Loose_L1,0
465,1.70658e+09,1,1,7.80087,0.823706,1.0,0.7104919999999999,20,20,g1,Loose,Loose,Loose_L1,0
467,1.70658e+09,1,1,6.11873,0.655863,1.0,0.6946315,20,20,g1,Loose,Loose,Loose_L1,0
469,1.70658e+09,1,1,6.43709,0.731294,1.0,0.7102545,20,20,g1,Loose,Loose,Loose_L1,0
471,1.70658e+09,1,1,7.79331,0.875704,1.0,0.7287045,20,20,g1,Loose,Loose,Loose_L1,0
473,1.70658e+09,1,1,6.29609,0.681936,1.0,0.7102545,20,20,g1,Loose,Loose,Loose_L1,0
475,1.70658e+09,1,1,5.39345,0.60963,1.0,0.7102545,20,20,g1,Loose,Loose,Loose_L1,0
477,1.70658e+09,1,1,7.33978,0.870437,1.0,0.7102545,20,20,g1,Loose,Loose,Loose_L1,0
479,1.70658e+09,0,0,nan,nan,1.0,0.7102545,20,20,g1,Loose,Loose,Native,0
481,1.70658e+09,1,1,7.06146,0.486647,1.0,0.6881649999999999,20,20,g1,Loose,Loose,Loose_L1,0
483,1.70658e+09,1,1,5.62396,0.571792,1.0,0.6721189999999999,20,20,g1,Loose,Loose,Loose_L1,0
485,1.70658e+09,1,1,5.97141,0.694764,1.0,0.6721189999999999,20,20,g1,Loose,Loose,Loose_L1,0
487,1.70658e+09,1,1,5.9992,0.696973,1.0,0.6721189999999999,20,20,g1,Loose,Loose,Loose_L1,0
489,1.70658e+09,0,0,nan,nan,1.0,0.6721189999999999,20,20,g1,Loose,Loose,Native,0
491,1.70658e+09,1,1,6.7476,0.473028,1.0,0.6590825,20,20,g1,Loose,Loose,Loose_L1,0
493,1.70658e+09,1,1,6.79925,0.704503,1.0,0.6721189999999999,20,20,g1,Loose,Loose,Loose_L1,0
495,1.70658e+09,1,1,6.43854,0.707339,1.0,0.68835,20,20,g1,Loose,Loose,Loose_L1,0
497,1.70658e+09,1,1,7.83528,0.887455,1.0,0.6958685,20,20,g1,Loose,Loose,Loose_L1,0
499,1.70658e+09,1,1,5.95836,0.640907,1.0,0.6958685,20,20,g1,Loose,Loose,Loose_L1,0
501,1.70658e+09,1,1,5.93508,0.678493,1.0,0.68835,20,20,g1,Loose,Loose,Loose_L1,0
503,1.70658e+09,0,0,nan,nan,1.0,0.68835,20,20,g1,Loose,Loose,Native,0
505,1.70658e+09,1,1,6.08981,0.43187,1.0,0.68835,20,20,g1,Loose,Loose,Loose_L1,0
507,1.70658e+09,1,1,7.24904,0.771109,1.0,0.6958685,20,20,g1,Loose,Loose,Loose_L1,0
509,1.70658e+09,1,1,6.99071,0.759273,1.0,0.6958685,20,20,g1,Loose,Loose,Loose_L1,0
511,1.70658e+09,1,1,6.86978,0.752764,1.0,0.6958685,20,20,g1,Loose,Loose,Loose_L1,0
513,1.70658e+09,1,1,6.41242,0.711671,1.0,0.700738,20,20,g1,Loose,Loose,Loose_L1,0
515,1.70658e+09,1,1,6.56945,0.740214,1.0,0.700738,20,20,g1,Loose,Loose,Loose_L1,0
517,1.70658e+09,1,1,7.98499,0.901088,1.0,0.700738,20,20,g1,Loose,Loose,Loose_L1,0
519,1.70658e+09,1,1,5.24477,0.56014,1.0,0.700738,20,20,g1,Loose,Loose,Loose_L1,0
521,1.70658e+09,1,1,5.12836,0.60674,1.0,0.700738,20,20,g1,Loose,Loose,Loose_L1,0
523,1.70658e+09,1,1,6.18198,0.747811,1.0,0.700738,20,20,g1,Loose,Loose,Loose_L1,0
525,1.70658e+09,1,1,7.07573,0.823697,1.0,0.705921,20,20,g1,Loose,Loose,Loose_L1,0
527,1.70658e+09,1,1,7.16539,0.796486,1.0,0.709505,20,20,g1,Loose,Loose,Loose_L1,0
529,1.70658e+09,1,1,6.3607,0.696068,1.0,0.709505,20,20,g1,Loose,Loose,Loose_L1,0
531,1.70658e+09,1,1,7.58407,0.847925,1.0,0.7259425,20,20,g1,Loose,Loose,Loose_L1,0
533,1.70658e+09,1,1,4.90854,0.530094,1.0,0.7259425,20,20,g1,Loose,Loose,Loose_L1,0
535,1.70658e+09,1,1,7.2512,0.873591,1.0,0.7440125,20,20,g1,Loose,Loose,Loose_L1,0
537,1.70658e+09,1,1,6.17667,0.687307,1.0,0.7440125,20,20,g1,Loose,Loose,Loose_L1,0
539,1.70658e+09,1,1,7.05576,0.807636,1.0,0.7440125,20,20,g1,Loose,Loose,Loose_L1,0
541,1.70658e+09,1,1,5.33251,0.587661,1.0,0.7440125,20,20,g1,Loose,Loose,Loose_L1,0
543,1.70658e+09,1,1,5.84161,0.686909,1.0,0.7440125,20,20,g1,Loose,Loose,Loose_L1,0
545,1.70658e+09,1,1,5.39998,0.633955,1.0,0.7440125,20,20,g1,Loose,Loose,Loose_L1,0
547,1.70658e+09,1,1,5.56159,0.662166,1.0,0.7259425,20,20,g1,Loose,Loose,Loose_L1,0
549,1.70658e+09,1,1,5.65633,0.672708,1.0,0.7038695,20,20,g1,Loose,Loose,Loose_L1,0
551,1.70658e+09,1,1,5.48961,0.644716,1.0,0.6916875,20,20,g1,Loose,Loose,Loose_L1,0
553,1.70658e+09,1,1,7.19602,0.853834,1.0,0.6916875,20,20,g1,Loose,Loose,Loose_L1,0
555,1.70658e+09,0,0,nan,nan,1.0,0.6916875,20,20,g1,Loose,Loose,Native,0
557,1.70658e+09,1,1,6.43107,0.441614,1.0,0.687108,20,20,g1,Loose,Loose,Loose_L1,0
559,1.70658e+09,1,1,6.96998,0.724119,1.0,0.687108,20,20,g1,Loose,Loose,Loose_L1,0
561,1.70658e+09,1,1,5.51307,0.601618,1.0,0.687108,20,20,g1,Loose,Loose,Loose_L1,0
563,1.70658e+09,0,0,nan,nan,1.0,0.687108,20,20,g1,Loose,Loose,Native,0
565,1.70658e+09,1,1,5.91206,0.420989,1.0,0.687108,20,20,g1,Loose,Loose,Loose_L1,0
567,1.70658e+09,1,1,5.02469,0.53766,1.0,0.6798085,20,20,g1,Loose,Loose,Loose_L1,0
569,1.70658e+09,1,1,6.48285,0.772858,1.0,0.6798085,20,20,g1,Loose,Loose,Loose_L1,0
571,1.70658e+09,1,1,6.09103,0.69135,1.0,0.6798085,20,20,g1,Loose,Loose,Loose_L1,0
573,1.70658e+09,1,1,6.5636,0.75654,1.0,0.6798085,20,20,g1,Loose,Loose,Loose_L1,0
575,1.70658e+09,1,1,8.50207,0.958642,1.0,0.6798085,20,20,g1,Loose,Loose,Loose_L1,0
577,1.70658e+09,1,1,6.09547,0.639906,1.0,0.6798085,20,20,g1,Loose,Loose,Loose_L1,0
579,1.70658e+09,1,1,6.0563,0.685843,1.0,0.6792754999999999,20,20,g1,Loose,Loose,Loose_L1,0
581,1.70658e+09,1,1,5.90201,0.673617,1.0,0.6731625,20,20,g1,Loose,Loose,Loose_L1,0
583,1.70658e+09,1,1,5.33488,0.616566,1.0,0.6674370000000001,20,20,g1,Loose,Loose,Loose_L1,0
585,1.70658e+09,1,1,5.60232,0.661114,1.0,0.6674370000000001,20,20,g1,Loose,Loose,Loose_L1,0
587,1.70658e+09,1,1,5.72318,0.676139,1.0,0.6674370000000001,20,20,g1,Loose,Loose,Loose_L1,0
589,1.70658e+09,1,1,4.80171,0.5627,1.0,0.6674370000000001,20,20,g1,Loose,Loose,Loose_L1,0
591,1.70658e+09,1,1,6.05683,0.737538,1.0,0.6731625,20,20,g1,Loose,Loose,Loose_L1,0
593,1.70658e+09,1,1,6.36369,0.74502,1.0,0.6748780000000001,20,20,g1,Loose,Loose,Loose_L1,0
595,1.70658e+09,1,1,6.51799,0.744862,1.0,0.680991,20,20,g1,Loose,Loose,Loose_L1,0
597,1.70658e+09,1,1,6.19646,0.697611,1.0,0.680991,20,20,g1,Loose,Loose,Loose_L1,0
599,1.70658e+09,1,1,7.18252,0.811282,1.0,0.6885965000000001,20,20,g1,Loose,Loose,Loose_L1,0
601,1.70658e+09,1,1,7.37558,0.813069,1.0,0.6885965000000001,20,20,g1,Loose,Loose,Loose_L1,0
603,1.70658e+09,1,1,7.06365,0.763637,1.0,0.6944805000000001,20,20,g1,Loose,Loose,Loose_L1,0
605,1.70658e+09,1,1,6.27114,0.684752,1.0,0.6944805000000001,20,20,g1,Loose,Loose,Loose_L1,0
607,1.70658e+09,1,1,6.95496,0.780882,1.0,0.7175745,20,20,g1,Loose,Loose,Loose_L1,0
609,1.70658e+09,1,1,6.49896,0.7132,1.0,0.7054054999999999,20,20,g1,Loose,Loose,Loose_L1,0
611,1.70658e+09,1,1,6.75787,0.753717,1.0,0.7253689999999999,20,20,g1,Loose,Loose,Loose_L1,0
613,1.70658e+09,1,1,5.60192,0.627306,1.0,0.7054054999999999,20,20,g1,Loose,Loose,Loose_L1,0
615,1.70658e+09,1,1,7.50011,0.879117,1.0,0.7054054999999999,20,20,g1,Loose,Loose,Loose_L1,0
617,1.70658e+09,1,1,6.49693,0.708142,1.0,0.710671,20,20,g1,Loose,Loose,Loose_L1,0
619,1.70658e+09,1,1,5.48336,0.612146,1.0,0.710671,20,20,g1,Loose,Loose,Loose_L1,0
621,1.70658e+09,1,1,6.14941,0.717299,1.0,0.7152495,20,20,g1,Loose,Loose,Loose_L1,0
623,1.70658e+09,1,1,5.66156,0.627712,1.0,0.7152495,20,20,g1,Loose,Loose,Loose_L1,0
625,1.70658e+09,1,1,6.65362,0.7531,1.0,0.7274185,20,20,g1,Loose,Loose,Loose_L1,0
627,1.70658e+09,1,1,7.25869,0.820867,1.0,0.7412000000000001,20,20,g1,Loose,Loose,Loose_L1,0
629,1.70658e+09,1,1,6.80715,0.751293,1.0,0.7449410000000001,20,20,g1,Loose,Loose,Loose_L1,0
631,1.70658e+09,1,1,7.28757,0.80711,1.0,0.7481565,20,20,g1,Loose,Loose,Loose_L1,0
633,1.70658e+09,1,1,6.06466,0.661386,1.0,0.7480775,20,20,g1,Loose,Loose,Loose_L1,0
635,1.70658e+09,1,1,6.76907,0.775671,1.0,0.7521964999999999,20,20,g1,Loose,Loose,Loose_L1,0
637,1.70658e+09,1,1,5.21524,0.58588,1.0,0.7521964999999999,20,20,g1,Loose,Loose,Loose_L1,0
639,1.70658e+09,1,1,6.88427,0.83277,1.0,0.7521964999999999,20,20,g1,Loose,Loose,Loose_L1,0
641,1.70658e+09,1,1,5.53475,0.625039,1.0,0.7342960000000001,20,20,g1,Loose,Loose,Loose_L1,0
643,1.70658e+09,1,1,5.59002,0.660081,1.0,0.7152495,20,20,g1,Loose,Loose,Loose_L1,0
645,1.70658e+09,1,1,5.95635,0.698732,1.0,0.7152495,20,20,g1,Loose,Loose,Loose_L1,0
647,1.70658e+09,1,1,6.90137,0.801867,1.0,0.7152495,20,20,g1,Loose,Loose,Loose_L1,0
649,1.70658e+09,1,1,7.56122,0.853666,1.0,0.7342960000000001,20,20,g1,Loose,Loose,Loose_L1,0
651,1.70658e+09,1,1,6.38074,0.696125,1.0,0.7127205000000001,20,20,g1,Loose,Loose,Loose_L1,0
653,1.70658e+09,1,1,6.94412,0.785451,1.0,0.7342960000000001,20,20,g1,Loose,Loose,Loose_L1,0
655,1.70658e+09,1,1,5.70322,0.631587,1.0,0.7127205000000001,20,20,g1,Loose,Loose,Loose_L1,0
657,1.70658e+09,1,1,6.9036,0.810416,1.0,0.7342960000000001,20,20,g1,Loose,Loose,Loose_L1,0
659,1.70658e+09,1,1,8.1993,0.917232,1.0,0.7521964999999999,20,20,g1,Loose,Loose,Loose_L1,0
661,1.70658e+09,1,1,5.56398,0.607729,1.0,0.7521964999999999,20,20,g1,Loose,Loose,Loose_L1,0
663,1.70658e+09,1,1,7.11038,0.83876,1.0,0.7643854999999999,20,20,g1,Loose,Loose,Loose_L1,0
665,1.70658e+09,1,1,6.17676,0.685792,1.0,0.763482,20,20,g1,Loose,Loose,Loose_L1,0
667,1.70658e+09,1,1,7.84695,0.894432,1.0,0.763482,20,20,g1,Loose,Loose,Loose_L1,0
669,1.70658e+09,1,1,7.89534,0.864643,1.0,0.7805610000000001,20,20,g1,Loose,Loose,Loose_L1,0
671,1.70658e+09,1,1,7.40095,0.80499,1.0,0.7805610000000001,20,20,g1,Loose,Loose,Loose_L1,0
673,1.70658e+09,1,1,7.72649,0.841778,1.0,0.793659,20,20,g1,Loose,Loose,Loose_L1,0
675,1.70658e+09,1,1,8.01892,0.863798,1.0,0.8034285,20,20,g1,Loose,Loose,Loose_L1,0
677,1.70658e+09,1,1,8.05042,0.862883,1.0,0.8077030000000001,20,20,g1,Loose,Loose,Loose_L1,0
679,1.70658e+09,1,1,8.36538,0.887744,1.0,0.8077030000000001,20,20,g1,Loose,Loose,Loose_L1,0
681,1.70658e+09,1,1,6.53654,0.68707,1.0,0.8077030000000001,20,20,g1,Loose,Loose,Loose_L1,0
683,1.70658e+09,1,1,6.32626,0.706495,1.0,0.8077030000000001,20,20,g1,Loose,Loose,Loose_L1,0
685,1.70658e+09,1,1,7.86539,0.897635,1.0,0.824588,20,20,g1,Loose,Loose,Loose_L1,0
687,1.70658e+09,1,1,7.6289,0.822853,1.0,0.8308065,20,20,g1,Loose,Loose,Loose_L1,0
689,1.70658e+09,1,1,9.19721,1.00202,1.0,0.8308065,20,20,g1,Loose,Loose,Loose_L1,0
691,1.70658e+09,1,1,8.50151,0.878134,1.0,0.8402689999999999,20,20,g1,Loose,Loose,Loose_L1,0
693,1.70658e+09,1,1,10.1596,1.05029,1.0,0.8523305,20,20,g1,Loose,Loose,Loose_L1,0
695,1.70658e+09,1,1,9.9953,0.988137,1.0,0.8633405,20,20,g1,Loose,Loose,Loose_L1,0
697,1.70658e+09,1,1,11.4549,1.13946,1.0,0.8642205000000001,20,20,g1,Loose,Loose,Loose_L1,0
699,1.70658e+09,1,1,9.88116,0.938506,1.0,0.8642205000000001,20,20,g1,Loose,Loose,Loose_L1,0
701,1.70658e+09,1,1,10.342,1.00603,1.0,0.8713885,20,20,g1,Loose,Loose,Loose_L1,0
703,1.70658e+09,1,1,12.4136,1.21119,1.0,0.8829389999999999,20,20,g1,Loose,Loose,Loose_L1,0
705,1.70658e+09,1,1,13.0354,1.20678,1.0,0.891088,20,20,g1,Loose,Loose,Loose_L1,0
707,1.70658e+09,1,1,13.7116,1.25686,1.0,0.8926894999999999,20,20,g1,Loose,Loose,Loose_L1,0
709,1.70658e+09,1,1,13.0264,1.18294,1.0,0.9180705,20,20,g1,Loose,Loose,Loose_L1,0
711,1.70658e+09,1,1,14.3451,1.2682,1.0,0.9633214999999999,20,20,g1,Loose,Loose,Loose_L1,0
713,1.70658e+09,1,1,15.1509,1.34556,1.0,0.9950785,20,20,g1,Loose,Loose,Loose_L1,0
715,1.70658e+09,1,1,17.5411,1.52029,1.0,1.004025,20,20,g1,Loose,Loose,Loose_L1,0
717,1.70658e+09,1,1,19.9313,1.63646,1.0,1.02816,20,20,g1,Loose,Loose,Loose_L1,0
719,1.70658e+09,1,1,19.7872,1.56767,1.0,1.094875,20,20,g1,Loose,Loose,Loose_L1,0
721,1.70658e+09,1,1,17.1069,1.32621,1.0,1.1612,20,20,g1,Loose,Loose,Loose_L1,0
723,1.70658e+09,1,1,9.82944,0.78973,1.0,1.1612,20,20,g1,Loose,Loose,Loose_L1,0
725,1.70658e+09,1,1,12.7778,1.18412,1.0,1.1835300000000002,20,20,g1,Loose,Loose,Loose_L1,0
727,1.70658e+09,1,1,12.1865,1.11793,1.0,1.1835300000000002,20,20,g1,Loose,Loose,Loose_L1,0
729,1.70658e+09,1,1,9.42809,0.87591,1.0,1.1835300000000002,20,20,g1,Loose,Loose,Loose_L1,0
731,1.70658e+09,1,1,10.2552,0.998219,1.0,1.1835300000000002,20,20,g1,Loose,Loose,Loose_L1,0
733,1.70658e+09,1,1,10.2787,1.00051,1.0,1.1835300000000002,20,20,g1,Loose,Loose,Loose_L1,0
735,1.70658e+09,1,1,8.42832,0.841128,1.0,1.1835300000000002,20,20,g1,Loose,Loose,Loose_L1,0
737,1.70658e+09,1,1,8.88395,0.897368,1.0,1.1835300000000002,20,20,g1,Loose,Loose,Loose_L1,0
739,1.70658e+09,1,1,7.3375,0.760873,1.0,1.1835300000000002,20,20,g1,Loose,Loose,Loose_L1,0
741,1.70658e+09,1,1,7.192,0.772967,1.0,1.1835300000000002,20,20,g1,Loose,Loose,Loose_L1,0
743,1.70658e+09,1,1,7.36427,0.80622,1.0,1.150435,20,20,g1,Loose,Loose,Loose_L1,0
745,1.70658e+09,1,1,8.14872,0.879361,1.0,1.05922,20,20,g1,Loose,Loose,Loose_L1,0
747,1.70658e+09,1,1,7.23576,0.763004,1.0,0.9993645,20,20,g1,Loose,Loose,Loose_L1,0
749,1.70658e+09,1,1,6.1696,0.657938,1.0,0.9477935,20,20,g1,Loose,Loose,Loose_L1,0
751,1.70658e+09,1,1,7.79802,0.886299,1.0,0.8918335,20,20,g1,Loose,Loose,Loose_L1,0
753,1.70658e+09,1,1,8.66376,0.95501,1.0,0.8918335,20,20,g1,Loose,Loose,Loose_L1,0
755,1.70658e+09,1,1,6.39945,0.667555,1.0,0.88283,20,20,g1,Loose,Loose,Loose_L1,0
757,1.70658e+09,1,1,8.23431,0.928047,1.0,0.88283,20,20,g1,Loose,Loose,Loose_L1,0
759,1.70658e+09,1,1,9.59627,1.03253,1.0,0.88283,20,20,g1,Loose,Loose,Loose_L1,0
761,1.70658e+09,1,1,9.72951,0.98264,1.0,0.88283,20,20,g1,Loose,Loose,Loose_L1,0
763,1.70658e+09,1,1,8.37291,0.832578,1.0,0.88283,20,20,g1,Loose,Loose,Loose_L1,0
765,1.70658e+09,1,1,10.3157,1.06028,1.0,0.88283,20,20,g1,Loose,Loose,Loose_L1,0
767,1.70658e+09,1,1,10.3722,1.02934,1.0,0.88283,20,20,g1,Loose,Loose,Loose_L1,0
769,1.70658e+09,1,1,9.20696,0.903173,1.0,0.8918335,20,20,g1,Loose,Loose,Loose_L1,0
771,1.70658e+09,1,1,10.7891,1.09011,1.0,0.8918335,20,20,g1,Loose,Loose,Loose_L1,0
773,1.70658e+09,1,1,11.7625,1.15224,1.0,0.8918335,20,20,g1,Loose,Loose,Loose_L1,0
775,1.70658e+09,1,1,11.7684,1.10374,1.0,0.9002705,20,20,g1,Loose,Loose,Loose_L1,0
777,1.70658e+09,1,1,11.4291,1.04295,1.0,0.91561,20,20,g1,Loose,Loose,Loose_L1,0
779,1.70658e+09,1,1,14.3296,1.33453,1.0,0.9415285,20,20,g1,Loose,Loose,Loose_L1,0
781,1.70658e+09,1,1,11.4276,1.01495,1.0,0.968825,20,20,g1,Loose,Loose,Loose_L1,0
783,1.70658e+09,1,1,15.4586,1.42885,1.0,0.998795,20,20,g1,Loose,Loose,Loose_L1,0
785,1.70658e+09,1,1,13.8517,1.19754,1.0,1.022145,20,20,g1,Loose,Loose,Loose_L1,0
787,1.70658e+09,1,1,13.4834,1.17332,1.0,1.030935,20,20,g1,Loose,Loose,Loose_L1,0
789,1.70658e+09,1,1,12.6077,1.10663,1.0,1.0377399999999999,20,20,g1,Loose,Loose,Loose_L1,0
791,1.70658e+09,1,1,10.7414,0.968185,1.0,1.0377399999999999,20,20,g1,Loose,Loose,Loose_L1,0
793,1.70658e+09,1,1,11.3192,1.06699,1.0,1.051615,20,20,g1,Loose,Loose,Loose_L1,0
795,1.70658e+09,1,1,12.9205,1.21203,1.0,1.063635,20,20,g1,Loose,Loose,Loose_L1,0
797,1.70658e+09,1,1,12.9279,1.16956,1.0,1.07855,20,20,g1,Loose,Loose,Loose_L1,0
799,1.70658e+09,1,1,14.0705,1.2717,1.0,1.096925,20,20,g1,Loose,Loose,Loose_L1,0
801,1.70658e+09,1,1,13.3104,1.15341,1.0,1.105185,20,20,g1,Loose,Loose,Loose_L1,0
803,1.70658e+09,1,1,16.8432,1.48821,1.0,1.129435,20,20,g1,Loose,Loose,Loose_L1,0
805,1.70658e+09,1,1,13.5792,1.13447,1.0,1.1433550000000001,20,20,g1,Loose,Loose,Loose_L1,0
807,1.70658e+09,1,1,16.4347,1.43644,1.0,1.152825,20,20,g1,Loose,Loose,Loose_L1,0
809,1.70658e+09,1,1,13.7383,1.15304,1.0,1.153225,20,20,g1,Loose,Loose,Loose_L1,0
811,1.70658e+09,1,1,11.3261,0.987457,1.0,1.153225,20,20,g1,Loose,Loose,Loose_L1,0
813,1.70658e+09,1,1,10.4888,0.972056,1.0,1.153225,20,20,g1,Loose,Loose,Loose_L1,0
815,1.70658e+09,1,1,11.5792,1.11785,1.0,1.153225,20,20,g1,Loose,Loose,Loose_L1,0
817,1.70658e+09,1,1,9.76201,0.92118,1.0,1.153225,20,20,g1,Loose,Loose,Loose_L1,0
819,1.70658e+09,1,1,9.64743,0.946507,1.0,1.143755,20,20,g1,Loose,Loose,Loose_L1,0
821,1.70658e+09,1,1,10.4576,1.04423,1.0,1.143755,20,20,g1,Loose,Loose,Loose_L1,0
823,1.70658e+09,1,1,7.22777,0.714111,1.0,1.12616,20,20,g1,Loose,Loose,Loose_L1,0
825,1.70658e+09,1,1,8.63588,0.929622,1.0,1.11224,20,20,g1,Loose,Loose,Loose_L1,0
827,1.70658e+09,1,1,7.9134,0.823321,1.0,1.08681,20,20,g1,Loose,Loose,Loose_L1,0
829,1.70658e+09,1,1,7.10164,0.755181,1.0,1.0556100000000002,20,20,g1,Loose,Loose,Loose_L1,0
831,1.70658e+09,1,1,9.38933,1.02624,1.0,1.0556100000000002,20,20,g1,Loose,Loose,Loose_L1,0
833,1.70658e+09,1,1,7.40803,0.766435,1.0,1.0352350000000001,20,20,g1,Loose,Loose,Loose_L1,0
835,1.70658e+09,1,1,8.00687,0.87379,1.0,1.0068485,20,20,g1,Loose,Loose,Loose_L1,0
837,1.70658e+09,1,1,7.58672,0.808427,1.0,0.9797565,20,20,g1,Loose,Loose,Loose_L1,0
839,1.70658e+09,1,1,8.88197,0.949667,1.0,0.9608615,20,20,g1,Loose,Loose,Loose_L1,0
841,1.70658e+09,1,1,6.85827,0.725199,1.0,0.948087,20,20,g1,Loose,Loose,Loose_L1,0
843,1.70658e+09,1,1,7.85186,0.864241,1.0,0.9380645,20,20,g1,Loose,Loose,Loose_L1,0
845,1.70658e+09,1,1,8.50438,0.918107,1.0,0.9254009999999999,20,20,g1,Loose,Loose,Loose_L1,0
847,1.70658e+09,1,1,6.89223,0.718692,1.0,0.9196435000000001,20,20,g1,Loose,Loose,Loose_L1,0
849,1.70658e+09,1,1,7.53542,0.83618,1.0,0.8959485,20,20,g1,Loose,Loose,Loose_L1,0
851,1.70658e+09,1,1,7.21598,0.782549,1.0,0.8690154999999999,20,20,g1,Loose,Loose,Loose_L1,0
853,1.70658e+09,1,1,8.53613,0.929491,1.0,0.8690154999999999,20,20,g1,Loose,Loose,Loose_L1,0
855,1.70658e+09,0,0,nan,nan,1.0,0.8690154999999999,20,20,g1,Loose,Loose,Native,0
857,1.70658e+09,1,1,10.5992,0.708691,1.0,0.8502105,20,20,g1,Loose,Loose,Loose_L1,0
859,1.70658e+09,1,1,10.9335,0.967739,1.0,0.8502105,20,20,g1,Loose,Loose,Loose_L1,0
861,1.70658e+09,1,1,13.597,1.28647,1.0,0.8502105,20,20,g1,Loose,Loose,Loose_L1,0
863,1.70658e+09,1,1,14.4433,1.28887,1.0,0.8502105,20,20,g1,Loose,Loose,Loose_L1,0
865,1.70658e+09,1,1,15.3726,1.3574,1.0,0.8690154999999999,20,20,g1,Loose,Loose,Loose_L1,0
867,1.70658e+09,1,1,17.6215,1.51954,1.0,0.8690154999999999,20,20,g1,Loose,Loose,Loose_L1,0
869,1.70658e+09,1,1,18.0746,1.4895,1.0,0.8959485,20,20,g1,Loose,Loose,Loose_L1,0
871,1.70658e+09,1,1,18.8484,1.51503,1.0,0.923799,20,20,g1,Loose,Loose,Loose_L1,0
873,1.70658e+09,1,1,15.4731,1.21737,1.0,0.923799,20,20,g1,Loose,Loose,Loose_L1,0
875,1.70658e+09,1,1,15.4351,1.27548,1.0,0.9395789999999999,20,20,g1,Loose,Loose,Loose_L1,0
877,1.70658e+09,1,1,12.434,1.04204,1.0,0.9587030000000001,20,20,g1,Loose,Loose,Loose_L1,0
879,1.70658e+09,1,1,12.5046,1.11146,1.0,1.0048895,20,20,g1,Loose,Loose,Loose_L1,0
881,1.70658e+09,1,1,14.5988,1.33134,1.0,1.07675,20,20,g1,Loose,Loose,Loose_L1,0
883,1.70658e+09,1,1,12.8296,1.11986,1.0,1.11566,20,20,g1,Loose,Loose,Loose_L1,0
885,1.70658e+09,1,1,11.3893,1.0189,1.0,1.11566,20,20,g1,Loose,Loose,Loose_L1,0
887,1.70658e+09,1,1,14.5997,1.36461,1.0,1.168615,20,20,g1,Loose,Loose,Loose_L1,0
889,1.70658e+09,1,1,14.7141,1.30418,1.0,1.246425,20,20,g1,Loose,Loose,Loose_L1,0
891,1.70658e+09,1,1,16.0681,1.39546,1.0,1.280975,20,20,g1,Loose,Loose,Loose_L1,0
893,1.70658e+09,1,1,17.559,1.48324,1.0,1.2876699999999999,20,20,g1,Loose,Loose,Loose_L1,0
895,1.70658e+09,1,1,19.9665,1.61847,1.0,1.296525,20,20,g1,Loose,Loose,Loose_L1,0
897,1.70658e+09,1,1,18.0231,1.41711,1.0,1.3177599999999998,20,20,g1,Loose,Loose,Loose_L1,0
899,1.70658e+09,1,1,16.9844,1.34845,1.0,1.3398949999999998,20,20,g1,Loose,Loose,Loose_L1,0
901,1.70658e+09,1,1,17.1135,1.38786,1.0,1.352925,20,20,g1,Loose,Loose,Loose_L1,0
903,1.70658e+09,1,1,19.837,1.59402,1.0,1.361005,20,20,g1,Loose,Loose,Loose_L1,0
905,1.70658e+09,1,1,16.7552,1.31432,1.0,1.35653,20,20,g1,Loose,Loose,Loose_L1,0
907,1.70658e+09,1,1,16.7878,1.35976,1.0,1.3541050000000001,20,20,g1,Loose,Loose,Loose_L1,0
909,1.70658e+09,1,1,18.9205,1.55224,1.0,1.3541050000000001,20,20,g1,Loose,Loose,Loose_L1,0
911,1.70658e+09,1,1,18.5087,1.48199,1.0,1.3541050000000001,20,20,g1,Loose,Loose,Loose_L1,0
913,1.70658e+09,1,1,17.481,1.38428,1.0,1.3621850000000002,20,20,g1,Loose,Loose,Loose_L1,0
915,1.70658e+09,1,1,19.7406,1.58154,1.0,1.3744450000000001,20,20,g1,Loose,Loose,Loose_L1,0
917,1.70658e+09,1,1,19.6049,1.52427,1.0,1.3860700000000001,20,20,g1,Loose,Loose,Loose_L1,0
919,1.70658e+09,1,1,16.4765,1.27964,1.0,1.3860700000000001,20,20,g1,Loose,Loose,Loose_L1,0
921,1.70658e+09,1,1,20.8888,1.68328,1.0,1.39166,20,20,g1,Loose,Loose,Loose_L1,0
923,1.70658e+09,1,1,20.2278,1.55747,1.0,1.406285,20,20,g1,Loose,Loose,Loose_L1,0
925,1.70658e+09,1,1,16.3125,1.24159,1.0,1.406285,20,20,g1,Loose,Loose,Loose_L1,0
927,1.70658e+09,1,1,16.0689,1.28772,1.0,1.406285,20,20,g1,Loose,Loose,Loose_L1,0
929,1.70658e+09,1,1,12.6589,1.04451,1.0,1.406285,20,20,g1,Loose,Loose,Loose_L1,0
931,1.70658e+09,1,1,13.3548,1.17405,1.0,1.402485,20,20,g1,Loose,Loose,Loose_L1,0
933,1.70658e+09,1,1,13.5444,1.20502,1.0,1.3860700000000001,20,20,g1,Loose,Loose,Loose_L1,0
935,1.70658e+09,1,1,10.624,0.936752,1.0,1.37202,20,20,g1,Loose,Loose,Loose_L1,0
937,1.70658e+09,1,1,11.5338,1.09018,1.0,1.3541050000000001,20,20,g1,Loose,Loose,Loose_L1,0
939,1.70658e+09,1,1,9.78671,0.913696,1.0,1.33704,20,20,g1,Loose,Loose,Loose_L1,0
941,1.70658e+09,1,1,8.7549,0.856765,1.0,1.3010199999999998,20,20,g1,Loose,Loose,Loose_L1,0
943,1.70658e+09,1,1,8.47692,0.861143,1.0,1.28368,20,20,g1,Loose,Loose,Loose_L1,0
945,1.70658e+09,1,1,7.53738,0.780266,1.0,1.260615,20,20,g1,Loose,Loose,Loose_L1,0
947,1.70658e+09,1,1,7.65239,0.820308,1.0,1.2233049999999999,20,20,g1,Loose,Loose,Loose_L1,0
949,1.70658e+09,1,1,8.63826,0.926053,1.0,1.189535,20,20,g1,Loose,Loose,Loose_L1,0
951,1.70658e+09,1,1,7.73914,0.813861,1.0,1.132115,20,20,g1,Loose,Loose,Loose_L1,0
953,1.70658e+09,0,0,nan,nan,1.0,1.132115,20,20,g1,Loose,Loose,Native,0
955,1.70658e+09,1,1,7.11406,0.476614,1.0,1.067345,20,20,g1,Loose,Loose,Loose_L1,0
957,1.70658e+09,1,1,9.01098,0.921329,1.0,0.990631,20,20,g1,Loose,Loose,Loose_L1,0
959,1.70658e+09,1,1,7.7046,0.796977,1.0,0.9314025,20,20,g1,Loose,Loose,Loose_L1,0
961,1.70658e+09,1,1,7.38457,0.791115,1.0,0.923691,20,20,g1,Loose,Loose,Loose_L1,0
963,1.70658e+09,1,1,5.67634,0.620932,1.0,0.9175125,20,20,g1,Loose,Loose,Loose_L1,0
965,1.70658e+09,0,0,nan,nan,1.0,0.9175125,20,20,g1,Loose,Loose,Native,0
967,1.70658e+09,0,0,nan,nan,1.0,0.9175125,20,20,g1,Loose,Loose,Native,0
969,1.70658e+09,1,1,5.66225,0.290516,1.0,0.8874195,20,20,g1,Loose,Loose,Loose_L1,0
971,1.70658e+09,1,1,5.91962,0.627824,1.0,0.858954,20,20,g1,Loose,Loose,Loose_L1,0
973,1.70658e+09,1,1,6.00128,0.679344,1.0,0.8385365,20,20,g1,Loose,Loose,Loose_L1,0
975,1.70658e+09,1,1,6.64524,0.77079,1.0,0.8170845,20,20,g1,Loose,Loose,Loose_L1,0
977,1.70658e+09,1,1,5.37565,0.608508,1.0,0.805419,20,20,g1,Loose,Loose,Loose_L1,0
979,1.70658e+09,0,0,nan,nan,1.0,0.805419,20,20,g1,Loose,Loose,Native,0
981,1.70658e+09,1,1,7.35985,0.531462,1.0,0.794046,20,20,g1,Loose,Loose,Loose_L1,0
983,1.70658e+09,1,1,8.53404,0.853121,1.0,0.794046,20,20,g1,Loose,Loose,Loose_L1,0
985,1.70658e+09,1,1,7.17876,0.748991,1.0,0.7856905000000001,20,20,g1,Loose,Loose,Loose_L1,0
987,1.70658e+09,1,1,6.35271,0.697999,1.0,0.775528,20,20,g1,Loose,Loose,Loose_L1,0
989,1.70658e+09,1,1,6.11318,0.701567,1.0,0.7598905,20,20,g1,Loose,Loose,Loose_L1,0
991,1.70658e+09,1,1,7.14353,0.831084,1.0,0.7598905,20,20,g1,Loose,Loose,Loose_L1,0
993,1.70658e+09,1,1,5.03038,0.567267,1.0,0.725279,20,20,g1,Loose,Loose,Loose_L1,0
995,1.70658e+09,1,1,6.02568,0.735712,1.0,0.7186395000000001,20,20,g1,Loose,Loose,Loose_L1,0
997,1.70658e+09,0,0,nan,nan,1.0,0.7186395000000001,20,20,g1,Loose,Loose,Native,0
999,1.70658e+09,1,1,5.24646,0.378787,1.0,0.699783,20,20,g1,Loose,Loose,Loose_L1,0
1001,1.70658e+09,1,1,8.12269,0.921878,1.0,0.699783,20,20,g1,Loose,Loose,Loose_L1,0
1003,1.70658e+09,1,1,6.95295,0.750981,1.0,0.7186395000000001,20,20,g1,Loose,Loose,Loose_L1,0
1005,1.70658e+09,1,1,6.17002,0.685557,1.0,0.699783,20,20,g1,Loose,Loose,Loose_L1,0
1007,1.70658e+09,1,1,8.70744,1.01157,1.0,0.699783,20,20,g1,Loose,Loose,Loose_L1,0
1009,1.70658e+09,1,1,6.54007,0.698332,1.0,0.6981655,20,20,g1,Loose,Loose,Loose_L1,0
1011,1.70658e+09,1,1,6.97236,0.790406,1.0,0.6999495,20,20,g1,Loose,Loose,Loose_L1,0
1013,1.70658e+09,1,1,6.90481,0.780784,1.0,0.7186395000000001,20,20,g1,Loose,Loose,Loose_L1,0
1015,1.70658e+09,1,1,6.35914,0.701049,1.0,0.7186395000000001,20,20,g1,Loose,Loose,Loose_L1,0
1017,1.70658e+09,1,1,6.17724,0.708665,1.0,0.7221885,20,20,g1,Loose,Loose,Loose_L1,0
1019,1.70658e+09,1,1,7.69049,0.913945,1.0,0.7221885,20,20,g1,Loose,Loose,Loose_L1,0
1021,1.70658e+09,1,1,8.49731,0.922163,1.0,0.7423515,20,20,g1,Loose,Loose,Loose_L1,0
1023,1.70658e+09,1,1,9.69271,1.00216,1.0,0.749986,20,20,g1,Loose,Loose,Loose_L1,0
1025,1.70658e+09,1,1,10.5543,1.0634,1.0,0.749986,20,20,g1,Loose,Loose,Loose_L1,0
1027,1.70658e+09,1,1,9.22128,0.915639,1.0,0.7658825,20,20,g1,Loose,Loose,Loose_L1,0
1029,1.70658e+09,1,1,9.05232,0.885445,1.0,0.785595,20,20,g1,Loose,Loose,Loose_L1,0
1031,1.70658e+09,1,1,9.543,0.977682,1.0,0.810745,20,20,g1,Loose,Loose,Loose_L1,0
1033,1.70658e+09,1,1,10.6128,1.07903,1.0,0.8379255000000001,20,20,g1,Loose,Loose,Loose_L1,0
1035,1.70658e+09,1,1,11.78,1.1638,1.0,0.899695,20,20,g1,Loose,Loose,Loose_L1,0
1037,1.70658e+09,1,1,12.373,1.17184,1.0,0.914792,20,20,g1,Loose,Loose,Loose_L1,0
1039,1.70658e+09,1,1,17.391,1.61351,1.0,0.9187585,20,20,g1,Loose,Loose,Loose_L1,0
1041,1.70658e+09,1,1,18.1401,1.53008,1.0,0.918901,20,20,g1,Loose,Loose,Loose_L1,0
1043,1.70658e+09,1,1,19.6611,1.60481,1.0,0.9499225,20,20,g1,Loose,Loose,Loose_L1,0
1045,1.70658e+09,1,1,19.3428,1.51497,1.0,0.989921,20,20,g1,Loose,Loose,Loose_L1,0
1047,1.70658e+09,0,0,nan,nan,1.0,0.989921,20,20,g1,Loose,Loose,Native,0
1049,1.70658e+09,1,1,16.9417,0.92511,1.0,0.951396,20,20,g1,Loose,Loose,Loose_L1,0
1051,1.70658e+09,1,1,21.2097,1.51615,1.0,0.989921,20,20,g1,Loose,Loose,Loose_L1,0
1053,1.70658e+09,1,1,14.5879,1.08107,1.0,1.0327799999999998,20,20,g1,Loose,Loose,Loose_L1,0
1055,1.70658e+09,1,1,9.03256,0.7369,1.0,1.0327799999999998,20,20,g1,Loose,Loose,Loose_L1,0
1057,1.70658e+09,1,1,10.61,1.03019,1.0,1.046795,20,20,g1,Loose,Loose,Loose_L1,0
1059,1.70658e+09,1,1,11.1261,1.08677,1.0,1.071215,20,20,g1,Loose,Loose,Loose_L1,0
1061,1.70658e+09,1,1,9.80364,0.956749,1.0,1.071215,20,20,g1,Loose,Loose,Loose_L1,0
1063,1.70658e+09,1,1,10.0134,0.996121,1.0,1.071215,20,20,g1,Loose,Loose,Loose_L1,0
1065,1.70658e+09,1,1,12.6275,1.25454,1.0,1.08005,20,20,g1,Loose,Loose,Loose_L1,0
1067,1.70658e+09,1,1,14.9194,1.39343,1.0,1.08392,20,20,g1,Loose,Loose,Loose_L1,0
1069,1.70658e+09,1,1,12.7113,1.1092,1.0,1.097985,20,20,g1,Loose,Loose,Loose_L1,0
1071,1.70658e+09,1,1,16.2746,1.45548,1.0,1.1364999999999998,20,20,g1,Loose,Loose,Loose_L1,0
1073,1.70658e+09,1,1,17.2103,1.45824,1.0,1.1678199999999999,20,20,g1,Loose,Loose,Loose_L1,0
1075,1.70658e+09,1,1,14.8662,1.21373,1.0,1.192785,20,20,g1,Loose,Loose,Loose_L1,0
1077,1.70658e+09,1,1,13.7441,1.16364,1.0,1.192785,20,20,g1,Loose,Loose,Loose_L1,0
1079,1.70658e+09,1,1,10.4171,0.909124,1.0,1.188685,20,20,g1,Loose,Loose,Loose_L1,0
1081,1.70658e+09,1,1,9.9757,0.944977,1.0,1.13642,20,20,g1,Loose,Loose,Loose_L1,0
1083,1.70658e+09,1,1,9.9799,0.976064,1.0,1.097985,20,20,g1,Loose,Loose,Loose_L1,0
1085,1.70658e+09,1,1,11.9966,1.17499,1.0,1.097985,20,20,g1,Loose,Loose,Loose_L1,0
1087,1.70658e+09,1,1,9.41722,0.898482,1.0,1.08392,20,20,g1,Loose,Loose,Loose_L1,0
1089,1.70658e+09,1,1,8.99505,0.891463,1.0,1.08392,20,20,g1,Loose,Loose,Loose_L1,0
1091,1.70658e+09,1,1,8.16255,0.823202,1.0,1.0556299999999998,20,20,g1,Loose,Loose,Loose_L1,0
1093,1.70658e+09,1,1,8.46642,0.877122,1.0,1.0131554999999999,20,20,g1,Loose,Loose,Loose_L1,0
1095,1.70658e+09,1,1,8.17618,0.866886,1.0,1.0131554999999999,20,20,g1,Loose,Loose,Loose_L1,0
1097,1.70658e+09,1,1,7.64628,0.798396,1.0,0.9860925,20,20,g1,Loose,Loose,Loose_L1,0
1099,1.70658e+09,1,1,6.70196,0.709598,1.0,0.9664065,20,20,g1,Loose,Loose,Loose_L1,0
1101,1.70658e+09,1,1,9.01434,1.02834,1.0,0.9860925,20,20,g1,Loose,Loose,Loose_L1,0
1103,1.70658e+09,1,1,8.43986,0.870468,1.0,0.9605205,20,20,g1,Loose,Loose,Loose_L1,0
1105,1.70658e+09,1,1,8.71153,0.928637,1.0,0.936807,20,20,g1,Loose,Loose,Loose_L1,0
1107,1.70658e+09,1,1,6.58943,0.698755,1.0,0.9188805,20,20,g1,Loose,Loose,Loose_L1,0
1109,1.70658e+09,1,1,7.57172,0.840971,1.0,0.903803,20,20,g1,Loose,Loose,Loose_L1,0
1111,1.70658e+09,1,1,11.034,1.1939,1.0,0.903803,20,20,g1,Loose,Loose,Loose_L1,0
1113,1.70658e+09,1,1,7.77072,0.765816,1.0,0.8949725,20,20,g1,Loose,Loose,Loose_L1,0
1115,1.70658e+09,1,1,8.49699,0.882682,1.0,0.8870724999999999,20,20,g1,Loose,Loose,Loose_L1,0
1117,1.70658e+09,1,1,6.98354,0.701396,1.0,0.879902,20,20,g1,Loose,Loose,Loose_L1,0
1119,1.70658e+09,1,1,6.73912,0.70975,1.0,0.873795,20,20,g1,Loose,Loose,Loose_L1,0
1121,1.70658e+09,1,1,6.47443,0.733529,1.0,0.868677,20,20,g1,Loose,Loose,Loose_L1,0
1123,1.70658e+09,1,1,7.34701,0.824042,1.0,0.8539285000000001,20,20,g1,Loose,Loose,Loose_L1,0
1125,1.70658e+09,1,1,7.22781,0.79245,1.0,0.8325065,20,20,g1,Loose,Loose,Loose_L1,0
1127,1.70658e+09,1,1,6.44176,0.723188,1.0,0.8236220000000001,20,20,g1,Loose,Loose,Loose_L1,0
1129,1.70658e+09,1,1,5.69595,0.641679,1.0,0.810799,20,20,g1,Loose,Loose,Loose_L1,0
1131,1.70658e+09,1,1,6.99623,0.829187,1.0,0.811219,20,20,g1,Loose,Loose,Loose_L1,0
1133,1.70658e+09,1,1,7.89752,0.881019,1.0,0.811219,20,20,g1,Loose,Loose,Loose_L1,0
1135,1.70658e+09,1,1,8.06773,0.864976,1.0,0.811219,20,20,g1,Loose,Loose,Loose_L1,0
1137,1.70658e+09,1,1,8.3163,0.881332,1.0,0.8266145,20,20,g1,Loose,Loose,Loose_L1,0
1139,1.70658e+09,1,1,6.40637,0.679586,1.0,0.8266145,20,20,g1,Loose,Loose,Loose_L1,0
1141,1.70658e+09,1,1,8.78151,0.990219,1.0,0.8266145,20,20,g1,Loose,Loose,Loose_L1,0
1143,1.70658e+09,1,1,9.89178,1.03176,1.0,0.8266145,20,20,g1,Loose,Loose,Loose_L1,0
1145,1.70658e+09,0,0,nan,nan,1.0,0.8266145,20,20,g1,Loose,Loose,Native,0
1147,1.70658e+09,1,1,10.2701,0.663552,1.0,0.808246,20,20,g1,Loose,Loose,Loose_L1,0
1149,1.70658e+09,1,1,10.3505,0.915843,1.0,0.8266145,20,20,g1,Loose,Loose,Loose_L1,0
1151,1.70658e+09,1,1,10.7498,1.00599,1.0,0.8266145,20,20,g1,Loose,Loose,Loose_L1,0
1153,1.70658e+09,1,1,14.9264,1.38711,1.0,0.8266145,20,20,g1,Loose,Loose,Loose_L1,0
1155,1.70658e+09,1,1,15.2794,1.34713,1.0,0.8470815,20,20,g1,Loose,Loose,Loose_L1,0
1157,1.70658e+09,1,1,14.9691,1.28784,1.0,0.8470815,20,20,g1,Loose,Loose,Loose_L1,0
1159,1.70658e+09,1,1,14.9346,1.29778,1.0,0.8729975,20,20,g1,Loose,Loose,Loose_L1,0
1161,1.70658e+09,1,1,13.767,1.1769,1.0,0.8811755,20,20,g1,Loose,Loose,Loose_L1,0
1163,1.70658e+09,1,1,12.7194,1.06796,1.0,0.8985875,20,20,g1,Loose,Loose,Loose_L1,0
1165,1.70658e+09,1,1,13.7899,1.21379,1.0,0.953031,20,20,g1,Loose,Loose,Loose_L1,0
1167,1.70658e+09,1,1,10.6121,0.950898,1.0,0.9705585,20,20,g1,Loose,Loose,Loose_L1,0
1169,1.70658e+09,1,1,11.6452,1.0913,1.0,0.9981045,20,20,g1,Loose,Loose,Loose_L1,0
1171,1.70658e+09,1,1,10.0261,0.940492,1.0,0.9981045,20,20,g1,Loose,Loose,Loose_L1,0
1173,1.70658e+09,1,1,9.91698,0.949346,1.0,0.9981045,20,20,g1,Loose,Loose,Loose_L1,0
1175,1.70658e+09,1,1,10.3984,1.04088,1.0,1.018875,20,20,g1,Loose,Loose,Loose_L1,0
1177,1.70658e+09,1,1,9.5947,0.962277,1.0,1.018875,20,20,g1,Loose,Loose,Loose_L1,0
1179,1.70658e+09,1,1,8.66614,0.877166,1.0,1.018875,20,20,g1,Loose,Loose,Loose_L1,0
1181,1.70658e+09,1,1,10.5624,1.11546,1.0,1.03632,20,20,g1,Loose,Loose,Loose_L1,0
1183,1.70658e+09,1,1,8.33201,0.821419,1.0,1.03632,20,20,g1,Loose,Loose,Loose_L1,0
1185,1.70658e+09,1,1,10.6457,1.0928,1.0,1.05442,20,20,g1,Loose,Loose,Loose_L1,0
1187,1.70658e+09,1,1,7.8919,0.778972,1.0,1.05442,20,20,g1,Loose,Loose,Loose_L1,0
1189,1.70658e+09,0,0,nan,nan,1.0,1.05442,20,20,g1,Loose,Loose,Native,0
1191,1.70658e+09,1,1,7.52267,0.504615,1.0,1.05442,20,20,g1,Loose,Loose,Loose_L1,0
1193,1.70658e+09,1,1,8.87281,0.89091,1.0,1.05442,20,20,g1,Loose,Loose,Loose_L1,0
1195,1.70658e+09,1,1,8.00776,0.807918,1.0,1.0015785,20,20,g1,Loose,Loose,Loose_L1,0
1197,1.70658e+09,1,1,7.46682,0.803375,1.0,0.9565875,20,20,g1,Loose,Loose,Loose_L1,0
1199,1.70658e+09,1,1,10.4199,1.12361,1.0,0.9565875,20,20,g1,Loose,Loose,Loose_L1,0
1201,1.70658e+09,1,1,7.76021,0.785043,1.0,0.950122,20,20,g1,Loose,Loose,Loose_L1,0
1203,1.70658e+09,1,1,9.40565,1.01524,1.0,0.950122,20,20,g1,Loose,Loose,Loose_L1,0
1205,1.70658e+09,1,1,7.43368,0.75025,1.0,0.9449190000000001,20,20,g1,Loose,Loose,Loose_L1,0
1207,1.70658e+09,1,1,8.27256,0.884785,1.0,0.915701,20,20,g1,Loose,Loose,Loose_L1,0
1209,1.70658e+09,1,1,6.22153,0.660908,1.0,0.8878475,20,20,g1,Loose,Loose,Loose_L1,0
1211,1.70658e+09,1,1,9.13096,1.03758,1.0,0.8878475,20,20,g1,Loose,Loose,Loose_L1,0
1213,1.70658e+09,1,1,6.99898,0.729853,1.0,0.8809755,20,20,g1,Loose,Loose,Loose_L1,0
1215,1.70658e+09,1,1,9.66189,1.06405,1.0,0.8809755,20,20,g1,Loose,Loose,Loose_L1,0
1217,1.70658e+09,1,1,9.81992,1.01633,1.0,0.8809755,20,20,g1,Loose,Loose,Loose_L1,0
1219,1.70658e+09,1,1,9.08321,0.9264,1.0,0.8809755,20,20,g1,Loose,Loose,Loose_L1,0
1221,1.70658e+09,1,1,9.3106,0.941076,1.0,0.8878475,20,20,g1,Loose,Loose,Loose_L1,0
1223,1.70658e+09,1,1,10.9864,1.14366,1.0,0.8878475,20,20,g1,Loose,Loose,Loose_L1,0
1225,1.70658e+09,1,1,9.61678,0.938285,1.0,0.908655,20,20,g1,Loose,Loose,Loose_L1,0
1227,1.70658e+09,1,1,11.9399,1.18581,1.0,0.908655,20,20,g1,Loose,Loose,Loose_L1,0
1229,1.70658e+09,1,1,13.1758,1.24229,1.0,0.9323425000000001,20,20,g1,Loose,Loose,Loose_L1,0
1231,1.70658e+09,1,1,13.745,1.23671,1.0,0.9396805,20,20,g1,Loose,Loose,Loose_L1,0
1233,1.70658e+09,1,1,16.4045,1.4713,1.0,0.978158,20,20,g1,Loose,Loose,Loose_L1,0
1235,1.70658e+09,1,1,14.6677,1.24095,1.0,1.015785,20,20,g1,Loose,Loose,Loose_L1,0
1237,1.70658e+09,1,1,14.4355,1.25356,1.0,1.026955,20,20,g1,Loose,Loose,Loose_L1,0
1239,1.70658e+09,1,1,12.0436,1.05126,1.0,1.026955,20,20,g1,Loose,Loose,Loose_L1,0
1241,1.70658e+09,1,1,12.6925,1.15059,1.0,1.0444200000000001,20,20,g1,Loose,Loose,Loose_L1,0
1243,1.70658e+09,1,1,11.9853,1.09869,1.0,1.057655,20,20,g1,Loose,Loose,Loose_L1,0
1245,1.70658e+09,1,1,10.99,1.01006,1.0,1.057655,20,20,g1,Loose,Loose,Loose_L1,0
1247,1.70658e+09,1,1,15.047,1.42264,1.0,1.08137,20,20,g1,Loose,Loose,Loose_L1,0
1249,1.70658e+09,1,1,13.4469,1.18747,1.0,1.121175,20,20,g1,Loose,Loose,Loose_L1,0
1251,1.70658e+09,1,1,13.2919,1.17261,1.0,1.147125,20,20,g1,Loose,Loose,Loose_L1,0
1253,1.70658e+09,1,1,13.5936,1.21201,1.0,1.1616,20,20,g1,Loose,Loose,Loose_L1,0
1255,1.70658e+09,1,1,14.0302,1.26665,1.0,1.1792099999999999,20,20,g1,Loose,Loose,Loose_L1,0
1257,1.70658e+09,1,1,12.4815,1.10532,1.0,1.1792099999999999,20,20,g1,Loose,Loose,Loose_L1,0
1259,1.70658e+09,1,1,15.2428,1.37476,1.0,1.1866400000000001,20,20,g1,Loose,Loose,Loose_L1,0
1261,1.70658e+09,1,1,13.0564,1.13343,1.0,1.1866400000000001,20,20,g1,Loose,Loose,Loose_L1,0
1263,1.70658e+09,1,1,11.8358,1.04817,1.0,1.1866400000000001,20,20,g1,Loose,Loose,Loose_L1,0
1265,1.70658e+09,1,1,12.1502,1.12442,1.0,1.1866400000000001,20,20,g1,Loose,Loose,Loose_L1,0
1267,1.70658e+09,1,1,11.0569,1.02544,1.0,1.18004,20,20,g1,Loose,Loose,Loose_L1,0
1269,1.70658e+09,1,1,12.4933,1.19127,1.0,1.18004,20,20,g1,Loose,Loose,Loose_L1,0
1271,1.70658e+09,1,1,11.7775,1.08311,1.0,1.1616,20,20,g1,Loose,Loose,Loose_L1,0
1273,1.70658e+09,1,1,9.66772,0.921036,1.0,1.14201,20,20,g1,Loose,Loose,Loose_L1,0
1275,1.70658e+09,1,1,12.7372,1.26714,1.0,1.14201,20,20,g1,Loose,Loose,Loose_L1,0
1277,1.70658e+09,1,1,8.94985,0.848968,1.0,1.128925,20,20,g1,Loose,Loose,Loose_L1,0
1279,1.70658e+09,1,1,10.4649,1.02422,1.0,1.128925,20,20,g1,Loose,Loose,Loose_L1,0
1281,1.70658e+09,1,1,12.602,1.24272,1.0,1.128925,20,20,g1,Loose,Loose,Loose_L1,0
1283,1.70658e+09,1,1,14.1509,1.32849,1.0,1.15302,20,20,g1,Loose,Loose,Loose_L1,0
1285,1.70658e+09,1,1,14.1993,1.29261,1.0,1.18004,20,20,g1,Loose,Loose,Loose_L1,0
1287,1.70658e+09,1,1,15.1774,1.30384,1.0,1.18004,20,20,g1,Loose,Loose,Loose_L1,0
1289,1.70658e+09,1,1,10.3835,0.88671,1.0,1.15302,20,20,g1,Loose,Loose,Loose_L1,0
1291,1.70658e+09,1,1,10.1181,0.974108,1.0,1.128925,20,20,g1,Loose,Loose,Loose_L1,0
1293,1.70658e+09,1,1,10.1575,0.980841,1.0,1.11487,20,20,g1,Loose,Loose,Loose_L1,0
1295,1.70658e+09,1,1,9.25386,0.907528,1.0,1.0942150000000002,20,20,g1,Loose,Loose,Loose_L1,0
1297,1.70658e+09,1,1,7.48366,0.74819,1.0,1.0656400000000001,20,20,g1,Loose,Loose,Loose_L1,0
1299,1.70658e+09,1,1,10.2155,1.09424,1.0,1.0656400000000001,20,20,g1,Loose,Loose,Loose_L1,0
1301,1.70658e+09,1,1,8.70937,0.875327,1.0,1.036805,20,20,g1,Loose,Loose,Loose_L1,0
1303,1.70658e+09,1,1,6.36157,0.667509,1.0,1.02483,20,20,g1,Loose,Loose,Loose_L1,0
1305,1.70658e+09,1,1,7.89516,0.913472,1.0,1.0025305,20,20,g1,Loose,Loose,Loose_L1,0
1307,1.70658e+09,1,1,7.62656,0.815761,1.0,0.9774745,20,20,g1,Loose,Loose,Loose_L1,0
1309,1.70658e+09,1,1,8.95456,0.989433,1.0,0.9774745,20,20,g1,Loose,Loose,Loose_L1,0
1311,1.70658e+09,1,1,7.39069,0.773167,1.0,0.947572,20,20,g1,Loose,Loose,Loose_L1,0
1313,1.70658e+09,1,1,8.82689,0.959182,1.0,0.966645,20,20,g1,Loose,Loose,Loose_L1,0
1315,1.70658e+09,1,1,7.89111,0.796952,1.0,0.9363269999999999,20,20,g1,Loose,Loose,Loose_L1,0
1317,1.70658e+09,1,1,7.66303,0.799936,1.0,0.9363269999999999,20,20,g1,Loose,Loose,Loose_L1,0
1319,1.70658e+09,1,1,10.9525,1.15703,1.0,0.9363269999999999,20,20,g1,Loose,Loose,Loose_L1,0
1321,1.70658e+09,1,1,9.61698,0.96425,1.0,0.9363269999999999,20,20,g1,Loose,Loose,Loose_L1,0
1323,1.70658e+09,1,1,11.249,1.1469,1.0,0.9363269999999999,20,20,g1,Loose,Loose,Loose_L1,0
1325,1.70658e+09,1,1,10.5802,0.965462,1.0,0.9363269999999999,20,20,g1,Loose,Loose,Loose_L1,0
1327,1.70658e+09,1,1,8.73535,0.84831,1.0,0.9105,20,20,g1,Loose,Loose,Loose_L1,0
1329,1.70658e+09,1,1,7.229,0.739978,1.0,0.9105,20,20,g1,Loose,Loose,Loose_L1,0
1331,1.70658e+09,1,1,9.37144,1.01503,1.0,0.9105,20,20,g1,Loose,Loose,Loose_L1,0
1333,1.70658e+09,1,1,8.848,0.908064,1.0,0.907796,20,20,g1,Loose,Loose,Loose_L1,0
1335,1.70658e+09,1,1,8.61093,0.885223,1.0,0.8966434999999999,20,20,g1,Loose,Loose,Loose_L1,0
1337,1.70658e+09,1,1,6.07095,0.637023,1.0,0.8966434999999999,20,20,g1,Loose,Loose,Loose_L1,0
1339,1.70658e+09,1,1,8.19586,0.944181,1.0,0.8966434999999999,20,20,g1,Loose,Loose,Loose_L1,0
1341,1.70658e+09,1,1,10.1965,1.09853,1.0,0.910768,20,20,g1,Loose,Loose,Loose_L1,0
1343,1.70658e+09,1,1,9.51625,0.95052,1.0,0.9288265,20,20,g1,Loose,Loose,Loose_L1,0
1345,1.70658e+09,1,1,9.29373,0.891899,1.0,0.9261225,20,20,g1,Loose,Loose,Loose_L1,0
1347,1.70658e+09,1,1,10.9602,1.06608,1.0,0.9473505,20,20,g1,Loose,Loose,Loose_L1,0
1349,1.70658e+09,1,1,8.56275,0.825231,1.0,0.9261225,20,20,g1,Loose,Loose,Loose_L1,0
1351,1.70658e+09,1,1,8.29949,0.869209,1.0,0.9261225,20,20,g1,Loose,Loose,Loose_L1,0
1353,1.70658e+09,1,1,10.3099,1.11758,1.0,0.9261225,20,20,g1,Loose,Loose,Loose_L1,0
1355,1.70658e+09,1,1,15.0885,1.51883,1.0,0.9473505,20,20,g1,Loose,Loose,Loose_L1,0
1357,1.70658e+09,1,1,12.1818,1.12126,1.0,0.957385,20,20,g1,Loose,Loose,Loose_L1,0
1359,1.70658e+09,1,1,13.7552,1.28488,1.0,0.957385,20,20,g1,Loose,Loose,Loose_L1,0
1361,1.70658e+09,1,1,12.5413,1.11364,1.0,0.957991,20,20,g1,Loose,Loose,Loose_L1,0
1363,1.70658e+09,1,1,12.4306,1.13784,1.0,0.957991,20,20,g1,Loose,Loose,Loose_L1,0
1365,1.70658e+09,1,1,12.0318,1.11369,1.0,0.9827750000000001,20,20,g1,Loose,Loose,Loose_L1,0
1367,1.70658e+09,1,1,10.8467,1.0047,1.0,1.009865,20,20,g1,Loose,Loose,Loose_L1,0
1369,1.70658e+09,1,1,12.8957,1.22029,1.0,1.040555,20,20,g1,Loose,Loose,Loose_L1,0
1371,1.70658e+09,1,1,10.8911,1.00154,1.0,1.03539,20,20,g1,Loose,Loose,Loose_L1,0
1373,1.70658e+09,1,1,11.4908,1.08475,1.0,1.075415,20,20,g1,Loose,Loose,Loose_L1,0
1375,1.70658e+09,1,1,10.2346,0.946079,1.0,1.075415,20,20,g1,Loose,Loose,Loose_L1,0
1377,1.70658e+09,1,1,10.4911,1.0554,1.0,1.075415,20,20,g1,Loose,Loose,Loose_L1,0
1379,1.70658e+09,0,0,nan,nan,1.0,1.075415,20,20,g1,Loose,Loose,Native,0
1381,1.70658e+09,1,1,8.4392,0.551447,1.0,1.075415,20,20,g1,Loose,Loose,Loose_L1,0
1383,1.70658e+09,1,1,9.50954,0.902117,1.0,1.06074,20,20,g1,Loose,Loose,Loose_L1,0
1385,1.70658e+09,1,1,7.49317,0.740588,1.0,1.06074,20,20,g1,Loose,Loose,Loose_L1,0
1387,1.70658e+09,1,1,7.86483,0.838802,1.0,1.06074,20,20,g1,Loose,Loose,Loose_L1,0
1389,1.70658e+09,1,1,8.2132,0.877547,1.0,1.03005,20,20,g1,Loose,Loose,Loose_L1,0
1391,1.70658e+09,1,1,7.43092,0.786139,1.0,1.03005,20,20,g1,Loose,Loose,Loose_L1,0
1393,1.70658e+09,1,1,7.23505,0.786045,1.0,1.03005,20,20,g1,Loose,Loose,Loose_L1,0
1395,1.70658e+09,1,1,6.15377,0.691557,1.0,1.00312,20,20,g1,Loose,Loose,Loose_L1,0
1397,1.70658e+09,1,1,6.49968,0.741161,1.0,0.9738095,20,20,g1,Loose,Loose,Loose_L1,0
1399,1.70658e+09,1,1,6.66769,0.76661,1.0,0.924098,20,20,g1,Loose,Loose,Loose_L1,0
1401,1.70658e+09,1,1,9.32189,1.07166,1.0,0.924098,20,20,g1,Loose,Loose,Loose_L1,0
1403,1.70658e+09,1,1,6.59723,0.693231,1.0,0.889832,20,20,g1,Loose,Loose,Loose_L1,0
1405,1.70658e+09,1,1,8.3045,0.935645,1.0,0.889832,20,20,g1,Loose,Loose,Loose_L1,0
1407,1.70658e+09,1,1,6.65262,0.71005,1.0,0.8581745000000001,20,20,g1,Loose,Loose,Loose_L1,0
1409,1.70658e+09,1,1,7.15062,0.794924,1.0,0.816863,20,20,g1,Loose,Loose,Loose_L1,0
1411,1.70658e+09,1,1,7.76315,0.855865,1.0,0.816863,20,20,g1,Loose,Loose,Loose_L1,0
1413,1.70658e+09,1,1,8.15557,0.877215,1.0,0.816863,20,20,g1,Loose,Loose,Loose_L1,0
1415,1.70658e+09,1,1,9.46842,1.00367,1.0,0.816863,20,20,g1,Loose,Loose,Loose_L1,0
1417,1.70658e+09,1,1,8.73961,0.892847,1.0,0.816863,20,20,g1,Loose,Loose,Loose_L1,0
1419,1.70658e+09,1,1,14.3578,1.49521,1.0,0.816863,20,20,g1,Loose,Loose,Loose_L1,0
1421,1.70658e+09,1,1,13.146,1.21916,1.0,0.8473335,20,20,g1,Loose,Loose,Loose_L1,0
1423,1.70658e+09,1,1,12.9826,1.18764,1.0,0.8473335,20,20,g1,Loose,Loose,Loose_L1,0
1425,1.70658e+09,1,1,12.2829,1.12816,1.0,0.86654,20,20,g1,Loose,Loose,Loose_L1,0
1427,1.70658e+09,1,1,11.9845,1.08766,1.0,0.877381,20,20,g1,Loose,Loose,Loose_L1,0
1429,1.70658e+09,1,1,16.2763,1.49231,1.0,0.8850309999999999,20,20,g1,Loose,Loose,Loose_L1,0
1431,1.70658e+09,1,1,15.5676,1.35656,1.0,0.9142459999999999,20,20,g1,Loose,Loose,Loose_L1,0
1433,1.70658e+09,1,1,15.8326,1.32061,1.0,0.9696575000000001,20,20,g1,Loose,Loose,Loose_L1,0
1435,1.70658e+09,1,1,13.7486,1.1499,1.0,1.037665,20,20,g1,Loose,Loose,Loose_L1,0
1437,1.70658e+09,1,1,14.0856,1.22726,1.0,1.07966,20,20,g1,Loose,Loose,Loose_L1,0
1439,1.70658e+09,1,1,10.7509,0.943538,1.0,1.07966,20,20,g1,Loose,Loose,Loose_L1,0
1441,1.70658e+09,1,1,10.8265,1.03141,1.0,1.059535,20,20,g1,Loose,Loose,Loose_L1,0
1443,1.70658e+09,1,1,11.9322,1.16113,1.0,1.10791,20,20,g1,Loose,Loose,Loose_L1,0
1445,1.70658e+09,1,1,8.72214,0.832746,1.0,1.10791,20,20,g1,Loose,Loose,Loose_L1,0
1447,1.70658e+09,1,1,8.66996,0.872752,1.0,1.10791,20,20,g1,Loose,Loose,Loose_L1,0
1449,1.70658e+09,1,1,6.58538,0.669401,1.0,1.10791,20,20,g1,Loose,Loose,Loose_L1,0
1451,1.70658e+09,1,1,10.9611,1.26073,1.0,1.13903,20,20,g1,Loose,Loose,Loose_L1,0
1453,1.70658e+09,1,1,9.08609,0.902374,1.0,1.13903,20,20,g1,Loose,Loose,Loose_L1,0
1455,1.70658e+09,1,1,7.90959,0.80905,1.0,1.13903,20,20,g1,Loose,Loose,Loose_L1,0
1457,1.70658e+09,1,1,8.20943,0.879093,1.0,1.13903,20,20,g1,Loose,Loose,Loose_L1,0
1459,1.70658e+09,1,1,8.54223,0.887381,1.0,1.10791,20,20,g1,Loose,Loose,Loose_L1,0
1461,1.70658e+09,1,1,9.86813,1.02963,1.0,1.059535,20,20,g1,Loose,Loose,Loose_L1,0
1463,1.70658e+09,1,1,8.62154,0.884888,1.0,1.03052,20,20,g1,Loose,Loose,Loose_L1,0
1465,1.70658e+09,1,1,9.316,0.990907,1.0,1.0102685,20,20,g1,Loose,Loose,Loose_L1,0
1467,1.70658e+09,1,1,10.3438,1.05022,1.0,1.0102685,20,20,g1,Loose,Loose,Loose_L1,0
1469,1.70658e+09,1,1,10.1383,1.01098,1.0,1.0009435,20,20,g1,Loose,Loose,Loose_L1,0
1471,1.70658e+09,1,1,10.2863,1.01815,1.0,1.0009435,20,20,g1,Loose,Loose,Loose_L1,0
1473,1.70658e+09,1,1,7.25021,0.693436,1.0,0.9672225,20,20,g1,Loose,Loose,Loose_L1,0
1475,1.70658e+09,1,1,10.3791,1.0929,1.0,0.9672225,20,20,g1,Loose,Loose,Loose_L1,0
1477,1.70658e+09,1,1,9.16326,0.916941,1.0,0.9302395,20,20,g1,Loose,Loose,Loose_L1,0
1479,1.70658e+09,1,1,12.5999,1.26767,1.0,0.953924,20,20,g1,Loose,Loose,Loose_L1,0
1481,1.70658e+09,1,1,11.0894,1.0575,1.0,0.953924,20,20,g1,Loose,Loose,Loose_L1,0
1483,1.70658e+09,1,1,9.1807,0.897302,1.0,0.9096575,20,20,g1,Loose,Loose,Loose_L1,0
1485,1.70658e+09,1,1,11.8142,1.18852,1.0,0.953924,20,20,g1,Loose,Loose,Loose_L1,0
1487,1.70658e+09,1,1,11.2722,1.07816,1.0,1.0009435,20,20,g1,Loose,Loose,Loose_L1,0
1489,1.70658e+09,1,1,12.2919,1.16314,1.0,1.0145650000000002,20,20,g1,Loose,Loose,Loose_L1,0
1491,1.70658e+09,1,1,10.0913,0.932002,1.0,1.0009435,20,20,g1,Loose,Loose,Loose_L1,0
1493,1.70658e+09,1,1,9.13252,0.884532,1.0,1.0009435,20,20,g1,Loose,Loose,Loose_L1,0
1495,1.70658e+09,1,1,9.62422,0.96321,1.0,1.0009435,20,20,g1,Loose,Loose,Loose_L1,0
1497,1.70658e+09,1,1,10.2434,1.00502,1.0,1.008,20,20,g1,Loose,Loose,Loose_L1,0
1499,1.70658e+09,1,1,12.6208,1.226,1.0,1.0145650000000002,20,20,g1,Loose,Loose,Loose_L1,0
1501,1.70658e+09,1,1,12.5219,1.1822,1.0,1.0145650000000002,20,20,g1,Loose,Loose,Loose_L1,0
1503,1.70658e+09,1,1,10.427,0.951126,1.0,1.0145650000000002,20,20,g1,Loose,Loose,Loose_L1,0
1505,1.70658e+09,1,1,10.6852,1.0521,1.0,1.034185,20,20,g1,Loose,Loose,Loose_L1,0
1507,1.70658e+09,1,1,12.1577,1.1942,1.0,1.035125,20,20,g1,Loose,Loose,Loose_L1,0
1509,1.70658e+09,1,1,13.9,1.30508,1.0,1.0548000000000002,20,20,g1,Loose,Loose,Loose_L1,0
1511,1.70658e+09,1,1,10.1057,0.923751,1.0,1.0548000000000002,20,20,g1,Loose,Loose,Loose_L1,0
1513,1.70658e+09,1,1,10.7671,1.03322,1.0,1.0548000000000002,20,20,g1,Loose,Loose,Loose_L1,0
1515,1.70658e+09,1,1,11.9536,1.17734,1.0,1.0548000000000002,20,20,g1,Loose,Loose,Loose_L1,0
1517,1.70658e+09,1,1,12.5395,1.17597,1.0,1.06783,20,20,g1,Loose,Loose,Loose_L1,0
1519,1.70658e+09,1,1,13.0766,1.20405,1.0,1.06783,20,20,g1,Loose,Loose,Loose_L1,0
1521,1.70658e+09,1,1,11.9948,1.07424,1.0,1.0762,20,20,g1,Loose,Loose,Loose_L1,0
1523,1.70658e+09,1,1,11.6074,1.0636,1.0,1.0762,20,20,g1,Loose,Loose,Loose_L1,0
1525,1.70658e+09,1,1,11.4669,1.05591,1.0,1.06892,20,20,g1,Loose,Loose,Loose_L1,0
1527,1.70658e+09,1,1,13.0387,1.22868,1.0,1.06892,20,20,g1,Loose,Loose,Loose_L1,0
1529,1.70658e+09,1,1,12.2142,1.11969,1.0,1.06892,20,20,g1,Loose,Loose,Loose_L1,0
1531,1.70658e+09,1,1,19.1371,1.70788,1.0,1.096965,20,20,g1,Loose,Loose,Loose_L1,0
1533,1.70658e+09,1,1,14.7765,1.19575,1.0,1.14783,20,20,g1,Loose,Loose,Loose_L1,0
1535,1.70658e+09,1,1,15.8924,1.32804,1.0,1.176655,20,20,g1,Loose,Loose,Loose_L1,0
1537,1.70658e+09,1,1,14.9917,1.23658,1.0,1.17977,20,20,g1,Loose,Loose,Loose_L1,0
1539,1.70658e+09,1,1,12.0981,1.04851,1.0,1.176655,20,20,g1,Loose,Loose,Loose_L1,0
1541,1.70658e+09,1,1,12.3234,1.02695,1.0,1.14783,20,20,g1,Loose,Loose,Loose_L1,0
1543,1.70658e+09,1,1,13.3133,1.23167,1.0,1.176655,20,20,g1,Loose,Loose,Loose_L1,0
1545,1.70658e+09,1,1,12.4384,1.07809,1.0,1.176655,20,20,g1,Loose,Loose,Loose_L1,0
1547,1.70658e+09,1,1,13.8861,1.26365,1.0,1.176655,20,20,g1,Loose,Loose,Loose_L1,0
1549,1.70658e+09,1,1,11.428,0.959243,1.0,1.14783,20,20,g1,Loose,Loose,Loose_L1,0
1551,1.70658e+09,1,1,9.62725,0.863086,1.0,1.14783,20,20,g1,Loose,Loose,Loose_L1,0
1553,1.70658e+09,1,1,9.4727,0.874771,1.0,1.14783,20,20,g1,Loose,Loose,Loose_L1,0
1555,1.70658e+09,1,1,10.1266,0.962388,1.0,1.09889,20,20,g1,Loose,Loose,Loose_L1,0
1557,1.70658e+09,1,1,8.92327,0.872611,1.0,1.076165,20,20,g1,Loose,Loose,Loose_L1,0
1559,1.70658e+09,1,1,7.72979,0.768299,1.0,1.06892,20,20,g1,Loose,Loose,Loose_L1,0
1561,1.70658e+09,1,1,8.59022,0.854788,1.0,1.059755,20,20,g1,Loose,Loose,Loose_L1,0
1563,1.70658e+09,1,1,8.65301,0.880192,1.0,1.05221,20,20,g1,Loose,Loose,Loose_L1,0
1565,1.70658e+09,1,1,6.95301,0.755173,1.0,1.03773,20,20,g1,Loose,Loose,Loose_L1,0
1567,1.70658e+09,1,1,8.42285,0.94949,1.0,0.994669,20,20,g1,Loose,Loose,Loose_L1,0
1569,1.70658e+09,1,1,7.85037,0.837153,1.0,0.9608155,20,20,g1,Loose,Loose,Loose_L1,0
1571,1.70658e+09,1,1,8.02844,0.868157,1.0,0.9543664999999999,20,20,g1,Loose,Loose,Loose_L1,0
1573,1.70658e+09,1,1,8.93994,0.961239,1.0,0.9543664999999999,20,20,g1,Loose,Loose,Loose_L1,0
1575,1.70658e+09,1,1,6.59344,0.683347,1.0,0.914841,20,20,g1,Loose,Loose,Loose_L1,0
1577,1.70658e+09,1,1,5.39745,0.608035,1.0,0.8774815,20,20,g1,Loose,Loose,Loose_L1,0
1579,1.70658e+09,1,1,6.54963,0.79713,1.0,0.873691,20,20,g1,Loose,Loose,Loose_L1,0
1581,1.70658e+09,1,1,6.04252,0.698515,1.0,0.870384,20,20,g1,Loose,Loose,Loose_L1,0
1583,1.70658e+09,1,1,5.76053,0.666953,1.0,0.8656215,20,20,g1,Loose,Loose,Loose_L1,0
1585,1.70658e+09,1,1,7.86859,0.926517,1.0,0.8656215,20,20,g1,Loose,Loose,Loose_L1,0
1587,1.70658e+09,1,1,7.87772,0.865315,1.0,0.8642004999999999,20,20,g1,Loose,Loose,Loose_L1,0
1589,1.70658e+09,0,0,nan,nan,1.0,0.8642004999999999,20,20,g1,Loose,Loose,Native,0
1591,1.70658e+09,1,1,8.24741,0.554163,1.0,0.8589370000000001,20,20,g1,Loose,Loose,Loose_L1,0
1593,1.70658e+09,1,1,9.88612,0.955972,1.0,0.8600515,20,20,g1,Loose,Loose,Loose_L1,0
1595,1.70658e+09,1,1,10.8018,1.06555,1.0,0.8600515,20,20,g1,Loose,Loose,Loose_L1,0
1597,1.70658e+09,1,1,8.50731,0.82788,1.0,0.8459705,20,20,g1,Loose,Loose,Loose_L1,0
1599,1.70658e+09,1,1,10.0483,1.03849,1.0,0.8459705,20,20,g1,Loose,Loose,Loose_L1,0
1601,1.70658e+09,1,1,8.68603,0.863606,1.0,0.859197,20,20,g1,Loose,Loose,Loose_L1,0
1603,1.70658e+09,1,1,8.93691,0.917351,1.0,0.8644605,20,20,g1,Loose,Loose,Loose_L1,0
1605,1.70658e+09,1,1,10.3569,1.0824,1.0,0.8644605,20,20,g1,Loose,Loose,Loose_L1,0
1607,1.70658e+09,1,1,10.9776,1.09373,1.0,0.866736,20,20,g1,Loose,Loose,Loose_L1,0
1609,1.70658e+09,1,1,12.2547,1.20118,1.0,0.866736,20,20,g1,Loose,Loose,Loose_L1,0
1611,1.70658e+09,1,1,13.0211,1.20645,1.0,0.892754,20,20,g1,Loose,Loose,Loose_L1,0
1613,1.70658e+09,1,1,13.9968,1.2718,1.0,0.921934,20,20,g1,Loose,Loose,Loose_L1,0
1615,1.70658e+09,1,1,12.8509,1.1431,1.0,0.921934,20,20,g1,Loose,Loose,Loose_L1,0
1617,1.70658e+09,1,1,12.5119,1.11472,1.0,0.9412445,20,20,g1,Loose,Loose,Loose_L1,0
1619,1.70658e+09,1,1,10.1923,0.936001,1.0,0.9459865000000001,20,20,g1,Loose,Loose,Loose_L1,0
1621,1.70658e+09,1,1,13.1799,1.28088,1.0,0.997231,20,20,g1,Loose,Loose,Loose_L1,0
1623,1.70658e+09,1,1,11.6054,1.0837,1.0,1.05202,20,20,g1,Loose,Loose,Loose_L1,0
1625,1.70658e+09,1,1,13.5439,1.2729,1.0,1.073975,20,20,g1,Loose,Loose,Loose_L1,0
1627,1.70658e+09,1,1,10.5194,0.944743,1.0,1.073975,20,20,g1,Loose,Loose,Loose_L1,0
1629,1.70658e+09,1,1,13.2248,1.26008,1.0,1.08305,20,20,g1,Loose,Loose,Loose_L1,0
1631,1.70658e+09,1,1,10.7547,0.980465,1.0,1.08305,20,20,g1,Loose,Loose,Loose_L1,0
1633,1.70658e+09,1,1,11.6191,1.10749,1.0,1.088715,20,20,g1,Loose,Loose,Loose_L1,0
1635,1.70658e+09,1,1,8.94777,0.852555,1.0,1.088715,20,20,g1,Loose,Loose,Loose_L1,0
1637,1.70658e+09,1,1,10.6841,1.08717,1.0,1.0904500000000001,20,20,g1,Loose,Loose,Loose_L1,0
1639,1.70658e+09,1,1,9.32738,0.922056,1.0,1.0904500000000001,20,20,g1,Loose,Loose,Loose_L1,0
1641,1.70658e+09,1,1,10.6723,1.07903,1.0,1.0904500000000001,20,20,g1,Loose,Loose,Loose_L1,0
1643,1.70658e+09,0,0,nan,nan,1.0,1.0904500000000001,20,20,g1,Loose,Loose,Native,0
1645,1.70658e+09,1,1,9.32698,0.59535,1.0,1.0904500000000001,20,20,g1,Loose,Loose,Loose_L1,0
1647,1.70658e+09,1,1,8.30853,0.757478,1.0,1.0904500000000001,20,20,g1,Loose,Loose,Loose_L1,0
1649,1.70658e+09,1,1,7.27635,0.73595,1.0,1.085435,20,20,g1,Loose,Loose,Loose_L1,0
1651,1.70658e+09,1,1,8.86228,0.95248,1.0,1.081365,20,20,g1,Loose,Loose,Loose_L1,0
1653,1.70658e+09,1,1,8.30462,0.87351,1.0,1.0297475,20,20,g1,Loose,Loose,Loose_L1,0
1655,1.70658e+09,1,1,8.16628,0.859954,1.0,0.9664725000000001,20,20,g1,Loose,Loose,Loose_L1,0
1657,1.70658e+09,1,1,9.97817,1.06107,1.0,0.9664725000000001,20,20,g1,Loose,Loose,Loose_L1,0
1659,1.70658e+09,1,1,8.96142,0.900314,1.0,0.9486114999999999,20,20,g1,Loose,Loose,Loose_L1,0
1661,1.70658e+09,1,1,7.41967,0.757733,1.0,0.9486114999999999,20,20,g1,Loose,Loose,Loose_L1,0
1663,1.70658e+09,1,1,7.90461,0.851255,1.0,0.9333994999999999,20,20,g1,Loose,Loose,Loose_L1,0
1665,1.70658e+09,1,1,7.51367,0.799328,1.0,0.9111849999999999,20,20,g1,Loose,Loose,Loose_L1,0
1667,1.70658e+09,1,1,6.48828,0.714943,1.0,0.8869119999999999,20,20,g1,Loose,Loose,Loose_L1,0
1669,1.70658e+09,1,1,7.80903,0.888136,1.0,0.880823,20,20,g1,Loose,Loose,Loose_L1,0
1671,1.70658e+09,1,1,9.10513,0.991669,1.0,0.880823,20,20,g1,Loose,Loose,Loose_L1,0
1673,1.70658e+09,1,1,9.16785,0.954189,1.0,0.880823,20,20,g1,Loose,Loose,Loose_L1,0
1675,1.70658e+09,1,1,9.10435,0.922848,1.0,0.880823,20,20,g1,Loose,Loose,Loose_L1,0
1677,1.70658e+09,1,1,8.59548,0.864085,1.0,0.880823,20,20,g1,Loose,Loose,Loose_L1,0
1679,1.70658e+09,1,1,10.0858,1.05604,1.0,0.880823,20,20,g1,Loose,Loose,Loose_L1,0
1681,1.70658e+09,1,1,10.8329,1.06597,1.0,0.880823,20,20,g1,Loose,Loose,Loose_L1,0
1683,1.70658e+09,1,1,11.3591,1.10341,1.0,0.880823,20,20,g1,Loose,Loose,Loose_L1,0
1685,1.70658e+09,1,1,11.456,1.08951,1.0,0.894225,20,20,g1,Loose,Loose,Loose_L1,0
1687,1.70658e+09,1,1,13.5942,1.28756,1.0,0.911581,20,20,g1,Loose,Loose,Loose_L1,0
1689,1.70658e+09,1,1,13.4609,1.22336,1.0,0.937664,20,20,g1,Loose,Loose,Loose_L1,0
1691,1.70658e+09,1,1,16.728,1.48581,1.0,0.9385185,20,20,g1,Loose,Loose,Loose_L1,0
1693,1.70658e+09,1,1,13.4605,1.14888,1.0,0.9729289999999999,20,20,g1,Loose,Loose,Loose_L1,0
1695,1.70658e+09,1,1,12.6133,1.09342,1.0,1.0238545000000001,20,20,g1,Loose,Loose,Loose_L1,0
1697,1.70658e+09,1,1,13.4952,1.23566,1.0,1.0238545000000001,20,20,g1,Loose,Loose,Loose_L1,0
1699,1.70658e+09,1,1,11.8712,1.08805,1.0,1.0610050000000002,20,20,g1,Loose,Loose,Loose_L1,0
1701,1.70658e+09,1,1,10.4167,0.967615,1.0,1.0610050000000002,20,20,g1,Loose,Loose,Loose_L1,0
1703,1.70658e+09,1,1,10.2132,0.931333,1.0,1.0610050000000002,20,20,g1,Loose,Loose,Loose_L1,0
1705,1.70658e+09,1,1,8.8141,0.858361,1.0,1.0610050000000002,20,20,g1,Loose,Loose,Loose_L1,0
1707,1.70658e+09,1,1,8.09901,0.843076,1.0,1.0610050000000002,20,20,g1,Loose,Loose,Loose_L1,0
1709,1.70658e+09,1,1,7.43181,0.787783,1.0,1.0610050000000002,20,20,g1,Loose,Loose,Loose_L1,0
1711,1.70658e+09,1,1,6.70686,0.727755,1.0,1.0610050000000002,20,20,g1,Loose,Loose,Loose_L1,0
1713,1.70658e+09,1,1,6.22354,0.701905,1.0,1.0610050000000002,20,20,g1,Loose,Loose,Loose_L1,0
1715,1.70658e+09,1,1,6.93804,0.803441,1.0,1.0610050000000002,20,20,g1,Loose,Loose,Loose_L1,0
1717,1.70658e+09,1,1,6.48421,0.739939,1.0,1.0610050000000002,20,20,g1,Loose,Loose,Loose_L1,0
1719,1.70658e+09,1,1,6.64627,0.75673,1.0,1.0167925,20,20,g1,Loose,Loose,Loose_L1,0
1721,1.70658e+09,1,1,5.41278,0.610646,1.0,0.9494739999999999,20,20,g1,Loose,Loose,Loose_L1,0
1723,1.70658e+09,1,1,4.62544,0.558324,1.0,0.894847,20,20,g1,Loose,Loose,Loose_L1,0
1725,1.70658e+09,1,1,6.11482,0.780055,1.0,0.8507185,20,20,g1,Loose,Loose,Loose_L1,0
1727,1.70658e+09,1,1,6.88588,0.828334,1.0,0.835705,20,20,g1,Loose,Loose,Loose_L1,0
1729,1.70658e+09,1,1,5.4406,0.618731,1.0,0.8158875,20,20,g1,Loose,Loose,Loose_L1,0
1731,1.70658e+09,1,1,5.59686,0.668848,1.0,0.795612,20,20,g1,Loose,Loose,Loose_L1,0
1733,1.70658e+09,1,1,6.63706,0.788309,1.0,0.788046,20,20,g1,Loose,Loose,Loose_L1,0
1735,1.70658e+09,1,1,6.7702,0.782052,1.0,0.7849174999999999,20,20,g1,Loose,Loose,Loose_L1,0
1737,1.70658e+09,1,1,5.851,0.665197,1.0,0.7810535000000001,20,20,g1,Loose,Loose,Loose_L1,0
1739,1.70658e+09,1,1,7.78755,0.91415,1.0,0.7810535000000001,20,20,g1,Loose,Loose,Loose_L1,0
1741,1.70658e+09,1,1,5.99606,0.661039,1.0,0.7683925,20,20,g1,Loose,Loose,Loose_L1,0
1743,1.70658e+09,1,1,5.28878,0.611547,1.0,0.7483345,20,20,g1,Loose,Loose,Loose_L1,0
1745,1.70658e+09,1,1,4.9505,0.591878,1.0,0.733847,20,20,g1,Loose,Loose,Loose_L1,0
1747,1.70658e+09,1,1,7.30221,0.897666,1.0,0.733847,20,20,g1,Loose,Loose,Loose_L1,0
1749,1.70658e+09,1,1,6.7312,0.754638,1.0,0.733847,20,20,g1,Loose,Loose,Loose_L1,0
1751,1.70658e+09,1,1,6.91532,0.781772,1.0,0.7472885,20,20,g1,Loose,Loose,Loose_L1,0
1753,1.70658e+09,1,1,8.89247,1.00967,1.0,0.755684,20,20,g1,Loose,Loose,Loose_L1,0
1755,1.70658e+09,1,1,8.50825,0.889687,1.0,0.755684,20,20,g1,Loose,Loose,Loose_L1,0
1757,1.70658e+09,1,1,8.01284,0.848832,1.0,0.7683925,20,20,g1,Loose,Loose,Loose_L1,0
1759,1.70658e+09,1,1,7.81111,0.828882,1.0,0.7809135,20,20,g1,Loose,Loose,Loose_L1,0
1761,1.70658e+09,1,1,8.12863,0.873635,1.0,0.7819119999999999,20,20,g1,Loose,Loose,Loose_L1,0
1763,1.70658e+09,1,1,8.54631,0.912761,1.0,0.7851805000000001,20,20,g1,Loose,Loose,Loose_L1,0
1765,1.70658e+09,1,1,9.73118,1.0242,1.0,0.8083215,20,20,g1,Loose,Loose,Loose_L1,0
1767,1.70658e+09,1,1,13.0051,1.32339,1.0,0.8085955,20,20,g1,Loose,Loose,Loose_L1,0
1769,1.70658e+09,1,1,14.3836,1.3497,1.0,0.838857,20,20,g1,Loose,Loose,Loose_L1,0
1771,1.70658e+09,1,1,11.9032,1.06198,1.0,0.8612335,20,20,g1,Loose,Loose,Loose_L1,0
1773,1.70658e+09,1,1,10.2235,0.952544,1.0,0.881661,20,20,g1,Loose,Loose,Loose_L1,0
1775,1.70658e+09,1,1,8.24975,0.806306,1.0,0.881661,20,20,g1,Loose,Loose,Loose_L1,0
1777,1.70658e+09,1,1,8.44633,0.879252,1.0,0.8844695,20,20,g1,Loose,Loose,Loose_L1,0
1779,1.70658e+09,1,1,6.40165,0.669429,1.0,0.8764435,20,20,g1,Loose,Loose,Loose_L1,0
1781,1.70658e+09,1,1,9.36939,1.06503,1.0,0.8844695,20,20,g1,Loose,Loose,Loose_L1,0
1783,1.70658e+09,1,1,9.00702,0.936525,1.0,0.8936765,20,20,g1,Loose,Loose,Loose_L1,0
1785,1.70658e+09,1,1,8.66201,0.899028,1.0,0.898347,20,20,g1,Loose,Loose,Loose_L1,0
1787,1.70658e+09,1,1,8.21173,0.85993,1.0,0.8943575,20,20,g1,Loose,Loose,Loose_L1,0
1789,1.70658e+09,1,1,7.75623,0.815524,1.0,0.8943575,20,20,g1,Loose,Loose,Loose_L1,0
1791,1.70658e+09,1,1,8.59974,0.934059,1.0,0.9058945,20,20,g1,Loose,Loose,Loose_L1,0
1793,1.70658e+09,1,1,9.51221,0.996347,1.0,0.9058945,20,20,g1,Loose,Loose,Loose_L1,0
1795,1.70658e+09,1,1,11.1647,1.14426,1.0,0.9234100000000001,20,20,g1,Loose,Loose,Loose_L1,0
1797,1.70658e+09,1,1,11.1707,1.09253,1.0,0.935292,20,20,g1,Loose,Loose,Loose_L1,0
1799,1.70658e+09,1,1,12.618,1.21092,1.0,0.9445345,20,20,g1,Loose,Loose,Loose_L1,0
1801,1.70658e+09,1,1,13.7535,1.26727,1.0,0.9744455,20,20,g1,Loose,Loose,Loose_L1,0
1803,1.70658e+09,1,1,12.4925,1.11715,1.0,1.0102735,20,20,g1,Loose,Loose,Loose_L1,0
1805,1.70658e+09,1,1,11.8089,1.07931,1.0,1.0291635,20,20,g1,Loose,Loose,Loose_L1,0
1807,1.70658e+09,1,1,11.8861,1.12169,1.0,1.0291635,20,20,g1,Loose,Loose,Loose_L1,0
1809,1.70658e+09,1,1,12.116,1.12732,1.0,1.0291635,20,20,g1,Loose,Loose,Loose_L1,0
1811,1.70658e+09,1,1,10.7431,0.997773,1.0,0.9970600000000001,20,20,g1,Loose,Loose,Loose_L1,0
1813,1.70658e+09,1,1,12.739,1.21945,1.0,1.0314014999999999,20,20,g1,Loose,Loose,Loose_L1,0
1815,1.70658e+09,1,1,9.2387,0.855768,1.0,1.0314014999999999,20,20,g1,Loose,Loose,Loose_L1,0
1817,1.70658e+09,1,1,8.13989,0.805557,1.0,1.0314014999999999,20,20,g1,Loose,Loose,Loose_L1,0
1819,1.70658e+09,1,1,7.28197,0.764687,1.0,1.0314014999999999,20,20,g1,Loose,Loose,Loose_L1,0
1821,1.70658e+09,1,1,7.74498,0.839272,1.0,0.9970600000000001,20,20,g1,Loose,Loose,Loose_L1,0
1823,1.70658e+09,1,1,6.15096,0.665875,1.0,0.9970600000000001,20,20,g1,Loose,Loose,Loose_L1,0
1825,1.70658e+09,1,1,5.24306,0.597833,1.0,0.9970600000000001,20,20,g1,Loose,Loose,Loose_L1,0
1827,1.70658e+09,1,1,5.96624,0.711612,1.0,0.9970600000000001,20,20,g1,Loose,Loose,Loose_L1,0
1829,1.70658e+09,1,1,6.09717,0.721422,1.0,0.9970600000000001,20,20,g1,Loose,Loose,Loose_L1,0
1831,1.70658e+09,1,1,5.64595,0.657707,1.0,0.9970600000000001,20,20,g1,Loose,Loose,Loose_L1,0
1833,1.70658e+09,1,1,7.30997,0.86822,1.0,0.9329965,20,20,g1,Loose,Loose,Loose_L1,0
1835,1.70658e+09,1,1,5.41245,0.599725,1.0,0.8619939999999999,20,20,g1,Loose,Loose,Loose_L1,0
1837,1.70658e+09,0,0,nan,nan,1.0,0.8619939999999999,20,20,g1,Loose,Loose,Native,0
1839,1.70658e+09,1,1,6.16332,0.442938,1.0,0.84752,20,20,g1,Loose,Loose,Loose_L1,0
1841,1.70658e+09,1,1,7.02504,0.757249,1.0,0.8224145,20,20,g1,Loose,Loose,Loose_L1,0
1843,1.70658e+09,1,1,6.42392,0.711911,1.0,0.785122,20,20,g1,Loose,Loose,Loose_L1,0
1845,1.70658e+09,1,1,6.36842,0.721752,1.0,0.760968,20,20,g1,Loose,Loose,Loose_L1,0
1847,1.70658e+09,1,1,6.74246,0.760982,1.0,0.7591155,20,20,g1,Loose,Loose,Loose_L1,0
1849,1.70658e+09,1,1,4.60923,0.519703,1.0,0.7395004999999999,20,20,g1,Loose,Loose,Loose_L1,0
1851,1.70658e+09,1,1,5.98247,0.737868,1.0,0.72981,20,20,g1,Loose,Loose,Loose_L1,0
1853,1.70658e+09,1,1,5.71957,0.680105,1.0,0.721587,20,20,g1,Loose,Loose,Loose_L1,0
1855,1.70658e+09,1,1,5.91767,0.695976,1.0,0.7166665,20,20,g1,Loose,Loose,Loose_L1,0
1857,1.70658e+09,1,1,5.37238,0.630132,1.0,0.7117614999999999,20,20,g1,Loose,Loose,Loose_L1,0
1859,1.70658e+09,1,1,6.04329,0.73481,1.0,0.7117614999999999,20,20,g1,Loose,Loose,Loose_L1,0
1861,1.70658e+09,1,1,4.77077,0.561529,1.0,0.703794,20,20,g1,Loose,Loose,Loose_L1,0
1863,1.70658e+09,1,1,5.18067,0.646388,1.0,0.6880405,20,20,g1,Loose,Loose,Loose_L1,0
1865,1.70658e+09,1,1,6.06659,0.747178,1.0,0.703794,20,20,g1,Loose,Loose,Loose_L1,0
1867,1.70658e+09,1,1,5.8407,0.685688,1.0,0.703794,20,20,g1,Loose,Loose,Loose_L1,0
1869,1.70658e+09,1,1,6.66709,0.783484,1.0,0.7039435,20,20,g1,Loose,Loose,Loose_L1,0
1871,1.70658e+09,1,1,7.31634,0.834539,1.0,0.7039435,20,20,g1,Loose,Loose,Loose_L1,0
1873,1.70658e+09,1,1,7.16701,0.767928,1.0,0.7168315,20,20,g1,Loose,Loose,Loose_L1,0
1875,1.70658e+09,1,1,8.14916,0.916781,1.0,0.7168315,20,20,g1,Loose,Loose,Loose_L1,0
1877,1.70658e+09,1,1,7.97097,0.837303,1.0,0.728281,20,20,g1,Loose,Loose,Loose_L1,0
1879,1.70658e+09,1,1,11.0146,1.17009,1.0,0.736339,20,20,g1,Loose,Loose,Loose_L1,0
1881,1.70658e+09,1,1,9.78932,0.96793,1.0,0.736339,20,20,g1,Loose,Loose,Loose_L1,0
1883,1.70658e+09,1,1,8.72696,0.863468,1.0,0.742523,20,20,g1,Loose,Loose,Loose_L1,0
1885,1.70658e+09,1,1,9.07853,0.911559,1.0,0.7540800000000001,20,20,g1,Loose,Loose,Loose_L1,0
1887,1.70658e+09,1,1,9.36667,0.962166,1.0,0.757553,20,20,g1,Loose,Loose,Loose_L1,0
1889,1.70658e+09,1,1,8.49143,0.878035,1.0,0.775706,20,20,g1,Loose,Loose,Loose_L1,0
1891,1.70658e+09,1,1,9.04579,0.93044,1.0,0.8090115,20,20,g1,Loose,Loose,Loose_L1,0
1893,1.70658e+09,1,1,8.65935,0.89702,1.0,0.835921,20,20,g1,Loose,Loose,Loose_L1,0
1895,1.70658e+09,1,1,7.03287,0.752745,1.0,0.835921,20,20,g1,Loose,Loose,Loose_L1,0
1897,1.70658e+09,1,1,6.18965,0.664724,1.0,0.835921,20,20,g1,Loose,Loose,Loose_L1,0
1899,1.70658e+09,1,1,6.53012,0.749426,1.0,0.835921,20,20,g1,Loose,Loose,Loose_L1,0
1901,1.70658e+09,1,1,6.24075,0.710468,1.0,0.835921,20,20,g1,Loose,Loose,Loose_L1,0
1903,1.70658e+09,1,1,6.03844,0.701634,1.0,0.835921,20,20,g1,Loose,Loose,Loose_L1,0
1905,1.70658e+09,1,1,7.08072,0.842436,1.0,0.8398695,20,20,g1,Loose,Loose,Loose_L1,0
1907,1.70658e+09,1,1,5.63299,0.639331,1.0,0.8398695,20,20,g1,Loose,Loose,Loose_L1,0
1909,1.70658e+09,1,1,5.67211,0.693496,1.0,0.8398695,20,20,g1,Loose,Loose,Loose_L1,0
1911,1.70658e+09,1,1,5.17266,0.627593,1.0,0.8398695,20,20,g1,Loose,Loose,Loose_L1,0
1913,1.70658e+09,1,1,5.58628,0.67505,1.0,0.8398695,20,20,g1,Loose,Loose,Loose_L1,0
1915,1.70658e+09,1,1,6.19315,0.751754,1.0,0.795024,20,20,g1,Loose,Loose,Loose_L1,0
1917,1.70658e+09,1,1,4.84174,0.566133,1.0,0.7522495,20,20,g1,Loose,Loose,Loose_L1,0
1919,1.70658e+09,1,1,5.22022,0.646302,1.0,0.7505900000000001,20,20,g1,Loose,Loose,Loose_L1,0
1921,1.70658e+09,1,1,5.51984,0.69321,1.0,0.729947,20,20,g1,Loose,Loose,Loose_L1,0
1923,1.70658e+09,1,1,5.2184,0.622879,1.0,0.706051,20,20,g1,Loose,Loose,Loose_L1,0
1925,1.70658e+09,1,1,5.07952,0.624637,1.0,0.697565,20,20,g1,Loose,Loose,Loose_L1,0
1927,1.70658e+09,1,1,5.84492,0.729486,1.0,0.697565,20,20,g1,Loose,Loose,Loose_L1,0
1929,1.70658e+09,1,1,5.68044,0.685836,1.0,0.693353,20,20,g1,Loose,Loose,Loose_L1,0
1931,1.70658e+09,1,1,5.77418,0.691148,1.0,0.692179,20,20,g1,Loose,Loose,Loose_L1,0
1933,1.70658e+09,1,1,4.89434,0.580789,1.0,0.688492,20,20,g1,Loose,Loose,Loose_L1,0
1935,1.70658e+09,1,1,6.96883,0.855734,1.0,0.688492,20,20,g1,Loose,Loose,Loose_L1,0
1937,1.70658e+09,1,1,6.4607,0.744142,1.0,0.692179,20,20,g1,Loose,Loose,Loose_L1,0
1939,1.70658e+09,1,1,5.83607,0.66795,1.0,0.688492,20,20,g1,Loose,Loose,Loose_L1,0
1941,1.70658e+09,1,1,6.3411,0.743477,1.0,0.688492,20,20,g1,Loose,Loose,Loose_L1,0
1943,1.70658e+09,1,1,6.35262,0.738039,1.0,0.688492,20,20,g1,Loose,Loose,Loose_L1,0
1945,1.70658e+09,1,1,6.22926,0.726848,1.0,0.688492,20,20,g1,Loose,Loose,Loose_L1,0
1947,1.70658e+09,1,1,7.30626,0.864667,1.0,0.692179,20,20,g1,Loose,Loose,Loose_L1,0
1949,1.70658e+09,1,1,7.26229,0.793592,1.0,0.692179,20,20,g1,Loose,Loose,Loose_L1,0
1951,1.70658e+09,1,1,7.84782,0.863987,1.0,0.710029,20,20,g1,Loose,Loose,Loose_L1,0
1953,1.70658e+09,1,1,7.58895,0.825572,1.0,0.728167,20,20,g1,Loose,Loose,Loose_L1,0
1955,1.70658e+09,1,1,5.55373,0.602907,1.0,0.710029,20,20,g1,Loose,Loose,Loose_L1,0
1957,1.70658e+09,1,1,7.13608,0.853102,1.0,0.728167,20,20,g1,Loose,Loose,Loose_L1,0
1959,1.70658e+09,1,1,6.68123,0.75587,1.0,0.7337625,20,20,g1,Loose,Loose,Loose_L1,0
1961,1.70658e+09,1,1,7.25755,0.822758,1.0,0.740758,20,20,g1,Loose,Loose,Loose_L1,0
1963,1.70658e+09,1,1,8.06578,0.890531,1.0,0.7438095,20,20,g1,Loose,Loose,Loose_L1,0
1965,1.70658e+09,1,1,5.56343,0.6128,1.0,0.7438095,20,20,g1,Loose,Loose,Loose_L1,0
1967,1.70658e+09,1,1,5.21329,0.624909,1.0,0.7438095,20,20,g1,Loose,Loose,Loose_L1,0
1969,1.70658e+09,1,1,5.25537,0.620696,1.0,0.7438095,20,20,g1,Loose,Loose,Loose_L1,0
1971,1.70658e+09,1,1,4.69817,0.572536,1.0,0.7438095,20,20,g1,Loose,Loose,Loose_L1,0
1973,1.70658e+09,1,1,5.43775,0.679042,1.0,0.7438095,20,20,g1,Loose,Loose,Loose_L1,0
1975,1.70658e+09,1,1,8.09555,0.955562,1.0,0.7438095,20,20,g1,Loose,Loose,Loose_L1,0
1977,1.70658e+09,1,1,7.31645,0.796409,1.0,0.7496735000000001,20,20,g1,Loose,Loose,Loose_L1,0
1979,1.70658e+09,1,1,6.68627,0.743902,1.0,0.749886,20,20,g1,Loose,Loose,Loose_L1,0
1981,1.70658e+09,1,1,6.98641,0.796102,1.0,0.7747310000000001,20,20,g1,Loose,Loose,Loose_L1,0
1983,1.70658e+09,1,1,6.23466,0.702319,1.0,0.7747310000000001,20,20,g1,Loose,Loose,Loose_L1,0
1985,1.70658e+09,1,1,5.47661,0.639844,1.0,0.7747310000000001,20,20,g1,Loose,Loose,Loose_L1,0
1987,1.70658e+09,1,1,4.39357,0.531574,1.0,0.749886,20,20,g1,Loose,Loose,Loose_L1,0
1989,1.70658e+09,1,1,4.26552,0.537422,1.0,0.7231105,20,20,g1,Loose,Loose,Loose_L1,0
1991,1.70658e+09,1,1,3.70432,0.476898,1.0,0.6906805,20,20,g1,Loose,Loose,Loose_L1,0
1993,1.70658e+09,1,1,3.09005,0.412398,1.0,0.659443,20,20,g1,Loose,Loose,Loose_L1,0
1995,1.70658e+09,1,1,3.62386,0.513099,1.0,0.659443,20,20,g1,Loose,Loose,Loose_L1,0
1997,1.70658e+09,1,1,3.15715,0.425855,1.0,0.6323765,20,20,g1,Loose,Loose,Loose_L1,0
1999,1.70658e+09,1,1,3.33291,0.459451,1.0,0.6228025,20,20,g1,Loose,Loose,Loose_L1,0
2001,1.70658e+09,1,1,3.43798,0.463256,1.0,0.6167480000000001,20,20,g1,Loose,Loose,Loose_L1,0
2003,1.70658e+09,1,1,3.33074,0.449873,1.0,0.592668,20,20,g1,Loose,Loose,Loose_L1,0
2005,1.70658e+09,1,1,3.68949,0.506662,1.0,0.554979,20,20,g1,Loose,Loose,Loose_L1,0
2007,1.70658e+09,1,1,3.26407,0.440319,1.0,0.5344979999999999,20,20,g1,Loose,Loose,Loose_L1,0
2009,1.70658e+09,1,1,3.0352,0.417652,1.0,0.5223365,20,20,g1,Loose,Loose,Loose_L1,0
2011,1.70658e+09,1,1,3.74096,0.520641,1.0,0.5168699999999999,20,20,g1,Loose,Loose,Loose_L1,0
2013,1.70658e+09,1,1,5.46484,0.731917,1.0,0.5168699999999999,20,20,g1,Loose,Loose,Loose_L1,0
2015,1.70658e+09,1,1,5.01901,0.61467,1.0,0.5168699999999999,20,20,g1,Loose,Loose,Loose_L1,0
2017,1.70658e+09,1,1,5.46965,0.678559,1.0,0.5168699999999999,20,20,g1,Loose,Loose,Loose_L1,0
2019,1.70658e+09,1,1,6.05886,0.737996,1.0,0.5168699999999999,20,20,g1,Loose,Loose,Loose_L1,0
2021,1.70658e+09,1,1,5.70184,0.667748,1.0,0.5168699999999999,20,20,g1,Loose,Loose,Loose_L1,0
2023,1.70658e+09,1,1,5.4182,0.638914,1.0,0.5168699999999999,20,20,g1,Loose,Loose,Loose_L1,0
2025,1.70658e+09,1,1,5.64645,0.663374,1.0,0.5168699999999999,20,20,g1,Loose,Loose,Loose_L1,0
2027,1.70658e+09,1,1,6.99081,0.841271,1.0,0.5168699999999999,20,20,g1,Loose,Loose,Loose_L1,0
2029,1.70658e+09,1,1,5.87817,0.65701,1.0,0.5168699999999999,20,20,g1,Loose,Loose,Loose_L1,0
2031,1.70658e+09,1,1,5.76864,0.668406,1.0,0.5676555000000001,20,20,g1,Loose,Loose,Loose_L1,0
2033,1.70658e+09,1,1,5.66843,0.673001,1.0,0.626792,20,20,g1,Loose,Loose,Loose_L1,0
2035,1.70658e+09,1,1,5.45885,0.651268,1.0,0.645091,20,20,g1,Loose,Loose,Loose_L1,0
2037,1.70658e+09,1,1,5.32394,0.628701,1.0,0.645091,20,20,g1,Loose,Loose,Loose_L1,0
2039,1.70658e+09,1,1,6.16805,0.735669,1.0,0.654139,20,20,g1,Loose,Loose,Loose_L1,0
2041,1.70658e+09,1,1,5.48637,0.65128,1.0,0.654145,20,20,g1,Loose,Loose,Loose_L1,0
2043,1.70658e+09,1,1,6.33391,0.755743,1.0,0.660192,20,20,g1,Loose,Loose,Loose_L1,0
2045,1.70658e+09,1,1,6.02543,0.687974,1.0,0.6655610000000001,20,20,g1,Loose,Loose,Loose_L1,0
2047,1.70658e+09,1,1,5.55921,0.655938,1.0,0.6655610000000001,20,20,g1,Loose,Loose,Loose_L1,0
2049,1.70658e+09,1,1,5.52206,0.665346,1.0,0.666547,20,20,g1,Loose,Loose,Loose_L1,0
2051,1.70658e+09,1,1,6.12181,0.735332,1.0,0.668077,20,20,g1,Loose,Loose,Loose_L1,0
2053,1.70658e+09,1,1,6.2098,0.719621,1.0,0.668077,20,20,g1,Loose,Loose,Loose_L1,0
2055,1.70658e+09,1,1,5.52357,0.637407,1.0,0.668077,20,20,g1,Loose,Loose,Loose_L1,0
2057,1.70658e+09,1,1,5.11681,0.613763,1.0,0.666547,20,20,g1,Loose,Loose,Loose_L1,0
2059,1.70658e+09,1,1,4.70866,0.574008,1.0,0.6643600000000001,20,20,g1,Loose,Loose,Loose_L1,0
2061,1.70658e+09,1,1,5.32102,0.6681,1.0,0.6643600000000001,20,20,g1,Loose,Loose,Loose_L1,0
2063,1.70658e+09,1,1,7.00552,0.812604,1.0,0.666723,20,20,g1,Loose,Loose,Loose_L1,0
2065,1.70658e+09,1,1,6.54378,0.718602,1.0,0.668253,20,20,g1,Loose,Loose,Loose_L1,0
2067,1.70658e+09,1,1,7.62538,0.875174,1.0,0.668253,20,20,g1,Loose,Loose,Loose_L1,0
2069,1.70658e+09,1,1,6.59693,0.732595,1.0,0.6707034999999999,20,20,g1,Loose,Loose,Loose_L1,0
2071,1.70658e+09,1,1,7.85693,0.891958,1.0,0.6804874999999999,20,20,g1,Loose,Loose,Loose_L1,0
2073,1.70658e+09,1,1,6.84228,0.750746,1.0,0.7032879999999999,20,20,g1,Loose,Loose,Loose_L1,0
2075,1.70658e+09,1,1,7.50539,0.852583,1.0,0.7191114999999999,20,20,g1,Loose,Loose,Loose_L1,0
2077,1.70658e+09,1,1,5.91948,0.658249,1.0,0.7191114999999999,20,20,g1,Loose,Loose,Loose_L1,0
2079,1.70658e+09,1,1,7.61744,0.894338,1.0,0.7191114999999999,20,20,g1,Loose,Loose,Loose_L1,0
2081,1.70658e+09,1,1,7.00533,0.780587,1.0,0.726108,20,20,g1,Loose,Loose,Loose_L1,0
2083,1.70658e+09,1,1,8.90108,1.01901,1.0,0.726108,20,20,g1,Loose,Loose,Loose_L1,0
2085,1.70658e+09,1,1,7.61074,0.798762,1.0,0.7339635,20,20,g1,Loose,Loose,Loose_L1,0
2087,1.70658e+09,1,1,8.72954,0.961171,1.0,0.743039,20,20,g1,Loose,Loose,Loose_L1,0
2089,1.70658e+09,1,1,7.0438,0.751806,1.0,0.751276,20,20,g1,Loose,Loose,Loose_L1,0
2091,1.70658e+09,1,1,7.76994,0.854248,1.0,0.7661965,20,20,g1,Loose,Loose,Loose_L1,0
2093,1.70658e+09,1,1,7.30473,0.783904,1.0,0.7822455,20,20,g1,Loose,Loose,Loose_L1,0
2095,1.70658e+09,1,1,8.15599,0.885348,1.0,0.7913330000000001,20,20,g1,Loose,Loose,Loose_L1,0
2097,1.70658e+09,1,1,7.17495,0.774648,1.0,0.7913330000000001,20,20,g1,Loose,Loose,Loose_L1,0
2099,1.70658e+09,1,1,6.48456,0.724966,1.0,0.7913330000000001,20,20,g1,Loose,Loose,Loose_L1,0
2101,1.70658e+09,1,1,5.95001,0.677255,1.0,0.7913330000000001,20,20,g1,Loose,Loose,Loose_L1,0
2103,1.70658e+09,1,1,6.21023,0.713927,1.0,0.7822455,20,20,g1,Loose,Loose,Loose_L1,0
2105,1.70658e+09,1,1,5.18388,0.597373,1.0,0.7822455,20,20,g1,Loose,Loose,Loose_L1,0
2107,1.70658e+09,1,1,5.56006,0.687257,1.0,0.7776175000000001,20,20,g1,Loose,Loose,Loose_L1,0
2109,1.70658e+09,1,1,4.70552,0.572571,1.0,0.7776175000000001,20,20,g1,Loose,Loose,Loose_L1,0
2111,1.70658e+09,0,0,nan,nan,1.0,0.7776175000000001,20,20,g1,Loose,Loose,Native,0
2113,1.70658e+09,1,1,5.4215,0.4061,1.0,0.763227,20,20,g1,Loose,Loose,Loose_L1,0
2115,1.70658e+09,1,1,4.52877,0.509273,1.0,0.763227,20,20,g1,Loose,Loose,Loose_L1,0
2117,1.70658e+09,1,1,5.55251,0.69676,1.0,0.738386,20,20,g1,Loose,Loose,Loose_L1,0
2119,1.70658e+09,1,1,5.07537,0.622354,1.0,0.738386,20,20,g1,Loose,Loose,Loose_L1,0
2121,1.70658e+09,1,1,7.00406,0.854945,1.0,0.738386,20,20,g1,Loose,Loose,Loose_L1,0
2123,1.70658e+09,1,1,6.42445,0.73234,1.0,0.728653,20,20,g1,Loose,Loose,Loose_L1,0
2125,1.70658e+09,1,1,5.59031,0.642637,1.0,0.7194465,20,20,g1,Loose,Loose,Loose_L1,0
2127,1.70658e+09,1,1,5.66144,0.676072,1.0,0.7053435,20,20,g1,Loose,Loose,Loose_L1,0
2129,1.70658e+09,1,1,5.60027,0.672099,1.0,0.6920085,20,20,g1,Loose,Loose,Loose_L1,0
2131,1.70658e+09,1,1,6.28164,0.75195,1.0,0.6920085,20,20,g1,Loose,Loose,Loose_L1,0
2133,1.70658e+09,1,1,5.91232,0.67968,1.0,0.6834685,20,20,g1,Loose,Loose,Loose_L1,0
2135,1.70658e+09,1,1,5.62834,0.662742,1.0,0.6784675,20,20,g1,Loose,Loose,Loose_L1,0
2137,1.70658e+09,1,1,5.71225,0.679069,1.0,0.678162,20,20,g1,Loose,Loose,Loose_L1,0
2139,1.70658e+09,1,1,5.38009,0.644893,1.0,0.6766635000000001,20,20,g1,Loose,Loose,Loose_L1,0
2141,1.70658e+09,1,1,4.88026,0.58907,1.0,0.6740855,20,20,g1,Loose,Loose,Loose_L1,0
2143,1.70658e+09,1,1,5.47036,0.676363,1.0,0.6740855,20,20,g1,Loose,Loose,Loose_L1,0
2145,1.70658e+09,1,1,5.84752,0.709169,1.0,0.6740855,20,20,g1,Loose,Loose,Loose_L1,0
2147,1.70658e+09,1,1,5.24129,0.628473,1.0,0.6740855,20,20,g1,Loose,Loose,Loose_L1,0
2149,1.70658e+09,1,1,5.37871,0.654968,1.0,0.6674205,20,20,g1,Loose,Loose,Loose_L1,0
2151,1.70658e+09,1,1,5.92249,0.71901,1.0,0.6740855,20,20,g1,Loose,Loose,Loose_L1,0
2153,1.70658e+09,1,1,6.0388,0.712443,1.0,0.6762175,20,20,g1,Loose,Loose,Loose_L1,0
2155,1.70658e+09,1,1,6.60457,0.768715,1.0,0.677716,20,20,g1,Loose,Loose,Loose_L1,0
2157,1.70658e+09,1,1,6.61674,0.759345,1.0,0.677716,20,20,g1,Loose,Loose,Loose_L1,0
2159,1.70658e+09,1,1,6.55379,0.743763,1.0,0.6793745,20,20,g1,Loose,Loose,Loose_L1,0
2161,1.70658e+09,1,1,5.50081,0.62985,1.0,0.677716,20,20,g1,Loose,Loose,Loose_L1,0
2163,1.70658e+09,1,1,5.87585,0.700899,1.0,0.677716,20,20,g1,Loose,Loose,Loose_L1,0
2165,1.70658e+09,1,1,7.74709,0.922808,1.0,0.6793745,20,20,g1,Loose,Loose,Loose_L1,0
2167,1.70658e+09,1,1,7.71886,0.856614,1.0,0.6902895,20,20,g1,Loose,Loose,Loose_L1,0
2169,1.70658e+09,1,1,10.3635,1.12601,1.0,0.705034,20,20,g1,Loose,Loose,Loose_L1,0
2171,1.70658e+09,1,1,10.0762,1.0211,1.0,0.705034,20,20,g1,Loose,Loose,Loose_L1,0
2173,1.70658e+09,1,1,9.21047,0.915489,1.0,0.710806,20,20,g1,Loose,Loose,Loose_L1,0
2175,1.70658e+09,1,1,8.82079,0.888075,1.0,0.7157265,20,20,g1,Loose,Loose,Loose_L1,0
2177,1.70658e+09,1,1,9.10007,0.938268,1.0,0.7313864999999999,20,20,g1,Loose,Loose,Loose_L1,0
2179,1.70658e+09,1,1,9.04014,0.927364,1.0,0.751554,20,20,g1,Loose,Loose,Loose_L1,0
2181,1.70658e+09,1,1,9.43622,0.9629,1.0,0.76403,20,20,g1,Loose,Loose,Loose_L1,0
2183,1.70658e+09,1,1,9.98455,1.02212,1.0,0.8126645,20,20,g1,Loose,Loose,Loose_L1,0
2185,1.70658e+09,1,1,7.69339,0.767187,1.0,0.8126645,20,20,g1,Loose,Loose,Loose_L1,0
2187,1.70658e+09,1,1,7.70859,0.827596,1.0,0.842105,20,20,g1,Loose,Loose,Loose_L1,0
2189,1.70658e+09,1,1,8.07383,0.863862,1.0,0.8602380000000001,20,20,g1,Loose,Loose,Loose_L1,0
2191,1.70658e+09,1,1,7.68472,0.816704,1.0,0.8602380000000001,20,20,g1,Loose,Loose,Loose_L1,0
2193,1.70658e+09,1,1,7.98516,0.870519,1.0,0.8671905,20,20,g1,Loose,Loose,Loose_L1,0
2195,1.70658e+09,1,1,9.2941,1.00189,1.0,0.879297,20,20,g1,Loose,Loose,Loose_L1,0
2197,1.70658e+09,1,1,8.4162,0.860285,1.0,0.879297,20,20,g1,Loose,Loose,Loose_L1,0
2199,1.70658e+09,1,1,9.23212,0.96214,1.0,0.901782,20,20,g1,Loose,Loose,Loose_L1,0
2201,1.70658e+09,1,1,7.62652,0.793286,1.0,0.901782,20,20,g1,Loose,Loose,Loose_L1,0
2203,1.70658e+09,1,1,9.33176,1.00361,1.0,0.9191484999999999,20,20,g1,Loose,Loose,Loose_L1,0
2205,1.70658e+09,1,1,9.76877,1.00411,1.0,0.9214264999999999,20,20,g1,Loose,Loose,Loose_L1,0
2207,1.70658e+09,1,1,8.62711,0.870488,1.0,0.9214264999999999,20,20,g1,Loose,Loose,Loose_L1,0
2209,1.70658e+09,1,1,8.36486,0.8896,1.0,0.9025445,20,20,g1,Loose,Loose,Loose_L1,0
2211,1.70658e+09,1,1,8.57958,0.923076,1.0,0.9025445,20,20,g1,Loose,Loose,Loose_L1,0
2213,1.70658e+09,1,1,8.21259,0.818499,1.0,0.8888375,20,20,g1,Loose,Loose,Loose_L1,0
2215,1.70658e+09,1,1,7.34922,0.776703,1.0,0.8800595,20,20,g1,Loose,Loose,Loose_L1,0
2217,1.70658e+09,1,1,7.374,0.828469,1.0,0.8705035000000001,20,20,g1,Loose,Loose,Loose_L1,0
2219,1.70658e+09,1,1,7.35519,0.808658,1.0,0.867175,20,20,g1,Loose,Loose,Loose_L1,0
2221,1.70658e+09,1,1,5.54777,0.604903,1.0,0.8620734999999999,20,20,g1,Loose,Loose,Loose_L1,0
2223,1.70658e+09,1,1,6.1656,0.736796,1.0,0.8443769999999999,20,20,g1,Loose,Loose,Loose_L1,0
2225,1.70658e+09,1,1,6.22916,0.74279,1.0,0.8443769999999999,20,20,g1,Loose,Loose,Loose_L1,0
2227,1.70658e+09,1,1,5.13202,0.592296,1.0,0.8443769999999999,20,20,g1,Loose,Loose,Loose_L1,0
2229,1.70658e+09,1,1,4.79133,0.581282,1.0,0.823484,20,20,g1,Loose,Loose,Loose_L1,0
2231,1.70658e+09,1,1,5.03201,0.632736,1.0,0.823484,20,20,g1,Loose,Loose,Loose_L1,0
2233,1.70658e+09,1,1,5.14386,0.637885,1.0,0.8135785,20,20,g1,Loose,Loose,Loose_L1,0
2235,1.70658e+09,1,1,5.17373,0.631771,1.0,0.800972,20,20,g1,Loose,Loose,Loose_L1,0
2237,1.70658e+09,1,1,4.21168,0.509526,1.0,0.7849945,20,20,g1,Loose,Loose,Loose_L1,0
2239,1.70658e+09,1,1,4.30327,0.542612,1.0,0.7597465,20,20,g1,Loose,Loose,Loose_L1,0
2241,1.70658e+09,1,1,3.94128,0.510144,1.0,0.7397929999999999,20,20,g1,Loose,Loose,Loose_L1,0
2243,1.70658e+09,1,1,5.00704,0.63758,1.0,0.6873405,20,20,g1,Loose,Loose,Loose_L1,0
2245,1.70658e+09,1,1,5.02094,0.586406,1.0,0.6377325,20,20,g1,Loose,Loose,Loose_L1,0
2247,1.70658e+09,1,1,4.07688,0.517656,1.0,0.635158,20,20,g1,Loose,Loose,Loose_L1,0
2249,1.70658e+09,1,1,4.01571,0.535217,1.0,0.6322535,20,20,g1,Loose,Loose,Loose_L1,0
2251,1.70658e+09,1,1,5.04068,0.65787,1.0,0.6322535,20,20,g1,Loose,Loose,Loose_L1,0
2253,1.70658e+09,1,1,4.44455,0.557677,1.0,0.6183369999999999,20,20,g1,Loose,Loose,Loose_L1,0
2255,1.70658e+09,1,1,4.32585,0.559255,1.0,0.5985995,20,20,g1,Loose,Loose,Loose_L1,0
2257,1.70658e+09,1,1,4.4408,0.584959,1.0,0.589351,20,20,g1,Loose,Loose,Loose_L1,0
2259,1.70658e+09,1,1,4.15213,0.538608,1.0,0.5856825,20,20,g1,Loose,Loose,Loose_L1,0
2261,1.70658e+09,1,1,2.93012,0.38146,1.0,0.5831204999999999,20,20,g1,Loose,Loose,Loose_L1,0
2263,1.70658e+09,1,1,3.75673,0.535118,1.0,0.5702685,20,20,g1,Loose,Loose,Loose_L1,0
2265,1.70658e+09,1,1,4.60143,0.625752,1.0,0.5702685,20,20,g1,Loose,Loose,Loose_L1,0
2267,1.70658e+09,1,1,4.58276,0.584347,1.0,0.5702685,20,20,g1,Loose,Loose,Loose_L1,0
2269,1.70658e+09,1,1,4.42407,0.565392,1.0,0.5623235,20,20,g1,Loose,Loose,Loose_L1,0
2271,1.70658e+09,1,1,3.98858,0.472611,1.0,0.5584659999999999,20,20,g1,Loose,Loose,Loose_L1,0
2273,1.70658e+09,1,1,4.6622,0.603188,1.0,0.5584659999999999,20,20,g1,Loose,Loose,Loose_L1,0
2275,1.70658e+09,1,1,3.93673,0.508366,1.0,0.5501445,20,20,g1,Loose,Loose,Loose_L1,0
2277,1.70658e+09,1,1,4.46863,0.592033,1.0,0.5584659999999999,20,20,g1,Loose,Loose,Loose_L1,0
2279,1.70658e+09,1,1,4.2372,0.550201,1.0,0.5584659999999999,20,20,g1,Loose,Loose,Loose_L1,0
2281,1.70658e+09,1,1,5.44147,0.706407,1.0,0.5623235,20,20,g1,Loose,Loose,Loose_L1,0
2283,1.70658e+09,1,1,4.28619,0.519371,1.0,0.5584659999999999,20,20,g1,Loose,Loose,Loose_L1,0
2285,1.70658e+09,1,1,4.33208,0.564494,1.0,0.5584659999999999,20,20,g1,Loose,Loose,Loose_L1,0
2287,1.70658e+09,1,1,4.4865,0.576448,1.0,0.5618745,20,20,g1,Loose,Loose,Loose_L1,0
2289,1.70658e+09,1,1,4.27646,0.556256,1.0,0.5618745,20,20,g1,Loose,Loose,Loose_L1,0
2291,1.70658e+09,1,1,5.72222,0.733651,1.0,0.5618745,20,20,g1,Loose,Loose,Loose_L1,0
2293,1.70658e+09,1,1,4.68139,0.565983,1.0,0.564943,20,20,g1,Loose,Loose,Loose_L1,0
2295,1.70658e+09,1,1,4.92052,0.617252,1.0,0.5656875,20,20,g1,Loose,Loose,Loose_L1,0
2297,1.70658e+09,1,1,4.59043,0.563749,1.0,0.564943,20,20,g1,Loose,Loose,Loose_L1,0
2299,1.70658e+09,1,1,6.48745,0.815064,1.0,0.5656875,20,20,g1,Loose,Loose,Loose_L1,0
2301,1.70658e+09,1,1,5.09906,0.593705,1.0,0.5712155,20,20,g1,Loose,Loose,Loose_L1,0
2303,1.70658e+09,1,1,4.39132,0.535944,1.0,0.5712155,20,20,g1,Loose,Loose,Loose_L1,0
2305,1.70658e+09,1,1,6.49503,0.823126,1.0,0.5712155,20,20,g1,Loose,Loose,Loose_L1,0
2307,1.70658e+09,1,1,4.41733,0.519062,1.0,0.5656875,20,20,g1,Loose,Loose,Loose_L1,0
2309,1.70658e+09,1,1,3.71342,0.468561,1.0,0.5652385,20,20,g1,Loose,Loose,Loose_L1,0
2311,1.70658e+09,1,1,4.81323,0.64514,1.0,0.5712155,20,20,g1,Loose,Loose,Loose_L1,0
2313,1.70658e+09,1,1,6.12664,0.768586,1.0,0.5712155,20,20,g1,Loose,Loose,Loose_L1,0
2315,1.70658e+09,1,1,6.37824,0.753053,1.0,0.5842404999999999,20,20,g1,Loose,Loose,Loose_L1,0
2317,1.70658e+09,1,1,3.9831,0.469221,1.0,0.5712155,20,20,g1,Loose,Loose,Loose_L1,0
2319,1.70658e+09,1,1,4.12859,0.536228,1.0,0.5712155,20,20,g1,Loose,Loose,Loose_L1,0
2321,1.70658e+09,1,1,5.13958,0.668317,1.0,0.5712155,20,20,g1,Loose,Loose,Loose_L1,0
2323,1.70658e+09,1,1,6.81743,0.850608,1.0,0.5850765,20,20,g1,Loose,Loose,Loose_L1,0
2325,1.70658e+09,1,1,5.89329,0.674475,1.0,0.6054785,20,20,g1,Loose,Loose,Loose_L1,0
2327,1.70658e+09,1,1,3.3852,0.393093,1.0,0.6054785,20,20,g1,Loose,Loose,Loose_L1,0
2329,1.70658e+09,1,1,4.58598,0.606004,1.0,0.6116280000000001,20,20,g1,Loose,Loose,Loose_L1,0
2331,1.70658e+09,1,1,4.69112,0.606585,1.0,0.6062945,20,20,g1,Loose,Loose,Loose_L1,0
2333,1.70658e+09,1,1,5.3627,0.648371,1.0,0.6119185,20,20,g1,Loose,Loose,Loose_L1,0
2335,1.70658e+09,1,1,5.27824,0.63534,1.0,0.6209625000000001,20,20,g1,Loose,Loose,Loose_L1,0
2337,1.70658e+09,1,1,5.15558,0.598092,1.0,0.6209625000000001,20,20,g1,Loose,Loose,Loose_L1,0
2339,1.70658e+09,1,1,4.02239,0.471416,1.0,0.6062945,20,20,g1,Loose,Loose,Loose_L1,0
2341,1.70658e+09,1,1,3.09701,0.392974,1.0,0.6062945,20,20,g1,Loose,Loose,Loose_L1,0
2343,1.70658e+09,1,1,4.37241,0.569269,1.0,0.6062945,20,20,g1,Loose,Loose,Loose_L1,0
2345,1.70658e+09,1,1,5.12286,0.596859,1.0,0.6020479999999999,20,20,g1,Loose,Loose,Loose_L1,0
2347,1.70658e+09,1,1,5.24709,0.629468,1.0,0.6062945,20,20,g1,Loose,Loose,Loose_L1,0
2349,1.70658e+09,1,1,5.60588,0.668894,1.0,0.6180265,20,20,g1,Loose,Loose,Loose_L1,0
2351,1.70658e+09,1,1,4.6084,0.541056,1.0,0.6062945,20,20,g1,Loose,Loose,Loose_L1,0
2353,1.70658e+09,1,1,3.76865,0.483483,1.0,0.6020479999999999,20,20,g1,Loose,Loose,Loose_L1,0
2355,1.70658e+09,1,1,6.15619,0.845808,1.0,0.6020479999999999,20,20,g1,Loose,Loose,Loose_L1,0
2357,1.70658e+09,1,1,4.88952,0.538959,1.0,0.6020479999999999,20,20,g1,Loose,Loose,Loose_L1,0
2359,1.70658e+09,1,1,4.57393,0.59597,1.0,0.6020479999999999,20,20,g1,Loose,Loose,Loose_L1,0
2361,1.70658e+09,1,1,4.5428,0.542111,1.0,0.5974755,20,20,g1,Loose,Loose,Loose_L1,0
2363,1.70658e+09,1,1,4.22216,0.519939,1.0,0.5964145000000001,20,20,g1,Loose,Loose,Loose_L1,0
2365,1.70658e+09,1,1,4.7566,0.572881,1.0,0.5844255,20,20,g1,Loose,Loose,Loose_L1,0
2367,1.70658e+09,1,1,5.18527,0.644939,1.0,0.5964145000000001,20,20,g1,Loose,Loose,Loose_L1,0
2369,1.70658e+09,1,1,4.29031,0.510618,1.0,0.5844255,20,20,g1,Loose,Loose,Loose_L1,0
2371,1.70658e+09,1,1,4.41604,0.567454,1.0,0.571075,20,20,g1,Loose,Loose,Loose_L1,0
2373,1.70658e+09,1,1,4.28163,0.505773,1.0,0.5683615,20,20,g1,Loose,Loose,Loose_L1,0
2375,1.70658e+09,1,1,5.10918,0.640246,1.0,0.5683615,20,20,g1,Loose,Loose,Loose_L1,0
2377,1.70658e+09,1,1,4.07108,0.531497,1.0,0.5547825,20,20,g1,Loose,Loose,Loose_L1,0
2379,1.70658e+09,1,1,4.10702,0.517056,1.0,0.5547825,20,20,g1,Loose,Loose,Loose_L1,0
2381,1.70658e+09,1,1,4.25673,0.539738,1.0,0.5547825,20,20,g1,Loose,Loose,Loose_L1,0
2383,1.70658e+09,1,1,4.39561,0.566226,1.0,0.5541685000000001,20,20,g1,Loose,Loose,Loose_L1,0
2385,1.70658e+09,1,1,3.46338,0.463313,1.0,0.5415835,20,20,g1,Loose,Loose,Loose_L1,0
2387,1.70658e+09,1,1,4.95204,0.677256,1.0,0.5415835,20,20,g1,Loose,Loose,Loose_L1,0
2389,1.70658e+09,1,1,4.70569,0.616463,1.0,0.5415835,20,20,g1,Loose,Loose,Loose_L1,0
2391,1.70658e+09,1,1,6.03125,0.767691,1.0,0.5541685000000001,20,20,g1,Loose,Loose,Loose_L1,0
2393,1.70658e+09,1,1,4.70716,0.57138,1.0,0.56684,20,20,g1,Loose,Loose,Loose_L1,0
2395,1.70658e+09,1,1,6.09897,0.70816,1.0,0.56684,20,20,g1,Loose,Loose,Loose_L1,0
2397,1.70658e+09,1,1,5.35321,0.671271,1.0,0.5694170000000001,20,20,g1,Loose,Loose,Loose_L1,0
2399,1.70658e+09,1,1,4.35415,0.513937,1.0,0.56684,20,20,g1,Loose,Loose,Loose_L1,0
2401,1.70658e+09,1,1,3.86844,0.521504,1.0,0.56684,20,20,g1,Loose,Loose,Loose_L1,0
2403,1.70658e+09,1,1,4.1024,0.531383,1.0,0.56684,20,20,g1,Loose,Loose,Loose_L1,0
2405,1.70658e+09,1,1,4.40735,0.585588,1.0,0.56684,20,20,g1,Loose,Loose,Loose_L1,0
2407,1.70658e+09,1,1,5.36166,0.727113,1.0,0.56684,20,20,g1,Loose,Loose,Loose_L1,0
2409,1.70658e+09,1,1,6.48291,0.773573,1.0,0.5694170000000001,20,20,g1,Loose,Loose,Loose_L1,0
2411,1.70658e+09,1,1,5.92228,0.680251,1.0,0.578484,20,20,g1,Loose,Loose,Loose_L1,0
2413,1.70658e+09,1,1,4.7842,0.554554,1.0,0.578484,20,20,g1,Loose,Loose,Loose_L1,0
2415,1.70658e+09,1,1,5.8516,0.769044,1.0,0.578484,20,20,g1,Loose,Loose,Loose_L1,0
2417,1.70658e+09,1,1,5.49763,0.643983,1.0,0.6010255,20,20,g1,Loose,Loose,Loose_L1,0
2419,1.70658e+09,1,1,6.37893,0.798362,1.0,0.630223,20,20,g1,Loose,Loose,Loose_L1,0
2421,1.70658e+09,1,1,5.14026,0.617251,1.0,0.630617,20,20,g1,Loose,Loose,Loose_L1,0
2423,1.70658e+09,1,1,5.67237,0.694348,1.0,0.657627,20,20,g1,Loose,Loose,Loose_L1,0
2425,1.70658e+09,1,1,5.77373,0.67915,1.0,0.6742634999999999,20,20,g1,Loose,Loose,Loose_L1,0
2427,1.70658e+09,1,1,5.80675,0.742607,1.0,0.6752104999999999,20,20,g1,Loose,Loose,Loose_L1,0
2429,1.70658e+09,1,1,4.82529,0.588678,1.0,0.6752104999999999,20,20,g1,Loose,Loose,Loose_L1,0
2431,1.70658e+09,1,1,5.61853,0.708858,1.0,0.6752104999999999,20,20,g1,Loose,Loose,Loose_L1,0
2433,1.70658e+09,1,1,5.12159,0.629919,1.0,0.6752104999999999,20,20,g1,Loose,Loose,Loose_L1,0
2435,1.70658e+09,1,1,6.12259,0.772859,1.0,0.6752104999999999,20,20,g1,Loose,Loose,Loose_L1,0
2437,1.70658e+09,1,1,5.68086,0.641297,1.0,0.6615665,20,20,g1,Loose,Loose,Loose_L1,0
2439,1.70658e+09,1,1,5.14794,0.654721,1.0,0.6669355,20,20,g1,Loose,Loose,Loose_L1,0
2441,1.70658e+09,1,1,5.48801,0.634516,1.0,0.6669355,20,20,g1,Loose,Loose,Loose_L1,0
2443,1.70658e+09,1,1,6.58156,0.825371,1.0,0.6797005,20,20,g1,Loose,Loose,Loose_L1,0
2445,1.70658e+09,1,1,6.21192,0.710221,1.0,0.6872995,20,20,g1,Loose,Loose,Loose_L1,0
2447,1.70658e+09,1,1,5.58814,0.64298,1.0,0.6797005,20,20,g1,Loose,Loose,Loose_L1,0
2449,1.70658e+09,1,1,5.39035,0.58663,1.0,0.6669355,20,20,g1,Loose,Loose,Loose_L1,0
2451,1.70658e+09,1,1,5.82044,0.703543,1.0,0.6669355,20,20,g1,Loose,Loose,Loose_L1,0
2453,1.70658e+09,1,1,5.69518,0.682342,1.0,0.6807460000000001,20,20,g1,Loose,Loose,Loose_L1,0
2455,1.70658e+09,1,1,5.81461,0.631973,1.0,0.6669355,20,20,g1,Loose,Loose,Loose_L1,0
2457,1.70658e+09,1,1,5.18437,0.616716,1.0,0.6669355,20,20,g1,Loose,Loose,Loose_L1,0
2459,1.70658e+09,1,1,6.08268,0.67775,1.0,0.6662355,20,20,g1,Loose,Loose,Loose_L1,0
2461,1.70658e+09,1,1,4.7718,0.563587,1.0,0.6662355,20,20,g1,Loose,Loose,Loose_L1,0
2463,1.70658e+09,1,1,6.07393,0.739106,1.0,0.6662355,20,20,g1,Loose,Loose,Loose_L1,0
2465,1.70658e+09,1,1,5.56736,0.596631,1.0,0.6488505,20,20,g1,Loose,Loose,Loose_L1,0
2467,1.70658e+09,1,1,5.59271,0.673098,1.0,0.6488505,20,20,g1,Loose,Loose,Loose_L1,0
2469,1.70658e+09,1,1,5.51101,0.647608,1.0,0.6511644999999999,20,20,g1,Loose,Loose,Loose_L1,0
2471,1.70658e+09,1,1,6.83001,0.816854,1.0,0.6511644999999999,20,20,g1,Loose,Loose,Loose_L1,0
2473,1.70658e+09,1,1,5.56805,0.625299,1.0,0.6511644999999999,20,20,g1,Loose,Loose,Loose_L1,0
2475,1.70658e+09,1,1,4.71742,0.551383,1.0,0.645294,20,20,g1,Loose,Loose,Loose_L1,0
2477,1.70658e+09,1,1,4.94823,0.610667,1.0,0.645294,20,20,g1,Loose,Loose,Loose_L1,0
2479,1.70658e+09,1,1,5.5563,0.639672,1.0,0.6413260000000001,20,20,g1,Loose,Loose,Loose_L1,0
2481,1.70658e+09,1,1,5.96584,0.659461,1.0,0.645294,20,20,g1,Loose,Loose,Loose_L1,0
2483,1.70658e+09,1,1,5.17199,0.62511,1.0,0.6413260000000001,20,20,g1,Loose,Loose,Loose_L1,0
2485,1.70658e+09,1,1,5.66569,0.678832,1.0,0.6413260000000001,20,20,g1,Loose,Loose,Loose_L1,0
2487,1.70658e+09,1,1,7.07139,0.819973,1.0,0.64364,20,20,g1,Loose,Loose,Loose_L1,0
2489,1.70658e+09,1,1,5.75559,0.585968,1.0,0.64364,20,20,g1,Loose,Loose,Loose_L1,0
2491,1.70658e+09,1,1,6.70406,0.724141,1.0,0.64364,20,20,g1,Loose,Loose,Loose_L1,0
2493,1.70658e+09,1,1,6.57281,0.731312,1.0,0.64364,20,20,g1,Loose,Loose,Loose_L1,0
2495,1.70658e+09,1,1,7.83622,0.809066,1.0,0.6535344999999999,20,20,g1,Loose,Loose,Loose_L1,0
2497,1.70658e+09,1,1,7.28681,0.78263,1.0,0.6662794999999999,20,20,g1,Loose,Loose,Loose_L1,0
2499,1.70658e+09,1,1,6.05655,0.635772,1.0,0.6535344999999999,20,20,g1,Loose,Loose,Loose_L1,0
2501,1.70658e+09,1,1,6.9542,0.717618,1.0,0.6662794999999999,20,20,g1,Loose,Loose,Loose_L1,0
2503,1.70658e+09,1,1,5.96529,0.612355,1.0,0.6535344999999999,20,20,g1,Loose,Loose,Loose_L1,0
2505,1.70658e+09,1,1,6.51894,0.745157,1.0,0.6662794999999999,20,20,g1,Loose,Loose,Loose_L1,0
2507,1.70658e+09,1,1,6.45875,0.570134,1.0,0.6535344999999999,20,20,g1,Loose,Loose,Loose_L1,0
2509,1.70658e+09,1,1,6.41508,0.550822,1.0,0.6495664999999999,20,20,g1,Loose,Loose,Loose_L1,0
2511,1.70658e+09,1,1,5.76125,0.596116,1.0,0.637722,20,20,g1,Loose,Loose,Loose_L1,0
2513,1.70658e+09,1,1,5.25585,0.552966,1.0,0.637722,20,20,g1,Loose,Loose,Loose_L1,0
2515,1.70658e+09,1,1,5.72807,0.509855,1.0,0.637722,20,20,g1,Loose,Loose,Loose_L1,0
2517,1.70658e+09,1,1,5.8594,0.64148,1.0,0.640576,20,20,g1,Loose,Loose,Loose_L1,0
2519,1.70658e+09,1,1,5.63005,0.595689,1.0,0.638626,20,20,g1,Loose,Loose,Loose_L1,0
2521,1.70658e+09,1,1,4.86297,0.516588,1.0,0.630441,20,20,g1,Loose,Loose,Loose_L1,0
2523,1.70658e+09,1,1,5.86618,0.606058,1.0,0.6240635,20,20,g1,Loose,Loose,Loose_L1,0
2525,1.70658e+09,1,1,4.77594,0.511725,1.0,0.6092065,20,20,g1,Loose,Loose,Loose_L1,0
2527,1.70658e+09,1,1,5.30832,0.585357,1.0,0.6010869999999999,20,20,g1,Loose,Loose,Loose_L1,0
2529,1.70658e+09,1,1,5.2935,0.486931,1.0,0.6010869999999999,20,20,g1,Loose,Loose,Loose_L1,0
2531,1.70658e+09,1,1,4.58898,0.520848,1.0,0.5959025,20,20,g1,Loose,Loose,Loose_L1,0
2533,1.70658e+09,1,1,4.55696,0.517045,1.0,0.590523,20,20,g1,Loose,Loose,Loose_L1,0
2535,1.70658e+09,1,1,4.70142,0.44281,1.0,0.5777455,20,20,g1,Loose,Loose,Loose_L1,0
2537,1.70658e+09,1,1,5.75357,0.643989,1.0,0.5777455,20,20,g1,Loose,Loose,Loose_L1,0
2539,1.70658e+09,1,1,5.30167,0.548087,1.0,0.56155,20,20,g1,Loose,Loose,Loose_L1,0
2541,1.70658e+09,1,1,6.49611,0.73385,1.0,0.56155,20,20,g1,Loose,Loose,Loose_L1,0
2543,1.70658e+09,1,1,5.84627,0.624278,1.0,0.56155,20,20,g1,Loose,Loose,Loose_L1,0
2545,1.70658e+09,1,1,5.80851,0.568792,1.0,0.5608789999999999,20,20,g1,Loose,Loose,Loose_L1,0
2547,1.70658e+09,1,1,5.89104,0.439104,1.0,0.551894,20,20,g1,Loose,Loose,Loose_L1,0
2549,1.70658e+09,1,1,6.64571,0.790556,1.0,0.5608789999999999,20,20,g1,Loose,Loose,Loose_L1,0
2551,1.70658e+09,1,1,6.74111,0.703705,1.0,0.5608789999999999,20,20,g1,Loose,Loose,Loose_L1,0
2553,1.70658e+09,1,1,7.12067,0.509176,1.0,0.5584395,20,20,g1,Loose,Loose,Loose_L1,0
2555,1.70658e+09,1,1,5.81962,0.645397,1.0,0.5770744999999999,20,20,g1,Loose,Loose,Loose_L1,0
2557,1.70658e+09,1,1,7.33848,0.91627,1.0,0.5770744999999999,20,20,g1,Loose,Loose,Loose_L1,0
2559,1.70658e+09,1,1,6.49968,0.537428,1.0,0.5584395,20,20,g1,Loose,Loose,Loose_L1,0
2561,1.70658e+09,1,1,6.78354,0.719891,1.0,0.5770744999999999,20,20,g1,Loose,Loose,Loose_L1,0
2563,1.70658e+09,1,1,7.00188,0.642255,1.0,0.5770744999999999,20,20,g1,Loose,Loose,Loose_L1,0
2565,1.70658e+09,1,1,7.18455,0.674079,1.0,0.6048175,20,20,g1,Loose,Loose,Loose_L1,0
2567,1.70658e+09,1,1,6.85594,0.635061,1.0,0.6296695,20,20,g1,Loose,Loose,Loose_L1,0
2569,1.70658e+09,1,1,7.97917,0.67269,1.0,0.638658,20,20,g1,Loose,Loose,Loose_L1,0
2571,1.70658e+09,1,1,7.85099,0.712561,1.0,0.643122,20,20,g1,Loose,Loose,Loose_L1,0
2573,1.70658e+09,1,1,6.27844,0.560445,1.0,0.643122,20,20,g1,Loose,Loose,Loose_L1,0
2575,1.70658e+09,1,1,6.99012,0.595205,1.0,0.643122,20,20,g1,Loose,Loose,Loose_L1,0
2577,1.70658e+09,1,1,6.52539,0.615418,1.0,0.638658,20,20,g1,Loose,Loose,Loose_L1,0
2579,1.70658e+09,1,1,6.24061,0.587171,1.0,0.638658,20,20,g1,Loose,Loose,Loose_L1,0
2581,1.70658e+09,1,1,5.85805,0.605185,1.0,0.6296695,20,20,g1,Loose,Loose,Loose_L1,0
2583,1.70658e+09,1,1,5.20398,0.483524,1.0,0.6252395,20,20,g1,Loose,Loose,Loose_L1,0
2585,1.70658e+09,1,1,4.45786,0.472354,1.0,0.6252395,20,20,g1,Loose,Loose,Loose_L1,0
2587,1.70658e+09,1,1,4.91508,0.538124,1.0,0.6252395,20,20,g1,Loose,Loose,Loose_L1,0
2589,1.70658e+09,1,1,4.79588,0.468572,1.0,0.6103015,20,20,g1,Loose,Loose,Loose_L1,0
2591,1.70658e+09,1,1,5.09819,0.553166,1.0,0.600195,20,20,g1,Loose,Loose,Loose_L1,0
2593,1.70658e+09,1,1,4.6467,0.581235,1.0,0.600195,20,20,g1,Loose,Loose,Loose_L1,0
2595,1.70658e+09,1,1,5.23469,0.641732,1.0,0.600195,20,20,g1,Loose,Loose,Loose_L1,0
2597,1.70658e+09,1,1,5.37212,0.63379,1.0,0.600195,20,20,g1,Loose,Loose,Loose_L1,0
2599,1.70658e+09,1,1,4.72888,0.641783,1.0,0.6103015,20,20,g1,Loose,Loose,Loose_L1,0
2601,1.70658e+09,1,1,5.29817,0.663683,1.0,0.6103015,20,20,g1,Loose,Loose,Loose_L1,0
2603,1.70658e+09,1,1,4.78537,0.494158,1.0,0.600195,20,20,g1,Loose,Loose,Loose_L1,0
2605,1.70658e+09,1,1,4.20411,0.567051,1.0,0.591188,20,20,g1,Loose,Loose,Loose_L1,0
2607,1.70658e+09,1,1,4.05293,0.561933,1.0,0.584203,20,20,g1,Loose,Loose,Loose_L1,0
2609,1.70658e+09,1,1,4.1512,0.504449,1.0,0.574143,20,20,g1,Loose,Loose,Loose_L1,0
2611,1.70658e+09,1,1,4.49475,0.560071,1.0,0.564492,20,20,g1,Loose,Loose,Loose_L1,0
2613,1.70658e+09,1,1,4.32932,0.613358,1.0,0.574143,20,20,g1,Loose,Loose,Loose_L1,0
2615,1.70658e+09,1,1,4.31587,0.594529,1.0,0.574143,20,20,g1,Loose,Loose,Loose_L1,0
2617,1.70658e+09,1,1,4.19704,0.57437,1.0,0.5707105,20,20,g1,Loose,Loose,Loose_L1,0
2619,1.70658e+09,1,1,4.39566,0.562385,1.0,0.564718,20,20,g1,Loose,Loose,Loose_L1,0
2621,1.70658e+09,1,1,3.72318,0.5325,1.0,0.5621590000000001,20,20,g1,Loose,Loose,Loose_L1,0
2623,1.70658e+09,1,1,3.62256,0.492428,1.0,0.5621590000000001,20,20,g1,Loose,Loose,Loose_L1,0
2625,1.70658e+09,1,1,4.90417,0.677178,1.0,0.564718,20,20,g1,Loose,Loose,Loose_L1,0
2627,1.70658e+09,1,1,3.79092,0.526155,1.0,0.564718,20,20,g1,Loose,Loose,Loose_L1,0
2629,1.70658e+09,1,1,4.16998,0.596286,1.0,0.5707105,20,20,g1,Loose,Loose,Loose_L1,0
2631,1.70658e+09,1,1,3.84716,0.443371,1.0,0.5707105,20,20,g1,Loose,Loose,Loose_L1,0
2633,1.70658e+09,1,1,3.14732,0.409485,1.0,0.564718,20,20,g1,Loose,Loose,Loose_L1,0
2635,1.70658e+09,1,1,4.1296,0.5594,1.0,0.5621590000000001,20,20,g1,Loose,Loose,Loose_L1,0
2637,1.70658e+09,1,1,3.32562,0.425261,1.0,0.561002,20,20,g1,Loose,Loose,Loose_L1,0
2639,1.70658e+09,1,1,4.07393,0.507072,1.0,0.5597354999999999,20,20,g1,Loose,Loose,Loose_L1,0
2641,1.70658e+09,1,1,3.40112,0.429786,1.0,0.5459499999999999,20,20,g1,Loose,Loose,Loose_L1,0
2643,1.70658e+09,1,1,3.97601,0.498605,1.0,0.5459499999999999,20,20,g1,Loose,Loose,Loose_L1,0
2645,1.70658e+09,1,1,3.60054,0.472909,1.0,0.5293275,20,20,g1,Loose,Loose,Loose_L1,0
2647,1.70658e+09,1,1,4.71846,0.594812,1.0,0.5293275,20,20,g1,Loose,Loose,Loose_L1,0
2649,1.70658e+09,1,1,3.37733,0.414065,1.0,0.5293275,20,20,g1,Loose,Loose,Loose_L1,0
2651,1.70658e+09,1,1,4.34459,0.587272,1.0,0.5293275,20,20,g1,Loose,Loose,Loose_L1,0
2653,1.70658e+09,1,1,3.92211,0.490648,1.0,0.5166135000000001,20,20,g1,Loose,Loose,Loose_L1,0
2655,1.70658e+09,1,1,4.96322,0.614078,1.0,0.5166135000000001,20,20,g1,Loose,Loose,Loose_L1,0
2657,1.70658e+09,1,1,6.22142,0.710075,1.0,0.5166135000000001,20,20,g1,Loose,Loose,Loose_L1,0
2659,1.70658e+09,1,1,5.07373,0.65828,1.0,0.5166135000000001,20,20,g1,Loose,Loose,Loose_L1,0
2661,1.70658e+09,1,1,4.86523,0.606738,1.0,0.5166135000000001,20,20,g1,Loose,Loose,Loose_L1,0
2663,1.70658e+09,1,1,6.28881,0.792322,1.0,0.5427775,20,20,g1,Loose,Loose,Loose_L1,0
2665,1.70658e+09,1,1,5.86351,0.65882,1.0,0.5427775,20,20,g1,Loose,Loose,Loose_L1,0
2667,1.70658e+09,1,1,2.90435,0.357182,1.0,0.533236,20,20,g1,Loose,Loose,Loose_L1,0
2669,1.70658e+09,1,1,2.17873,0.312482,1.0,0.5028385,20,20,g1,Loose,Loose,Loose_L1,0
2671,1.70658e+09,1,1,1.64426,0.233049,1.0,0.5028385,20,20,g1,Loose,Loose,Loose_L1,0
2673,1.70658e+09,1,1,1.61489,0.249336,1.0,0.5028385,20,20,g1,Loose,Loose,Loose_L1,0
2675,1.70658e+09,1,1,1.07943,0.191326,1.0,0.49462649999999997,20,20,g1,Loose,Loose,Loose_L1,0
2677,1.70658e+09,1,0,1.0,0.190085,0.95,0.498605,20,19,g1,Loose,Loose,Loose_L1,0
2679,1.70658e+09,1,1,1.37866,0.256927,0.95,0.490648,20,19,g1,Loose,Loose,Loose_L1,0
2681,1.70658e+09,1,1,1.03985,0.168628,0.95,0.490648,20,19,g1,Loose,Loose,Loose_L1,0
2683,1.70658e+09,1,0,1.0,0.174832,0.9,0.4817785,20,18,g1,Loose,Loose,Loose_L1,0
2685,1.70658e+09,1,0,1.0,0.173593,0.85,0.490648,20,17,g1,Loose,Loose,Loose_L1,0
2687,1.70658e+09,1,0,1.0,0.184918,0.8,0.4523565,20,16,g1,Loose,Loose,Loose_L1,0
2689,1.70658e+09,1,0,1.0,0.190237,0.75,0.490648,20,15,g1,Loose,Loose,Loose_L1,0
2691,1.70658e+09,1,0,1.0,0.171825,0.7,0.423915,20,14,g1,Loose,Loose,Loose_L1,0
2693,1.70658e+09,1,0,1.0,0.183114,0.65,0.357182,20,13,g1,Loose,Loose,Loose_L1,0
2695,1.70658e+09,1,0,1.0,0.17636,0.6,0.334832,20,12,g1,Loose,Native,Native,1
2697,1.70658e+09,1,0,1.0,0.179392,0.55,0.312482,20,11,g1,Native,Native,Native,0
2699,1.70658e+09,1,0,1.0,0.186861,0.5,0.2847045,20,10,g1,Native,Native,Native,0
2701,1.70658e+09,1,0,1.0,0.186976,0.45,0.256927,20,9,g1,Native,Native,Native,0
2703,1.70658e+09,1,0,1.0,0.181853,0.4,0.2531315,20,8,g1,Native,Native,Native,0
2705,1.70658e+09,1,0,1.0,0.182,0.35,0.249336,20,7,g1,Native,Native,Native,0
2707,1.70658e+09,1,0,1.0,0.182774,0.3,0.2411925,20,6,g1,Native,Native,Native,0
2709,1.70658e+09,1,0,1.0,0.175593,0.25,0.233049,20,5,g1,Native,Native,Native,0
2711,1.70658e+09,1,0,1.0,0.175324,0.2,0.220331,20,4,g1,Native,Native,Native,0
2713,1.70658e+09,1,0,1.0,0.17543,0.15,0.191326,20,3,g1,Native,Native,Native,0
2715,1.70658e+09,1,0,1.0,0.174364,0.1,0.2127775,20,2,g1,Native,Native,Native,0
2717,1.70658e+09,1,0,1.0,0.176752,0.1,0.2127775,20,2,g1,Native,Native,Native,0
2719,1.70658e+09,1,0,1.0,0.183148,0.05,0.168628,20,1,g1,Native,Native,Native,0
2721,1.70658e+09,1,0,1.0,0.166072,0.0,nan,20,0,g1,Native,Native,Native,0
2723,1.70658e+09,1,0,1.0,0.181435,0.0,nan,20,0,g1,Native,Native,Native,0
2725,1.70658e+09,1,0,1.0,0.167495,0.0,nan,20,0,g1,Native,Native,Native,0
2727,1.70658e+09,1,0,1.0,0.179588,0.0,nan,20,0,g1,Native,Native,Native,0
2729,1.70658e+09,1,0,1.0,0.174618,0.0,nan,20,0,g1,Native,Native,Native,0
2731,1.70658e+09,1,0,1.0,0.193117,0.0,nan,20,0,g1,Native,Native,Native,0
2733,1.70658e+09,1,0,1.0,0.205182,0.0,nan,20,0,g1,Native,Native,Native,0
2735,1.70658e+09,1,0,1.0,0.187014,0.0,nan,20,0,g1,Native,Native,Native,0
2737,1.70658e+09,1,0,1.0,0.177272,0.0,nan,20,0,g1,Native,Native,Native,0
2739,1.70658e+09,1,0,1.0,0.175449,0.0,nan,20,0,g1,Native,Native,Native,0
2741,1.70658e+09,1,0,1.0,0.17397,0.0,nan,20,0,g1,Native,Native,Native,0
2743,1.70658e+09,1,0,1.0,0.173115,0.0,nan,20,0,g1,Native,Native,Native,0
2745,1.70658e+09,1,0,1.0,0.172143,0.0,nan,20,0,g1,Native,Native,Native,0
2747,1.70658e+09,1,0,1.0,0.177982,0.0,nan,20,0,g1,Native,Native,Native,0
2749,1.70658e+09,1,0,1.0,0.165469,0.0,nan,20,0,g1,Native,Native,Native,0
2751,1.70658e+09,1,0,1.0,0.172574,0.0,nan,20,0,g1,Native,Native,Native,0
2753,1.70658e+09,1,0,1.0,0.167534,0.0,nan,20,0,g1,Native,Native,Native,0
2755,1.70658e+09,1,0,1.0,0.174868,0.0,nan,20,0,g1,Native,Native,Native,0
2757,1.70658e+09,1,0,1.0,0.175552,0.0,nan,20,0,g1,Native,Native,Native,0
2759,1.70658e+09,1,0,1.0,0.180861,0.0,nan,20,0,g1,Native,Native,Native,0
2761,1.70658e+09,1,0,1.0,0.178247,0.0,nan,20,0,g1,Native,Native,Native,0
2763,1.70658e+09,1,0,1.0,0.205346,0.0,nan,20,0,g1,Native,Native,Native,0
2765,1.70658e+09,1,0,1.0,0.193188,0.0,nan,20,0,g1,Native,Native,Native,0
2767,1.70658e+09,1,0,1.0,0.201025,0.0,nan,20,0,g1,Native,Native,Native,0
2769,1.70658e+09,1,0,1.0,0.168693,0.0,nan,20,0,g1,Native,Native,Native,0
2771,1.70658e+09,1,0,1.0,0.193002,0.0,nan,20,0,g1,Native,Native,Native,0
2773,1.70658e+09,1,0,1.0,0.215636,0.0,nan,20,0,g1,Native,Native,Native,0
2775,1.70658e+09,1,0,1.0,0.178328,0.0,nan,20,0,g1,Native,Native,Native,0
2777,1.70658e+09,1,0,1.0,0.202702,0.0,nan,20,0,g1,Native,Native,Native,0
2779,1.70658e+09,1,0,1.0,0.186526,0.0,nan,20,0,g1,Native,Native,Native,0
2781,1.70658e+09,1,0,1.0,0.251815,0.0,nan,20,0,g1,Native,Native,Native,0
2783,1.70658e+09,1,0,1.0,0.166853,0.0,nan,20,0,g1,Native,Native,Native,0
2785,1.70658e+09,1,0,1.0,0.172461,0.0,nan,20,0,g1,Native,Native,Native,0
2787,1.70658e+09,1,0,1.0,0.181207,0.0,nan,20,0,g1,Native,Native,Native,0
2789,1.70658e+09,1,0,1.0,0.183364,0.0,nan,20,0,g1,Native,Native,Native,0
2791,1.70658e+09,1,0,1.0,0.168169,0.0,nan,20,0,g1,Native,Native,Native,0
2793,1.70658e+09,1,0,1.0,0.18115,0.0,nan,20,0,g1,Native,Native,Native,0
2795,1.70658e+09,1,0,1.0,0.169953,0.0,nan,20,0,g1,Native,Native,Native,0
2797,1.70658e+09,1,0,1.0,0.180224,0.0,nan,20,0,g1,Native,Native,Native,0
2799,1.70658e+09,1,0,1.0,0.172358,0.0,nan,20,0,g1,Native,Native,Native,0
2801,1.70658e+09,1,0,1.0,0.206204,0.0,nan,20,0,g1,Native,Native,Native,0
2803,1.70658e+09,1,0,1.0,0.187601,0.0,nan,20,0,g1,Native,Native,Native,0
2805,1.70658e+09,1,0,1.0,0.172601,0.0,nan,20,0,g1,Native,Native,Native,0
2807,1.70658e+09,1,0,1.0,0.179194,0.0,nan,20,0,g1,Native,Native,Native,0
2809,1.70658e+09,1,0,1.0,0.201237,0.0,nan,20,0,g1,Native,Native,Native,0
2811,1.70658e+09,1,0,1.0,0.19543,0.0,nan,20,0,g1,Native,Native,Native,0
2813,1.70658e+09,1,0,1.0,0.173173,0.0,nan,20,0,g1,Native,Native,Native,0
2815,1.70658e+09,1,0,1.0,0.212479,0.0,nan,20,0,g1,Native,Native,Native,0
2817,1.70658e+09,1,0,1.0,0.186258,0.0,nan,20,0,g1,Native,Native,Native,0
2819,1.70658e+09,1,0,1.0,0.183657,0.0,nan,20,0,g1,Native,Native,Native,0
2821,1.70658e+09,1,0,1.0,0.195846,0.0,nan,20,0,g1,Native,Native,Native,0
2823,1.70658e+09,1,0,1.0,0.183494,0.0,nan,20,0,g1,Native,Native,Native,0
2825,1.70658e+09,1,0,1.0,0.180132,0.0,nan,20,0,g1,Native,Native,Native,0
2827,1.70658e+09,1,0,1.0,0.191437,0.0,nan,20,0,g1,Native,Native,Native,0
2829,1.70658e+09,1,0,1.0,0.194276,0.0,nan,20,0,g1,Native,Native,Native,0
2831,1.70658e+09,1,0,1.0,0.203798,0.0,nan,20,0,g1,Native,Native,Native,0
2833,1.70658e+09,1,0,1.0,0.192468,0.0,nan,20,0,g1,Native,Native,Native,0
2835,1.70658e+09,1,0,1.0,0.193828,0.0,nan,20,0,g1,Native,Native,Native,0
2837,1.70658e+09,1,0,1.0,0.193998,0.0,nan,20,0,g1,Native,Native,Native,0
2839,1.70658e+09,1,0,1.0,0.181057,0.0,nan,20,0,g1,Native,Native,Native,0
2841,1.70658e+09,1,0,1.0,0.194324,0.0,nan,20,0,g1,Native,Native,Native,0
2843,1.70658e+09,1,0,1.0,0.185122,0.0,nan,20,0,g1,Native,Native,Native,0
2845,1.70658e+09,1,0,1.0,0.187082,0.0,nan,20,0,g1,Native,Native,Native,0
2847,1.70658e+09,1,0,1.0,0.177328,0.0,nan,20,0,g1,Native,Native,Native,0
2849,1.70658e+09,1,0,1.0,0.193584,0.0,nan,20,0,g1,Native,Native,Native,0
2851,1.70658e+09,1,0,1.0,0.177317,0.0,nan,20,0,g1,Native,Native,Native,0
2853,1.70658e+09,1,0,1.0,0.177759,0.0,nan,20,0,g1,Native,Native,Native,0
2855,1.70658e+09,1,0,1.0,0.181105,0.0,nan,20,0,g1,Native,Native,Native,0
2857,1.70658e+09,1,0,1.0,0.17496,0.0,nan,20,0,g1,Native,Native,Native,0
2859,1.70658e+09,1,0,1.0,0.182248,0.0,nan,20,0,g1,Native,Native,Native,0
2861,1.70658e+09,1,0,1.0,0.190689,0.0,nan,20,0,g1,Native,Native,Native,0
2863,1.70658e+09,1,0,1.0,0.176173,0.0,nan,20,0,g1,Native,Native,Native,0
2865,1.70658e+09,1,0,1.0,0.17831,0.0,nan,20,0,g1,Native,Native,Native,0
2867,1.70658e+09,1,0,1.0,0.194013,0.0,nan,20,0,g1,Native,Native,Native,0
2869,1.70658e+09,1,0,1.0,0.184036,0.0,nan,20,0,g1,Native,Native,Native,0
2871,1.70658e+09,1,0,1.0,0.177074,0.0,nan,20,0,g1,Native,Native,Native,0
2873,1.70658e+09,1,0,1.0,0.191001,0.0,nan,20,0,g1,Native,Native,Native,0
2875,1.70658e+09,1,0,1.0,0.174441,0.0,nan,20,0,g1,Native,Native,Native,0
2877,1.70658e+09,1,0,1.0,0.179691,0.0,nan,20,0,g1,Native,Native,Native,0
2879,1.70658e+09,1,0,1.0,0.179145,0.0,nan,20,0,g1,Native,Native,Native,0
2881,1.70658e+09,1,0,1.0,0.176539,0.0,nan,20,0,g1,Native,Native,Native,0
2883,1.70658e+09,1,0,1.0,0.173692,0.0,nan,20,0,g1,Native,Native,Native,0
2885,1.70658e+09,1,0,1.0,0.172615,0.0,nan,20,0,g1,Native,Native,Native,0
2887,1.70658e+09,1,0,1.0,0.177345,0.0,nan,20,0,g1,Native,Native,Native,0
2889,1.70658e+09,1,0,1.0,0.176459,0.0,nan,20,0,g1,Native,Native,Native,0
2891,1.70658e+09,1,0,1.0,0.208199,0.0,nan,20,0,g1,Native,Native,Native,0
2893,1.70658e+09,1,0,1.0,0.219213,0.0,nan,20,0,g1,Native,Native,Native,0
2895,1.70658e+09,1,0,1.0,0.18867,0.0,nan,20,0,g1,Native,Native,Native,0
2897,1.70658e+09,1,0,1.0,0.196454,0.0,nan,20,0,g1,Native,Native,Native,0
2899,1.70658e+09,1,0,1.0,0.169468,0.0,nan,20,0,g1,Native,Native,Native,0
2901,1.70658e+09,1,0,1.0,0.197096,0.0,nan,20,0,g1,Native,Native,Native,0
2903,1.70658e+09,1,0,1.0,0.245013,0.0,nan,20,0,g1,Native,Native,Native,0
2905,1.70658e+09,1,0,1.0,0.186746,0.0,nan,20,0,g1,Native,Native,Native,0
2907,1.70658e+09,1,0,1.0,0.219903,0.0,nan,20,0,g1,Native,Native,Native,0
2909,1.70658e+09,1,0,1.0,0.170023,0.0,nan,20,0,g1,Native,Native,Native,0
2911,1.70658e+09,1,0,1.0,0.191688,0.0,nan,20,0,g1,Native,Native,Native,0
2913,1.70658e+09,1,0,1.0,0.173184,0.0,nan,20,0,g1,Native,Native,Native,0
2915,1.70658e+09,1,0,1.0,0.197313,0.0,nan,20,0,g1,Native,Native,Native,0
2917,1.70658e+09,1,0,1.0,0.220163,0.0,nan,20,0,g1,Native,Native,Native,0
2919,1.70658e+09,1,1,1.29764,0.222311,0.05,0.222311,20,1,g1,Native,Native,Native,0
2921,1.70658e+09,1,1,1.26562,0.219552,0.1,0.2209315,20,2,g1,Native,Native,Native,0
2923,1.70658e+09,1,1,1.45311,0.250016,0.15,0.222311,20,3,g1,Native,Native,Native,0
2925,1.70658e+09,1,1,1.66754,0.275771,0.2,0.23616350000000003,20,4,g1,Native,Native,Native,0
2927,1.70658e+09,1,1,1.55299,0.253897,0.25,0.250016,20,5,g1,Native,Native,Native,0
2929,1.70658e+09,1,1,4.23377,0.677218,0.3,0.2519565,20,6,g1,Native,Native,Native,0
2931,1.70658e+09,1,1,4.81962,0.646129,0.35,0.253897,20,7,g1,Native,Native,Native,0
2933,1.70658e+09,1,1,18.8106,2.37059,0.4,0.264834,20,8,g1,Native,Native,Native,0
2935,1.70658e+09,1,1,13.3478,1.26727,0.45,0.275771,20,9,g1,Native,Native,Native,0
2937,1.70658e+09,1,1,4.67477,0.420539,0.5,0.348155,20,10,g1,Native,Native,Native,0
2939,1.70658e+09,1,1,10.8852,1.32393,0.55,0.420539,20,11,g1,Native,Native,Native,0
2941,1.70658e+09,1,1,13.6475,1.39285,0.6,0.533334,20,12,g1,Native,Native,Native,0
2943,1.70658e+09,1,1,11.6519,1.109,0.65,0.646129,20,13,g1,Native,Native,Native,0
2945,1.70658e+09,1,1,14.023,1.30793,0.7,0.6616735,20,14,g1,Native,Native,Native,0
2947,1.70658e+09,1,1,17.2375,1.56024,0.75,0.677218,20,15,g1,Native,Loose,Loose_L1,1
2949,1.70658e+09,1,1,5.81625,0.500515,0.8,0.6616735,20,16,g1,Loose,Loose,Loose_L1,0
2951,1.70658e+09,1,1,8.98897,1.01322,0.85,0.677218,20,17,g1,Loose,Loose,Loose_L1,0
2953,1.70658e+09,1,1,8.10262,0.855916,0.9,0.766567,20,18,g1,Loose,Loose,Loose_L1,0
2955,1.70658e+09,1,1,5.82507,0.622275,0.95,0.677218,20,19,g1,Loose,Loose,Loose_L1,0
2957,1.70658e+09,1,1,5.78354,0.67345,1.0,0.675334,20,20,g1,Loose,Loose,Loose_L1,0
2959,1.70658e+09,1,1,5.93986,0.705551,1.0,0.6913845000000001,20,20,g1,Loose,Loose,Loose_L1,0
2961,1.70658e+09,1,1,6.18561,0.721929,1.0,0.71374,20,20,g1,Loose,Loose,Loose_L1,0
2963,1.70658e+09,1,1,7.98935,0.917112,1.0,0.7889225,20,20,g1,Loose,Loose,Loose_L1,0
2965,1.70658e+09,1,1,6.83464,0.742262,1.0,0.7990889999999999,20,20,g1,Loose,Loose,Loose_L1,0
2967,1.70658e+09,1,1,5.57467,0.619414,1.0,0.7990889999999999,20,20,g1,Loose,Loose,Loose_L1,0
2969,1.70658e+09,1,1,7.63303,0.907476,1.0,0.881696,20,20,g1,Loose,Loose,Loose_L1,0
2971,1.70658e+09,1,1,5.38557,0.614707,1.0,0.881696,20,20,g1,Loose,Loose,Loose_L1,0
2973,1.70658e+09,1,1,8.30275,1.02525,1.0,0.881696,20,20,g1,Loose,Loose,Loose_L1,0
2975,1.70658e+09,1,1,7.5966,0.856342,1.0,0.856129,20,20,g1,Loose,Loose,Loose_L1,0
2977,1.70658e+09,1,1,5.4988,0.600448,1.0,0.856129,20,20,g1,Loose,Loose,Loose_L1,0
2979,1.70658e+09,1,1,7.23153,0.865449,1.0,0.856129,20,20,g1,Loose,Loose,Loose_L1,0
2981,1.70658e+09,1,1,5.10337,0.58302,1.0,0.7990889999999999,20,20,g1,Loose,Loose,Loose_L1,0
2983,1.70658e+09,1,1,6.80998,0.82844,1.0,0.7853509999999999,20,20,g1,Loose,Loose,Loose_L1,0
2985,1.70658e+09,1,1,8.57163,1.00627,1.0,0.7853509999999999,20,20,g1,Loose,Loose,Loose_L1,0
2987,1.70658e+09,1,1,6.65158,0.717086,1.0,0.7320955,20,20,g1,Loose,Loose,Loose_L1,0
2989,1.70658e+09,1,1,8.31758,0.954117,1.0,0.7853509999999999,20,20,g1,Loose,Loose,Loose_L1,0
2991,1.70658e+09,1,1,7.21244,0.779561,1.0,0.7609115,20,20,g1,Loose,Loose,Loose_L1,0
2993,1.70658e+09,1,1,6.22957,0.692483,1.0,0.7320955,20,20,g1,Loose,Loose,Loose_L1,0
2995,1.70658e+09,1,1,5.77114,0.666955,1.0,0.7320955,20,20,g1,Loose,Loose,Loose_L1,0
2997,1.70658e+09,1,1,5.96424,0.712593,1.0,0.7320955,20,20,g1,Loose,Loose,Loose_L1,0
2999,1.70658e+09,1,1,6.86367,0.825144,1.0,0.7609115,20,20,g1,Loose,Loose,Loose_L1,0
3001,1.70658e+09,1,1,7.78638,0.900273,1.0,0.8023525,20,20,g1,Loose,Loose,Loose_L1,0
3003,1.70658e+09,1,1,5.20351,0.591563,1.0,0.7609115,20,20,g1,Loose,Loose,Loose_L1,0
3005,1.70658e+09,1,1,5.73367,0.686469,1.0,0.7483234999999999,20,20,g1,Loose,Loose,Loose_L1,0
3007,1.70658e+09,1,1,7.37525,0.908774,1.0,0.8023525,20,20,g1,Loose,Loose,Loose_L1,0
3009,1.70658e+09,1,1,7.58841,0.850053,1.0,0.8023525,20,20,g1,Loose,Loose,Loose_L1,0
3011,1.70658e+09,1,1,7.0876,0.789564,1.0,0.807354,20,20,g1,Loose,Loose,Loose_L1,0
3013,1.70658e+09,1,1,7.66406,0.856381,1.0,0.807354,20,20,g1,Loose,Loose,Loose_L1,0
3015,1.70658e+09,1,1,9.95933,1.08653,1.0,0.807354,20,20,g1,Loose,Loose,Loose_L1,0
3017,1.70658e+09,1,1,7.90263,0.807579,1.0,0.8163615,20,20,g1,Loose,Loose,Loose_L1,0
3019,1.70658e+09,1,1,8.25156,0.871976,1.0,0.8163615,20,20,g1,Loose,Loose,Loose_L1,0
3021,1.70658e+09,1,1,8.41991,0.893773,1.0,0.826792,20,20,g1,Loose,Loose,Loose_L1,0
3023,1.70658e+09,1,1,7.52845,0.799973,1.0,0.8163615,20,20,g1,Loose,Loose,Loose_L1,0
3025,1.70658e+09,1,1,9.05578,0.983762,1.0,0.8163615,20,20,g1,Loose,Loose,Loose_L1,0
3027,1.70658e+09,1,1,6.55036,0.687646,1.0,0.8163615,20,20,g1,Loose,Loose,Loose_L1,0
3029,1.70658e+09,1,1,9.98877,1.12552,1.0,0.8163615,20,20,g1,Loose,Loose,Loose_L1,0
3031,1.70658e+09,1,1,7.21416,0.742917,1.0,0.8163615,20,20,g1,Loose,Loose,Loose_L1,0
3033,1.70658e+09,1,1,10.2763,1.13692,1.0,0.8375984999999999,20,20,g1,Loose,Loose,Loose_L1,0
3035,1.70658e+09,1,1,9.81339,0.991192,1.0,0.8532169999999999,20,20,g1,Loose,Loose,Loose_L1,0
3037,1.70658e+09,1,1,11.0142,1.10173,1.0,0.8641785,20,20,g1,Loose,Loose,Loose_L1,0
3039,1.70658e+09,1,1,9.19574,0.892082,1.0,0.882029,20,20,g1,Loose,Loose,Loose_L1,0
3041,1.70658e+09,1,1,13.016,1.33049,1.0,0.882029,20,20,g1,Loose,Loose,Loose_L1,0
3043,1.70658e+09,1,1,12.7173,1.19681,1.0,0.8929275000000001,20,20,g1,Loose,Loose,Loose_L1,0
3045,1.70658e+09,1,1,18.8949,1.74163,1.0,0.9012735000000001,20,20,g1,Loose,Loose,Loose_L1,0
3047,1.70658e+09,1,1,14.4165,1.20393,1.0,0.9387675,20,20,g1,Loose,Loose,Loose_L1,0
3049,1.70658e+09,1,1,16.4059,1.42543,1.0,0.9874769999999999,20,20,g1,Loose,Loose,Loose_L1,0
3051,1.70658e+09,1,1,16.3673,1.39417,1.0,1.038861,20,20,g1,Loose,Loose,Loose_L1,0
3053,1.70658e+09,1,1,13.1733,1.09943,1.0,1.0929799999999998,20,20,g1,Loose,Loose,Loose_L1,0
3055,1.70658e+09,1,1,11.838,1.04388,1.0,1.0716549999999998,20,20,g1,Loose,Loose,Loose_L1,0
3057,1.70658e+09,1,1,11.1948,1.05083,1.0,1.07513,20,20,g1,Loose,Loose,Loose_L1,0
3059,1.70658e+09,1,1,12.0998,1.14608,1.0,1.10058,20,20,g1,Loose,Loose,Loose_L1,0
3061,1.70658e+09,1,1,10.2355,0.963717,1.0,1.10058,20,20,g1,Loose,Loose,Loose_L1,0
3063,1.70658e+09,1,1,8.83473,0.867854,1.0,1.10058,20,20,g1,Loose,Loose,Loose_L1,0
3065,1.70658e+09,1,1,8.84514,0.915527,1.0,1.10058,20,20,g1,Loose,Loose,Loose_L1,0
3067,1.70658e+09,1,1,9.22938,0.969527,1.0,1.10058,20,20,g1,Loose,Loose,Loose_L1,0
3069,1.70658e+09,1,1,8.03565,0.828505,1.0,1.07513,20,20,g1,Loose,Loose,Loose_L1,0
3071,1.70658e+09,1,1,9.93064,1.0442,1.0,1.07513,20,20,g1,Loose,Loose,Loose_L1,0
3073,1.70658e+09,1,1,6.71027,0.677874,1.0,1.047515,20,20,g1,Loose,Loose,Loose_L1,0
3075,1.70658e+09,1,1,8.38035,0.932515,1.0,1.047515,20,20,g1,Loose,Loose,Loose_L1,0
3077,1.70658e+09,1,1,7.2727,0.783257,1.0,1.0440399999999999,20,20,g1,Loose,Loose,Loose_L1,0
3079,1.70658e+09,1,1,7.83849,0.855123,1.0,1.0440399999999999,20,20,g1,Loose,Loose,Loose_L1,0
3081,1.70658e+09,1,1,5.14219,0.558932,1.0,1.0067035,20,20,g1,Loose,Loose,Loose_L1,0
3083,1.70658e+09,1,1,5.92195,0.718479,1.0,0.9666220000000001,20,20,g1,Loose,Loose,Loose_L1,0
3085,1.70658e+09,1,1,6.93205,0.825793,1.0,0.948116,20,20,g1,Loose,Loose,Loose_L1,0
3087,1.70658e+09,1,1,8.38648,0.957776,1.0,0.9451455,20,20,g1,Loose,Loose,Loose_L1,0
3089,1.70658e+09,1,1,6.59234,0.712015,1.0,0.924021,20,20,g1,Loose,Loose,Loose_L1,0
3091,1.70658e+09,1,1,8.93363,1.00883,1.0,0.924021,20,20,g1,Loose,Loose,Loose_L1,0
3093,1.70658e+09,1,1,7.44529,0.797692,1.0,0.8916904999999999,20,20,g1,Loose,Loose,Loose_L1,0
3095,1.70658e+09,1,1,7.00366,0.762456,1.0,0.8614885,20,20,g1,Loose,Loose,Loose_L1,0
3097,1.70658e+09,1,1,6.14751,0.676718,1.0,0.8418140000000001,20,20,g1,Loose,Loose,Loose_L1,0
3099,1.70658e+09,1,1,8.09073,0.932695,1.0,0.8418140000000001,20,20,g1,Loose,Loose,Loose_L1,0
3101,1.70658e+09,1,1,6.70203,0.727802,1.0,0.827149,20,20,g1,Loose,Loose,Loose_L1,0
3103,1.70658e+09,1,1,5.69732,0.641197,1.0,0.8117425,20,20,g1,Loose,Loose,Loose_L1,0
3105,1.70658e+09,1,1,4.67386,0.558738,1.0,0.7904745,20,20,g1,Loose,Loose,Loose_L1,0
3107,1.70658e+09,1,1,6.10929,0.769902,1.0,0.7765795,20,20,g1,Loose,Loose,Loose_L1,0
3109,1.70658e+09,1,1,7.98146,0.942016,1.0,0.7765795,20,20,g1,Loose,Loose,Loose_L1,0
3111,1.70658e+09,1,1,7.14013,0.790518,1.0,0.7765795,20,20,g1,Loose,Loose,Loose_L1,0
3113,1.70658e+09,1,1,7.41874,0.823096,1.0,0.7868875,20,20,g1,Loose,Loose,Loose_L1,0
3115,1.70658e+09,1,1,4.91497,0.536176,1.0,0.7765795,20,20,g1,Loose,Loose,Loose_L1,0
3117,1.70658e+09,1,1,5.01025,0.620036,1.0,0.7661789999999999,20,20,g1,Loose,Loose,Loose_L1,0
3119,1.70658e+09,1,1,6.13506,0.754924,1.0,0.7586900000000001,20,20,g1,Loose,Loose,Loose_L1,0
3121,1.70658e+09,1,1,6.90226,0.809519,1.0,0.7661789999999999,20,20,g1,Loose,Loose,Loose_L1,0
3123,1.70658e+09,1,1,6.65868,0.744135,1.0,0.7661789999999999,20,20,g1,Loose,Loose,Loose_L1,0
3125,1.70658e+09,1,1,9.0068,1.02163,1.0,0.7661789999999999,20,20,g1,Loose,Loose,Loose_L1,0
3127,1.70658e+09,1,1,6.06023,0.6378,1.0,0.7586900000000001,20,20,g1,Loose,Loose,Loose_L1,0
3129,1.70658e+09,1,1,5.08564,0.59096,1.0,0.7586900000000001,20,20,g1,Loose,Loose,Loose_L1,0
3131,1.70658e+09,1,1,7.23299,0.887749,1.0,0.7586900000000001,20,20,g1,Loose,Loose,Loose_L1,0
3133,1.70658e+09,1,1,7.23207,0.834242,1.0,0.7586900000000001,20,20,g1,Loose,Loose,Loose_L1,0
3135,1.70658e+09,1,1,6.24964,0.70603,1.0,0.7495295,20,20,g1,Loose,Loose,Loose_L1,0
3137,1.70658e+09,1,1,7.18536,0.833344,1.0,0.762413,20,20,g1,Loose,Loose,Loose_L1,0
3139,1.70658e+09,1,1,4.38674,0.479793,1.0,0.7495295,20,20,g1,Loose,Loose,Loose_L1,0
3141,1.70658e+09,1,1,5.13378,0.654494,1.0,0.7495295,20,20,g1,Loose,Loose,Loose_L1,0
3143,1.70658e+09,1,1,5.02115,0.602301,1.0,0.7495295,20,20,g1,Loose,Loose,Loose_L1,0
3145,1.70658e+09,1,1,5.40985,0.642687,1.0,0.7495295,20,20,g1,Loose,Loose,Loose_L1,0
3147,1.70658e+09,1,1,6.67165,0.813084,1.0,0.7495295,20,20,g1,Loose,Loose,Loose_L1,0
3149,1.70658e+09,1,1,5.15751,0.608414,1.0,0.7250825000000001,20,20,g1,Loose,Loose,Loose_L1,0
3151,1.70658e+09,1,1,5.7719,0.704065,1.0,0.7050475,20,20,g1,Loose,Loose,Loose_L1,0
3153,1.70658e+09,1,1,5.21836,0.628063,1.0,0.6792795,20,20,g1,Loose,Loose,Loose_L1,0
3155,1.70658e+09,1,1,5.32216,0.651792,1.0,0.6792795,20,20,g1,Loose,Loose,Loose_L1,0
3157,1.70658e+09,1,1,5.55243,0.675426,1.0,0.6897455,20,20,g1,Loose,Loose,Loose_L1,0
3159,1.70658e+09,1,1,5.45657,0.658612,1.0,0.667019,20,20,g1,Loose,Loose,Loose_L1,0
3161,1.70658e+09,1,1,6.34951,0.773888,1.0,0.667019,20,20,g1,Loose,Loose,Loose_L1,0
3163,1.70658e+09,1,1,6.77418,0.795694,1.0,0.667019,20,20,g1,Loose,Loose,Loose_L1,0
3165,1.70658e+09,1,1,7.03004,0.804436,1.0,0.667019,20,20,g1,Loose,Loose,Loose_L1,0
3167,1.70658e+09,1,1,6.24343,0.713632,1.0,0.6897455,20,20,g1,Loose,Loose,Loose_L1,0
3169,1.70658e+09,1,1,6.0717,0.706142,1.0,0.7050475,20,20,g1,Loose,Loose,Loose_L1,0
3171,1.70658e+09,1,1,6.89295,0.807934,1.0,0.7050475,20,20,g1,Loose,Loose,Loose_L1,0
3173,1.70658e+09,1,1,6.75845,0.768434,1.0,0.7050475,20,20,g1,Loose,Loose,Loose_L1,0
3175,1.70658e+09,1,1,5.78959,0.663905,1.0,0.6897455,20,20,g1,Loose,Loose,Loose_L1,0
3177,1.70658e+09,1,1,7.67996,0.915922,1.0,0.6897455,20,20,g1,Loose,Loose,Loose_L1,0
3179,1.70658e+09,1,1,5.89183,0.656235,1.0,0.6897455,20,20,g1,Loose,Loose,Loose_L1,0
3181,1.70658e+09,1,1,6.70709,0.787214,1.0,0.7051035000000001,20,20,g1,Loose,Loose,Loose_L1,0
3183,1.70658e+09,1,1,8.90647,1.01962,1.0,0.709887,20,20,g1,Loose,Loose,Loose_L1,0
3185,1.70658e+09,1,1,7.07039,0.755032,1.0,0.734332,20,20,g1,Loose,Loose,Loose_L1,0
3187,1.70658e+09,1,1,7.76213,0.872434,1.0,0.734332,20,20,g1,Loose,Loose,Loose_L1,0
3189,1.70658e+09,1,1,8.83147,0.970982,1.0,0.761733,20,20,g1,Loose,Loose,Loose_L1,0
3191,1.70658e+09,1,1,8.83396,0.944599,1.0,0.771161,20,20,g1,Loose,Loose,Loose_L1,0
3193,1.70658e+09,1,1,7.90605,0.824501,1.0,0.780551,20,20,g1,Loose,Loose,Loose_L1,0
3195,1.70658e+09,1,1,9.93668,1.07014,1.0,0.791454,20,20,g1,Loose,Loose,Loose_L1,0
3197,1.70658e+09,1,1,8.28867,0.843143,1.0,0.800065,20,20,g1,Loose,Loose,Loose_L1,0
3199,1.70658e+09,1,1,8.46396,0.890453,1.0,0.806185,20,20,g1,Loose,Loose,Loose_L1,0
3201,1.70658e+09,1,1,9.18712,0.97717,1.0,0.8162175,20,20,g1,Loose,Loose,Loose_L1,0
3203,1.70658e+09,1,1,10.641,1.10629,1.0,0.8338220000000001,20,20,g1,Loose,Loose,Loose_L1,0
3205,1.70658e+09,1,1,11.8312,1.18078,1.0,0.8577885000000001,20,20,g1,Loose,Loose,Loose_L1,0
3207,1.70658e+09,1,1,11.8001,1.13641,1.0,0.8814435,20,20,g1,Loose,Loose,Loose_L1,0
3209,1.70658e+09,1,1,12.3468,1.18054,1.0,0.9031875,20,20,g1,Loose,Loose,Loose_L1,0
3211,1.70658e+09,1,1,12.0468,1.13492,1.0,0.9302604999999999,20,20,g1,Loose,Loose,Loose_L1,0
3213,1.70658e+09,1,1,14.0647,1.34508,1.0,0.9577905,20,20,g1,Loose,Loose,Loose_L1,0
3215,1.70658e+09,1,1,14.0181,1.27649,1.0,0.9740759999999999,20,20,g1,Loose,Loose,Loose_L1,0
3217,1.70658e+09,1,1,11.5336,1.05796,1.0,0.9983949999999999,20,20,g1,Loose,Loose,Loose_L1,0
3219,1.70658e+09,1,1,12.0813,1.14178,1.0,1.03879,20,20,g1,Loose,Loose,Loose_L1,0
3221,1.70658e+09,1,1,9.50029,0.887644,1.0,1.03879,20,20,g1,Loose,Loose,Loose_L1,0
3223,1.70658e+09,1,1,8.68069,0.876356,1.0,1.017565,20,20,g1,Loose,Loose,Loose_L1,0
3225,1.70658e+09,1,1,7.95366,0.820661,1.0,1.017565,20,20,g1,Loose,Loose,Loose_L1,0
3227,1.70658e+09,1,1,7.43821,0.796689,1.0,1.017565,20,20,g1,Loose,Loose,Loose_L1,0
3229,1.70658e+09,1,1,7.11558,0.792833,1.0,1.017565,20,20,g1,Loose,Loose,Loose_L1,0
3231,1.70658e+09,1,1,5.20748,0.575223,1.0,1.017565,20,20,g1,Loose,Loose,Loose_L1,0
3233,1.70658e+09,1,1,6.01878,0.730379,1.0,1.017565,20,20,g1,Loose,Loose,Loose_L1,0
3235,1.70658e+09,1,1,7.43491,0.885212,1.0,0.9338115,20,20,g1,Loose,Loose,Loose_L1,0
3237,1.70658e+09,1,1,4.46168,0.498246,1.0,0.9338115,20,20,g1,Loose,Loose,Loose_L1,0
3239,1.70658e+09,1,1,5.11308,0.650257,1.0,0.932407,20,20,g1,Loose,Loose,Loose_L1,0
3241,1.70658e+09,1,1,5.69036,0.71357,1.0,0.886428,20,20,g1,Loose,Loose,Loose_L1,0
3243,1.70658e+09,1,1,5.22251,0.628982,1.0,0.880784,20,20,g1,Loose,Loose,Loose_L1,0
3245,1.70658e+09,1,1,6.45668,0.791821,1.0,0.8485085,20,20,g1,Loose,Loose,Loose_L1,0
3247,1.70658e+09,1,1,5.76215,0.666534,1.0,0.808675,20,20,g1,Loose,Loose,Loose_L1,0
3249,1.70658e+09,1,1,4.9526,0.572848,1.0,0.794761,20,20,g1,Loose,Loose,Loose_L1,0
3251,1.70658e+09,1,1,4.58303,0.546885,1.0,0.792327,20,20,g1,Loose,Loose,Loose_L1,0
3253,1.70658e+09,1,1,4.76669,0.614181,1.0,0.7611,20,20,g1,Loose,Loose,Loose_L1,0
3255,1.70658e+09,1,1,5.63741,0.750863,1.0,0.740621,20,20,g1,Loose,Loose,Loose_L1,0
3257,1.70658e+09,1,1,5.74021,0.710101,1.0,0.7219745,20,20,g1,Loose,Loose,Loose_L1,0
3259,1.70658e+09,1,1,6.65067,0.823296,1.0,0.7219745,20,20,g1,Loose,Loose,Loose_L1,0
3261,1.70658e+09,1,1,7.17239,0.834746,1.0,0.7219745,20,20,g1,Loose,Loose,Loose_L1,0
3263,1.70658e+09,1,1,7.63755,0.880765,1.0,0.7219745,20,20,g1,Loose,Loose,Loose_L1,0
3265,1.70658e+09,1,1,8.00015,0.879217,1.0,0.7219745,20,20,g1,Loose,Loose,Loose_L1,0
3267,1.70658e+09,1,1,7.3379,0.801173,1.0,0.7219745,20,20,g1,Loose,Loose,Loose_L1,0
3269,1.70658e+09,1,1,8.16125,0.900724,1.0,0.7219745,20,20,g1,Loose,Loose,Loose_L1,0
3271,1.70658e+09,1,1,7.81173,0.841959,1.0,0.740621,20,20,g1,Loose,Loose,Loose_L1,0
3273,1.70658e+09,1,1,6.23082,0.673394,1.0,0.7322165,20,20,g1,Loose,Loose,Loose_L1,0
3275,1.70658e+09,1,1,8.99491,1.05578,1.0,0.7322165,20,20,g1,Loose,Loose,Loose_L1,0
3277,1.70658e+09,1,1,6.05665,0.640684,1.0,0.7322165,20,20,g1,Loose,Loose,Loose_L1,0
3279,1.70658e+09,1,1,7.60586,0.889109,1.0,0.771342,20,20,g1,Loose,Loose,Loose_L1,0
3281,1.70658e+09,1,1,6.49485,0.722732,1.0,0.771342,20,20,g1,Loose,Loose,Loose_L1,0
3283,1.70658e+09,1,1,6.49834,0.751057,1.0,0.771439,20,20,g1,Loose,Loose,Loose_L1,0
3285,1.70658e+09,1,1,7.75777,0.898596,1.0,0.776115,20,20,g1,Loose,Loose,Loose_L1,0
3287,1.70658e+09,1,1,7.27751,0.79882,1.0,0.7999965,20,20,g1,Loose,Loose,Loose_L1,0
3289,1.70658e+09,1,1,5.85687,0.663546,1.0,0.7999965,20,20,g1,Loose,Loose,Loose_L1,0
3291,1.70658e+09,1,1,7.88074,0.935268,1.0,0.8122345,20,20,g1,Loose,Loose,Loose_L1,0
3293,1.70658e+09,1,1,7.96953,0.874521,1.0,0.829021,20,20,g1,Loose,Loose,Loose_L1,0
3295,1.70658e+09,1,1,7.10759,0.778799,1.0,0.829021,20,20,g1,Loose,Loose,Loose_L1,0
3297,1.70658e+09,1,1,8.03101,0.889906,1.0,0.8383525000000001,20,20,g1,Loose,Loose,Loose_L1,0
3299,1.70658e+09,1,1,8.26699,0.914851,1.0,0.85824,20,20,g1,Loose,Loose,Loose_L1,0
3301,1.70658e+09,1,1,6.52582,0.693916,1.0,0.85824,20,20,g1,Loose,Loose,Loose_L1,0
3303,1.70658e+09,1,1,8.17552,0.94524,1.0,0.85824,20,20,g1,Loose,Loose,Loose_L1,0
3305,1.70658e+09,1,1,7.75705,0.834087,1.0,0.838023,20,20,g1,Loose,Loose,Loose_L1,0
3307,1.70658e+09,1,1,6.69428,0.737488,1.0,0.838023,20,20,g1,Loose,Loose,Loose_L1,0
3309,1.70658e+09,1,1,6.65379,0.689437,1.0,0.8164534999999999,20,20,g1,Loose,Loose,Loose_L1,0
3311,1.70658e+09,1,1,6.09173,0.673803,1.0,0.7888094999999999,20,20,g1,Loose,Loose,Loose_L1,0
3313,1.70658e+09,1,1,6.31122,0.715047,1.0,0.7888094999999999,20,20,g1,Loose,Loose,Loose_L1,0
3315,1.70658e+09,1,1,6.4797,0.730068,1.0,0.764928,20,20,g1,Loose,Loose,Loose_L1,0
3317,1.70658e+09,1,1,6.5291,0.706732,1.0,0.764928,20,20,g1,Loose,Loose,Loose_L1,0
3319,1.70658e+09,1,1,6.67939,0.779538,1.0,0.764928,20,20,g1,Loose,Loose,Loose_L1,0
3321,1.70658e+09,1,1,5.61141,0.615225,1.0,0.764928,20,20,g1,Loose,Loose,Loose_L1,0
3323,1.70658e+09,1,1,7.56636,0.860346,1.0,0.7791684999999999,20,20,g1,Loose,Loose,Loose_L1,0
3325,1.70658e+09,1,1,6.57457,0.687344,1.0,0.7581435000000001,20,20,g1,Loose,Loose,Loose_L1,0
3327,1.70658e+09,1,1,7.07743,0.780225,1.0,0.7581435000000001,20,20,g1,Loose,Loose,Loose_L1,0
3329,1.70658e+09,1,1,9.00983,0.988042,1.0,0.7791684999999999,20,20,g1,Loose,Loose,Loose_L1,0
3331,1.70658e+09,1,1,5.49052,0.568882,1.0,0.7581435000000001,20,20,g1,Loose,Loose,Loose_L1,0
3333,1.70658e+09,1,1,7.09771,0.796534,1.0,0.7581435000000001,20,20,g1,Loose,Loose,Loose_L1,0
3335,1.70658e+09,1,1,6.50186,0.734707,1.0,0.7360975000000001,20,20,g1,Loose,Loose,Loose_L1,0
3337,1.70658e+09,1,1,8.22738,0.93585,1.0,0.7360975000000001,20,20,g1,Loose,Loose,Loose_L1,0
3339,1.70658e+09,1,1,8.49648,0.881251,1.0,0.7360975000000001,20,20,g1,Loose,Loose,Loose_L1,0
3341,1.70658e+09,1,1,6.4215,0.686922,1.0,0.7360975000000001,20,20,g1,Loose,Loose,Loose_L1,0
3343,1.70658e+09,1,1,5.27001,0.603568,1.0,0.7323875,20,20,g1,Loose,Loose,Loose_L1,0
3345,1.70658e+09,1,1,6.42496,0.754684,1.0,0.7323875,20,20,g1,Loose,Loose,Loose_L1,0
3347,1.70658e+09,1,1,4.77762,0.564558,1.0,0.7225575,20,20,g1,Loose,Loose,Loose_L1,0
3349,1.70658e+09,1,1,4.86252,0.607442,1.0,0.7225575,20,20,g1,Loose,Loose,Loose_L1,0
3351,1.70658e+09,1,1,3.40061,0.413488,1.0,0.7225575,20,20,g1,Loose,Loose,Loose_L1,0
3353,1.70658e+09,1,1,3.09829,0.408888,1.0,0.7184,20,20,g1,Loose,Loose,Loose_L1,0
3355,1.70658e+09,1,1,3.49142,0.465101,1.0,0.697038,20,20,g1,Loose,Loose,Loose_L1,0
3357,1.70658e+09,1,1,2.72967,0.36192,1.0,0.687133,20,20,g1,Loose,Loose,Loose_L1,0
3359,1.70658e+09,1,1,3.12444,0.470608,1.0,0.6510735000000001,20,20,g1,Loose,Loose,Loose_L1,0
3361,1.70658e+09,1,1,2.51673,0.345341,1.0,0.647182,20,20,g1,Loose,Loose,Loose_L1,0
3363,1.70658e+09,1,1,2.66824,0.395008,1.0,0.605505,20,20,g1,Loose,Loose,Loose_L1,0
3365,1.70658e+09,1,1,3.18312,0.463582,1.0,0.586225,20,20,g1,Loose,Loose,Loose_L1,0
3367,1.70658e+09,1,1,3.29287,0.470954,1.0,0.56672,20,20,g1,Loose,Loose,Loose_L1,0
3369,1.70658e+09,1,1,2.56867,0.345952,1.0,0.517756,20,20,g1,Loose,Loose,Loose_L1,0
3371,1.70658e+09,1,1,2.62939,0.381647,1.0,0.470781,20,20,g1,Loose,Loose,Loose_L1,0
3373,1.70658e+09,1,1,2.55474,0.373224,1.0,0.4678545,20,20,g1,Loose,Loose,Loose_L1,0
3375,1.70658e+09,1,1,2.07035,0.309249,1.0,0.46434149999999996,20,20,g1,Loose,Loose,Loose_L1,0
3377,1.70658e+09,1,1,3.19123,0.500027,1.0,0.46434149999999996,20,20,g1,Loose,Loose,Loose_L1,0
3379,1.70658e+09,1,1,2.57637,0.39279,1.0,0.438535,20,20,g1,Loose,Loose,Loose_L1,0
3381,1.70658e+09,1,1,3.31159,0.476403,1.0,0.438535,20,20,g1,Loose,Loose,Loose_L1,0
3383,1.70658e+09,1,1,2.82687,0.388167,1.0,0.411188,20,20,g1,Loose,Loose,Loose_L1,0
3385,1.70658e+09,1,1,3.21977,0.474147,1.0,0.411188,20,20,g1,Loose,Loose,Loose_L1,0
3387,1.70658e+09,1,1,3.5219,0.483815,1.0,0.411188,20,20,g1,Loose,Loose,Loose_L1,0
3389,1.70658e+09,1,1,3.69831,0.518367,1.0,0.411188,20,20,g1,Loose,Loose,Loose_L1,0
3391,1.70658e+09,1,1,4.26997,0.578987,1.0,0.436235,20,20,g1,Loose,Loose,Loose_L1,0
3393,1.70658e+09,1,1,3.95606,0.527314,1.0,0.46434149999999996,20,20,g1,Loose,Loose,Loose_L1,0
3395,1.70658e+09,1,1,5.94905,0.796255,1.0,0.46709500000000004,20,20,g1,Loose,Loose,Loose_L1,0
3397,1.70658e+09,1,1,6.86177,0.843273,1.0,0.470781,20,20,g1,Loose,Loose,Loose_L1,0
3399,1.70658e+09,1,1,8.61656,1.00493,1.0,0.4725505,20,20,g1,Loose,Loose,Loose_L1,0
3401,1.70658e+09,1,1,7.47718,0.802572,1.0,0.475275,20,20,g1,Loose,Loose,Loose_L1,0
3403,1.70658e+09,1,1,7.81429,0.852157,1.0,0.480109,20,20,g1,Loose,Loose,Loose_L1,0
3405,1.70658e+09,1,1,7.22742,0.776988,1.0,0.491921,20,20,g1,Loose,Loose,Loose_L1,0
3407,1.70658e+09,1,1,6.53963,0.732986,1.0,0.509197,20,20,g1,Loose,Loose,Loose_L1,0
3409,1.70658e+09,1,1,6.07757,0.690832,1.0,0.5228405,20,20,g1,Loose,Loose,Loose_L1,0
3411,1.70658e+09,1,1,5.17933,0.57125,1.0,0.549282,20,20,g1,Loose,Loose,Loose_L1,0
3413,1.70658e+09,1,1,5.29338,0.617318,1.0,0.5751185000000001,20,20,g1,Loose,Loose,Loose_L1,0
3415,1.70658e+09,1,1,5.21582,0.637205,1.0,0.5981525000000001,20,20,g1,Loose,Loose,Loose_L1,0
3417,1.70658e+09,1,1,5.83077,0.680435,1.0,0.6272615,20,20,g1,Loose,Loose,Loose_L1,0
3419,1.70658e+09,1,1,5.02877,0.568831,1.0,0.6272615,20,20,g1,Loose,Loose,Loose_L1,0
3421,1.70658e+09,1,1,5.89121,0.690909,1.0,0.65882,20,20,g1,Loose,Loose,Loose_L1,0
3423,1.70658e+09,1,1,6.22659,0.735797,1.0,0.6856335,20,20,g1,Loose,Loose,Loose_L1,0
3425,1.70658e+09,1,1,5.81825,0.669829,1.0,0.6856335,20,20,g1,Loose,Loose,Loose_L1,0
3427,1.70658e+09,1,1,5.34918,0.603094,1.0,0.6856335,20,20,g1,Loose,Loose,Loose_L1,0
3429,1.70658e+09,1,1,6.61424,0.767981,1.0,0.6908704999999999,20,20,g1,Loose,Loose,Loose_L1,0
3431,1.70658e+09,1,1,7.72625,0.870855,1.0,0.7119475,20,20,g1,Loose,Loose,Loose_L1,0
3433,1.70658e+09,1,1,7.01569,0.756838,1.0,0.7343915000000001,20,20,g1,Loose,Loose,Loose_L1,0
3435,1.70658e+09,1,1,7.12843,0.78173,1.0,0.7343915000000001,20,20,g1,Loose,Loose,Loose_L1,0
3437,1.70658e+09,1,1,7.59083,0.79851,1.0,0.7343915000000001,20,20,g1,Loose,Loose,Loose_L1,0
3439,1.70658e+09,1,1,8.47564,0.858726,1.0,0.7343915000000001,20,20,g1,Loose,Loose,Loose_L1,0
3441,1.70658e+09,1,1,9.10186,0.933628,1.0,0.7343915000000001,20,20,g1,Loose,Loose,Loose_L1,0
3443,1.70658e+09,1,1,8.52034,0.882739,1.0,0.7343915000000001,20,20,g1,Loose,Loose,Loose_L1,0
3445,1.70658e+09,1,1,9.48373,0.938954,1.0,0.7343915000000001,20,20,g1,Loose,Loose,Loose_L1,0
3447,1.70658e+09,1,1,8.35136,0.791292,1.0,0.7463175,20,20,g1,Loose,Loose,Loose_L1,0
3449,1.70658e+09,1,1,9.37976,0.919978,1.0,0.7624095,20,20,g1,Loose,Loose,Loose_L1,0
3451,1.70658e+09,1,1,8.85776,0.922335,1.0,0.7748555,20,20,g1,Loose,Loose,Loose_L1,0
3453,1.70658e+09,1,1,9.4474,0.940796,1.0,0.786511,20,20,g1,Loose,Loose,Loose_L1,0
3455,1.70658e+09,1,1,11.4416,1.1794,1.0,0.7949010000000001,20,20,g1,Loose,Loose,Loose_L1,0
3457,1.70658e+09,1,1,11.9589,1.16701,1.0,0.8286180000000001,20,20,g1,Loose,Loose,Loose_L1,0
3459,1.70658e+09,1,1,10.6159,0.960155,1.0,0.8647905,20,20,g1,Loose,Loose,Loose_L1,0
3461,1.70658e+09,1,1,10.9922,1.04929,1.0,0.876797,20,20,g1,Loose,Loose,Loose_L1,0
3463,1.70658e+09,1,1,13.1223,1.24922,1.0,0.9013585,20,20,g1,Loose,Loose,Loose_L1,0
3465,1.70658e+09,1,1,12.3503,1.14819,1.0,0.9211564999999999,20,20,g1,Loose,Loose,Loose_L1,0
3467,1.70658e+09,1,1,12.8571,1.19866,1.0,0.9279815,20,20,g1,Loose,Loose,Loose_L1,0
3469,1.70658e+09,1,1,13.059,1.20338,1.0,0.936291,20,20,g1,Loose,Loose,Loose_L1,0
3471,1.70658e+09,1,1,12.6878,1.14315,1.0,0.939875,20,20,g1,Loose,Loose,Loose_L1,0
3473,1.70658e+09,1,1,13.4489,1.23499,1.0,0.9504755,20,20,g1,Loose,Loose,Loose_L1,0
3475,1.70658e+09,1,1,11.8531,1.07625,1.0,1.0047225,20,20,g1,Loose,Loose,Loose_L1,0
3477,1.70658e+09,1,1,15.3993,1.43648,1.0,1.06277,20,20,g1,Loose,Loose,Loose_L1,0
3479,1.70658e+09,1,1,13.6838,1.22345,1.0,1.1097000000000001,20,20,g1,Loose,Loose,Loose_L1,0
3481,1.70658e+09,1,1,12.9769,1.15615,1.0,1.14567,20,20,g1,Loose,Loose,Loose_L1,0
3483,1.70658e+09,1,1,10.2305,0.95235,1.0,1.14567,20,20,g1,Loose,Loose,Loose_L1,0
3485,1.70658e+09,1,1,9.98076,0.939048,1.0,1.14567,20,20,g1,Loose,Loose,Loose_L1,0
3487,1.70658e+09,1,1,8.81852,0.866879,1.0,1.14567,20,20,g1,Loose,Loose,Loose_L1,0
3489,1.70658e+09,1,1,8.74581,0.913305,1.0,1.14567,20,20,g1,Loose,Loose,Loose_L1,0
3491,1.70658e+09,1,1,8.74276,0.905434,1.0,1.14567,20,20,g1,Loose,Loose,Loose_L1,0
3493,1.70658e+09,1,1,7.84812,0.804722,1.0,1.14567,20,20,g1,Loose,Loose,Loose_L1,0
3495,1.70658e+09,1,1,5.87583,0.64248,1.0,1.1097000000000001,20,20,g1,Loose,Loose,Loose_L1,0
3497,1.70658e+09,1,1,6.90317,0.794379,1.0,1.06277,20,20,g1,Loose,Loose,Loose_L1,0
3499,1.70658e+09,1,1,8.12708,0.935057,1.0,1.06277,20,20,g1,Loose,Loose,Loose_L1,0
3501,1.70658e+09,1,1,7.13561,0.789112,1.0,1.0143,20,20,g1,Loose,Loose,Loose_L1,0
3503,1.70658e+09,1,1,8.19588,0.905894,1.0,0.9456990000000001,20,20,g1,Loose,Loose,Loose_L1,0
3505,1.70658e+09,1,1,6.88152,0.712187,1.0,0.9370525000000001,20,20,g1,Loose,Loose,Loose_L1,0
3507,1.70658e+09,1,1,9.06466,1.00931,1.0,0.9370525000000001,20,20,g1,Loose,Loose,Loose_L1,0
3509,1.70658e+09,1,1,6.25554,0.658372,1.0,0.924181,20,20,g1,Loose,Loose,Loose_L1,0
3511,1.70658e+09,1,1,6.80995,0.77596,1.0,0.9095995,20,20,g1,Loose,Loose,Loose_L1,0
3513,1.70658e+09,1,1,7.37005,0.841275,1.0,0.905664,20,20,g1,Loose,Loose,Loose_L1,0
3515,1.70658e+09,1,1,7.02763,0.807381,1.0,0.8861565,20,20,g1,Loose,Loose,Loose_L1,0
3517,1.70658e+09,1,1,5.67542,0.652754,1.0,0.854077,20,20,g1,Loose,Loose,Loose_L1,0
3519,1.70658e+09,1,1,7.36224,0.846428,1.0,0.8438515,20,20,g1,Loose,Loose,Loose_L1,0
3521,1.70658e+09,1,1,6.51963,0.681659,1.0,0.824328,20,20,g1,Loose,Loose,Loose_L1,0
3523,1.70658e+09,1,1,6.92406,0.783641,1.0,0.8060515,20,20,g1,Loose,Loose,Loose_L1,0
3525,1.70658e+09,1,1,7.89346,0.887509,1.0,0.8060515,20,20,g1,Loose,Loose,Loose_L1,0
3527,1.70658e+09,1,1,7.65639,0.79521,1.0,0.799966,20,20,g1,Loose,Loose,Loose_L1,0
3529,1.70658e+09,1,1,8.6559,0.955407,1.0,0.799966,20,20,g1,Loose,Loose,Loose_L1,0
3531,1.70658e+09,1,1,7.65375,0.790142,1.0,0.7947945,20,20,g1,Loose,Loose,Loose_L1,0
3533,1.70658e+09,1,1,6.73624,0.714371,1.0,0.7922605,20,20,g1,Loose,Loose,Loose_L1,0
3535,1.70658e+09,1,1,8.04679,0.918116,1.0,0.7947945,20,20,g1,Loose,Loose,Loose_L1,0
3537,1.70658e+09,1,1,7.34184,0.776305,1.0,0.7926759999999999,20,20,g1,Loose,Loose,Loose_L1,0
3539,1.70658e+09,1,1,8.18165,0.880056,1.0,0.7926759999999999,20,20,g1,Loose,Loose,Loose_L1,0
3541,1.70658e+09,1,1,8.29157,0.864606,1.0,0.8012954999999999,20,20,g1,Loose,Loose,Loose_L1,0
3543,1.70658e+09,1,1,7.20357,0.75481,1.0,0.7926759999999999,20,20,g1,Loose,Loose,Loose_L1,0
3545,1.70658e+09,1,1,8.87256,0.984602,1.0,0.8012954999999999,20,20,g1,Loose,Loose,Loose_L1,0
3547,1.70658e+09,1,1,7.36326,0.780614,1.0,0.7926759999999999,20,20,g1,Loose,Loose,Loose_L1,0
3549,1.70658e+09,1,1,7.47576,0.820391,1.0,0.8012954999999999,20,20,g1,Loose,Loose,Loose_L1,0
3551,1.70658e+09,1,1,7.87647,0.866961,1.0,0.813886,20,20,g1,Loose,Loose,Loose_L1,0
3553,1.70658e+09,1,1,8.66879,0.951325,1.0,0.813886,20,20,g1,Loose,Loose,Loose_L1,0
3555,1.70658e+09,1,1,8.78904,0.959138,1.0,0.8334094999999999,20,20,g1,Loose,Loose,Loose_L1,0
3557,1.70658e+09,1,1,8.51362,0.87073,1.0,0.855517,20,20,g1,Loose,Loose,Loose_L1,0
3559,1.70658e+09,1,1,9.58305,1.01349,1.0,0.8657835,20,20,g1,Loose,Loose,Loose_L1,0
3561,1.70658e+09,1,1,8.96634,0.911472,1.0,0.8688454999999999,20,20,g1,Loose,Loose,Loose_L1,0
3563,1.70658e+09,1,1,10.2341,1.06656,1.0,0.875393,20,20,g1,Loose,Loose,Loose_L1,0
3565,1.70658e+09,1,1,8.86568,0.891564,1.0,0.875393,20,20,g1,Loose,Loose,Loose_L1,0
3567,1.70658e+09,1,1,8.49503,0.880689,1.0,0.8803725,20,20,g1,Loose,Loose,Loose_L1,0
3569,1.70658e+09,1,1,8.00379,0.799097,1.0,0.875393,20,20,g1,Loose,Loose,Loose_L1,0
3571,1.70658e+09,1,1,8.11918,0.871172,1.0,0.8756139999999999,20,20,g1,Loose,Loose,Loose_L1,0
3573,1.70658e+09,1,1,8.02808,0.862987,1.0,0.8756139999999999,20,20,g1,Loose,Loose,Loose_L1,0
3575,1.70658e+09,1,1,8.20013,0.913807,1.0,0.8756139999999999,20,20,g1,Loose,Loose,Loose_L1,0
3577,1.70658e+09,1,1,8.06094,0.818493,1.0,0.8756139999999999,20,20,g1,Loose,Loose,Loose_L1,0
3579,1.70658e+09,1,1,8.71113,0.979477,1.0,0.8759305,20,20,g1,Loose,Loose,Loose_L1,0
3581,1.70658e+09,1,1,7.96436,0.830106,1.0,0.8759305,20,20,g1,Loose,Loose,Loose_L1,0
3583,1.70658e+09,1,1,7.85829,0.807285,1.0,0.8759305,20,20,g1,Loose,Loose,Loose_L1,0
3585,1.70658e+09,1,1,6.41307,0.672907,1.0,0.870951,20,20,g1,Loose,Loose,Loose_L1,0
3587,1.70658e+09,1,1,6.84154,0.760086,1.0,0.870951,20,20,g1,Loose,Loose,Loose_L1,0
3589,1.70658e+09,1,1,6.88307,0.811679,1.0,0.870951,20,20,g1,Loose,Loose,Loose_L1,0
3591,1.70658e+09,1,1,7.15107,0.77412,1.0,0.870951,20,20,g1,Loose,Loose,Loose_L1,0
3593,1.70658e+09,1,1,8.58998,0.922372,1.0,0.870951,20,20,g1,Loose,Loose,Loose_L1,0
3595,1.70658e+09,1,1,5.16434,0.527372,1.0,0.8668585,20,20,g1,Loose,Loose,Loose_L1,0
3597,1.70658e+09,1,1,6.52747,0.754814,1.0,0.8465465,20,20,g1,Loose,Loose,Loose_L1,0
3599,1.70658e+09,1,1,4.87154,0.532522,1.0,0.8242995,20,20,g1,Loose,Loose,Loose_L1,0
3601,1.70658e+09,1,1,6.30295,0.760923,1.0,0.815086,20,20,g1,Loose,Loose,Loose_L1,0
3603,1.70658e+09,1,1,7.12037,0.847409,1.0,0.815086,20,20,g1,Loose,Loose,Loose_L1,0
3605,1.70658e+09,1,1,6.37992,0.733373,1.0,0.809482,20,20,g1,Loose,Loose,Loose_L1,0
3607,1.70658e+09,1,1,6.24173,0.736648,1.0,0.803191,20,20,g1,Loose,Loose,Loose_L1,0
3609,1.70658e+09,1,1,6.3553,0.687522,1.0,0.7907025000000001,20,20,g1,Loose,Loose,Loose_L1,0
3611,1.70658e+09,1,1,7.41235,0.863529,1.0,0.7907025000000001,20,20,g1,Loose,Loose,Loose_L1,0
3613,1.70658e+09,1,1,7.52654,0.868344,1.0,0.7907025000000001,20,20,g1,Loose,Loose,Loose_L1,0
3615,1.70658e+09,1,1,6.2947,0.656942,1.0,0.7675215,20,20,g1,Loose,Loose,Loose_L1,0
3617,1.70658e+09,1,1,7.71327,0.905054,1.0,0.7675215,20,20,g1,Loose,Loose,Loose_L1,0
3619,1.70658e+09,1,1,5.7986,0.588839,1.0,0.7605045,20,20,g1,Loose,Loose,Loose_L1,0
3621,1.70658e+09,1,1,9.40902,1.16331,1.0,0.7605045,20,20,g1,Loose,Loose,Loose_L1,0
3623,1.70658e+09,1,1,5.78398,0.625582,1.0,0.75745,20,20,g1,Loose,Loose,Loose_L1,0
3625,1.70658e+09,1,1,8.40795,0.960497,1.0,0.7605045,20,20,g1,Loose,Loose,Loose_L1,0
3627,1.70658e+09,1,1,6.22704,0.664065,1.0,0.7578685000000001,20,20,g1,Loose,Loose,Loose_L1,0
3629,1.70658e+09,1,1,7.76769,0.849592,1.0,0.7578685000000001,20,20,g1,Loose,Loose,Loose_L1,0
3631,1.70658e+09,1,1,7.40383,0.80881,1.0,0.7578685000000001,20,20,g1,Loose,Loose,Loose_L1,0
3633,1.70658e+09,1,1,6.40958,0.724364,1.0,0.7457309999999999,20,20,g1,Loose,Loose,Loose_L1,0
3635,1.70658e+09,1,1,7.07195,0.76504,1.0,0.7578685000000001,20,20,g1,Loose,Loose,Loose_L1,0
3637,1.70658e+09,1,1,7.35689,0.821994,1.0,0.7629815,20,20,g1,Loose,Loose,Loose_L1,0
3639,1.70658e+09,1,1,6.01677,0.684055,1.0,0.7629815,20,20,g1,Loose,Loose,Loose_L1,0
3641,1.70658e+09,1,1,8.15761,0.975389,1.0,0.7869250000000001,20,20,g1,Loose,Loose,Loose_L1,0
3643,1.70658e+09,1,1,8.87198,0.965714,1.0,0.7869250000000001,20,20,g1,Loose,Loose,Loose_L1,0
3645,1.70658e+09,1,1,7.42887,0.803961,1.0,0.8063855,20,20,g1,Loose,Loose,Loose_L1,0
3647,1.70658e+09,1,1,6.67152,0.686991,1.0,0.8063855,20,20,g1,Loose,Loose,Loose_L1,0
3649,1.70658e+09,1,1,7.00747,0.75494,1.0,0.8063855,20,20,g1,Loose,Loose,Loose_L1,0
3651,1.70658e+09,1,1,7.07289,0.820584,1.0,0.8063855,20,20,g1,Loose,Loose,Loose_L1,0
3653,1.70658e+09,1,1,9.08076,1.04169,1.0,0.8063855,20,20,g1,Loose,Loose,Loose_L1,0
3655,1.70658e+09,1,1,8.09645,0.855386,1.0,0.814697,20,20,g1,Loose,Loose,Loose_L1,0
3657,1.70658e+09,1,1,9.88435,1.04895,1.0,0.814697,20,20,g1,Loose,Loose,Loose_L1,0
3659,1.70658e+09,1,1,9.00404,0.903423,1.0,0.8212889999999999,20,20,g1,Loose,Loose,Loose_L1,0
3661,1.70658e+09,1,1,10.2814,1.06264,1.0,0.8212889999999999,20,20,g1,Loose,Loose,Loose_L1,0
3663,1.70658e+09,1,1,11.6228,1.1694,1.0,0.835793,20,20,g1,Loose,Loose,Loose_L1,0
3665,1.70658e+09,1,1,12.4743,1.20611,1.0,0.835793,20,20,g1,Loose,Loose,Loose_L1,0
3667,1.70658e+09,1,1,10.1605,0.95706,1.0,0.852489,20,20,g1,Loose,Loose,Loose_L1,0
3669,1.70658e+09,1,1,9.983,0.978236,1.0,0.8794044999999999,20,20,g1,Loose,Loose,Loose_L1,0
3671,1.70658e+09,1,1,10.1273,1.01058,1.0,0.9302414999999999,20,20,g1,Loose,Loose,Loose_L1,0
3673,1.70658e+09,1,1,7.81392,0.779957,1.0,0.9302414999999999,20,20,g1,Loose,Loose,Loose_L1,0
3675,1.70658e+09,1,1,8.5004,0.909589,1.0,0.9333245,20,20,g1,Loose,Loose,Loose_L1,0
3677,1.70658e+09,1,1,8.6365,0.92375,1.0,0.9404049999999999,20,20,g1,Loose,Loose,Loose_L1,0
3679,1.70658e+09,1,1,6.51964,0.684845,1.0,0.9404049999999999,20,20,g1,Loose,Loose,Loose_L1,0
3681,1.70658e+09,1,1,8.30529,0.957171,1.0,0.9404049999999999,20,20,g1,Loose,Loose,Loose_L1,0
3683,1.70658e+09,1,1,6.89643,0.730773,1.0,0.9166695,20,20,g1,Loose,Loose,Loose_L1,0
3685,1.70658e+09,1,1,7.69688,0.867241,1.0,0.9166695,20,20,g1,Loose,Loose,Loose_L1,0
3687,1.70658e+09,1,1,8.54059,0.938166,1.0,0.930958,20,20,g1,Loose,Loose,Loose_L1,0
3689,1.70658e+09,1,1,7.6867,0.835188,1.0,0.930958,20,20,g1,Loose,Loose,Loose_L1,0
3691,1.70658e+09,1,1,8.5683,0.945564,1.0,0.941865,20,20,g1,Loose,Loose,Loose_L1,0
3693,1.70658e+09,1,1,7.86218,0.842346,1.0,0.930958,20,20,g1,Loose,Loose,Loose_L1,0
3695,1.70658e+09,1,1,8.96826,0.988565,1.0,0.941865,20,20,g1,Loose,Loose,Loose_L1,0
3697,1.70658e+09,1,1,7.12799,0.759344,1.0,0.930958,20,20,g1,Loose,Loose,Loose_L1,0
3699,1.70658e+09,1,1,8.27017,0.919247,1.0,0.930958,20,20,g1,Loose,Loose,Loose_L1,0
3701,1.70658e+09,1,1,8.68601,0.937416,1.0,0.9305829999999999,20,20,g1,Loose,Loose,Loose_L1,0
3703,1.70658e+09,1,1,7.27035,0.771101,1.0,0.9214985,20,20,g1,Loose,Loose,Loose_L1,0
3705,1.70658e+09,1,1,7.67316,0.837039,1.0,0.914418,20,20,g1,Loose,Loose,Loose_L1,0
3707,1.70658e+09,1,1,7.31877,0.79497,1.0,0.888415,20,20,g1,Loose,Loose,Loose_L1,0
3709,1.70658e+09,1,1,8.03004,0.898308,1.0,0.8827745,20,20,g1,Loose,Loose,Loose_L1,0
3711,1.70658e+09,1,1,8.15087,0.887895,1.0,0.877568,20,20,g1,Loose,Loose,Loose_L1,0
3713,1.70658e+09,1,1,8.60033,0.924807,1.0,0.8931015,20,20,g1,Loose,Loose,Loose_L1,0
3715,1.70658e+09,1,1,8.64398,0.917934,1.0,0.8931015,20,20,g1,Loose,Loose,Loose_L1,0
3717,1.70658e+09,1,1,8.57682,0.890109,1.0,0.8890020000000001,20,20,g1,Loose,Loose,Loose_L1,0
3719,1.70658e+09,1,1,8.13406,0.858236,1.0,0.8890020000000001,20,20,g1,Loose,Loose,Loose_L1,0
3721,1.70658e+09,1,1,8.66203,0.92524,1.0,0.8890020000000001,20,20,g1,Loose,Loose,Loose_L1,0
3723,1.70658e+09,1,1,9.66491,1.00725,1.0,0.8942085,20,20,g1,Loose,Loose,Loose_L1,0
3725,1.70658e+09,1,1,8.58567,0.871946,1.0,0.8942085,20,20,g1,Loose,Loose,Loose_L1,0
3727,1.70658e+09,1,1,10.795,1.13719,1.0,0.8942085,20,20,g1,Loose,Loose,Loose_L1,0
3729,1.70658e+09,1,1,7.80939,0.766406,1.0,0.8942085,20,20,g1,Loose,Loose,Loose_L1,0
3731,1.70658e+09,1,1,9.42718,1.01611,1.0,0.8942085,20,20,g1,Loose,Loose,Loose_L1,0
3733,1.70658e+09,1,1,8.35414,0.852083,1.0,0.8942085,20,20,g1,Loose,Loose,Loose_L1,0
3735,1.70658e+09,1,1,8.13472,0.861302,1.0,0.8890020000000001,20,20,g1,Loose,Loose,Loose_L1,0
3737,1.70658e+09,1,1,6.92307,0.743659,1.0,0.8890020000000001,20,20,g1,Loose,Loose,Loose_L1,0
3739,1.70658e+09,1,1,9.11389,1.01963,1.0,0.8890020000000001,20,20,g1,Loose,Loose,Loose_L1,0
3741,1.70658e+09,1,1,7.88582,0.844307,1.0,0.8799205,20,20,g1,Loose,Loose,Loose_L1,0
3743,1.70658e+09,1,1,9.64588,1.04903,1.0,0.8890020000000001,20,20,g1,Loose,Loose,Loose_L1,0
3745,1.70658e+09,1,1,8.02687,0.832812,1.0,0.8890020000000001,20,20,g1,Loose,Loose,Loose_L1,0
3747,1.70658e+09,1,1,8.34125,0.904012,1.0,0.8942085,20,20,g1,Loose,Loose,Loose_L1,0
3749,1.70658e+09,1,1,5.18732,0.564025,1.0,0.8890020000000001,20,20,g1,Loose,Loose,Loose_L1,0
3751,1.70658e+09,1,1,6.96596,0.858931,1.0,0.8810275000000001,20,20,g1,Loose,Loose,Loose_L1,0
3753,1.70658e+09,1,1,6.87782,0.796169,1.0,0.8666240000000001,20,20,g1,Loose,Loose,Loose_L1,0
3755,1.70658e+09,1,1,6.04727,0.701421,1.0,0.8601165,20,20,g1,Loose,Loose,Loose_L1,0
3757,1.70658e+09,1,1,7.0721,0.802887,1.0,0.8585834999999999,20,20,g1,Loose,Loose,Loose_L1,0
3759,1.70658e+09,1,1,6.26051,0.686079,1.0,0.855507,20,20,g1,Loose,Loose,Loose_L1,0
3761,1.70658e+09,1,1,6.82068,0.79307,1.0,0.848195,20,20,g1,Loose,Loose,Loose_L1,0
3763,1.70658e+09,1,1,8.85523,1.00564,1.0,0.848195,20,20,g1,Loose,Loose,Loose_L1,0
3765,1.70658e+09,1,1,7.79192,0.799528,1.0,0.8385595,20,20,g1,Loose,Loose,Loose_L1,0
3767,1.70658e+09,1,1,7.68013,0.841322,1.0,0.837067,20,20,g1,Loose,Loose,Loose_L1,0
3769,1.70658e+09,1,1,6.88746,0.754003,1.0,0.837067,20,20,g1,Loose,Loose,Loose_L1,0
3771,1.70658e+09,1,1,7.84967,0.884826,1.0,0.837067,20,20,g1,Loose,Loose,Loose_L1,0
3773,1.70658e+09,1,1,7.52464,0.820045,1.0,0.8264285,20,20,g1,Loose,Loose,Loose_L1,0
3775,1.70658e+09,1,1,7.16789,0.783718,1.0,0.811466,20,20,g1,Loose,Loose,Loose_L1,0
3777,1.70658e+09,1,1,7.38628,0.792298,1.0,0.811466,20,20,g1,Loose,Loose,Loose_L1,0
3779,1.70658e+09,1,1,6.34957,0.73335,1.0,0.8012075000000001,20,20,g1,Loose,Loose,Loose_L1,0
3781,1.70658e+09,1,1,8.03141,0.853451,1.0,0.8012075000000001,20,20,g1,Loose,Loose,Loose_L1,0
3783,1.70658e+09,1,1,7.01859,0.748749,1.0,0.7978485,20,20,g1,Loose,Loose,Loose_L1,0
3785,1.70658e+09,1,1,8.24285,0.894555,1.0,0.7978485,20,20,g1,Loose,Loose,Loose_L1,0
3787,1.70658e+09,1,1,6.79967,0.696519,1.0,0.7946195,20,20,g1,Loose,Loose,Loose_L1,0
3789,1.70658e+09,1,1,8.84324,0.967559,1.0,0.7978485,20,20,g1,Loose,Loose,Loose_L1,0
3791,1.70658e+09,1,1,6.99631,0.703309,1.0,0.7946195,20,20,g1,Loose,Loose,Loose_L1,0
3793,1.70658e+09,1,1,6.4705,0.683036,1.0,0.7926839999999999,20,20,g1,Loose,Loose,Loose_L1,0
3795,1.70658e+09,1,1,6.8206,0.814955,1.0,0.7962990000000001,20,20,g1,Loose,Loose,Loose_L1,0
3797,1.70658e+09,1,1,7.52701,0.881526,1.0,0.7962990000000001,20,20,g1,Loose,Loose,Loose_L1,0
3799,1.70658e+09,1,1,6.70481,0.731568,1.0,0.7962990000000001,20,20,g1,Loose,Loose,Loose_L1,0
3801,1.70658e+09,1,1,6.84168,0.791559,1.0,0.795913,20,20,g1,Loose,Loose,Loose_L1,0
3803,1.70658e+09,1,1,5.805,0.654523,1.0,0.7919285,20,20,g1,Loose,Loose,Loose_L1,0
3805,1.70658e+09,1,1,8.01576,0.978758,1.0,0.7919285,20,20,g1,Loose,Loose,Loose_L1,0
3807,1.70658e+09,1,1,7.19917,0.780282,1.0,0.7876385,20,20,g1,Loose,Loose,Loose_L1,0
3809,1.70658e+09,1,1,6.42914,0.708481,1.0,0.7876385,20,20,g1,Loose,Loose,Loose_L1,0
3811,1.70658e+09,1,1,7.53952,0.871365,1.0,0.7876385,20,20,g1,Loose,Loose,Loose_L1,0
3813,1.70658e+09,1,1,7.41328,0.81167,1.0,0.7876385,20,20,g1,Loose,Loose,Loose_L1,0
3815,1.70658e+09,1,1,7.51141,0.808995,1.0,0.7919285,20,20,g1,Loose,Loose,Loose_L1,0
3817,1.70658e+09,1,1,6.93819,0.756847,1.0,0.7859205,20,20,g1,Loose,Loose,Loose_L1,0
3819,1.70658e+09,1,1,7.41321,0.828252,1.0,0.800277,20,20,g1,Loose,Loose,Loose_L1,0
3821,1.70658e+09,1,1,8.33728,0.906622,1.0,0.800277,20,20,g1,Loose,Loose,Loose_L1,0
3823,1.70658e+09,1,1,9.78037,1.04007,1.0,0.8103325,20,20,g1,Loose,Loose,Loose_L1,0
3825,1.70658e+09,1,1,7.69373,0.756827,1.0,0.800277,20,20,g1,Loose,Loose,Loose_L1,0
3827,1.70658e+09,1,1,9.1769,0.945649,1.0,0.8103325,20,20,g1,Loose,Loose,Loose_L1,0
3829,1.70658e+09,1,1,7.63004,0.784325,1.0,0.800277,20,20,g1,Loose,Loose,Loose_L1,0
3831,1.70658e+09,1,1,6.99275,0.743087,1.0,0.800277,20,20,g1,Loose,Loose,Loose_L1,0
3833,1.70658e+09,1,1,7.97517,0.890059,1.0,0.8103325,20,20,g1,Loose,Loose,Loose_L1,0
3835,1.70658e+09,1,1,8.47026,0.871508,1.0,0.8103325,20,20,g1,Loose,Loose,Loose_L1,0
3837,1.70658e+09,1,1,7.58495,0.802232,1.0,0.8056135,20,20,g1,Loose,Loose,Loose_L1,0
3839,1.70658e+09,1,1,8.32829,0.895899,1.0,0.8103325,20,20,g1,Loose,Loose,Loose_L1,0
3841,1.70658e+09,1,1,9.70629,0.979725,1.0,0.8199609999999999,20,20,g1,Loose,Loose,Loose_L1,0
3843,1.70658e+09,1,1,9.43885,0.946653,1.0,0.8498085,20,20,g1,Loose,Loose,Loose_L1,0
3845,1.70658e+09,1,1,8.71295,0.874207,1.0,0.8498085,20,20,g1,Loose,Loose,Loose_L1,0
3847,1.70658e+09,1,1,9.13762,0.929738,1.0,0.8714365,20,20,g1,Loose,Loose,Loose_L1,0
3849,1.70658e+09,1,1,9.35222,0.945963,1.0,0.8728575,20,20,g1,Loose,Loose,Loose_L1,0
3851,1.70658e+09,1,1,8.99011,0.89584,1.0,0.8821330000000001,20,20,g1,Loose,Loose,Loose_L1,0
3853,1.70658e+09,1,1,8.20208,0.834016,1.0,0.8821330000000001,20,20,g1,Loose,Loose,Loose_L1,0
3855,1.70658e+09,1,1,7.3067,0.76461,1.0,0.8821330000000001,20,20,g1,Loose,Loose,Loose_L1,0
3857,1.70658e+09,1,1,7.30879,0.77445,1.0,0.8821330000000001,20,20,g1,Loose,Loose,Loose_L1,0
3859,1.70658e+09,1,1,6.83029,0.773638,1.0,0.8821330000000001,20,20,g1,Loose,Loose,Loose_L1,0
3861,1.70658e+09,1,1,7.90674,0.885381,1.0,0.879794,20,20,g1,Loose,Loose,Loose_L1,0
3863,1.70658e+09,1,1,8.48143,0.879777,1.0,0.876992,20,20,g1,Loose,Loose,Loose_L1,0
3865,1.70658e+09,1,1,7.19896,0.748209,1.0,0.876992,20,20,g1,Loose,Loose,Loose_L1,0
3867,1.70658e+09,1,1,7.74326,0.826108,1.0,0.8728575,20,20,g1,Loose,Loose,Loose_L1,0
3869,1.70658e+09,1,1,6.03956,0.663423,1.0,0.8728575,20,20,g1,Loose,Loose,Loose_L1,0
3871,1.70658e+09,1,1,6.30787,0.728584,1.0,0.8728575,20,20,g1,Loose,Loose,Loose_L1,0
3873,1.70658e+09,1,1,7.36749,0.834679,1.0,0.8530935,20,20,g1,Loose,Loose,Loose_L1,0
3875,1.70658e+09,1,1,7.09321,0.767041,1.0,0.8343475,20,20,g1,Loose,Loose,Loose_L1,0
3877,1.70658e+09,1,1,6.31373,0.759128,1.0,0.8343475,20,20,g1,Loose,Loose,Loose_L1,0
3879,1.70658e+09,1,1,6.54268,0.775774,1.0,0.830062,20,20,g1,Loose,Loose,Loose_L1,0
3881,1.70658e+09,1,1,6.51637,0.739846,1.0,0.8009409999999999,20,20,g1,Loose,Loose,Loose_L1,0
3883,1.70658e+09,1,1,6.80122,0.781304,1.0,0.778539,20,20,g1,Loose,Loose,Loose_L1,0
3885,1.70658e+09,1,1,6.55998,0.747451,1.0,0.775112,20,20,g1,Loose,Loose,Loose_L1,0
3887,1.70658e+09,1,1,7.70376,0.829769,1.0,0.775112,20,20,g1,Loose,Loose,Loose_L1,0
3889,1.70658e+09,1,1,8.2812,0.892998,1.0,0.775112,20,20,g1,Loose,Loose,Loose_L1,0
3891,1.70658e+09,1,1,7.80901,0.849095,1.0,0.775112,20,20,g1,Loose,Loose,Loose_L1,0
3893,1.70658e+09,1,1,8.16643,0.884383,1.0,0.775112,20,20,g1,Loose,Loose,Loose_L1,0
3895,1.70658e+09,1,1,7.41764,0.787487,1.0,0.778539,20,20,g1,Loose,Loose,Loose_L1,0
3897,1.70658e+09,1,1,7.37729,0.788839,1.0,0.7843955,20,20,g1,Loose,Loose,Loose_L1,0
3899,1.70658e+09,1,1,8.68193,0.951887,1.0,0.788163,20,20,g1,Loose,Loose,Loose_L1,0
3901,1.70658e+09,1,1,6.98679,0.714911,1.0,0.7843955,20,20,g1,Loose,Loose,Loose_L1,0
3903,1.70658e+09,1,1,7.8138,0.867355,1.0,0.7843955,20,20,g1,Loose,Loose,Loose_L1,0
3905,1.70658e+09,1,1,6.95865,0.727919,1.0,0.7843955,20,20,g1,Loose,Loose,Loose_L1,0
3907,1.70658e+09,1,1,7.5352,0.843247,1.0,0.7843955,20,20,g1,Loose,Loose,Loose_L1,0
3909,1.70658e+09,1,1,7.87269,0.865845,1.0,0.788163,20,20,g1,Loose,Loose,Loose_L1,0
3911,1.70658e+09,1,1,8.07835,0.872046,1.0,0.809304,20,20,g1,Loose,Loose,Loose_L1,0
3913,1.70658e+09,1,1,7.90051,0.857853,1.0,0.809304,20,20,g1,Loose,Loose,Loose_L1,0
3915,1.70658e+09,1,1,7.79704,0.841536,1.0,0.8356524999999999,20,20,g1,Loose,Loose,Loose_L1,0
3917,1.70658e+09,1,1,7.79911,0.846657,1.0,0.8423915,20,20,g1,Loose,Loose,Loose_L1,0
3919,1.70658e+09,1,1,7.26623,0.760565,1.0,0.8423915,20,20,g1,Loose,Loose,Loose_L1,0
3921,1.70658e+09,1,1,6.83617,0.754318,1.0,0.8423915,20,20,g1,Loose,Loose,Loose_L1,0
3923,1.70658e+09,1,1,6.19174,0.724005,1.0,0.8423915,20,20,g1,Loose,Loose,Loose_L1,0
3925,1.70658e+09,1,1,8.38536,0.949241,1.0,0.8449519999999999,20,20,g1,Loose,Loose,Loose_L1,0
3927,1.70658e+09,1,1,7.02489,0.7297,1.0,0.8449519999999999,20,20,g1,Loose,Loose,Loose_L1,0
3929,1.70658e+09,1,1,7.69171,0.852534,1.0,0.8449519999999999,20,20,g1,Loose,Loose,Loose_L1,0
3931,1.70658e+09,1,1,9.05004,0.973534,1.0,0.8449519999999999,20,20,g1,Loose,Loose,Loose_L1,0
3933,1.70658e+09,1,1,9.02561,0.965483,1.0,0.8449519999999999,20,20,g1,Loose,Loose,Loose_L1,0
3935,1.70658e+09,1,1,7.50501,0.784203,1.0,0.8449519999999999,20,20,g1,Loose,Loose,Loose_L1,0
3937,1.70658e+09,1,1,9.01066,0.99856,1.0,0.8495955,20,20,g1,Loose,Loose,Loose_L1,0
3939,1.70658e+09,1,1,8.39274,0.887858,1.0,0.8495955,20,20,g1,Loose,Loose,Loose_L1,0
3941,1.70658e+09,1,1,9.25351,0.961581,1.0,0.8551934999999999,20,20,g1,Loose,Loose,Loose_L1,0
3943,1.70658e+09,1,1,7.62425,0.773947,1.0,0.8495955,20,20,g1,Loose,Loose,Loose_L1,0
3945,1.70658e+09,1,1,8.57981,0.871707,1.0,0.8551934999999999,20,20,g1,Loose,Loose,Loose_L1,0
3947,1.70658e+09,1,1,8.67491,0.905518,1.0,0.861849,20,20,g1,Loose,Loose,Loose_L1,0
3949,1.70658e+09,1,1,8.16787,0.860903,1.0,0.859378,20,20,g1,Loose,Loose,Loose_L1,0
3951,1.70658e+09,1,1,7.87646,0.831654,1.0,0.8551934999999999,20,20,g1,Loose,Loose,Loose_L1,0
3953,1.70658e+09,1,1,8.0976,0.85209,1.0,0.852312,20,20,g1,Loose,Loose,Loose_L1,0
3955,1.70658e+09,1,1,7.30758,0.739622,1.0,0.852312,20,20,g1,Loose,Loose,Loose_L1,0
3957,1.70658e+09,1,1,7.65722,0.835968,1.0,0.852312,20,20,g1,Loose,Loose,Loose_L1,0
3959,1.70658e+09,1,1,7.33203,0.799393,1.0,0.852312,20,20,g1,Loose,Loose,Loose_L1,0
3961,1.70658e+09,1,1,8.6148,0.912225,1.0,0.8567184999999999,20,20,g1,Loose,Loose,Loose_L1,0
3963,1.70658e+09,1,1,8.25223,0.847947,1.0,0.8567184999999999,20,20,g1,Loose,Loose,Loose_L1,0
3965,1.70658e+09,1,1,8.14838,0.882313,1.0,0.8567184999999999,20,20,g1,Loose,Loose,Loose_L1,0
3967,1.70658e+09,1,1,9.49555,1.00569,1.0,0.866305,20,20,g1,Loose,Loose,Loose_L1,0
3969,1.70658e+09,1,1,8.53916,0.881277,1.0,0.876492,20,20,g1,Loose,Loose,Loose_L1,0
3971,1.70658e+09,1,1,8.41625,0.854607,1.0,0.866305,20,20,g1,Loose,Loose,Loose_L1,0
3973,1.70658e+09,1,1,7.08353,0.721387,1.0,0.857755,20,20,g1,Loose,Loose,Loose_L1,0
3975,1.70658e+09,1,1,9.12464,1.00413,1.0,0.866305,20,20,g1,Loose,Loose,Loose_L1,0
3977,1.70658e+09,1,1,8.50296,0.888845,1.0,0.866305,20,20,g1,Loose,Loose,Loose_L1,0
3979,1.70658e+09,1,1,7.15405,0.768928,1.0,0.857755,20,20,g1,Loose,Loose,Loose_L1,0
3981,1.70658e+09,1,1,5.93571,0.673828,1.0,0.8533485000000001,20,20,g1,Loose,Loose,Loose_L1,0
3983,1.70658e+09,1,1,8.66097,1.01512,1.0,0.857755,20,20,g1,Loose,Loose,Loose_L1,0
3985,1.70658e+09,1,1,6.66277,0.69425,1.0,0.8533485000000001,20,20,g1,Loose,Loose,Loose_L1,0
3987,1.70658e+09,1,1,5.92778,0.676053,1.0,0.8500185,20,20,g1,Loose,Loose,Loose_L1,0
3989,1.70658e+09,1,1,6.06968,0.711187,1.0,0.8419575,20,20,g1,Loose,Loose,Loose_L1,0
3991,1.70658e+09,1,1,6.31549,0.750633,1.0,0.8419575,20,20,g1,Loose,Loose,Loose_L1,0
3993,1.70658e+09,1,1,5.88039,0.696776,1.0,0.8176805,20,20,g1,Loose,Loose,Loose_L1,0
3995,1.70658e+09,1,1,6.91464,0.821219,1.0,0.8285935,20,20,g1,Loose,Loose,Loose_L1,0
3997,1.70658e+09,0,0,nan,nan,1.0,0.8285935,20,20,g1,Loose,Loose,Native,0
3999,1.70658e+09,1,1,7.58674,0.52997,1.0,0.810306,20,20,g1,Loose,Loose,Loose_L1,0
4001,1.70658e+09,1,1,8.2346,0.835515,1.0,0.8283670000000001,20,20,g1,Loose,Loose,Loose_L1,0
4003,1.70658e+09,1,1,8.22895,0.868155,1.0,0.8283670000000001,20,20,g1,Loose,Loose,Loose_L1,0
4005,1.70658e+09,1,1,8.26284,0.874964,1.0,0.8283670000000001,20,20,g1,Loose,Loose,Loose_L1,0
4007,1.70658e+09,1,1,7.68717,0.825443,1.0,0.823331,20,20,g1,Loose,Loose,Loose_L1,0
4009,1.70658e+09,1,1,7.08855,0.778822,1.0,0.8000205,20,20,g1,Loose,Loose,Loose_L1,0
4011,1.70658e+09,1,1,6.84589,0.71385,1.0,0.773875,20,20,g1,Loose,Loose,Loose_L1,0
4013,1.70658e+09,1,1,6.68939,0.731633,1.0,0.7597805,20,20,g1,Loose,Loose,Loose_L1,0
4015,1.70658e+09,1,1,8.36846,0.947998,1.0,0.773875,20,20,g1,Loose,Loose,Loose_L1,0
4017,1.70658e+09,1,1,7.62591,0.830698,1.0,0.773875,20,20,g1,Loose,Loose,Loose_L1,0
4019,1.70658e+09,1,1,7.26417,0.753727,1.0,0.7613274999999999,20,20,g1,Loose,Loose,Loose_L1,0
4021,1.70658e+09,1,1,7.60345,0.817137,1.0,0.7662745,20,20,g1,Loose,Loose,Loose_L1,0
4023,1.70658e+09,1,1,7.86452,0.84293,1.0,0.7979795000000001,20,20,g1,Loose,Loose,Loose_L1,0
4025,1.70658e+09,1,1,7.44873,0.819087,1.0,0.7979795000000001,20,20,g1,Loose,Loose,Loose_L1,0
4027,1.70658e+09,1,1,6.95786,0.739862,1.0,0.7979795000000001,20,20,g1,Loose,Loose,Loose_L1,0
4029,1.70658e+09,1,1,7.70668,0.868009,1.0,0.818112,20,20,g1,Loose,Loose,Loose_L1,0
4031,1.70658e+09,1,1,7.78481,0.815701,1.0,0.818112,20,20,g1,Loose,Loose,Loose_L1,0
4033,1.70658e+09,1,1,7.56856,0.800888,1.0,0.818112,20,20,g1,Loose,Loose,Loose_L1,0
4035,1.70658e+09,1,1,6.50178,0.691816,1.0,0.818112,20,20,g1,Loose,Loose,Loose_L1,0
4037,1.70658e+09,1,1,7.14025,0.798612,1.0,0.816419,20,20,g1,Loose,Loose,Loose_L1,0
4039,1.70658e+09,1,1,6.21139,0.686587,1.0,0.816419,20,20,g1,Loose,Loose,Loose_L1,0
4041,1.70658e+09,1,1,6.62645,0.745101,1.0,0.8082945,20,20,g1,Loose,Loose,Loose_L1,0
4043,1.70658e+09,1,1,6.2938,0.682259,1.0,0.79975,20,20,g1,Loose,Loose,Loose_L1,0
4045,1.70658e+09,1,1,6.26616,0.733872,1.0,0.788717,20,20,g1,Loose,Loose,Loose_L1,0
4047,1.70658e+09,1,1,6.41878,0.714341,1.0,0.7662745,20,20,g1,Loose,Loose,Loose_L1,0
4049,1.70658e+09,1,1,5.8312,0.649606,1.0,0.749414,20,20,g1,Loose,Loose,Loose_L1,0
4051,1.70658e+09,1,1,6.42817,0.73553,1.0,0.749414,20,20,g1,Loose,Loose,Loose_L1,0
4053,1.70658e+09,1,1,6.42429,0.739417,1.0,0.749414,20,20,g1,Loose,Loose,Loose_L1,0
4055,1.70658e+09,1,1,7.01071,0.775173,1.0,0.749414,20,20,g1,Loose,Loose,Loose_L1,0
4057,1.70658e+09,1,1,6.80455,0.776594,1.0,0.749414,20,20,g1,Loose,Loose,Loose_L1,0
4059,1.70658e+09,1,1,6.27549,0.661077,1.0,0.7424815,20,20,g1,Loose,Loose,Loose_L1,0
4061,1.70658e+09,1,1,6.11248,0.693744,1.0,0.7396395,20,20,g1,Loose,Loose,Loose_L1,0
4063,1.70658e+09,1,1,6.63693,0.740195,1.0,0.7396395,20,20,g1,Loose,Loose,Loose_L1,0
4065,1.70658e+09,1,1,6.35096,0.725531,1.0,0.7374735,20,20,g1,Loose,Loose,Loose_L1,0
4067,1.70658e+09,1,1,6.1773,0.6898,1.0,0.734701,20,20,g1,Loose,Loose,Loose_L1,0
4069,1.70658e+09,1,1,6.45988,0.762447,1.0,0.734701,20,20,g1,Loose,Loose,Loose_L1,0
4071,1.70658e+09,1,1,6.6603,0.778149,1.0,0.734701,20,20,g1,Loose,Loose,Loose_L1,0
4073,1.70658e+09,1,1,7.84942,0.926592,1.0,0.734701,20,20,g1,Loose,Loose,Loose_L1,0
4075,1.70658e+09,1,1,8.06001,0.887877,1.0,0.7374735,20,20,g1,Loose,Loose,Loose_L1,0
4077,1.70658e+09,1,1,6.91308,0.728923,1.0,0.734701,20,20,g1,Loose,Loose,Loose_L1,0
4079,1.70658e+09,1,1,7.13528,0.785888,1.0,0.7374735,20,20,g1,Loose,Loose,Loose_L1,0
4081,1.70658e+09,1,1,6.6736,0.734083,1.0,0.7348065,20,20,g1,Loose,Loose,Loose_L1,0
4083,1.70658e+09,1,1,7.02679,0.776904,1.0,0.7374735,20,20,g1,Loose,Loose,Loose_L1,0
4085,1.70658e+09,1,1,7.93684,0.908078,1.0,0.739806,20,20,g1,Loose,Loose,Loose_L1,0
4087,1.70658e+09,1,1,6.78805,0.717014,1.0,0.739806,20,20,g1,Loose,Loose,Loose_L1,0
4089,1.70658e+09,1,1,7.27382,0.835808,1.0,0.751321,20,20,g1,Loose,Loose,Loose_L1,0
4091,1.70658e+09,1,1,7.02193,0.75452,1.0,0.7584835,20,20,g1,Loose,Loose,Loose_L1,0
4093,1.70658e+09,1,1,6.87284,0.763944,1.0,0.7631954999999999,20,20,g1,Loose,Loose,Loose_L1,0
4095,1.70658e+09,1,1,7.22298,0.771832,1.0,0.7631954999999999,20,20,g1,Loose,Loose,Loose_L1,0
4097,1.70658e+09,1,1,7.35959,0.810782,1.0,0.7631954999999999,20,20,g1,Loose,Loose,Loose_L1,0
4099,1.70658e+09,1,1,7.36663,0.798341,1.0,0.7678879999999999,20,20,g1,Loose,Loose,Loose_L1,0
4101,1.70658e+09,1,1,7.06795,0.777386,1.0,0.774368,20,20,g1,Loose,Loose,Loose_L1,0
4103,1.70658e+09,1,1,6.45351,0.71125,1.0,0.774368,20,20,g1,Loose,Loose,Loose_L1,0
4105,1.70658e+09,1,1,6.90779,0.786613,1.0,0.777145,20,20,g1,Loose,Loose,Loose_L1,0
4107,1.70658e+09,1,1,6.75915,0.75212,1.0,0.777145,20,20,g1,Loose,Loose,Loose_L1,0
4109,1.70658e+09,1,1,7.19382,0.808688,1.0,0.7777675,20,20,g1,Loose,Loose,Loose_L1,0
4111,1.70658e+09,1,1,6.10716,0.71207,1.0,0.777145,20,20,g1,Loose,Loose,Loose_L1,0
4113,1.70658e+09,1,1,5.2198,0.605738,1.0,0.774368,20,20,g1,Loose,Loose,Loose_L1,0
4115,1.70658e+09,1,1,5.65546,0.65989,1.0,0.7678879999999999,20,20,g1,Loose,Loose,Loose_L1,0
4117,1.70658e+09,1,1,5.39606,0.611506,1.0,0.7678879999999999,20,20,g1,Loose,Loose,Loose_L1,0
4119,1.70658e+09,1,1,5.69395,0.713312,1.0,0.7592319999999999,20,20,g1,Loose,Loose,Loose_L1,0
4121,1.70658e+09,1,1,5.60587,0.685643,1.0,0.7592319999999999,20,20,g1,Loose,Loose,Loose_L1,0
4123,1.70658e+09,1,1,5.12496,0.625582,1.0,0.75332,20,20,g1,Loose,Loose,Loose_L1,0
4125,1.70658e+09,1,1,5.1689,0.629114,1.0,0.734567,20,20,g1,Loose,Loose,Loose_L1,0
4127,1.70658e+09,1,1,5.75578,0.717062,1.0,0.734591,20,20,g1,Loose,Loose,Loose_L1,0
4129,1.70658e+09,1,1,6.0133,0.746893,1.0,0.7319775,20,20,g1,Loose,Loose,Loose_L1,0
4131,1.70658e+09,1,1,6.47758,0.77707,1.0,0.7319775,20,20,g1,Loose,Loose,Loose_L1,0
4133,1.70658e+09,1,1,6.42107,0.730476,1.0,0.723769,20,20,g1,Loose,Loose,Loose_L1,0
4135,1.70658e+09,1,1,6.47762,0.740764,1.0,0.723769,20,20,g1,Loose,Loose,Loose_L1,0
4137,1.70658e+09,1,1,6.39949,0.723354,1.0,0.720208,20,20,g1,Loose,Loose,Loose_L1,0
4139,1.70658e+09,1,1,6.01687,0.675106,1.0,0.715187,20,20,g1,Loose,Loose,Loose_L1,0
4141,1.70658e+09,1,1,5.68837,0.69015,1.0,0.712691,20,20,g1,Loose,Loose,Loose_L1,0
4143,1.70658e+09,1,1,5.94041,0.714578,1.0,0.713945,20,20,g1,Loose,Loose,Loose_L1,0
4145,1.70658e+09,1,1,7.08415,0.841656,1.0,0.713945,20,20,g1,Loose,Loose,Loose_L1,0
4147,1.70658e+09,1,1,5.38784,0.606768,1.0,0.712691,20,20,g1,Loose,Loose,Loose_L1,0
4149,1.70658e+09,1,1,5.45409,0.644882,1.0,0.70111,20,20,g1,Loose,Loose,Loose_L1,0
4151,1.70658e+09,1,1,6.02922,0.742016,1.0,0.701731,20,20,g1,Loose,Loose,Loose_L1,0
4153,1.70658e+09,1,1,6.36464,0.703779,1.0,0.7085455,20,20,g1,Loose,Loose,Loose_L1,0
4155,1.70658e+09,1,1,6.08739,0.709472,1.0,0.711392,20,20,g1,Loose,Loose,Loose_L1,0
4157,1.70658e+09,1,1,6.33953,0.707955,1.0,0.711392,20,20,g1,Loose,Loose,Loose_L1,0
4159,1.70658e+09,1,1,6.2593,0.725484,1.0,0.712025,20,20,g1,Loose,Loose,Loose_L1,0
4161,1.70658e+09,1,1,6.47073,0.730378,1.0,0.71582,20,20,g1,Loose,Loose,Loose_L1,0
4163,1.70658e+09,1,1,6.33,0.714752,1.0,0.7159070000000001,20,20,g1,Loose,Loose,Loose_L1,0
4165,1.70658e+09,1,1,5.41516,0.614754,1.0,0.7159070000000001,20,20,g1,Loose,Loose,Loose_L1,0
4167,1.70658e+09,1,1,5.87035,0.724175,1.0,0.719053,20,20,g1,Loose,Loose,Loose_L1,0
4169,1.70658e+09,1,1,5.73822,0.678856,1.0,0.7146650000000001,20,20,g1,Loose,Loose,Loose_L1,0
4171,1.70658e+09,1,1,5.42948,0.655542,1.0,0.712025,20,20,g1,Loose,Loose,Loose_L1,0
4173,1.70658e+09,1,1,6.07265,0.741961,1.0,0.712025,20,20,g1,Loose,Loose,Loose_L1,0
4175,1.70658e+09,1,1,5.43431,0.645665,1.0,0.7087135,20,20,g1,Loose,Loose,Loose_L1,0
4177,1.70658e+09,1,1,5.95823,0.710193,1.0,0.7087135,20,20,g1,Loose,Loose,Loose_L1,0
4179,1.70658e+09,1,1,5.68276,0.664946,1.0,0.7087135,20,20,g1,Loose,Loose,Loose_L1,0
4181,1.70658e+09,1,1,5.97457,0.694514,1.0,0.7087135,20,20,g1,Loose,Loose,Loose_L1,0
4183,1.70658e+09,1,1,5.56814,0.661528,1.0,0.705867,20,20,g1,Loose,Loose,Loose_L1,0
4185,1.70658e+09,1,1,5.66661,0.680291,1.0,0.6991465,20,20,g1,Loose,Loose,Loose_L1,0
4187,1.70658e+09,1,1,5.21115,0.63229,1.0,0.6991465,20,20,g1,Loose,Loose,Loose_L1,0
4189,1.70658e+09,1,1,4.9059,0.57336,1.0,0.6991465,20,20,g1,Loose,Loose,Loose_L1,0
4191,1.70658e+09,1,1,4.78552,0.57634,1.0,0.6874024999999999,20,20,g1,Loose,Loose,Loose_L1,0
4193,1.70658e+09,1,1,5.57479,0.704148,1.0,0.6874024999999999,20,20,g1,Loose,Loose,Loose_L1,0
4195,1.70658e+09,1,1,5.10376,0.634873,1.0,0.6795735,20,20,g1,Loose,Loose,Loose_L1,0
4197,1.70658e+09,1,1,5.02666,0.632834,1.0,0.6719010000000001,20,20,g1,Loose,Loose,Loose_L1,0
4199,1.70658e+09,1,1,4.74661,0.550536,1.0,0.6632370000000001,20,20,g1,Loose,Loose,Loose_L1,0
4201,1.70658e+09,1,1,4.94401,0.618333,1.0,0.658535,20,20,g1,Loose,Loose,Loose_L1,0
4203,1.70658e+09,1,1,4.85979,0.594147,1.0,0.6506035,20,20,g1,Loose,Loose,Loose_L1,0
4205,1.70658e+09,1,1,4.72569,0.60513,1.0,0.6506035,20,20,g1,Loose,Loose,Loose_L1,0
4207,1.70658e+09,1,1,5.21379,0.666076,1.0,0.6506035,20,20,g1,Loose,Loose,Loose_L1,0
4209,1.70658e+09,1,1,5.08158,0.625166,1.0,0.640269,20,20,g1,Loose,Loose,Loose_L1,0
4211,1.70658e+09,1,1,4.6065,0.579482,1.0,0.6338535000000001,20,20,g1,Loose,Loose,Loose_L1,0
4213,1.70658e+09,1,1,5.29709,0.671219,1.0,0.6338535000000001,20,20,g1,Loose,Loose,Loose_L1,0
4215,1.70658e+09,1,1,5.02922,0.628259,1.0,0.6325620000000001,20,20,g1,Loose,Loose,Loose_L1,0
4217,1.70658e+09,1,1,5.07788,0.629217,1.0,0.6307535,20,20,g1,Loose,Loose,Loose_L1,0
4219,1.70658e+09,1,1,4.82198,0.587981,1.0,0.628738,20,20,g1,Loose,Loose,Loose_L1,0
4221,1.70658e+09,1,1,4.96103,0.615452,1.0,0.6267125,20,20,g1,Loose,Loose,Loose_L1,0
4223,1.70658e+09,1,1,4.54207,0.552042,1.0,0.6217495,20,20,g1,Loose,Loose,Loose_L1,0
4225,1.70658e+09,1,1,4.8336,0.604163,1.0,0.6168925000000001,20,20,g1,Loose,Loose,Loose_L1,0
4227,1.70658e+09,1,1,4.49754,0.566498,1.0,0.6102909999999999,20,20,g1,Loose,Loose,Loose_L1,0
4229,1.70658e+09,1,1,4.51895,0.547716,1.0,0.6102909999999999,20,20,g1,Loose,Loose,Loose_L1,0
4231,1.70658e+09,1,1,4.10103,0.506381,1.0,0.6102909999999999,20,20,g1,Loose,Loose,Loose_L1,0
4233,1.70658e+09,1,1,4.69642,0.612753,1.0,0.6089415,20,20,g1,Loose,Loose,Loose_L1,0
4235,1.70658e+09,1,1,4.65961,0.609178,1.0,0.607154,20,20,g1,Loose,Loose,Loose_L1,0
4237,1.70658e+09,1,1,4.8771,0.633007,1.0,0.607154,20,20,g1,Loose,Loose,Loose_L1,0
4239,1.70658e+09,1,1,4.70907,0.600927,1.0,0.607154,20,20,g1,Loose,Loose,Loose_L1,0
4241,1.70658e+09,1,1,4.17981,0.521758,1.0,0.6046465,20,20,g1,Loose,Loose,Loose_L1,0
4243,1.70658e+09,1,1,4.62567,0.571092,1.0,0.6046465,20,20,g1,Loose,Loose,Loose_L1,0
4245,1.70658e+09,1,1,4.2681,0.52055,1.0,0.602545,20,20,g1,Loose,Loose,Loose_L1,0
4247,1.70658e+09,1,1,4.57152,0.568517,1.0,0.594454,20,20,g1,Loose,Loose,Loose_L1,0
4249,1.70658e+09,1,1,4.52898,0.563038,1.0,0.5837315000000001,20,20,g1,Loose,Loose,Loose_L1,0
4251,1.70658e+09,1,1,4.45675,0.572407,1.0,0.580194,20,20,g1,Loose,Loose,Loose_L1,0
4253,1.70658e+09,1,1,4.52901,0.535949,1.0,0.5717495,20,20,g1,Loose,Loose,Loose_L1,0
4255,1.70658e+09,1,1,3.89656,0.509589,1.0,0.5698045,20,20,g1,Loose,Loose,Loose_L1,0
4257,1.70658e+09,1,1,3.73897,0.475465,1.0,0.5675075,20,20,g1,Loose,Loose,Loose_L1,0
4259,1.70658e+09,1,1,3.87522,0.509465,1.0,0.5647679999999999,20,20,g1,Loose,Loose,Loose_L1,0
4261,1.70658e+09,1,1,3.8822,0.506694,1.0,0.55754,20,20,g1,Loose,Loose,Loose_L1,0
4263,1.70658e+09,1,1,3.87345,0.492451,1.0,0.555377,20,20,g1,Loose,Loose,Loose_L1,0
4265,1.70658e+09,1,1,3.81739,0.489534,1.0,0.5418324999999999,20,20,g1,Loose,Loose,Loose_L1,0
4267,1.70658e+09,1,1,4.02179,0.545943,1.0,0.5409459999999999,20,20,g1,Loose,Loose,Loose_L1,0
4269,1.70658e+09,1,1,3.58448,0.471087,1.0,0.5288535000000001,20,20,g1,Loose,Loose,Loose_L1,0
4271,1.70658e+09,1,1,3.83092,0.504814,1.0,0.5288535000000001,20,20,g1,Loose,Loose,Loose_L1,0
4273,1.70658e+09,1,1,3.23012,0.426422,1.0,0.521154,20,20,g1,Loose,Loose,Loose_L1,0
4275,1.70658e+09,1,1,3.63781,0.514949,1.0,0.5177495,20,20,g1,Loose,Loose,Loose_L1,0
4277,1.70658e+09,1,1,3.73038,0.511191,1.0,0.5130699999999999,20,20,g1,Loose,Loose,Loose_L1,0
4279,1.70658e+09,1,1,3.48807,0.465713,1.0,0.5103899999999999,20,20,g1,Loose,Loose,Loose_L1,0
4281,1.70658e+09,1,1,3.32597,0.469507,1.0,0.509527,20,20,g1,Loose,Loose,Loose_L1,0
4283,1.70658e+09,1,1,3.86885,0.52771,1.0,0.509527,20,20,g1,Loose,Loose,Loose_L1,0
4285,1.70658e+09,1,1,3.21861,0.441322,1.0,0.5080795,20,20,g1,Loose,Loose,Loose_L1,0
4287,1.70658e+09,1,1,3.24433,0.443504,1.0,0.505754,20,20,g1,Loose,Loose,Loose_L1,0
4289,1.70658e+09,1,1,2.876,0.400005,1.0,0.49863250000000003,20,20,g1,Loose,Loose,Loose_L1,0
4291,1.70658e+09,1,1,3.15894,0.464927,1.0,0.49099250000000005,20,20,g1,Loose,Loose,Loose_L1,0
4293,1.70658e+09,1,1,2.6307,0.371128,1.0,0.4824995,20,20,g1,Loose,Loose,Loose_L1,0
4295,1.70658e+09,1,1,2.80549,0.409596,1.0,0.47327600000000003,20,20,g1,Loose,Loose,Loose_L1,0
4297,1.70658e+09,1,1,2.79312,0.406898,1.0,0.47029699999999997,20,20,g1,Loose,Loose,Loose_L1,0
4299,1.70658e+09,1,1,3.16185,0.425403,1.0,0.46760999999999997,20,20,g1,Loose,Loose,Loose_L1,0
4301,1.70658e+09,1,1,3.15595,0.432852,1.0,0.46531999999999996,20,20,g1,Loose,Loose,Loose_L1,0
4303,1.70658e+09,1,1,3.2676,0.465008,1.0,0.4649675,20,20,g1,Loose,Loose,Loose_L1,0
4305,1.70658e+09,1,1,3.03002,0.406273,1.0,0.4542155,20,20,g1,Loose,Loose,Loose_L1,0
4307,1.70658e+09,1,1,3.05535,0.432697,1.0,0.442413,20,20,g1,Loose,Loose,Loose_L1,0
4309,1.70658e+09,1,1,3.05512,0.43203,1.0,0.437087,20,20,g1,Loose,Loose,Loose_L1,0
4311,1.70658e+09,1,1,3.06875,0.43594,1.0,0.434396,20,20,g1,Loose,Loose,Loose_L1,0
4313,1.70658e+09,1,1,3.32765,0.469712,1.0,0.438631,20,20,g1,Loose,Loose,Loose_L1,0
4315,1.70658e+09,1,1,2.98592,0.421564,1.0,0.434396,20,20,g1,Loose,Loose,Loose_L1,0
4317,1.70658e+09,1,1,3.00082,0.434606,1.0,0.43372900000000003,20,20,g1,Loose,Loose,Loose_L1,0
4319,1.70658e+09,1,1,3.26412,0.46395,1.0,0.43372900000000003,20,20,g1,Loose,Loose,Loose_L1,0
4321,1.70658e+09,1,1,3.09076,0.432482,1.0,0.4327745,20,20,g1,Loose,Loose,Loose_L1,0
4323,1.70658e+09,1,1,2.9945,0.419343,1.0,0.43258949999999996,20,20,g1,Loose,Loose,Loose_L1,0
4325,1.70658e+09,1,1,2.97818,0.424306,1.0,0.432256,20,20,g1,Loose,Loose,Loose_L1,0
4327,1.70658e+09,1,1,2.89435,0.416082,1.0,0.4287165,20,20,g1,Loose,Loose,Loose_L1,0
4329,1.70658e+09,1,1,2.71135,0.38757,1.0,0.4287165,20,20,g1,Loose,Loose,Loose_L1,0
4331,1.70658e+09,1,1,2.84607,0.414926,1.0,0.4248545,20,20,g1,Loose,Loose,Loose_L1,0
4333,1.70658e+09,1,1,2.75076,0.397994,1.0,0.4248545,20,20,g1,Loose,Loose,Loose_L1,0
4335,1.70658e+09,1,1,2.68966,0.386447,1.0,0.4248545,20,20,g1,Loose,Loose,Loose_L1,0
4337,1.70658e+09,1,1,2.66325,0.392151,1.0,0.4248545,20,20,g1,Loose,Loose,Loose_L1,0
4339,1.70658e+09,1,1,2.73748,0.411554,1.0,0.422935,20,20,g1,Loose,Loose,Loose_L1,0
4341,1.70658e+09,1,1,2.64455,0.364232,1.0,0.42045350000000004,20,20,g1,Loose,Loose,Loose_L1,0
4343,1.70658e+09,1,1,2.36871,0.335088,1.0,0.41771250000000004,20,20,g1,Loose,Loose,Loose_L1,0
4345,1.70658e+09,1,1,2.41532,0.345217,1.0,0.41771250000000004,20,20,g1,Loose,Loose,Loose_L1,0
4347,1.70658e+09,1,1,2.26557,0.318741,1.0,0.415504,20,20,g1,Loose,Loose,Loose_L1,0
4349,1.70658e+09,1,1,2.45967,0.356989,1.0,0.41324,20,20,g1,Loose,Loose,Loose_L1,0
4351,1.70658e+09,1,1,2.31671,0.356585,1.0,0.40477399999999997,20,20,g1,Loose,Loose,Loose_L1,0
4353,1.70658e+09,1,1,2.14255,0.323828,1.0,0.39507250000000005,20,20,g1,Loose,Loose,Loose_L1,0
4355,1.70658e+09,1,1,2.28703,0.349845,1.0,0.38986050000000005,20,20,g1,Loose,Loose,Loose_L1,0
4357,1.70658e+09,1,1,2.51791,0.365474,1.0,0.3870085,20,20,g1,Loose,Loose,Loose_L1,0
4359,1.70658e+09,1,1,2.41547,0.369721,1.0,0.378084,20,20,g1,Loose,Loose,Loose_L1,0
4361,1.70658e+09,1,1,2.07462,0.311894,1.0,0.3675975,20,20,g1,Loose,Loose,Loose_L1,0
4363,1.70658e+09,1,1,2.21309,0.34281,1.0,0.364853,20,20,g1,Loose,Loose,Loose_L1,0
4365,1.70658e+09,1,1,2.47936,0.392863,1.0,0.364853,20,20,g1,Loose,Loose,Loose_L1,0
4367,1.70658e+09,1,1,2.42028,0.348911,1.0,0.3606105,20,20,g1,Loose,Loose,Loose_L1,0
4369,1.70658e+09,1,1,2.49272,0.350792,1.0,0.35678699999999997,20,20,g1,Loose,Loose,Loose_L1,0
4371,1.70658e+09,1,1,2.78167,0.404498,1.0,0.35678699999999997,20,20,g1,Loose,Loose,Loose_L1,0
4373,1.70658e+09,1,1,2.67269,0.371962,1.0,0.35678699999999997,20,20,g1,Loose,Loose,Loose_L1,0
4375,1.70658e+09,1,1,2.44199,0.337432,1.0,0.35368849999999996,20,20,g1,Loose,Loose,Loose_L1,0
4377,1.70658e+09,1,1,2.53086,0.367036,1.0,0.35368849999999996,20,20,g1,Loose,Loose,Loose_L1,0
4379,1.70658e+09,1,1,2.72132,0.393113,1.0,0.35368849999999996,20,20,g1,Loose,Loose,Loose_L1,0
4381,1.70658e+09,1,1,2.84528,0.417418,1.0,0.35368849999999996,20,20,g1,Loose,Loose,Loose_L1,0
4383,1.70658e+09,1,1,2.6963,0.379648,1.0,0.35678699999999997,20,20,g1,Loose,Loose,Loose_L1,0
4385,1.70658e+09,1,1,2.73375,0.391467,1.0,0.36123150000000004,20,20,g1,Loose,Loose,Loose_L1,0
4387,1.70658e+09,1,1,2.52992,0.375327,1.0,0.366255,20,20,g1,Loose,Loose,Loose_L1,0
4389,1.70658e+09,1,1,2.2973,0.318267,1.0,0.366255,20,20,g1,Loose,Loose,Loose_L1,0
4391,1.70658e+09,1,1,2.13339,0.323698,1.0,0.366255,20,20,g1,Loose,Loose,Loose_L1,0
4393,1.70658e+09,1,1,2.44676,0.379637,1.0,0.3683785,20,20,g1,Loose,Loose,Loose_L1,0
4395,1.70658e+09,1,1,2.23955,0.332017,1.0,0.3683785,20,20,g1,Loose,Loose,Loose_L1,0
4397,1.70658e+09,1,1,2.49094,0.362509,1.0,0.3683785,20,20,g1,Loose,Loose,Loose_L1,0
4399,1.70658e+09,1,1,2.44817,0.364089,1.0,0.3655625,20,20,g1,Loose,Loose,Loose_L1,0
4401,1.70658e+09,1,1,2.42279,0.343598,1.0,0.3655625,20,20,g1,Loose,Loose,Loose_L1,0
4403,1.70658e+09,1,1,2.37803,0.333864,1.0,0.3655625,20,20,g1,Loose,Loose,Loose_L1,0
4405,1.70658e+09,1,1,2.32723,0.334626,1.0,0.36329900000000004,20,20,g1,Loose,Loose,Loose_L1,0
4407,1.70658e+09,1,1,2.04824,0.290093,1.0,0.36329900000000004,20,20,g1,Loose,Loose,Loose_L1,0
4409,1.70658e+09,1,1,2.07312,0.302666,1.0,0.36329900000000004,20,20,g1,Loose,Loose,Loose_L1,0
4411,1.70658e+09,1,1,2.15232,0.328747,1.0,0.3530535,20,20,g1,Loose,Loose,Loose_L1,0
4413,1.70658e+09,1,1,1.89376,0.288096,1.0,0.340515,20,20,g1,Loose,Loose,Loose_L1,0
4415,1.70658e+09,1,1,1.87765,0.29388,1.0,0.33911199999999997,20,20,g1,Loose,Loose,Loose_L1,0
4417,1.70658e+09,1,1,1.88183,0.298297,1.0,0.334245,20,20,g1,Loose,Loose,Loose_L1,0
4419,1.70658e+09,1,1,1.98859,0.298019,1.0,0.3329405,20,20,g1,Loose,Loose,Loose_L1,0
4421,1.70658e+09,1,1,2.09787,0.316668,1.0,0.330382,20,20,g1,Loose,Loose,Loose_L1,0
4423,1.70658e+09,1,1,1.64811,0.251055,1.0,0.32622249999999997,20,20,g1,Loose,Loose,Loose_L1,0
4425,1.70658e+09,1,1,2.00995,0.309693,1.0,0.3209825,20,20,g1,Loose,Loose,Loose_L1,0
4427,1.70658e+09,1,1,2.08229,0.308782,1.0,0.3174675,20,20,g1,Loose,Loose,Loose_L1,0
4429,1.70658e+09,1,1,1.88219,0.270485,1.0,0.3131805,20,20,g1,Loose,Loose,Loose_L1,0
4431,1.70658e+09,1,1,2.00555,0.307411,1.0,0.3092375,20,20,g1,Loose,Loose,Loose_L1,0
4433,1.70658e+09,1,1,1.99555,0.300301,1.0,0.3080965,20,20,g1,Loose,Loose,Loose_L1,0
4435,1.70658e+09,1,1,1.76211,0.25698,1.0,0.3050385,20,20,g1,Loose,Loose,Loose_L1,0
4437,1.70658e+09,1,1,1.92973,0.300837,1.0,0.3017515,20,20,g1,Loose,Loose,Loose_L1,0
4439,1.70658e+09,1,1,1.75193,0.265871,1.0,0.300569,20,20,g1,Loose,Loose,Loose_L1,0
4441,1.70658e+09,1,1,1.97892,0.307994,1.0,0.300569,20,20,g1,Loose,Loose,Loose_L1,0
4443,1.70658e+09,1,1,1.80085,0.283074,1.0,0.299299,20,20,g1,Loose,Loose,Loose_L1,0
4445,1.70658e+09,1,1,1.86168,0.285293,1.0,0.298158,20,20,g1,Loose,Loose,Loose_L1,0
4447,1.70658e+09,1,1,1.6738,0.246454,1.0,0.298158,20,20,g1,Loose,Loose,Loose_L1,0
4449,1.70658e+09,1,1,1.82661,0.284433,1.0,0.2959495,20,20,g1,Loose,Loose,Loose_L1,0
4451,1.70658e+09,1,1,1.89613,0.290509,1.0,0.2921945,20,20,g1,Loose,Loose,Loose_L1,0
4453,1.70658e+09,1,1,1.69151,0.257908,1.0,0.2921945,20,20,g1,Loose,Loose,Loose_L1,0
4455,1.70658e+09,1,1,1.99035,0.3106,1.0,0.29426399999999997,20,20,g1,Loose,Loose,Loose_L1,0
4457,1.70658e+09,1,1,1.6943,0.258351,1.0,0.287901,20,20,g1,Loose,Loose,Loose_L1,0
4459,1.70658e+09,1,1,1.87115,0.281042,1.0,0.284863,20,20,g1,Loose,Loose,Loose_L1,0
4461,1.70658e+09,1,1,1.80328,0.277691,1.0,0.2837535,20,20,g1,Loose,Loose,Loose_L1,0
4463,1.70658e+09,1,1,1.64386,0.255664,1.0,0.2837535,20,20,g1,Loose,Loose,Loose_L1,0
4465,1.70658e+09,1,1,1.80856,0.275437,1.0,0.28205800000000003,20,20,g1,Loose,Loose,Loose_L1,0
4467,1.70658e+09,1,1,1.71968,0.269473,1.0,0.2793665,20,20,g1,Loose,Loose,Loose_L1,0
4469,1.70658e+09,1,1,1.61466,0.251124,1.0,0.2793665,20,20,g1,Loose,Loose,Loose_L1,0
4471,1.70658e+09,1,1,1.61172,0.266238,1.0,0.27656400000000003,20,20,g1,Loose,Loose,Loose_L1,0
4473,1.70658e+09,1,1,1.59219,0.249886,1.0,0.272455,20,20,g1,Loose,Loose,Loose_L1,0
4475,1.70658e+09,1,1,1.71505,0.260784,1.0,0.272455,20,20,g1,Loose,Loose,Loose_L1,0
4477,1.70658e+09,1,1,1.85126,0.301102,1.0,0.272455,20,20,g1,Loose,Loose,Loose_L1,0
4479,1.70658e+09,1,1,1.81786,0.274436,1.0,0.27493650000000003,20,20,g1,Loose,Loose,Loose_L1,0
4481,1.70658e+09,1,1,1.66027,0.257869,1.0,0.2719545,20,20,g1,Loose,Loose,Loose_L1,0
4483,1.70658e+09,1,1,1.57587,0.246575,1.0,0.2678555,20,20,g1,Loose,Loose,Loose_L1,0
4485,1.70658e+09,1,1,1.54549,0.242963,1.0,0.263511,20,20,g1,Loose,Loose,Loose_L1,0
4487,1.70658e+09,1,1,1.58591,0.241814,1.0,0.263511,20,20,g1,Loose,Loose,Loose_L1,0
4489,1.70658e+09,1,1,1.38741,0.232619,1.0,0.2595675,20,20,g1,Loose,Loose,Loose_L1,0
4491,1.70658e+09,1,1,1.45937,0.247174,1.0,0.2581295,20,20,g1,Loose,Loose,Loose_L1,0
4493,1.70658e+09,1,1,1.39914,0.223171,1.0,0.25811,20,20,g1,Loose,Loose,Loose_L1,0
4495,1.70658e+09,1,1,1.33621,0.213262,1.0,0.2567665,20,20,g1,Loose,Loose,Loose_L1,0
4497,1.70658e+09,1,1,1.65522,0.276565,1.0,0.2567665,20,20,g1,Loose,Loose,Loose_L1,0
4499,1.70658e+09,1,1,1.40917,0.216719,1.0,0.253394,20,20,g1,Loose,Loose,Loose_L1,0
4501,1.70658e+09,1,1,1.50904,0.251789,1.0,0.25145649999999997,20,20,g1,Loose,Loose,Loose_L1,0
4503,1.70658e+09,1,1,1.478,0.244805,1.0,0.250505,20,20,g1,Loose,Loose,Loose_L1,0
4505,1.70658e+09,1,1,1.46287,0.228165,1.0,0.24853,20,20,g1,Loose,Loose,Loose_L1,0
4507,1.70658e+09,1,1,1.29998,0.207848,1.0,0.2468745,20,20,g1,Loose,Loose,Loose_L1,0
4509,1.70658e+09,1,1,1.51218,0.243589,1.0,0.24569,20,20,g1,Loose,Loose,Loose_L1,0
4511,1.70658e+09,1,1,1.34598,0.214133,1.0,0.244197,20,20,g1,Loose,Loose,Loose_L1,0
4513,1.70658e+09,1,1,1.2215,0.19623,1.0,0.243276,20,20,g1,Loose,Loose,Loose_L1,0
4515,1.70658e+09,1,1,1.25604,0.212642,1.0,0.2423885,20,20,g1,Loose,Loose,Loose_L1,0
4517,1.70658e+09,1,1,1.2362,0.20952,1.0,0.2372165,20,20,g1,Loose,Loose,Loose_L1,0
4519,1.70658e+09,1,1,1.33723,0.217693,1.0,0.23039199999999999,20,20,g1,Loose,Loose,Loose_L1,0
4521,1.70658e+09,1,1,1.28239,0.208985,1.0,0.225668,20,20,g1,Loose,Loose,Loose_L1,0
4523,1.70658e+09,1,1,1.45224,0.238238,1.0,0.225668,20,20,g1,Loose,Loose,Loose_L1,0
4525,1.70658e+09,1,1,1.44761,0.222309,1.0,0.22274,20,20,g1,Loose,Loose,Loose_L1,0
4527,1.70658e+09,1,1,1.33428,0.216089,1.0,0.220001,20,20,g1,Loose,Loose,Loose_L1,0
4529,1.70658e+09,1,1,1.19642,0.201942,1.0,0.217206,20,20,g1,Loose,Loose,Loose_L1,0
4531,1.70658e+09,1,1,1.22507,0.201418,1.0,0.21640399999999999,20,20,g1,Loose,Loose,Loose_L1,0
4533,1.70658e+09,1,1,1.18356,0.19618,1.0,0.215111,20,20,g1,Loose,Loose,Loose_L1,0
4535,1.70658e+09,1,1,1.16318,0.197743,1.0,0.215111,20,20,g1,Loose,Loose,Loose_L1,0
4537,1.70658e+09,1,1,1.2813,0.212229,1.0,0.2133875,20,20,g1,Loose,Loose,Loose_L1,0
4539,1.70658e+09,1,1,1.18938,0.192122,1.0,0.2124355,20,20,g1,Loose,Loose,Loose_L1,0
4541,1.70658e+09,1,1,1.21674,0.205112,1.0,0.21087450000000002,20,20,g1,Loose,Loose,Loose_L1,0
4543,1.70658e+09,1,1,1.33123,0.213834,1.0,0.21087450000000002,20,20,g1,Loose,Loose,Loose_L1,0
4545,1.70658e+09,1,1,1.25477,0.204939,1.0,0.2092525,20,20,g1,Loose,Loose,Loose_L1,0
4547,1.70658e+09,1,1,1.28232,0.195239,1.0,0.2092525,20,20,g1,Loose,Loose,Loose_L1,0
4549,1.70658e+09,1,1,1.22347,0.201174,1.0,0.2070485,20,20,g1,Loose,Loose,Loose_L1,0
4551,1.70658e+09,1,1,1.14278,0.187147,1.0,0.2050255,20,20,g1,Loose,Loose,Loose_L1,0
4553,1.70658e+09,1,1,1.20925,0.200795,1.0,0.2050255,20,20,g1,Loose,Loose,Loose_L1,0
4555,1.70658e+09,1,1,1.02053,0.178105,1.0,0.20344050000000002,20,20,g1,Loose,Loose,Loose_L1,0
4557,1.70658e+09,1,1,1.0821,0.178176,1.0,0.20168000000000003,20,20,g1,Loose,Loose,Loose_L1,0
4559,1.70658e+09,1,1,1.09848,0.183356,1.0,0.201296,20,20,g1,Loose,Loose,Loose_L1,0
4561,1.70658e+09,1,1,1.02884,0.177925,1.0,0.2009845,20,20,g1,Loose,Loose,Loose_L1,0
4563,1.70658e+09,1,1,1.14737,0.184744,1.0,0.199269,20,20,g1,Loose,Native,Native,1
4565,1.70658e+09,1,1,1.04113,0.175604,1.0,0.1969615,20,20,g1,Native,Native,Native,0
4567,1.70658e+09,1,0,1.0,0.174689,0.95,0.19618,20,19,g1,Native,Native,Native,0
4569,1.70658e+09,1,1,1.02503,0.180828,0.95,0.195239,20,19,g1,Native,Native,Native,0
4571,1.70658e+09,1,0,1.0,0.18142,0.9,0.19368049999999998,20,18,g1,Native,Native,Native,0
4573,1.70658e+09,1,0,1.0,0.179653,0.85,0.192122,20,17,g1,Native,Native,Native,0
4575,1.70658e+09,1,1,1.14521,0.192884,0.85,0.192122,20,17,g1,Native,Native,Native,0
4577,1.70658e+09,1,0,1.0,0.181411,0.8,0.18963449999999998,20,16,g1,Native,Native,Native,0
4579,1.70658e+09,1,0,1.0,0.178509,0.75,0.187147,20,15,g1,Native,Native,Native,0
4581,1.70658e+09,1,0,1.0,0.171922,0.7,0.18594549999999999,20,14,g1,Native,Native,Native,0
4583,1.70658e+09,1,0,1.0,0.170225,0.65,0.184744,20,13,g1,Native,Native,Native,0
4585,1.70658e+09,1,0,1.0,0.17163,0.6,0.18405,20,12,g1,Native,Native,Native,0
4587,1.70658e+09,1,1,1.21333,0.206063,0.6,0.18405,20,12,g1,Native,Native,Native,0
4589,1.70658e+09,1,0,1.0,0.177698,0.55,0.183356,20,11,g1,Native,Native,Native,0
4591,1.70658e+09,1,1,1.17816,0.211065,0.55,0.183356,20,11,g1,Native,Native,Native,0
4593,1.70658e+09,1,1,1.05999,0.192339,0.55,0.183356,20,11,g1,Native,Native,Native,0
4595,1.70658e+09,1,1,1.04994,0.185285,0.55,0.184744,20,11,g1,Native,Native,Native,0
4597,1.70658e+09,1,0,1.0,0.185212,0.5,0.1850145,20,10,g1,Native,Native,Native,0
4599,1.70658e+09,1,1,1.00638,0.184827,0.5,0.185056,20,10,g1,Native,Native,Native,0
4601,1.70658e+09,1,1,1.14863,0.200047,0.5,0.188812,20,10,g1,Native,Native,Native,0
4603,1.70658e+09,1,0,1.0,0.194472,0.45,0.192339,20,9,g1,Native,Native,Native,0
4605,1.70658e+09,1,1,1.02548,0.194634,0.45,0.192884,20,9,g1,Native,Native,Native,0
4607,1.70658e+09,1,0,1.0,0.182412,0.45,0.192884,20,9,g1,Native,Native,Native,0
4609,1.70658e+09,1,1,1.01504,0.180797,0.45,0.192884,20,9,g1,Native,Native,Native,0
4611,1.70658e+09,1,1,1.0781,0.183952,0.5,0.1926115,20,10,g1,Native,Native,Native,0
4613,1.70658e+09,1,1,1.06659,0.182635,0.55,0.192339,20,11,g1,Native,Native,Native,0
4615,1.70658e+09,1,1,1.10173,0.191048,0.55,0.191048,20,11,g1,Native,Native,Native,0
4617,1.70658e+09,1,0,1.0,0.180574,0.55,0.191048,20,11,g1,Native,Native,Native,0
4619,1.70658e+09,1,0,1.0,0.20762,0.55,0.191048,20,11,g1,Native,Native,Native,0
4621,1.70658e+09,1,0,1.0,0.221417,0.55,0.191048,20,11,g1,Native,Native,Native,0
4623,1.70658e+09,1,1,1.02467,0.216026,0.6,0.19169350000000002,20,12,g1,Native,Native,Native,0
4625,1.70658e+09,1,0,1.0,0.187987,0.6,0.19169350000000002,20,12,g1,Native,Native,Native,0
4627,1.70658e+09,1,0,1.0,0.218545,0.55,0.191048,20,11,g1,Native,Native,Native,0
4629,1.70658e+09,1,1,1.0406,0.197207,0.6,0.19169350000000002,20,12,g1,Native,Native,Native,0
4631,1.70658e+09,1,0,1.0,0.197977,0.55,0.191048,20,11,g1,Native,Native,Native,0
4633,1.70658e+09,1,0,1.0,0.217459,0.5,0.18816650000000001,20,10,g1,Native,Native,Native,0
4635,1.70658e+09,1,0,1.0,0.187265,0.45,0.191048,20,9,g1,Native,Native,Native,0
4637,1.70658e+09,1,0,1.0,0.186298,0.45,0.191048,20,9,g1,Native,Native,Native,0
4639,1.70658e+09,1,0,1.0,0.252288,0.4,0.19284099999999998,20,8,g1,Native,Native,Native,0
4641,1.70658e+09,1,1,1.02573,0.182052,0.4,0.1875,20,8,g1,Native,Native,Native,0
4643,1.70658e+09,1,0,1.0,0.260113,0.4,0.1875,20,8,g1,Native,Native,Native,0
4645,1.70658e+09,1,1,1.01892,0.213571,0.4,0.1875,20,8,g1,Native,Native,Native,0
4647,1.70658e+09,1,0,1.0,0.247085,0.4,0.1875,20,8,g1,Native,Native,Native,0
4649,1.70658e+09,1,0,1.0,0.210877,0.35,0.191048,20,7,g1,Native,Native,Native,0
4651,1.70658e+09,1,0,1.0,0.216625,0.3,0.1941275,20,6,g1,Native,Native,Native,0
4653,1.70658e+09,1,0,1.0,0.213261,0.25,0.197207,20,5,g1,Native,Native,Native,0
4655,1.70658e+09,1,0,1.0,0.21979,0.2,0.205389,20,4,g1,Native,Native,Native,0
4657,1.70658e+09,1,0,1.0,0.246898,0.2,0.205389,20,4,g1,Native,Native,Native,0
4659,1.70658e+09,1,0,1.0,0.191248,0.2,0.205389,20,4,g1,Native,Native,Native,0
4661,1.70658e+09,1,0,1.0,0.186471,0.2,0.205389,20,4,g1,Native,Native,Native,0
4663,1.70658e+09,1,0,1.0,0.200155,0.15,0.197207,20,3,g1,Native,Native,Native,0
4665,1.70658e+09,1,0,1.0,0.180867,0.15,0.197207,20,3,g1,Native,Native,Native,0
4667,1.70658e+09,1,0,1.0,0.18154,0.15,0.197207,20,3,g1,Native,Native,Native,0
4669,1.70658e+09,1,0,1.0,0.18097,0.1,0.1978115,20,2,g1,Native,Native,Native,0
4671,1.70658e+09,1,0,1.0,0.193507,0.1,0.1978115,20,2,g1,Native,Native,Native,0
4673,1.70658e+09,1,0,1.0,0.187217,0.1,0.1978115,20,2,g1,Native,Native,Native,0
4675,1.70658e+09,1,0,1.0,0.182401,0.1,0.1978115,20,2,g1,Native,Native,Native,0
4677,1.70658e+09,1,0,1.0,0.232544,0.1,0.1978115,20,2,g1,Native,Native,Native,0
4679,1.70658e+09,1,0,1.0,0.181136,0.1,0.1978115,20,2,g1,Native,Native,Native,0
4681,1.70658e+09,1,0,1.0,0.202917,0.05,0.213571,20,1,g1,Native,Native,Native,0
4683,1.70658e+09,1,0,1.0,0.197218,0.05,0.213571,20,1,g1,Native,Native,Native,0
4685,1.70658e+09,1,0,1.0,0.18468,0.0,nan,20,0,g1,Native,Native,Native,0
4687,1.70658e+09,1,0,1.0,0.200037,0.0,nan,20,0,g1,Native,Native,Native,0
4689,1.70658e+09,1,0,1.0,0.222745,0.0,nan,20,0,g1,Native,Native,Native,0
4691,1.70658e+09,1,0,1.0,0.218353,0.0,nan,20,0,g1,Native,Native,Native,0
4693,1.70658e+09,1,0,1.0,0.220299,0.0,nan,20,0,g1,Native,Native,Native,0
4695,1.70658e+09,1,0,1.0,0.210609,0.0,nan,20,0,g1,Native,Native,Native,0
4697,1.70658e+09,1,0,1.0,0.213591,0.0,nan,20,0,g1,Native,Native,Native,0
4699,1.70658e+09,1,0,1.0,0.187001,0.0,nan,20,0,g1,Native,Native,Native,0
4701,1.70658e+09,1,0,1.0,0.218284,0.0,nan,20,0,g1,Native,Native,Native,0
4703,1.70658e+09,1,0,1.0,0.185103,0.0,nan,20,0,g1,Native,Native,Native,0
4705,1.70658e+09,1,0,1.0,0.223484,0.0,nan,20,0,g1,Native,Native,Native,0
4707,1.70658e+09,1,0,1.0,0.190842,0.0,nan,20,0,g1,Native,Native,Native,0
4709,1.70658e+09,1,0,1.0,0.198696,0.0,nan,20,0,g1,Native,Native,Native,0
4711,1.70658e+09,1,0,1.0,0.19193,0.0,nan,20,0,g1,Native,Native,Native,0
4713,1.70658e+09,1,0,1.0,0.222504,0.0,nan,20,0,g1,Native,Native,Native,0
4715,1.70658e+09,1,0,1.0,0.192094,0.0,nan,20,0,g1,Native,Native,Native,0
4717,1.70658e+09,1,0,1.0,0.247852,0.0,nan,20,0,g1,Native,Native,Native,0
4719,1.70658e+09,1,0,1.0,0.176126,0.0,nan,20,0,g1,Native,Native,Native,0
4721,1.70658e+09,1,0,1.0,0.19687,0.0,nan,20,0,g1,Native,Native,Native,0
4723,1.70658e+09,1,0,1.0,0.207995,0.0,nan,20,0,g1,Native,Native,Native,0
4725,1.70658e+09,1,0,1.0,0.196524,0.0,nan,20,0,g1,Native,Native,Native,0
4727,1.70658e+09,1,0,1.0,0.185533,0.0,nan,20,0,g1,Native,Native,Native,0
4729,1.70658e+09,1,0,1.0,0.180132,0.0,nan,20,0,g1,Native,Native,Native,0
4731,1.70658e+09,1,1,1.10259,0.172799,0.05,0.172799,20,1,g1,Native,Native,Native,0
4733,1.70658e+09,1,0,1.0,0.179214,0.05,0.172799,20,1,g1,Native,Native,Native,0
4735,1.70658e+09,1,0,1.0,0.174829,0.05,0.172799,20,1,g1,Native,Native,Native,0
4737,1.70658e+09,1,0,1.0,0.182872,0.05,0.172799,20,1,g1,Native,Native,Native,0
4739,1.70658e+09,1,0,1.0,0.172271,0.05,0.172799,20,1,g1,Native,Native,Native,0
4741,1.70658e+09,1,0,1.0,0.1746,0.05,0.172799,20,1,g1,Native,Native,Native,0
4743,1.70658e+09,1,0,1.0,0.178271,0.05,0.172799,20,1,g1,Native,Native,Native,0
4745,1.70658e+09,1,0,1.0,0.177208,0.05,0.172799,20,1,g1,Native,Native,Native,0
4747,1.70658e+09,1,0,1.0,0.167491,0.05,0.172799,20,1,g1,Native,Native,Native,0
4749,1.70658e+09,1,0,1.0,0.17664,0.05,0.172799,20,1,g1,Native,Native,Native,0
4751,1.70658e+09,1,0,1.0,0.17621,0.05,0.172799,20,1,g1,Native,Native,Native,0
4753,1.70658e+09,1,0,1.0,0.174548,0.05,0.172799,20,1,g1,Native,Native,Native,0
4755,1.70658e+09,1,0,1.0,0.176925,0.05,0.172799,20,1,g1,Native,Native,Native,0
4757,1.70658e+09,1,0,1.0,0.167553,0.05,0.172799,20,1,g1,Native,Native,Native,0
4759,1.70658e+09,1,0,1.0,0.16668,0.05,0.172799,20,1,g1,Native,Native,Native,0
4761,1.70658e+09,1,0,1.0,0.179158,0.05,0.172799,20,1,g1,Native,Native,Native,0
4763,1.70658e+09,1,0,1.0,0.167211,0.05,0.172799,20,1,g1,Native,Native,Native,0
4765,1.70658e+09,1,0,1.0,0.174725,0.05,0.172799,20,1,g1,Native,Native,Native,0
4767,1.70658e+09,1,0,1.0,0.173427,0.05,0.172799,20,1,g1,Native,Native,Native,0
4769,1.70658e+09,1,0,1.0,0.174042,0.05,0.172799,20,1,g1,Native,Native,Native,0
4771,1.70658e+09,1,0,1.0,0.171406,0.0,nan,20,0,g1,Native,Native,Native,0
4773,1.70658e+09,1,0,1.0,0.177317,0.0,nan,20,0,g1,Native,Native,Native,0
4775,1.70658e+09,1,0,1.0,0.176172,0.0,nan,20,0,g1,Native,Native,Native,0
4777,1.70658e+09,1,0,1.0,0.170234,0.0,nan,20,0,g1,Native,Native,Native,0
4779,1.70658e+09,1,0,1.0,0.17457,0.0,nan,20,0,g1,Native,Native,Native,0
4781,1.70658e+09,1,0,1.0,0.170252,0.0,nan,20,0,g1,Native,Native,Native,0
4783,1.70658e+09,1,0,1.0,0.172793,0.0,nan,20,0,g1,Native,Native,Native,0
4785,1.70658e+09,1,0,1.0,0.169722,0.0,nan,20,0,g1,Native,Native,Native,0
4787,1.70658e+09,1,0,1.0,0.177657,0.0,nan,20,0,g1,Native,Native,Native,0
4789,1.70658e+09,1,0,1.0,0.167693,0.0,nan,20,0,g1,Native,Native,Native,0
4791,1.70658e+09,1,0,1.0,0.171129,0.0,nan,20,0,g1,Native,Native,Native,0
4793,1.70658e+09,1,0,1.0,0.177517,0.0,nan,20,0,g1,Native,Native,Native,0
4795,1.70658e+09,1,0,1.0,0.172751,0.0,nan,20,0,g1,Native,Native,Native,0
4797,1.70658e+09,1,0,1.0,0.169239,0.0,nan,20,0,g1,Native,Native,Native,0
4799,1.70658e+09,1,0,1.0,0.166379,0.0,nan,20,0,g1,Native,Native,Native,0
4801,1.70658e+09,1,0,1.0,0.172369,0.0,nan,20,0,g1,Native,Native,Native,0
4803,1.70658e+09,1,0,1.0,0.176097,0.0,nan,20,0,g1,Native,Native,Native,0
4805,1.70658e+09,1,0,1.0,0.174683,0.0,nan,20,0,g1,Native,Native,Native,0
4807,1.70658e+09,1,0,1.0,0.176437,0.0,nan,20,0,g1,Native,Native,Native,0
4809,1.70658e+09,1,0,1.0,0.176755,0.0,nan,20,0,g1,Native,Native,Native,0
4811,1.70658e+09,1,0,1.0,0.176135,0.0,nan,20,0,g1,Native,Native,Native,0
4813,1.70658e+09,1,0,1.0,0.174543,0.0,nan,20,0,g1,Native,Native,Native,0
4815,1.70658e+09,1,0,1.0,0.175341,0.0,nan,20,0,g1,Native,Native,Native,0
4817,1.70658e+09,1,0,1.0,0.172684,0.0,nan,20,0,g1,Native,Native,Native,0
4819,1.70658e+09,1,0,1.0,0.172098,0.0,nan,20,0,g1,Native,Native,Native,0
4821,1.70658e+09,1,0,1.0,0.181085,0.0,nan,20,0,g1,Native,Native,Native,0
4823,1.70658e+09,1,0,1.0,0.170451,0.0,nan,20,0,g1,Native,Native,Native,0
4825,1.70658e+09,1,0,1.0,0.175015,0.0,nan,20,0,g1,Native,Native,Native,0
4827,1.70658e+09,1,0,1.0,0.169023,0.0,nan,20,0,g1,Native,Native,Native,0
4829,1.70658e+09,1,0,1.0,0.185303,0.0,nan,20,0,g1,Native,Native,Native,0
4831,1.70658e+09,1,0,1.0,0.172596,0.0,nan,20,0,g1,Native,Native,Native,0
4833,1.70658e+09,1,0,1.0,0.176901,0.0,nan,20,0,g1,Native,Native,Native,0
4835,1.70658e+09,1,0,1.0,0.172576,0.0,nan,20,0,g1,Native,Native,Native,0
4837,1.70658e+09,1,0,1.0,0.171065,0.0,nan,20,0,g1,Native,Native,Native,0
4839,1.70658e+09,1,0,1.0,0.174958,0.0,nan,20,0,g1,Native,Native,Native,0
4841,1.70658e+09,1,0,1.0,0.172502,0.0,nan,20,0,g1,Native,Native,Native,0
4843,1.70658e+09,1,0,1.0,0.176307,0.0,nan,20,0,g1,Native,Native,Native,0
4845,1.70658e+09,1,0,1.0,0.17657,0.0,nan,20,0,g1,Native,Native,Native,0
4847,1.70658e+09,1,0,1.0,0.174861,0.0,nan,20,0,g1,Native,Native,Native,0
4849,1.70658e+09,1,0,1.0,0.179544,0.0,nan,20,0,g1,Native,Native,Native,0
4851,1.70658e+09,1,0,1.0,0.171468,0.0,nan,20,0,g1,Native,Native,Native,0
4853,1.70658e+09,1,0,1.0,0.176224,0.0,nan,20,0,g1,Native,Native,Native,0
4855,1.70658e+09,1,0,1.0,0.185929,0.0,nan,20,0,g1,Native,Native,Native,0
4857,1.70658e+09,1,0,1.0,0.167131,0.0,nan,20,0,g1,Native,Native,Native,0
4859,1.70658e+09,1,0,1.0,0.17741,0.0,nan,20,0,g1,Native,Native,Native,0
4861,1.70658e+09,1,0,1.0,0.168872,0.0,nan,20,0,g1,Native,Native,Native,0
4863,1.70658e+09,1,0,1.0,0.172681,0.0,nan,20,0,g1,Native,Native,Native,0
4865,1.70658e+09,1,0,1.0,0.177665,0.0,nan,20,0,g1,Native,Native,Native,0
4867,1.70658e+09,1,0,1.0,0.171964,0.0,nan,20,0,g1,Native,Native,Native,0
4869,1.70658e+09,1,0,1.0,0.166209,0.0,nan,20,0,g1,Native,Native,Native,0
4871,1.70658e+09,1,0,1.0,0.177854,0.0,nan,20,0,g1,Native,Native,Native,0
4873,1.70658e+09,1,0,1.0,0.175046,0.0,nan,20,0,g1,Native,Native,Native,0
4875,1.70658e+09,1,0,1.0,0.175605,0.0,nan,20,0,g1,Native,Native,Native,0
4877,1.70658e+09,1,0,1.0,0.17386,0.0,nan,20,0,g1,Native,Native,Native,0
4879,1.70658e+09,1,0,1.0,0.183619,0.0,nan,20,0,g1,Native,Native,Native,0
4881,1.70658e+09,1,0,1.0,0.172148,0.0,nan,20,0,g1,Native,Native,Native,0
4883,1.70658e+09,1,0,1.0,0.175453,0.0,nan,20,0,g1,Native,Native,Native,0
4885,1.70658e+09,1,0,1.0,0.176664,0.0,nan,20,0,g1,Native,Native,Native,0
4887,1.70658e+09,1,0,1.0,0.172453,0.0,nan,20,0,g1,Native,Native,Native,0
4889,1.70658e+09,1,0,1.0,0.17719,0.0,nan,20,0,g1,Native,Native,Native,0
4891,1.70658e+09,1,0,1.0,0.164838,0.0,nan,20,0,g1,Native,Native,Native,0
4893,1.70658e+09,1,0,1.0,0.184292,0.0,nan,20,0,g1,Native,Native,Native,0
4895,1.70658e+09,1,0,1.0,0.172934,0.0,nan,20,0,g1,Native,Native,Native,0
4897,1.70658e+09,1,0,1.0,0.175307,0.0,nan,20,0,g1,Native,Native,Native,0
4899,1.70658e+09,1,0,1.0,0.205233,0.0,nan,20,0,g1,Native,Native,Native,0
4901,1.70658e+09,1,0,1.0,0.172016,0.0,nan,20,0,g1,Native,Native,Native,0
4903,1.70658e+09,1,0,1.0,0.180005,0.0,nan,20,0,g1,Native,Native,Native,0
4905,1.70658e+09,1,0,1.0,0.172834,0.0,nan,20,0,g1,Native,Native,Native,0
4907,1.70658e+09,1,0,1.0,0.173337,0.0,nan,20,0,g1,Native,Native,Native,0
4909,1.70658e+09,1,0,1.0,0.171474,0.0,nan,20,0,g1,Native,Native,Native,0
4911,1.70658e+09,1,0,1.0,0.177819,0.0,nan,20,0,g1,Native,Native,Native,0
4913,1.70658e+09,1,0,1.0,0.165072,0.0,nan,20,0,g1,Native,Native,Native,0
4915,1.70658e+09,1,1,1.10116,0.182814,0.05,0.182814,20,1,g1,Native,Native,Native,0
4917,1.70658e+09,1,0,1.0,0.176548,0.05,0.182814,20,1,g1,Native,Native,Native,0
4919,1.70658e+09,1,0,1.0,0.171908,0.05,0.182814,20,1,g1,Native,Native,Native,0
4921,1.70658e+09,1,1,1.06571,0.180119,0.1,0.1814665,20,2,g1,Native,Native,Native,0
4923,1.70658e+09,1,1,1.03112,0.175291,0.15,0.180119,20,3,g1,Native,Native,Native,0
4925,1.70658e+09,1,0,1.0,0.174072,0.15,0.180119,20,3,g1,Native,Native,Native,0
4927,1.70658e+09,1,0,1.0,0.166076,0.15,0.180119,20,3,g1,Native,Native,Native,0
4929,1.70658e+09,1,0,1.0,0.171139,0.15,0.180119,20,3,g1,Native,Native,Native,0
4931,1.70658e+09,1,0,1.0,0.172834,0.15,0.180119,20,3,g1,Native,Native,Native,0
4933,1.70658e+09,1,0,1.0,0.177478,0.15,0.180119,20,3,g1,Native,Native,Native,0
4935,1.70658e+09,1,0,1.0,0.17667,0.15,0.180119,20,3,g1,Native,Native,Native,0
4937,1.70658e+09,1,0,1.0,0.180332,0.15,0.180119,20,3,g1,Native,Native,Native,0
4939,1.70658e+09,1,0,1.0,0.169946,0.15,0.180119,20,3,g1,Native,Native,Native,0
4941,1.70658e+09,1,0,1.0,0.171577,0.15,0.180119,20,3,g1,Native,Native,Native,0
4943,1.70658e+09,1,0,1.0,0.160048,0.15,0.180119,20,3,g1,Native,Native,Native,0
4945,1.70658e+09,1,0,1.0,0.165358,0.15,0.180119,20,3,g1,Native,Native,Native,0
4947,1.70658e+09,1,0,1.0,0.181856,0.15,0.180119,20,3,g1,Native,Native,Native,0
4949,1.70658e+09,1,0,1.0,0.17194,0.15,0.180119,20,3,g1,Native,Native,Native,0
4951,1.70658e+09,1,0,1.0,0.171368,0.15,0.180119,20,3,g1,Native,Native,Native,0
4953,1.70658e+09,1,0,1.0,0.173211,0.15,0.180119,20,3,g1,Native,Native,Native,0
4955,1.70658e+09,1,0,1.0,0.172614,0.1,0.177705,20,2,g1,Native,Native,Native,0
4957,1.70658e+09,1,0,1.0,0.171276,0.1,0.177705,20,2,g1,Native,Native,Native,0
4959,1.70658e+09,1,0,1.0,0.186362,0.1,0.177705,20,2,g1,Native,Native,Native,0
4961,1.70658e+09,1,0,1.0,0.17257,0.05,0.175291,20,1,g1,Native,Native,Native,0
4963,1.70658e+09,1,0,1.0,0.177859,0.0,nan,20,0,g1,Native,Native,Native,0
4965,1.70658e+09,1,0,1.0,0.173425,0.0,nan,20,0,g1,Native,Native,Native,0
4967,1.70658e+09,1,0,1.0,0.171926,0.0,nan,20,0,g1,Native,Native,Native,0
4969,1.70658e+09,1,0,1.0,0.178642,0.0,nan,20,0,g1,Native,Native,Native,0
4971,1.70658e+09,1,0,1.0,0.174311,0.0,nan,20,0,g1,Native,Native,Native,0
4973,1.70658e+09,1,0,1.0,0.178641,0.0,nan,20,0,g1,Native,Native,Native,0
4975,1.70658e+09,1,0,1.0,0.172057,0.0,nan,20,0,g1,Native,Native,Native,0
4977,1.70658e+09,1,0,1.0,0.171637,0.0,nan,20,0,g1,Native,Native,Native,0
4979,1.70658e+09,1,0,1.0,0.17778,0.0,nan,20,0,g1,Native,Native,Native,0
4981,1.70658e+09,1,0,1.0,0.176808,0.0,nan,20,0,g1,Native,Native,Native,0
4983,1.70658e+09,1,0,1.0,0.173841,0.0,nan,20,0,g1,Native,Native,Native,0
4985,1.70658e+09,1,0,1.0,0.171473,0.0,nan,20,0,g1,Native,Native,Native,0
4987,1.70658e+09,1,0,1.0,0.185481,0.0,nan,20,0,g1,Native,Native,Native,0
4989,1.70658e+09,1,0,1.0,0.170411,0.0,nan,20,0,g1,Native,Native,Native,0
4991,1.70658e+09,1,0,1.0,0.179166,0.0,nan,20,0,g1,Native,Native,Native,0
4993,1.70658e+09,1,0,1.0,0.172049,0.0,nan,20,0,g1,Native,Native,Native,0
4995,1.70658e+09,1,0,1.0,0.173871,0.0,nan,20,0,g1,Native,Native,Native,0
4997,1.70658e+09,1,0,1.0,0.17004,0.0,nan,20,0,g1,Native,Native,Native,0
4999,1.70658e+09,1,0,1.0,0.174351,0.0,nan,20,0,g1,Native,Native,Native,0
5001,1.70658e+09,1,0,1.0,0.183815,0.0,nan,20,0,g1,Native,Native,Native,0
5003,1.70658e+09,1,0,1.0,0.170117,0.0,nan,20,0,g1,Native,Native,Native,0
5005,1.70658e+09,1,0,1.0,0.172027,0.0,nan,20,0,g1,Native,Native,Native,0
5007,1.70658e+09,1,0,1.0,0.174792,0.0,nan,20,0,g1,Native,Native,Native,0
5009,1.70658e+09,1,0,1.0,0.172245,0.0,nan,20,0,g1,Native,Native,Native,0
5011,1.70658e+09,1,0,1.0,0.191333,0.0,nan,20,0,g1,Native,Native,Native,0
5013,1.70658e+09,1,0,1.0,0.173344,0.0,nan,20,0,g1,Native,Native,Native,0
5015,1.70658e+09,1,0,1.0,0.177079,0.0,nan,20,0,g1,Native,Native,Native,0
5017,1.70658e+09,1,0,1.0,0.176829,0.0,nan,20,0,g1,Native,Native,Native,0
5019,1.70658e+09,1,0,1.0,0.177947,0.0,nan,20,0,g1,Native,Native,Native,0
5021,1.70658e+09,1,0,1.0,0.183247,0.0,nan,20,0,g1,Native,Native,Native,0
5023,1.70658e+09,1,0,1.0,0.170842,0.0,nan,20,0,g1,Native,Native,Native,0
5025,1.70658e+09,1,0,1.0,0.171387,0.0,nan,20,0,g1,Native,Native,Native,0
5027,1.70658e+09,1,0,1.0,0.171803,0.0,nan,20,0,g1,Native,Native,Native,0
5029,1.70658e+09,1,0,1.0,0.175775,0.0,nan,20,0,g1,Native,Native,Native,0
5031,1.70658e+09,1,0,1.0,0.16991,0.0,nan,20,0,g1,Native,Native,Native,0
5033,1.70658e+09,1,0,1.0,0.17272,0.0,nan,20,0,g1,Native,Native,Native,0
5035,1.70658e+09,1,0,1.0,0.173482,0.0,nan,20,0,g1,Native,Native,Native,0
5037,1.70658e+09,1,0,1.0,0.173985,0.0,nan,20,0,g1,Native,Native,Native,0
5039,1.70658e+09,1,0,1.0,0.171465,0.0,nan,20,0,g1,Native,Native,Native,0
5041,1.70658e+09,1,0,1.0,0.183972,0.0,nan,20,0,g1,Native,Native,Native,0
5043,1.70658e+09,1,0,1.0,0.169766,0.0,nan,20,0,g1,Native,Native,Native,0
5045,1.70658e+09,1,0,1.0,0.172396,0.0,nan,20,0,g1,Native,Native,Native,0
5047,1.70658e+09,1,0,1.0,0.173338,0.0,nan,20,0,g1,Native,Native,Native,0
5049,1.70658e+09,1,0,1.0,0.175043,0.0,nan,20,0,g1,Native,Native,Native,0
5051,1.70658e+09,1,0,1.0,0.172779,0.0,nan,20,0,g1,Native,Native,Native,0
5053,1.70658e+09,1,0,1.0,0.178799,0.0,nan,20,0,g1,Native,Native,Native,0
5055,1.70658e+09,1,0,1.0,0.171233,0.0,nan,20,0,g1,Native,Native,Native,0
5057,1.70658e+09,1,0,1.0,0.176575,0.0,nan,20,0,g1,Native,Native,Native,0
5059,1.70658e+09,1,0,1.0,0.175196,0.0,nan,20,0,g1,Native,Native,Native,0
5061,1.70658e+09,1,0,1.0,0.170737,0.0,nan,20,0,g1,Native,Native,Native,0
5063,1.70658e+09,1,0,1.0,0.173775,0.0,nan,20,0,g1,Native,Native,Native,0
5065,1.70658e+09,1,0,1.0,0.170058,0.0,nan,20,0,g1,Native,Native,Native,0
5067,1.70658e+09,1,0,1.0,0.171142,0.0,nan,20,0,g1,Native,Native,Native,0
5069,1.70658e+09,1,0,1.0,0.168403,0.0,nan,20,0,g1,Native,Native,Native,0
5071,1.70658e+09,1,0,1.0,0.175977,0.0,nan,20,0,g1,Native,Native,Native,0
5073,1.70658e+09,1,0,1.0,0.175352,0.0,nan,20,0,g1,Native,Native,Native,0
5075,1.70658e+09,1,0,1.0,0.174263,0.0,nan,20,0,g1,Native,Native,Native,0
5077,1.70658e+09,1,0,1.0,0.16762,0.0,nan,20,0,g1,Native,Native,Native,0
5079,1.70658e+09,1,0,1.0,0.176799,0.0,nan,20,0,g1,Native,Native,Native,0
5081,1.70658e+09,1,0,1.0,0.177181,0.0,nan,20,0,g1,Native,Native,Native,0
5083,1.70658e+09,1,0,1.0,0.177506,0.0,nan,20,0,g1,Native,Native,Native,0
5085,1.70658e+09,1,0,1.0,0.170492,0.0,nan,20,0,g1,Native,Native,Native,0
5087,1.70658e+09,1,0,1.0,0.180779,0.0,nan,20,0,g1,Native,Native,Native,0
5089,1.70658e+09,1,0,1.0,0.176084,0.0,nan,20,0,g1,Native,Native,Native,0
5091,1.70658e+09,1,0,1.0,0.17337,0.0,nan,20,0,g1,Native,Native,Native,0
5093,1.70658e+09,1,0,1.0,0.168181,0.0,nan,20,0,g1,Native,Native,Native,0
5095,1.70658e+09,1,0,1.0,0.169406,0.0,nan,20,0,g1,Native,Native,Native,0
5097,1.70658e+09,1,0,1.0,0.172983,0.0,nan,20,0,g1,Native,Native,Native,0
5099,1.70658e+09,1,0,1.0,0.174191,0.0,nan,20,0,g1,Native,Native,Native,0
5101,1.70658e+09,1,0,1.0,0.170814,0.0,nan,20,0,g1,Native,Native,Native,0
5103,1.70658e+09,1,0,1.0,0.172291,0.0,nan,20,0,g1,Native,Native,Native,0
5105,1.70658e+09,1,0,1.0,0.174754,0.0,nan,20,0,g1,Native,Native,Native,0
5107,1.70658e+09,1,0,1.0,0.170294,0.0,nan,20,0,g1,Native,Native,Native,0
5109,1.70658e+09,1,0,1.0,0.176106,0.0,nan,20,0,g1,Native,Native,Native,0
5111,1.70658e+09,1,0,1.0,0.175971,0.0,nan,20,0,g1,Native,Native,Native,0
5113,1.70658e+09,1,0,1.0,0.176937,0.0,nan,20,0,g1,Native,Native,Native,0
5115,1.70658e+09,1,0,1.0,0.1714,0.0,nan,20,0,g1,Native,Native,Native,0
5117,1.70658e+09,1,0,1.0,0.176615,0.0,nan,20,0,g1,Native,Native,Native,0
5119,1.70658e+09,1,0,1.0,0.174621,0.0,nan,20,0,g1,Native,Native,Native,0
5121,1.70658e+09,1,0,1.0,0.169893,0.0,nan,20,0,g1,Native,Native,Native,0
5123,1.70658e+09,1,0,1.0,0.166357,0.0,nan,20,0,g1,Native,Native,Native,0
5125,1.70658e+09,1,0,1.0,0.167882,0.0,nan,20,0,g1,Native,Native,Native,0
5127,1.70658e+09,1,0,1.0,0.170198,0.0,nan,20,0,g1,Native,Native,Native,0
5129,1.70658e+09,1,0,1.0,0.177538,0.0,nan,20,0,g1,Native,Native,Native,0
5131,1.70658e+09,1,0,1.0,0.188562,0.0,nan,20,0,g1,Native,Native,Native,0
5133,1.70658e+09,1,0,1.0,0.175456,0.0,nan,20,0,g1,Native,Native,Native,0
5135,1.70658e+09,1,0,1.0,0.179069,0.0,nan,20,0,g1,Native,Native,Native,0
5137,1.70658e+09,1,0,1.0,0.189397,0.0,nan,20,0,g1,Native,Native,Native,0
5139,1.70658e+09,1,0,1.0,0.173746,0.0,nan,20,0,g1,Native,Native,Native,0
5141,1.70658e+09,1,0,1.0,0.182293,0.0,nan,20,0,g1,Native,Native,Native,0
5143,1.70658e+09,1,0,1.0,0.176916,0.0,nan,20,0,g1,Native,Native,Native,0
5145,1.70658e+09,1,0,1.0,0.16899,0.0,nan,20,0,g1,Native,Native,Native,0
5147,1.70658e+09,1,0,1.0,0.175598,0.0,nan,20,0,g1,Native,Native,Native,0
5149,1.70658e+09,1,0,1.0,0.176097,0.0,nan,20,0,g1,Native,Native,Native,0
5151,1.70658e+09,1,0,1.0,0.170664,0.0,nan,20,0,g1,Native,Native,Native,0
5153,1.70658e+09,1,0,1.0,0.179148,0.0,nan,20,0,g1,Native,Native,Native,0
5155,1.70658e+09,1,0,1.0,0.171678,0.0,nan,20,0,g1,Native,Native,Native,0
5157,1.70658e+09,1,0,1.0,0.170562,0.0,nan,20,0,g1,Native,Native,Native,0
5159,1.70658e+09,1,0,1.0,0.18227,0.0,nan,20,0,g1,Native,Native,Native,0
5161,1.70658e+09,1,0,1.0,0.174886,0.0,nan,20,0,g1,Native,Native,Native,0
5163,1.70658e+09,1,0,1.0,0.170468,0.0,nan,20,0,g1,Native,Native,Native,0
5165,1.70658e+09,1,0,1.0,0.175648,0.0,nan,20,0,g1,Native,Native,Native,0
5167,1.70658e+09,1,0,1.0,0.180524,0.0,nan,20,0,g1,Native,Native,Native,0
5169,1.70658e+09,1,0,1.0,0.175833,0.0,nan,20,0,g1,Native,Native,Native,0
5171,1.70658e+09,1,0,1.0,0.178573,0.0,nan,20,0,g1,Native,Native,Native,0
5173,1.70658e+09,1,0,1.0,0.174719,0.0,nan,20,0,g1,Native,Native,Native,0
5175,1.70658e+09,1,0,1.0,0.173408,0.0,nan,20,0,g1,Native,Native,Native,0
5177,1.70658e+09,1,0,1.0,0.174254,0.0,nan,20,0,g1,Native,Native,Native,0
5179,1.70658e+09,1,0,1.0,0.175603,0.0,nan,20,0,g1,Native,Native,Native,0
5181,1.70658e+09,1,0,1.0,0.16827,0.0,nan,20,0,g1,Native,Native,Native,0
5183,1.70658e+09,1,0,1.0,0.174307,0.0,nan,20,0,g1,Native,Native,Native,0
5185,1.70658e+09,1,0,1.0,0.184191,0.0,nan,20,0,g1,Native,Native,Native,0
5187,1.70658e+09,1,0,1.0,0.173471,0.0,nan,20,0,g1,Native,Native,Native,0
5189,1.70658e+09,1,0,1.0,0.176484,0.0,nan,20,0,g1,Native,Native,Native,0
5191,1.70658e+09,1,0,1.0,0.175615,0.0,nan,20,0,g1,Native,Native,Native,0
5193,1.70658e+09,1,0,1.0,0.170522,0.0,nan,20,0,g1,Native,Native,Native,0
5195,1.70658e+09,1,0,1.0,0.175375,0.0,nan,20,0,g1,Native,Native,Native,0
5197,1.70658e+09,1,0,1.0,0.170441,0.0,nan,20,0,g1,Native,Native,Native,0
5199,1.70658e+09,1,0,1.0,0.180327,0.0,nan,20,0,g1,Native,Native,Native,0
5201,1.70658e+09,1,0,1.0,0.180747,0.0,nan,20,0,g1,Native,Native,Native,0
5203,1.70658e+09,1,0,1.0,0.168452,0.0,nan,20,0,g1,Native,Native,Native,0
5205,1.70658e+09,1,0,1.0,0.17379,0.0,nan,20,0,g1,Native,Native,Native,0
5207,1.70658e+09,1,0,1.0,0.170397,0.0,nan,20,0,g1,Native,Native,Native,0
5209,1.70658e+09,1,0,1.0,0.175405,0.0,nan,20,0,g1,Native,Native,Native,0
5211,1.70658e+09,1,0,1.0,0.176597,0.0,nan,20,0,g1,Native,Native,Native,0
5213,1.70658e+09,1,0,1.0,0.174944,0.0,nan,20,0,g1,Native,Native,Native,0
