sequence_frame,timestamp,registration_success,weak_flag,weak_multiplier,q_weak,rolling_weak_fraction,rolling_q_median,rolling_successful_frames,rolling_q_frames,gate_candidate,state_before,state_after,selected_estimator,mode_switch
5,1.70554e+09,1,1,1.42952,0.000816006,1.0,0.000816006,1,1,g0,Native,Native,Native,0
7,1.70554e+09,1,1,2.43439,0.21789,1.0,0.109353003,2,2,g0,Native,Native,Native,0
9,1.70554e+09,1,1,2.385,0.198111,1.0,0.198111,3,3,g0,Native,Native,Native,0
11,1.70554e+09,1,1,2.31272,0.194122,1.0,0.1961165,4,4,g0,Native,Native,Native,0
13,1.70554e+09,1,1,2.27612,0.192171,1.0,0.194122,5,5,g0,Native,Native,Native,0
15,1.70554e+09,1,1,1.98868,0.169675,1.0,0.1931465,6,6,g0,Native,Native,Native,0
17,1.70554e+09,1,1,1.99118,0.174849,1.0,0.192171,7,7,g0,Native,Native,Native,0
19,1.70554e+09,1,1,1.71569,0.150915,1.0,0.18351,8,8,g0,Native,Native,Native,0
21,1.70554e+09,1,1,1.81024,0.164317,1.0,0.174849,9,9,g0,Native,Native,Native,0
23,1.70554e+09,1,1,1.93309,0.174568,1.0,0.1747085,10,10,g0,Native,Loose,Loose_L1,1
25,1.70554e+09,1,1,1.77164,0.159124,1.0,0.174568,11,11,g0,Loose,Loose,Loose_L1,0
27,1.70554e+09,0,0,nan,nan,1.0,0.174568,11,11,g0,Loose,Loose,Native,0
29,1.70554e+09,1,1,1.77748,0.0793152,1.0,0.17212149999999998,12,12,g0,Loose,Loose,Loose_L1,0
31,1.70554e+09,1,1,1.73316,0.157658,1.0,0.169675,13,13,g0,Loose,Loose,Loose_L1,0
33,1.70554e+09,1,1,1.72764,0.158938,1.0,0.16699599999999998,14,14,g0,Loose,Loose,Loose_L1,0
35,1.70554e+09,1,1,1.83403,0.167374,1.0,0.167374,15,15,g0,Loose,Loose,Loose_L1,0
37,1.70554e+09,1,1,1.82696,0.166576,1.0,0.16697499999999998,16,16,g0,Loose,Loose,Loose_L1,0
39,1.70554e+09,0,0,nan,nan,1.0,0.16697499999999998,16,16,g0,Loose,Loose,Native,0
41,1.70554e+09,0,0,nan,nan,1.0,0.16697499999999998,16,16,g0,Loose,Loose,Native,0
43,1.70554e+09,1,1,1.7325,0.0511015,1.0,0.166576,17,17,g0,Loose,Loose,Loose_L1,0
45,1.70554e+09,1,1,1.52967,0.141578,1.0,0.1654465,18,18,g0,Loose,Loose,Loose_L1,0
47,1.70554e+09,1,1,1.64758,0.155083,1.0,0.164317,19,19,g0,Loose,Loose,Loose_L1,0
49,1.70554e+09,1,1,1.68525,0.160584,1.0,0.1624505,20,20,g0,Loose,Loose,Loose_L1,0
51,1.70554e+09,1,1,1.55666,0.147485,1.0,0.1624505,20,20,g0,Loose,Loose,Loose_L1,0
53,1.70554e+09,1,1,1.60243,0.153709,1.0,0.159854,20,20,g0,Loose,Loose,Loose_L1,0
55,1.70554e+09,1,1,1.62622,0.155126,1.0,0.15903099999999998,20,20,g0,Loose,Loose,Loose_L1,0
57,1.70554e+09,1,1,1.55547,0.14846,1.0,0.158298,20,20,g0,Loose,Loose,Loose_L1,0
59,1.70554e+09,1,1,1.29922,0.123356,1.0,0.15639199999999998,20,20,g0,Loose,Loose,Loose_L1,0
61,1.70554e+09,1,1,1.65595,0.162689,1.0,0.15639199999999998,20,20,g0,Loose,Loose,Loose_L1,0
63,1.70554e+09,1,1,1.60798,0.150248,1.0,0.15510449999999998,20,20,g0,Loose,Loose,Loose_L1,0
65,1.70554e+09,1,1,1.45114,0.136967,1.0,0.15510449999999998,20,20,g0,Loose,Loose,Loose_L1,0
67,1.70554e+09,1,1,1.42559,0.136597,1.0,0.154396,20,20,g0,Loose,Loose,Loose_L1,0
69,1.70554e+09,1,1,1.51451,0.145631,1.0,0.15197850000000002,20,20,g0,Loose,Loose,Loose_L1,0
71,1.70554e+09,1,1,1.29835,0.122749,1.0,0.149354,20,20,g0,Loose,Loose,Loose_L1,0
73,1.70554e+09,1,1,1.27411,0.123659,1.0,0.149354,20,20,g0,Loose,Loose,Loose_L1,0
75,1.70554e+09,1,1,1.5391,0.148995,1.0,0.1487275,20,20,g0,Loose,Loose,Loose_L1,0
77,1.70554e+09,1,1,1.34757,0.128089,1.0,0.1479725,20,20,g0,Loose,Loose,Loose_L1,0
79,1.70554e+09,1,1,1.36375,0.133458,1.0,0.14655800000000002,20,20,g0,Loose,Loose,Loose_L1,0
81,1.70554e+09,1,1,1.38791,0.133908,1.0,0.14360450000000002,20,20,g0,Loose,Loose,Loose_L1,0
83,1.70554e+09,1,1,1.38721,0.133235,1.0,0.14360450000000002,20,20,g0,Loose,Loose,Loose_L1,0
85,1.70554e+09,1,1,1.38373,0.134936,1.0,0.141299,20,20,g0,Loose,Loose,Loose_L1,0
87,1.70554e+09,1,1,1.32401,0.129535,1.0,0.13678200000000001,20,20,g0,Loose,Loose,Loose_L1,0
89,1.70554e+09,1,1,1.33293,0.131916,1.0,0.1357665,20,20,g0,Loose,Loose,Loose_L1,0
91,1.70554e+09,1,1,1.27952,0.125126,1.0,0.13442199999999999,20,20,g0,Loose,Loose,Loose_L1,0
93,1.70554e+09,1,1,1.18954,0.115499,1.0,0.133683,20,20,g0,Loose,Loose,Loose_L1,0
95,1.70554e+09,1,1,1.23326,0.123289,1.0,0.13334649999999998,20,20,g0,Loose,Loose,Loose_L1,0
97,1.70554e+09,0,0,nan,nan,1.0,0.13334649999999998,20,20,g0,Loose,Loose,Native,0
99,1.70554e+09,0,0,nan,nan,1.0,0.13334649999999998,20,20,g0,Loose,Loose,Native,0
101,1.70554e+09,1,1,1.69976,0.0544376,1.0,0.1325755,20,20,g0,Loose,Loose,Loose_L1,0
103,1.70554e+09,0,0,nan,nan,1.0,0.1325755,20,20,g0,Loose,Loose,Native,0
105,1.70554e+09,1,1,1.41268,0.0673674,1.0,0.1325755,20,20,g0,Loose,Loose,Loose_L1,0
107,1.70554e+09,0,0,nan,nan,1.0,0.1325755,20,20,g0,Loose,Loose,Native,0
109,1.70554e+09,1,1,1.30381,0.0626424,1.0,0.1307255,20,20,g0,Loose,Loose,Loose_L1,0
111,1.70554e+09,1,1,1.56053,0.152007,1.0,0.1307255,20,20,g0,Loose,Loose,Loose_L1,0
113,1.70554e+09,1,1,1.39697,0.133756,1.0,0.1307255,20,20,g0,Loose,Loose,Loose_L1,0
115,1.70554e+09,1,1,1.27391,0.124037,1.0,0.128812,20,20,g0,Loose,Loose,Loose_L1,0
117,1.70554e+09,1,1,1.37599,0.1352,1.0,0.128812,20,20,g0,Loose,Loose,Loose_L1,0
119,1.70554e+09,1,1,1.41198,0.136494,1.0,0.1307255,20,20,g0,Loose,Loose,Loose_L1,0
121,1.70554e+09,1,1,1.26382,0.121683,1.0,0.1307255,20,20,g0,Loose,Loose,Loose_L1,0
123,1.70554e+09,1,1,1.25583,0.12563,1.0,0.128812,20,20,g0,Loose,Loose,Loose_L1,0
125,1.70554e+09,1,1,1.24391,0.121804,1.0,0.1275825,20,20,g0,Loose,Loose,Loose_L1,0
127,1.70554e+09,1,1,1.32972,0.129933,1.0,0.1275825,20,20,g0,Loose,Loose,Loose_L1,0
129,1.70554e+09,1,1,1.28344,0.125321,1.0,0.1254755,20,20,g0,Loose,Loose,Loose_L1,0
131,1.70554e+09,1,1,1.35018,0.134152,1.0,0.1254755,20,20,g0,Loose,Loose,Loose_L1,0
133,1.70554e+09,1,1,1.30796,0.129143,1.0,0.1254755,20,20,g0,Loose,Loose,Loose_L1,0
135,1.70554e+09,1,1,1.27445,0.126841,1.0,0.1254755,20,20,g0,Loose,Loose,Loose_L1,0
137,1.70554e+09,1,1,1.21872,0.120552,1.0,0.1252235,20,20,g0,Loose,Loose,Loose_L1,0
139,1.70554e+09,1,1,1.26147,0.123266,1.0,0.12467899999999998,20,20,g0,Loose,Loose,Loose_L1,0
141,1.70554e+09,1,1,1.17774,0.117498,1.0,0.12467899999999998,20,20,g0,Loose,Loose,Loose_L1,0
143,1.70554e+09,1,1,1.11853,0.110455,1.0,0.12467899999999998,20,20,g0,Loose,Loose,Loose_L1,0
145,1.70554e+09,1,1,1.19115,0.119847,1.0,0.12467899999999998,20,20,g0,Loose,Loose,Loose_L1,0
147,1.70554e+09,1,1,1.36506,0.134915,1.0,0.1254755,20,20,g0,Loose,Loose,Loose_L1,0
149,1.70554e+09,1,1,1.27151,0.123674,1.0,0.1254755,20,20,g0,Loose,Loose,Loose_L1,0
151,1.70554e+09,1,1,1.36566,0.134545,1.0,0.1254755,20,20,g0,Loose,Loose,Loose_L1,0
153,1.70554e+09,0,0,nan,nan,1.0,0.1254755,20,20,g0,Loose,Loose,Native,0
155,1.70554e+09,1,1,1.3626,0.0671579,1.0,0.12467899999999998,20,20,g0,Loose,Loose,Loose_L1,0
157,1.70554e+09,1,1,1.45042,0.14251,1.0,0.1254755,20,20,g0,Loose,Loose,Loose_L1,0
159,1.70554e+09,1,1,1.36353,0.134398,1.0,0.1254755,20,20,g0,Loose,Loose,Loose_L1,0
161,1.70554e+09,1,1,1.49999,0.14812,1.0,0.1254755,20,20,g0,Loose,Loose,Loose_L1,0
163,1.70554e+09,1,1,1.40861,0.138698,1.0,0.1262355,20,20,g0,Loose,Loose,Loose_L1,0
165,1.70554e+09,1,1,1.28428,0.126612,1.0,0.12672650000000002,20,20,g0,Loose,Loose,Loose_L1,0
167,1.70554e+09,0,0,nan,nan,1.0,0.12672650000000002,20,20,g0,Loose,Loose,Native,0
169,1.70554e+09,1,1,1.20585,0.0595951,1.0,0.12672650000000002,20,20,g0,Loose,Loose,Loose_L1,0
171,1.70554e+09,1,1,1.19906,0.119422,1.0,0.12596649999999998,20,20,g0,Loose,Loose,Loose_L1,0
173,1.70554e+09,1,1,1.32565,0.129705,1.0,0.12672650000000002,20,20,g0,Loose,Loose,Loose_L1,0
175,1.70554e+09,1,1,1.30776,0.12791,1.0,0.12672650000000002,20,20,g0,Loose,Loose,Loose_L1,0
177,1.70554e+09,1,1,1.5612,0.156413,1.0,0.12672650000000002,20,20,g0,Loose,Loose,Loose_L1,0
179,1.70554e+09,1,1,1.45214,0.140708,1.0,0.127261,20,20,g0,Loose,Loose,Loose_L1,0
181,1.70554e+09,0,0,nan,nan,1.0,0.127261,20,20,g0,Loose,Loose,Native,0
183,1.70554e+09,1,1,1.42617,0.0703832,1.0,0.127261,20,20,g0,Loose,Loose,Loose_L1,0
185,1.70554e+09,1,1,1.333,0.128257,1.0,0.12808350000000002,20,20,g0,Loose,Loose,Loose_L1,0
187,1.70554e+09,1,1,1.49105,0.146299,1.0,0.128981,20,20,g0,Loose,Loose,Loose_L1,0
189,1.70554e+09,1,1,1.4789,0.142853,1.0,0.1320515,20,20,g0,Loose,Loose,Loose_L1,0
191,1.70554e+09,1,1,1.48342,0.142841,1.0,0.1344715,20,20,g0,Loose,Loose,Loose_L1,0
193,1.70554e+09,1,1,1.31454,0.127802,1.0,0.1320515,20,20,g0,Loose,Loose,Loose_L1,0
195,1.70554e+09,1,1,1.39193,0.136895,1.0,0.1344715,20,20,g0,Loose,Loose,Loose_L1,0
197,1.70554e+09,1,1,1.49472,0.146963,1.0,0.1356465,20,20,g0,Loose,Loose,Loose_L1,0
199,1.70554e+09,1,1,1.32577,0.127923,1.0,0.1356465,20,20,g0,Loose,Loose,Loose_L1,0
201,1.70554e+09,1,1,1.38062,0.135366,1.0,0.134882,20,20,g0,Loose,Loose,Loose_L1,0
203,1.70554e+09,1,1,1.46295,0.142683,1.0,0.1361305,20,20,g0,Loose,Loose,Loose_L1,0
205,1.70554e+09,1,1,1.50023,0.147289,1.0,0.1361305,20,20,g0,Loose,Loose,Loose_L1,0
207,1.70554e+09,1,1,1.58209,0.153708,1.0,0.1361305,20,20,g0,Loose,Loose,Loose_L1,0
209,1.70554e+09,1,1,1.60526,0.155056,1.0,0.1388015,20,20,g0,Loose,Loose,Loose_L1,0
211,1.70554e+09,1,1,1.6781,0.160471,1.0,0.1416955,20,20,g0,Loose,Loose,Loose_L1,0
213,1.70554e+09,1,1,1.4535,0.138251,1.0,0.1416955,20,20,g0,Loose,Loose,Loose_L1,0
215,1.70554e+09,1,1,1.54133,0.151384,1.0,0.142762,20,20,g0,Loose,Loose,Loose_L1,0
217,1.70554e+09,1,1,1.56411,0.153547,1.0,0.142847,20,20,g0,Loose,Loose,Loose_L1,0
219,1.70554e+09,1,1,1.31312,0.127779,1.0,0.142762,20,20,g0,Loose,Loose,Loose_L1,0
221,1.70554e+09,1,1,1.43523,0.141306,1.0,0.142762,20,20,g0,Loose,Loose,Loose_L1,0
223,1.70554e+09,1,1,1.47325,0.143508,1.0,0.142847,20,20,g0,Loose,Loose,Loose_L1,0
225,1.70554e+09,1,1,1.55761,0.151836,1.0,0.1431805,20,20,g0,Loose,Loose,Loose_L1,0
227,1.70554e+09,1,1,1.4441,0.138315,1.0,0.142847,20,20,g0,Loose,Loose,Loose_L1,0
229,1.70554e+09,1,1,1.46189,0.140424,1.0,0.142762,20,20,g0,Loose,Loose,Loose_L1,0
231,1.70554e+09,1,1,1.40733,0.134782,1.0,0.1419945,20,20,g0,Loose,Loose,Loose_L1,0
233,1.70554e+09,1,1,1.48883,0.145879,1.0,0.1430955,20,20,g0,Loose,Loose,Loose_L1,0
235,1.70554e+09,1,1,1.48999,0.146089,1.0,0.1446935,20,20,g0,Loose,Loose,Loose_L1,0
237,1.70554e+09,1,1,1.86151,0.181091,1.0,0.1446935,20,20,g0,Loose,Loose,Loose_L1,0
239,1.70554e+09,1,1,1.18274,0.111126,1.0,0.1446935,20,20,g0,Loose,Loose,Loose_L1,0
241,1.70554e+09,1,1,1.16579,0.116074,1.0,0.1446935,20,20,g0,Loose,Loose,Loose_L1,0
243,1.70554e+09,1,1,1.10702,0.108033,1.0,0.1446935,20,20,g0,Loose,Loose,Loose_L1,0
245,1.70554e+09,1,1,1.21848,0.124709,1.0,0.142407,20,20,g0,Loose,Loose,Loose_L1,0
247,1.70554e+09,1,1,1.83564,0.19201,1.0,0.142407,20,20,g0,Loose,Loose,Loose_L1,0
249,1.70554e+09,1,1,1.65282,0.153343,1.0,0.142407,20,20,g0,Loose,Loose,Loose_L1,0
251,1.70554e+09,1,1,1.74972,0.166656,1.0,0.142407,20,20,g0,Loose,Loose,Loose_L1,0
253,1.70554e+09,1,1,1.95685,0.172401,1.0,0.1446935,20,20,g0,Loose,Loose,Loose_L1,0
255,1.70554e+09,1,1,2.31506,0.224609,1.0,0.1446935,20,20,g0,Loose,Loose,Loose_L1,0
257,1.70554e+09,1,1,2.47677,0.232307,1.0,0.1446935,20,20,g0,Loose,Loose,Loose_L1,0
259,1.70554e+09,1,1,2.66621,0.248703,1.0,0.145984,20,20,g0,Loose,Loose,Loose_L1,0
261,1.70554e+09,1,1,2.31033,0.204997,1.0,0.1489625,20,20,g0,Loose,Loose,Loose_L1,0
263,1.70554e+09,1,1,2.00126,0.183991,1.0,0.1525895,20,20,g0,Loose,Loose,Loose_L1,0
265,1.70554e+09,1,1,1.67,0.159333,1.0,0.156338,20,20,g0,Loose,Loose,Loose_L1,0
267,1.70554e+09,1,1,1.51505,0.152821,1.0,0.156338,20,20,g0,Loose,Loose,Loose_L1,0
269,1.70554e+09,1,1,2.02123,0.184696,1.0,0.1629945,20,20,g0,Loose,Loose,Loose_L1,0
271,1.70554e+09,1,1,2.35228,0.206258,1.0,0.1695285,20,20,g0,Loose,Loose,Loose_L1,0
273,1.70554e+09,1,1,2.25877,0.199294,1.0,0.17674600000000001,20,20,g0,Loose,Loose,Loose_L1,0
275,1.70554e+09,1,1,1.21265,0.108636,1.0,0.17674600000000001,20,20,g0,Loose,Loose,Loose_L1,0
277,1.70554e+09,1,1,1.03689,0.114218,1.0,0.1695285,20,20,g0,Loose,Loose,Loose_L1,0
279,1.70554e+09,1,0,1.0,0.106753,0.95,0.172401,20,19,g0,Loose,Loose,Loose_L1,0
281,1.70554e+09,1,0,1.0,0.0978743,0.9,0.178196,20,18,g0,Loose,Loose,Loose_L1,0
283,1.70554e+09,1,0,1.0,0.111877,0.85,0.183991,20,17,g0,Loose,Loose,Loose_L1,0
285,1.70554e+09,1,0,1.0,0.129789,0.8,0.1843435,20,16,g0,Loose,Loose,Loose_L1,0
287,1.70554e+09,1,0,1.0,0.110241,0.75,0.183991,20,15,g0,Loose,Loose,Loose_L1,0
289,1.70554e+09,1,0,1.0,0.103353,0.7,0.1843435,20,14,g0,Loose,Loose,Loose_L1,0
291,1.70554e+09,1,0,1.0,0.105594,0.65,0.184696,20,13,g0,Loose,Loose,Loose_L1,0
293,1.70554e+09,1,0,1.0,0.113301,0.6,0.191995,20,12,g0,Loose,Native,Native,1
295,1.70554e+09,1,0,1.0,0.11073,0.55,0.184696,20,11,g0,Native,Native,Native,0
297,1.70554e+09,1,0,1.0,0.10232,0.5,0.1843435,20,10,g0,Native,Native,Native,0
299,1.70554e+09,1,0,1.0,0.109009,0.45,0.183991,20,9,g0,Native,Native,Native,0
301,1.70554e+09,1,0,1.0,0.107134,0.4,0.17166199999999998,20,8,g0,Native,Native,Native,0
303,1.70554e+09,1,0,1.0,0.10129,0.35,0.159333,20,7,g0,Native,Native,Native,0
305,1.70554e+09,1,0,1.0,0.102122,0.3,0.1687585,20,6,g0,Native,Native,Native,0
307,1.70554e+09,1,0,1.0,0.106822,0.25,0.184696,20,5,g0,Native,Native,Native,0
309,1.70554e+09,1,0,1.0,0.106231,0.2,0.156756,20,4,g0,Native,Native,Native,0
311,1.70554e+09,1,0,1.0,0.101919,0.15,0.114218,20,3,g0,Native,Native,Native,0
313,1.70554e+09,1,0,1.0,0.10667,0.1,0.111427,20,2,g0,Native,Native,Native,0
315,1.70554e+09,1,0,1.0,0.104993,0.05,0.114218,20,1,g0,Native,Native,Native,0
317,1.70554e+09,1,0,1.0,0.107492,0.0,nan,20,0,g0,Native,Native,Native,0
319,1.70554e+09,1,0,1.0,0.109553,0.0,nan,20,0,g0,Native,Native,Native,0
321,1.70554e+09,1,0,1.0,0.119904,0.0,nan,20,0,g0,Native,Native,Native,0
323,1.70554e+09,1,0,1.0,0.111614,0.0,nan,20,0,g0,Native,Native,Native,0
325,1.70554e+09,1,0,1.0,0.117179,0.0,nan,20,0,g0,Native,Native,Native,0
327,1.70554e+09,1,0,1.0,0.111142,0.0,nan,20,0,g0,Native,Native,Native,0
329,1.70554e+09,1,0,1.0,0.102572,0.0,nan,20,0,g0,Native,Native,Native,0
331,1.70554e+09,1,0,1.0,0.112023,0.0,nan,20,0,g0,Native,Native,Native,0
333,1.70554e+09,1,0,1.0,0.126603,0.0,nan,20,0,g0,Native,Native,Native,0
335,1.70554e+09,1,0,1.0,0.109954,0.0,nan,20,0,g0,Native,Native,Native,0
337,1.70554e+09,1,0,1.0,0.128638,0.0,nan,20,0,g0,Native,Native,Native,0
339,1.70554e+09,1,0,1.0,0.10199,0.0,nan,20,0,g0,Native,Native,Native,0
341,1.70554e+09,1,0,1.0,0.0999452,0.0,nan,20,0,g0,Native,Native,Native,0
343,1.70554e+09,1,0,1.0,0.104974,0.0,nan,20,0,g0,Native,Native,Native,0
345,1.70554e+09,1,0,1.0,0.105308,0.0,nan,20,0,g0,Native,Native,Native,0
347,1.70554e+09,1,0,1.0,0.105771,0.0,nan,20,0,g0,Native,Native,Native,0
349,1.70554e+09,1,0,1.0,0.102655,0.0,nan,20,0,g0,Native,Native,Native,0
351,1.70554e+09,1,0,1.0,0.0986601,0.0,nan,20,0,g0,Native,Native,Native,0
353,1.70554e+09,1,0,1.0,0.10287,0.0,nan,20,0,g0,Native,Native,Native,0
355,1.70554e+09,1,0,1.0,0.106156,0.0,nan,20,0,g0,Native,Native,Native,0
357,1.70554e+09,1,0,1.0,0.105205,0.0,nan,20,0,g0,Native,Native,Native,0
359,1.70554e+09,1,0,1.0,0.104751,0.0,nan,20,0,g0,Native,Native,Native,0
361,1.70554e+09,1,0,1.0,0.0996907,0.0,nan,20,0,g0,Native,Native,Native,0
363,1.70554e+09,1,0,1.0,0.104748,0.0,nan,20,0,g0,Native,Native,Native,0
365,1.70554e+09,1,0,1.0,0.112256,0.0,nan,20,0,g0,Native,Native,Native,0
367,1.70554e+09,1,0,1.0,0.109156,0.0,nan,20,0,g0,Native,Native,Native,0
369,1.70554e+09,1,0,1.0,0.128106,0.0,nan,20,0,g0,Native,Native,Native,0
371,1.70554e+09,1,0,1.0,0.142708,0.0,nan,20,0,g0,Native,Native,Native,0
373,1.70554e+09,1,0,1.0,0.123295,0.0,nan,20,0,g0,Native,Native,Native,0
375,1.70554e+09,1,0,1.0,0.107531,0.0,nan,20,0,g0,Native,Native,Native,0
377,1.70554e+09,1,0,1.0,0.108906,0.0,nan,20,0,g0,Native,Native,Native,0
379,1.70554e+09,1,0,1.0,0.108586,0.0,nan,20,0,g0,Native,Native,Native,0
381,1.70554e+09,1,0,1.0,0.107387,0.0,nan,20,0,g0,Native,Native,Native,0
383,1.70554e+09,1,0,1.0,0.113664,0.0,nan,20,0,g0,Native,Native,Native,0
385,1.70554e+09,1,0,1.0,0.112839,0.0,nan,20,0,g0,Native,Native,Native,0
387,1.70554e+09,1,0,1.0,0.112962,0.0,nan,20,0,g0,Native,Native,Native,0
389,1.70554e+09,1,0,1.0,0.107521,0.0,nan,20,0,g0,Native,Native,Native,0
391,1.70554e+09,1,0,1.0,0.130584,0.0,nan,20,0,g0,Native,Native,Native,0
393,1.70554e+09,1,0,1.0,0.112695,0.0,nan,20,0,g0,Native,Native,Native,0
395,1.70554e+09,1,0,1.0,0.117758,0.0,nan,20,0,g0,Native,Native,Native,0
397,1.70554e+09,1,0,1.0,0.127244,0.0,nan,20,0,g0,Native,Native,Native,0
399,1.70554e+09,1,0,1.0,0.111449,0.0,nan,20,0,g0,Native,Native,Native,0
401,1.70554e+09,1,0,1.0,0.112959,0.0,nan,20,0,g0,Native,Native,Native,0
403,1.70554e+09,1,0,1.0,0.110774,0.0,nan,20,0,g0,Native,Native,Native,0
405,1.70554e+09,1,0,1.0,0.143691,0.0,nan,20,0,g0,Native,Native,Native,0
407,1.70554e+09,1,0,1.0,0.104307,0.0,nan,20,0,g0,Native,Native,Native,0
409,1.70554e+09,1,0,1.0,0.129253,0.0,nan,20,0,g0,Native,Native,Native,0
411,1.70554e+09,1,0,1.0,0.109112,0.0,nan,20,0,g0,Native,Native,Native,0
413,1.70554e+09,1,0,1.0,0.116181,0.0,nan,20,0,g0,Native,Native,Native,0
415,1.70554e+09,1,0,1.0,0.111203,0.0,nan,20,0,g0,Native,Native,Native,0
417,1.70554e+09,1,0,1.0,0.114142,0.0,nan,20,0,g0,Native,Native,Native,0
419,1.70554e+09,1,0,1.0,0.108423,0.0,nan,20,0,g0,Native,Native,Native,0
421,1.70554e+09,1,0,1.0,0.163292,0.0,nan,20,0,g0,Native,Native,Native,0
423,1.70554e+09,1,0,1.0,0.104874,0.0,nan,20,0,g0,Native,Native,Native,0
425,1.70554e+09,1,0,1.0,0.108675,0.0,nan,20,0,g0,Native,Native,Native,0
427,1.70554e+09,1,0,1.0,0.10082,0.0,nan,20,0,g0,Native,Native,Native,0
429,1.70554e+09,1,0,1.0,0.110328,0.0,nan,20,0,g0,Native,Native,Native,0
431,1.70554e+09,1,0,1.0,0.102864,0.0,nan,20,0,g0,Native,Native,Native,0
433,1.70554e+09,1,0,1.0,0.103742,0.0,nan,20,0,g0,Native,Native,Native,0
435,1.70554e+09,1,1,1.23462,0.126782,0.05,0.126782,20,1,g0,Native,Native,Native,0
437,1.70554e+09,1,1,1.30751,0.129587,0.1,0.1281845,20,2,g0,Native,Native,Native,0
439,1.70554e+09,1,0,1.0,0.105133,0.1,0.1281845,20,2,g0,Native,Native,Native,0
441,1.70554e+09,1,0,1.0,0.103473,0.1,0.1281845,20,2,g0,Native,Native,Native,0
443,1.70554e+09,1,0,1.0,0.101325,0.1,0.1281845,20,2,g0,Native,Native,Native,0
445,1.70554e+09,1,0,1.0,0.0945194,0.1,0.1281845,20,2,g0,Native,Native,Native,0
447,1.70554e+09,1,0,1.0,0.107766,0.1,0.1281845,20,2,g0,Native,Native,Native,0
449,1.70554e+09,1,1,1.02848,0.113289,0.15,0.126782,20,3,g0,Native,Native,Native,0
451,1.70554e+09,1,1,1.1708,0.117417,0.2,0.1220995,20,4,g0,Native,Native,Native,0
453,1.70554e+09,1,0,1.0,0.11176,0.2,0.1220995,20,4,g0,Native,Native,Native,0
455,1.70554e+09,1,0,1.0,0.104931,0.2,0.1220995,20,4,g0,Native,Native,Native,0
457,1.70554e+09,1,1,1.43282,0.148284,0.25,0.126782,20,5,g0,Native,Native,Native,0
459,1.70554e+09,1,1,1.11375,0.107709,0.3,0.1220995,20,6,g0,Native,Native,Native,0
461,1.70554e+09,1,1,1.08172,0.108695,0.35,0.117417,20,7,g0,Native,Native,Native,0
463,1.70554e+09,1,1,1.07806,0.109847,0.4,0.115353,20,8,g0,Native,Native,Native,0
465,1.70554e+09,1,1,1.25403,0.128759,0.45,0.117417,20,9,g0,Native,Native,Native,0
467,1.70554e+09,1,1,1.29797,0.122012,0.5,0.1197145,20,10,g0,Native,Native,Native,0
469,1.70554e+09,1,1,1.05642,0.107485,0.55,0.117417,20,11,g0,Native,Native,Native,0
471,1.70554e+09,1,0,1.0,0.108947,0.55,0.117417,20,11,g0,Native,Native,Native,0
473,1.70554e+09,1,1,1.27615,0.128859,0.6,0.1197145,20,12,g0,Native,Native,Native,0
475,1.70554e+09,1,1,1.2182,0.113823,0.6,0.11562,20,12,g0,Native,Native,Native,0
477,1.70554e+09,1,1,1.48658,0.126361,0.6,0.11562,20,12,g0,Native,Native,Native,0
479,1.70554e+09,1,1,1.21311,0.12083,0.65,0.117417,20,13,g0,Native,Native,Native,0
481,1.70554e+09,1,1,1.08921,0.120806,0.7,0.1191115,20,14,g0,Native,Native,Native,0
483,1.70554e+09,1,0,1.0,0.105542,0.7,0.1191115,20,14,g0,Native,Native,Native,0
485,1.70554e+09,1,1,1.23583,0.117377,0.75,0.117417,20,15,g0,Native,Loose,Loose_L1,1
487,1.70554e+09,1,0,1.0,0.100598,0.75,0.117417,20,15,g0,Loose,Loose,Loose_L1,0
489,1.70554e+09,1,1,1.08364,0.11277,0.75,0.117417,20,15,g0,Loose,Loose,Loose_L1,0
491,1.70554e+09,1,1,1.05323,0.101631,0.75,0.117377,20,15,g0,Loose,Loose,Loose_L1,0
493,1.70554e+09,1,1,1.16687,0.120918,0.8,0.11909149999999999,20,16,g0,Loose,Loose,Loose_L1,0
495,1.70554e+09,1,1,1.18311,0.110886,0.85,0.117377,20,17,g0,Loose,Loose,Loose_L1,0
497,1.70554e+09,1,0,1.0,0.0986108,0.8,0.1156,20,16,g0,Loose,Loose,Loose_L1,0
499,1.70554e+09,1,0,1.0,0.110109,0.75,0.117377,20,15,g0,Loose,Loose,Loose_L1,0
501,1.70554e+09,1,0,1.0,0.102996,0.7,0.11909149999999999,20,14,g0,Loose,Loose,Loose_L1,0
503,1.70554e+09,1,1,1.00482,0.0999618,0.7,0.11909149999999999,20,14,g0,Loose,Loose,Loose_L1,0
505,1.70554e+09,1,1,1.27229,0.120085,0.7,0.118731,20,14,g0,Loose,Loose,Loose_L1,0
507,1.70554e+09,1,1,1.38002,0.127404,0.7,0.118731,20,14,g0,Loose,Loose,Loose_L1,0
509,1.70554e+09,1,1,1.25307,0.120788,0.7,0.1204365,20,14,g0,Loose,Loose,Loose_L1,0
511,1.70554e+09,1,1,1.2944,0.121413,0.75,0.120788,20,15,g0,Loose,Loose,Loose_L1,0
513,1.70554e+09,1,1,1.02926,0.102986,0.75,0.120085,20,15,g0,Loose,Loose,Loose_L1,0
515,1.70554e+09,1,1,1.0505,0.101948,0.75,0.120085,20,15,g0,Loose,Loose,Loose_L1,0
517,1.70554e+09,1,1,1.27567,0.127357,0.75,0.120085,20,15,g0,Loose,Loose,Loose_L1,0
519,1.70554e+09,1,1,1.0177,0.101073,0.75,0.117377,20,15,g0,Loose,Loose,Loose_L1,0
521,1.70554e+09,1,1,1.20351,0.117931,0.75,0.117377,20,15,g0,Loose,Loose,Loose_L1,0
523,1.70554e+09,1,1,1.0917,0.109463,0.8,0.1150735,20,16,g0,Loose,Loose,Loose_L1,0
525,1.70554e+09,1,1,1.17022,0.121856,0.8,0.1153505,20,16,g0,Loose,Loose,Loose_L1,0
527,1.70554e+09,1,1,1.20502,0.119015,0.85,0.117931,20,17,g0,Loose,Loose,Loose_L1,0
529,1.70554e+09,1,1,1.31729,0.127226,0.85,0.119015,20,17,g0,Loose,Loose,Loose_L1,0
531,1.70554e+09,1,1,1.17024,0.108454,0.85,0.119015,20,17,g0,Loose,Loose,Loose_L1,0
533,1.70554e+09,1,1,1.38291,0.135506,0.85,0.119015,20,17,g0,Loose,Loose,Loose_L1,0
535,1.70554e+09,1,0,1.0,0.103006,0.8,0.11954999999999999,20,16,g0,Loose,Loose,Loose_L1,0
537,1.70554e+09,1,1,1.15431,0.110826,0.85,0.119015,20,17,g0,Loose,Loose,Loose_L1,0
539,1.70554e+09,1,1,1.16364,0.116858,0.9,0.118473,20,18,g0,Loose,Loose,Loose_L1,0
541,1.70554e+09,1,1,1.42099,0.135021,0.95,0.119015,20,19,g0,Loose,Loose,Loose_L1,0
543,1.70554e+09,1,1,1.39115,0.135246,0.95,0.120085,20,19,g0,Loose,Loose,Loose_L1,0
545,1.70554e+09,1,1,1.01329,0.115621,0.95,0.119015,20,19,g0,Loose,Loose,Loose_L1,0
547,1.70554e+09,1,1,1.06151,0.107809,0.95,0.117931,20,19,g0,Loose,Loose,Loose_L1,0
549,1.70554e+09,1,1,1.06308,0.11009,0.95,0.116858,20,19,g0,Loose,Loose,Loose_L1,0
551,1.70554e+09,1,1,1.13076,0.113675,0.95,0.115621,20,19,g0,Loose,Loose,Loose_L1,0
553,1.70554e+09,1,1,1.22708,0.116193,0.95,0.116193,20,19,g0,Loose,Loose,Loose_L1,0
555,1.70554e+09,1,1,1.14474,0.113134,0.95,0.116193,20,19,g0,Loose,Loose,Loose_L1,0
557,1.70554e+09,1,1,1.33943,0.127941,0.95,0.116193,20,19,g0,Loose,Loose,Loose_L1,0
559,1.70554e+09,1,1,1.2989,0.123963,0.95,0.116858,20,19,g0,Loose,Loose,Loose_L1,0
561,1.70554e+09,1,0,1.0,0.108871,0.9,0.1165255,20,18,g0,Loose,Loose,Loose_L1,0
563,1.70554e+09,1,1,1.19156,0.120251,0.9,0.1179365,20,18,g0,Loose,Loose,Loose_L1,0
565,1.70554e+09,1,0,1.0,0.108937,0.85,0.116858,20,17,g0,Loose,Loose,Loose_L1,0
567,1.70554e+09,1,1,1.03254,0.109848,0.85,0.116193,20,17,g0,Loose,Loose,Loose_L1,0
569,1.70554e+09,1,1,1.04052,0.104853,0.85,0.115621,20,17,g0,Loose,Loose,Loose_L1,0
571,1.70554e+09,1,1,1.09118,0.104805,0.85,0.115621,20,17,g0,Loose,Loose,Loose_L1,0
573,1.70554e+09,1,1,1.07011,0.104389,0.85,0.113675,20,17,g0,Loose,Loose,Loose_L1,0
575,1.70554e+09,1,1,1.07346,0.109466,0.9,0.11340449999999999,20,18,g0,Loose,Loose,Loose_L1,0
577,1.70554e+09,1,1,1.18116,0.114642,0.9,0.1141585,20,18,g0,Loose,Loose,Loose_L1,0
579,1.70554e+09,1,0,1.0,0.101499,0.85,0.113675,20,17,g0,Loose,Loose,Loose_L1,0
581,1.70554e+09,1,0,1.0,0.102354,0.8,0.11340449999999999,20,16,g0,Loose,Loose,Loose_L1,0
583,1.70554e+09,1,1,1.19854,0.116516,0.8,0.11340449999999999,20,16,g0,Loose,Loose,Loose_L1,0
585,1.70554e+09,1,0,1.0,0.112345,0.75,0.113134,20,15,g0,Loose,Loose,Loose_L1,0
587,1.70554e+09,1,1,1.12228,0.108241,0.75,0.113134,20,15,g0,Loose,Loose,Loose_L1,0
589,1.70554e+09,1,1,1.27198,0.122976,0.75,0.113675,20,15,g0,Loose,Loose,Loose_L1,0
591,1.70554e+09,1,1,1.12468,0.104333,0.75,0.113134,20,15,g0,Loose,Loose,Loose_L1,0
593,1.70554e+09,1,1,1.41551,0.131189,0.75,0.113134,20,15,g0,Loose,Loose,Loose_L1,0
595,1.70554e+09,1,1,1.25983,0.114418,0.75,0.114418,20,15,g0,Loose,Loose,Loose_L1,0
597,1.70554e+09,1,1,1.23409,0.120412,0.75,0.114418,20,15,g0,Loose,Loose,Loose_L1,0
599,1.70554e+09,1,0,1.0,0.101683,0.7,0.11213300000000001,20,14,g0,Loose,Loose,Loose_L1,0
601,1.70554e+09,1,1,1.29717,0.13028,0.75,0.114418,20,15,g0,Loose,Loose,Loose_L1,0
603,1.70554e+09,1,1,1.20209,0.115597,0.75,0.114418,20,15,g0,Loose,Loose,Loose_L1,0
605,1.70554e+09,1,1,1.32235,0.144007,0.8,0.11452999999999999,20,16,g0,Loose,Loose,Loose_L1,0
607,1.70554e+09,1,1,1.10409,0.119412,0.8,0.1151195,20,16,g0,Loose,Loose,Loose_L1,0
609,1.70554e+09,1,1,1.20121,0.114687,0.8,0.115142,20,16,g0,Loose,Loose,Loose_L1,0
611,1.70554e+09,1,1,1.11744,0.116183,0.8,0.11588999999999999,20,16,g0,Loose,Loose,Loose_L1,0
613,1.70554e+09,1,1,1.09392,0.109844,0.8,0.11588999999999999,20,16,g0,Loose,Loose,Loose_L1,0
615,1.70554e+09,1,1,1.06999,0.100563,0.8,0.11588999999999999,20,16,g0,Loose,Loose,Loose_L1,0
617,1.70554e+09,1,1,1.19649,0.113842,0.8,0.11588999999999999,20,16,g0,Loose,Loose,Loose_L1,0
619,1.70554e+09,1,1,1.14167,0.11034,0.85,0.115597,20,17,g0,Loose,Loose,Loose_L1,0
621,1.70554e+09,0,0,nan,nan,0.85,0.115597,20,17,g0,Loose,Loose,Native,0
623,1.70554e+09,1,1,1.16453,0.0567662,0.9,0.115142,20,18,g0,Loose,Loose,Loose_L1,0
625,1.70554e+09,1,1,1.21487,0.13617,0.9,0.115142,20,18,g0,Loose,Loose,Loose_L1,0
627,1.70554e+09,1,1,1.06441,0.118892,0.95,0.115597,20,19,g0,Loose,Loose,Loose_L1,0
629,1.70554e+09,1,1,1.14897,0.10982,0.95,0.115597,20,19,g0,Loose,Loose,Loose_L1,0
631,1.70554e+09,1,1,1.06157,0.101719,0.95,0.114687,20,19,g0,Loose,Loose,Loose_L1,0
633,1.70554e+09,1,0,1.0,0.106308,0.9,0.115142,20,18,g0,Loose,Loose,Loose_L1,0
635,1.70554e+09,1,1,1.38625,0.131608,0.9,0.115142,20,18,g0,Loose,Loose,Loose_L1,0
637,1.70554e+09,1,1,1.27621,0.110274,0.9,0.115142,20,18,g0,Loose,Loose,Loose_L1,0
639,1.70554e+09,1,1,1.17263,0.121669,0.9,0.115142,20,18,g0,Loose,Loose,Loose_L1,0
641,1.70554e+09,1,1,1.2577,0.121924,0.95,0.115597,20,19,g0,Loose,Loose,Loose_L1,0
643,1.70554e+09,1,1,1.2969,0.123289,0.95,0.115597,20,19,g0,Loose,Loose,Loose_L1,0
645,1.70554e+09,1,1,1.44689,0.128175,0.95,0.116183,20,19,g0,Loose,Loose,Loose_L1,0
647,1.70554e+09,1,1,1.54211,0.158516,0.95,0.116183,20,19,g0,Loose,Loose,Loose_L1,0
649,1.70554e+09,1,1,1.40081,0.131082,0.95,0.116183,20,19,g0,Loose,Loose,Loose_L1,0
651,1.70554e+09,1,1,1.32492,0.123482,0.95,0.118892,20,19,g0,Loose,Loose,Loose_L1,0
653,1.70554e+09,1,1,1.6026,0.151165,0.95,0.121669,20,19,g0,Loose,Loose,Loose_L1,0
655,1.70554e+09,1,1,1.09688,0.106963,0.95,0.121669,20,19,g0,Loose,Loose,Loose_L1,0
657,1.70554e+09,1,0,1.0,0.102345,0.9,0.1217965,20,18,g0,Loose,Loose,Loose_L1,0
659,1.70554e+09,1,1,1.45087,0.146602,0.9,0.12260650000000001,20,18,g0,Loose,Loose,Loose_L1,0
661,1.70554e+09,1,0,1.0,0.102164,0.85,0.123289,20,17,g0,Loose,Loose,Loose_L1,0
663,1.70554e+09,1,1,1.21233,0.122774,0.85,0.123289,20,17,g0,Loose,Loose,Loose_L1,0
665,1.70554e+09,1,1,1.23859,0.128571,0.85,0.123289,20,17,g0,Loose,Loose,Loose_L1,0
667,1.70554e+09,1,1,1.23921,0.12424,0.85,0.123482,20,17,g0,Loose,Loose,Loose_L1,0
669,1.70554e+09,1,1,1.12315,0.11494,0.85,0.123482,20,17,g0,Loose,Loose,Loose_L1,0
671,1.70554e+09,1,0,1.0,0.109719,0.8,0.123861,20,16,g0,Loose,Loose,Loose_L1,0
673,1.70554e+09,1,0,1.0,0.113646,0.8,0.123861,20,16,g0,Loose,Loose,Loose_L1,0
675,1.70554e+09,1,0,1.0,0.108351,0.75,0.123482,20,15,g0,Loose,Loose,Loose_L1,0
677,1.70554e+09,1,0,1.0,0.103413,0.7,0.123861,20,14,g0,Loose,Loose,Loose_L1,0
679,1.70554e+09,1,0,1.0,0.112272,0.65,0.12424,20,13,g0,Loose,Loose,Loose_L1,0
681,1.70554e+09,1,0,1.0,0.119971,0.6,0.1262075,20,12,g0,Loose,Native,Native,1
683,1.70554e+09,1,0,1.0,0.112451,0.55,0.128175,20,11,g0,Native,Native,Native,0
685,1.70554e+09,1,1,1.06136,0.109868,0.55,0.12424,20,11,g0,Native,Native,Native,0
687,1.70554e+09,1,0,1.0,0.112446,0.5,0.123861,20,10,g0,Native,Native,Native,0
689,1.70554e+09,1,0,1.0,0.106072,0.45,0.123482,20,9,g0,Native,Native,Native,0
691,1.70554e+09,1,0,1.0,0.103773,0.4,0.123507,20,8,g0,Native,Native,Native,0
693,1.70554e+09,1,1,1.04385,0.111317,0.4,0.11885699999999999,20,8,g0,Native,Native,Native,0
695,1.70554e+09,1,0,1.0,0.11052,0.35,0.122774,20,7,g0,Native,Native,Native,0
697,1.70554e+09,1,0,1.0,0.106291,0.35,0.122774,20,7,g0,Native,Native,Native,0
699,1.70554e+09,1,0,1.0,0.111921,0.3,0.11885699999999999,20,6,g0,Native,Native,Native,0
701,1.70554e+09,1,0,1.0,0.106167,0.3,0.11885699999999999,20,6,g0,Native,Native,Native,0
703,1.70554e+09,1,0,1.0,0.111706,0.25,0.11494,20,5,g0,Native,Native,Native,0
705,1.70554e+09,1,0,1.0,0.109406,0.2,0.11312849999999999,20,4,g0,Native,Native,Native,0
707,1.70554e+09,1,0,1.0,0.10476,0.15,0.111317,20,3,g0,Native,Native,Native,0
709,1.70554e+09,1,0,1.0,0.112334,0.1,0.1105925,20,2,g0,Native,Native,Native,0
711,1.70554e+09,1,0,1.0,0.105076,0.1,0.1105925,20,2,g0,Native,Native,Native,0
713,1.70554e+09,1,0,1.0,0.112442,0.1,0.1105925,20,2,g0,Native,Native,Native,0
715,1.70554e+09,1,0,1.0,0.110066,0.1,0.1105925,20,2,g0,Native,Native,Native,0
717,1.70554e+09,1,0,1.0,0.111577,0.1,0.1105925,20,2,g0,Native,Native,Native,0
719,1.70554e+09,1,0,1.0,0.112344,0.1,0.1105925,20,2,g0,Native,Native,Native,0
721,1.70554e+09,1,0,1.0,0.109403,0.1,0.1105925,20,2,g0,Native,Native,Native,0
723,1.70554e+09,1,0,1.0,0.102343,0.1,0.1105925,20,2,g0,Native,Native,Native,0
725,1.70554e+09,1,0,1.0,0.112643,0.05,0.111317,20,1,g0,Native,Native,Native,0
727,1.70554e+09,1,0,1.0,0.112349,0.05,0.111317,20,1,g0,Native,Native,Native,0
729,1.70554e+09,1,0,1.0,0.112404,0.05,0.111317,20,1,g0,Native,Native,Native,0
731,1.70554e+09,1,0,1.0,0.104408,0.05,0.111317,20,1,g0,Native,Native,Native,0
733,1.70554e+09,1,0,1.0,0.10309,0.0,nan,20,0,g0,Native,Native,Native,0
735,1.70554e+09,1,0,1.0,0.120164,0.0,nan,20,0,g0,Native,Native,Native,0
737,1.70554e+09,1,0,1.0,0.111619,0.0,nan,20,0,g0,Native,Native,Native,0
739,1.70554e+09,1,0,1.0,0.110378,0.0,nan,20,0,g0,Native,Native,Native,0
741,1.70554e+09,1,0,1.0,0.10539,0.0,nan,20,0,g0,Native,Native,Native,0
743,1.70554e+09,1,0,1.0,0.102542,0.0,nan,20,0,g0,Native,Native,Native,0
745,1.70554e+09,1,0,1.0,0.102886,0.0,nan,20,0,g0,Native,Native,Native,0
747,1.70554e+09,1,0,1.0,0.105107,0.0,nan,20,0,g0,Native,Native,Native,0
749,1.70554e+09,1,0,1.0,0.111871,0.0,nan,20,0,g0,Native,Native,Native,0
751,1.70554e+09,1,0,1.0,0.107018,0.0,nan,20,0,g0,Native,Native,Native,0
753,1.70554e+09,1,0,1.0,0.106986,0.0,nan,20,0,g0,Native,Native,Native,0
755,1.70554e+09,1,0,1.0,0.11494,0.0,nan,20,0,g0,Native,Native,Native,0
757,1.70554e+09,1,0,1.0,0.11805,0.0,nan,20,0,g0,Native,Native,Native,0
759,1.70554e+09,1,0,1.0,0.103536,0.0,nan,20,0,g0,Native,Native,Native,0
761,1.70554e+09,1,0,1.0,0.112348,0.0,nan,20,0,g0,Native,Native,Native,0
763,1.70554e+09,1,0,1.0,0.101308,0.0,nan,20,0,g0,Native,Native,Native,0
765,1.70554e+09,1,0,1.0,0.107606,0.0,nan,20,0,g0,Native,Native,Native,0
767,1.70554e+09,1,1,1.47692,0.160624,0.05,0.160624,20,1,g0,Native,Native,Native,0
769,1.70554e+09,1,1,1.0032,0.0941268,0.1,0.1273754,20,2,g0,Native,Native,Native,0
771,1.70554e+09,1,1,1.02362,0.109715,0.15,0.109715,20,3,g0,Native,Native,Native,0
773,1.70554e+09,1,0,1.0,0.104975,0.15,0.109715,20,3,g0,Native,Native,Native,0
775,1.70554e+09,1,1,2.84924,0.287143,0.2,0.1351695,20,4,g0,Native,Native,Native,0
777,1.70554e+09,1,1,3.94586,0.352931,0.25,0.160624,20,5,g0,Native,Native,Native,0
779,1.70554e+09,1,1,3.28412,0.273284,0.3,0.216954,20,6,g0,Native,Native,Native,0
781,1.70554e+09,1,1,2.88133,0.251336,0.35,0.251336,20,7,g0,Native,Native,Native,0
783,1.70554e+09,1,1,2.71373,0.238138,0.4,0.24473699999999998,20,8,g0,Native,Native,Native,0
785,1.70554e+09,1,1,2.55491,0.229209,0.45,0.238138,20,9,g0,Native,Native,Native,0
787,1.70554e+09,1,1,2.78011,0.252574,0.5,0.24473699999999998,20,10,g0,Native,Native,Native,0
789,1.70554e+09,1,1,3.36051,0.302684,0.55,0.251336,20,11,g0,Native,Native,Native,0
791,1.70554e+09,1,1,2.90463,0.260776,0.6,0.25195500000000004,20,12,g0,Native,Native,Native,0
793,1.70554e+09,1,1,2.76058,0.241693,0.65,0.251336,20,13,g0,Native,Native,Native,0
795,1.70554e+09,1,1,2.52639,0.220965,0.7,0.2465145,20,14,g0,Native,Native,Native,0
797,1.70554e+09,1,1,2.6209,0.240848,0.75,0.241693,20,15,g0,Native,Loose,Loose_L1,1
799,1.70554e+09,1,1,2.53865,0.241165,0.8,0.241429,20,16,g0,Loose,Loose,Loose_L1,0
801,1.70554e+09,1,1,2.13908,0.184802,0.85,0.241165,20,17,g0,Loose,Loose,Loose_L1,0
803,1.70554e+09,1,1,2.87996,0.247469,0.9,0.241429,20,18,g0,Loose,Loose,Loose_L1,0
805,1.70554e+09,1,1,2.38178,0.209322,0.95,0.241165,20,19,g0,Loose,Loose,Loose_L1,0
807,1.70554e+09,1,1,2.77429,0.244114,0.95,0.241693,20,19,g0,Loose,Loose,Loose_L1,0
809,1.70554e+09,1,1,2.22278,0.192305,0.95,0.241693,20,19,g0,Loose,Loose,Loose_L1,0
811,1.70554e+09,1,1,2.08394,0.191653,0.95,0.241693,20,19,g0,Loose,Loose,Loose_L1,0
813,1.70554e+09,1,1,2.57081,0.233388,1.0,0.241429,20,20,g0,Loose,Loose,Loose_L1,0
815,1.70554e+09,1,1,2.16601,0.201924,1.0,0.2410065,20,20,g0,Loose,Loose,Loose_L1,0
817,1.70554e+09,1,1,2.46095,0.232652,1.0,0.239493,20,20,g0,Loose,Loose,Loose_L1,0
819,1.70554e+09,1,1,2.55965,0.229532,1.0,0.235763,20,20,g0,Loose,Loose,Loose_L1,0
821,1.70554e+09,1,1,1.79498,0.163424,1.0,0.23302,20,20,g0,Loose,Loose,Loose_L1,0
823,1.70554e+09,1,1,2.54688,0.250289,1.0,0.23302,20,20,g0,Loose,Loose,Loose_L1,0
825,1.70554e+09,1,1,2.64302,0.241589,1.0,0.237118,20,20,g0,Loose,Loose,Loose_L1,0
827,1.70554e+09,1,1,2.32967,0.211227,1.0,0.23302,20,20,g0,Loose,Loose,Loose_L1,0
829,1.70554e+09,1,1,2.14461,0.195752,1.0,0.23109200000000002,20,20,g0,Loose,Loose,Loose_L1,0
831,1.70554e+09,1,1,1.8571,0.170534,1.0,0.22524850000000002,20,20,g0,Loose,Loose,Loose_L1,0
833,1.70554e+09,1,1,1.75323,0.162012,1.0,0.216096,20,20,g0,Loose,Loose,Loose_L1,0
835,1.70554e+09,1,1,1.55065,0.146382,1.0,0.2102745,20,20,g0,Loose,Loose,Loose_L1,0
837,1.70554e+09,1,1,2.01645,0.189444,1.0,0.205623,20,20,g0,Loose,Loose,Loose_L1,0
839,1.70554e+09,1,1,1.97269,0.174746,1.0,0.19883800000000001,20,20,g0,Loose,Loose,Loose_L1,0
841,1.70554e+09,1,1,1.43253,0.127392,1.0,0.19883800000000001,20,20,g0,Loose,Loose,Loose_L1,0
843,1.70554e+09,1,1,1.03222,0.0936153,1.0,0.1940285,20,20,g0,Loose,Loose,Loose_L1,0
845,1.70554e+09,1,0,1.0,0.113012,0.95,0.192305,20,19,g0,Loose,Loose,Loose_L1,0
847,1.70554e+09,1,0,1.0,0.111286,0.9,0.191979,20,18,g0,Loose,Loose,Loose_L1,0
849,1.70554e+09,1,0,1.0,0.100854,0.85,0.191653,20,17,g0,Loose,Loose,Loose_L1,0
851,1.70554e+09,1,0,1.0,0.108038,0.8,0.192598,20,16,g0,Loose,Loose,Loose_L1,0
853,1.70554e+09,1,0,1.0,0.105874,0.75,0.189444,20,15,g0,Loose,Loose,Loose_L1,0
855,1.70554e+09,1,0,1.0,0.106304,0.7,0.182095,20,14,g0,Loose,Loose,Loose_L1,0
857,1.70554e+09,1,0,1.0,0.114269,0.65,0.174746,20,13,g0,Loose,Loose,Loose_L1,0
859,1.70554e+09,1,0,1.0,0.10954,0.6,0.17264000000000002,20,12,g0,Loose,Native,Native,1
861,1.70554e+09,1,0,1.0,0.125162,0.55,0.174746,20,11,g0,Native,Native,Native,0
863,1.70554e+09,1,0,1.0,0.103509,0.5,0.17264000000000002,20,10,g0,Native,Native,Native,0
865,1.70554e+09,1,0,1.0,0.104866,0.45,0.170534,20,9,g0,Native,Native,Native,0
867,1.70554e+09,1,0,1.0,0.102868,0.4,0.166273,20,8,g0,Native,Native,Native,0
869,1.70554e+09,1,0,1.0,0.107148,0.35,0.162012,20,7,g0,Native,Native,Native,0
871,1.70554e+09,1,0,1.0,0.101866,0.3,0.154197,20,6,g0,Native,Native,Native,0
873,1.70554e+09,1,0,1.0,0.0928878,0.25,0.146382,20,5,g0,Native,Native,Native,0
875,1.70554e+09,1,0,1.0,0.104206,0.2,0.151069,20,4,g0,Native,Native,Native,0
877,1.70554e+09,1,0,1.0,0.103193,0.15,0.127392,20,3,g0,Native,Native,Native,0
879,1.70554e+09,1,0,1.0,0.116196,0.1,0.11050365000000001,20,2,g0,Native,Native,Native,0
881,1.70554e+09,1,1,1.88639,0.179522,0.1,0.13656864999999999,20,2,g0,Native,Native,Native,0
883,1.70554e+09,1,1,2.00249,0.180969,0.1,0.1802455,20,2,g0,Native,Native,Native,0
885,1.70554e+09,1,1,2.95737,0.28639,0.15,0.180969,20,3,g0,Native,Native,Native,0
887,1.70554e+09,1,1,3.79969,0.322936,0.2,0.23367949999999998,20,4,g0,Native,Native,Native,0
889,1.70554e+09,1,1,5.52993,0.46956,0.25,0.28639,20,5,g0,Native,Native,Native,0
891,1.70554e+09,1,1,5.21238,0.397691,0.3,0.304663,20,6,g0,Native,Native,Native,0
893,1.70554e+09,1,1,5.46494,0.407433,0.35,0.322936,20,7,g0,Native,Native,Native,0
895,1.70554e+09,1,1,8.03176,0.59803,0.4,0.3603135,20,8,g0,Native,Native,Native,0
897,1.70554e+09,1,1,5.47354,0.393547,0.45,0.393547,20,9,g0,Native,Native,Native,0
899,1.70554e+09,1,1,6.11674,0.460282,0.5,0.395619,20,10,g0,Native,Native,Native,0
901,1.70554e+09,1,1,6.83247,0.479818,0.55,0.397691,20,11,g0,Native,Native,Native,0
903,1.70554e+09,1,1,7.5595,0.535613,0.6,0.402562,20,12,g0,Native,Native,Native,0
905,1.70554e+09,1,1,8.89763,0.632578,0.65,0.407433,20,13,g0,Native,Native,Native,0
907,1.70554e+09,1,1,7.78506,0.519685,0.7,0.4338575,20,14,g0,Native,Native,Native,0
909,1.70554e+09,1,1,7.29659,0.510072,0.75,0.460282,20,15,g0,Native,Loose,Loose_L1,1
911,1.70554e+09,1,1,7.19764,0.49456,0.8,0.46492100000000003,20,16,g0,Loose,Loose,Loose_L1,0
913,1.70554e+09,1,1,7.51772,0.529321,0.85,0.46956,20,17,g0,Loose,Loose,Loose_L1,0
915,1.70554e+09,1,1,9.71254,0.671192,0.9,0.474689,20,18,g0,Loose,Loose,Loose_L1,0
917,1.70554e+09,1,1,8.49956,0.571283,0.95,0.479818,20,19,g0,Loose,Loose,Loose_L1,0
919,1.70554e+09,1,1,8.63812,0.586073,1.0,0.487189,20,20,g0,Loose,Loose,Loose_L1,0
921,1.70554e+09,1,1,8.00151,0.553579,1.0,0.502316,20,20,g0,Loose,Loose,Loose_L1,0
923,1.70554e+09,1,1,10.6203,0.735002,1.0,0.5148785,20,20,g0,Loose,Loose,Loose_L1,0
925,1.70554e+09,1,1,9.0198,0.558104,1.0,0.5245029999999999,20,20,g0,Loose,Loose,Loose_L1,0
927,1.70554e+09,1,1,9.09679,0.587458,1.0,0.532467,20,20,g0,Loose,Loose,Loose_L1,0
929,1.70554e+09,1,1,8.26948,0.535475,1.0,0.535544,20,20,g0,Loose,Loose,Loose_L1,0
931,1.70554e+09,1,1,8.48754,0.6008,1.0,0.5445960000000001,20,20,g0,Loose,Loose,Loose_L1,0
933,1.70554e+09,1,1,8.10333,0.546915,1.0,0.550247,20,20,g0,Loose,Loose,Loose_L1,0
935,1.70554e+09,1,1,7.62875,0.538367,1.0,0.542641,20,20,g0,Loose,Loose,Loose_L1,0
937,1.70554e+09,1,1,7.53998,0.525147,1.0,0.542641,20,20,g0,Loose,Loose,Loose_L1,0
939,1.70554e+09,1,1,7.53248,0.512484,1.0,0.542641,20,20,g0,Loose,Loose,Loose_L1,0
941,1.70554e+09,1,1,5.92294,0.422428,1.0,0.542641,20,20,g0,Loose,Loose,Loose_L1,0
943,1.70554e+09,1,1,5.16384,0.386074,1.0,0.542641,20,20,g0,Loose,Loose,Loose_L1,0
945,1.70554e+09,1,1,7.10679,0.558459,1.0,0.542641,20,20,g0,Loose,Loose,Loose_L1,0
947,1.70554e+09,1,1,9.07119,0.661938,1.0,0.550247,20,20,g0,Loose,Loose,Loose_L1,0
949,1.70554e+09,1,1,7.93614,0.500234,1.0,0.550247,20,20,g0,Loose,Loose,Loose_L1,0
951,1.70554e+09,1,1,9.0891,0.64041,1.0,0.5558415000000001,20,20,g0,Loose,Loose,Loose_L1,0
953,1.70554e+09,1,1,8.60267,0.604478,1.0,0.5582815000000001,20,20,g0,Loose,Loose,Loose_L1,0
955,1.70554e+09,1,1,7.74595,0.538845,1.0,0.5558415000000001,20,20,g0,Loose,Loose,Loose_L1,0
957,1.70554e+09,1,1,8.07328,0.575055,1.0,0.5558415000000001,20,20,g0,Loose,Loose,Loose_L1,0
959,1.70554e+09,1,1,8.10908,0.566742,1.0,0.5558415000000001,20,20,g0,Loose,Loose,Loose_L1,0
961,1.70554e+09,1,1,8.32617,0.576674,1.0,0.5582815000000001,20,20,g0,Loose,Loose,Loose_L1,0
963,1.70554e+09,1,1,7.98946,0.540443,1.0,0.5525095,20,20,g0,Loose,Loose,Loose_L1,0
965,1.70554e+09,1,1,8.1208,0.568097,1.0,0.552687,20,20,g0,Loose,Loose,Loose_L1,0
967,1.70554e+09,1,1,9.93039,0.69483,1.0,0.552687,20,20,g0,Loose,Loose,Loose_L1,0
969,1.70554e+09,1,1,9.66317,0.618959,1.0,0.5626005000000001,20,20,g0,Loose,Loose,Loose_L1,0
971,1.70554e+09,1,1,9.21165,0.630975,1.0,0.5626005000000001,20,20,g0,Loose,Loose,Loose_L1,0
973,1.70554e+09,1,1,9.42425,0.644137,1.0,0.5674195,20,20,g0,Loose,Loose,Loose_L1,0
975,1.70554e+09,1,1,8.839,0.598377,1.0,0.571576,20,20,g0,Loose,Loose,Loose_L1,0
977,1.70554e+09,1,1,8.55892,0.569657,1.0,0.572356,20,20,g0,Loose,Loose,Loose_L1,0
979,1.70554e+09,1,1,5.12755,0.351715,1.0,0.572356,20,20,g0,Loose,Loose,Loose_L1,0
981,1.70554e+09,1,1,5.321,0.408765,1.0,0.572356,20,20,g0,Loose,Loose,Loose_L1,0
983,1.70554e+09,1,1,4.48466,0.314616,1.0,0.572356,20,20,g0,Loose,Loose,Loose_L1,0
985,1.70554e+09,1,1,3.87466,0.301671,1.0,0.572356,20,20,g0,Loose,Loose,Loose_L1,0
987,1.70554e+09,1,1,3.51173,0.276075,1.0,0.568877,20,20,g0,Loose,Loose,Loose_L1,0
989,1.70554e+09,1,1,4.41907,0.357646,1.0,0.568877,20,20,g0,Loose,Loose,Loose_L1,0
991,1.70554e+09,1,1,7.77089,0.65174,1.0,0.568877,20,20,g0,Loose,Loose,Loose_L1,0
993,1.70554e+09,1,1,8.88714,0.616624,1.0,0.568877,20,20,g0,Loose,Loose,Loose_L1,0
995,1.70554e+09,1,1,6.11606,0.394658,1.0,0.568877,20,20,g0,Loose,Loose,Loose_L1,0
997,1.70554e+09,1,1,7.98081,0.530765,1.0,0.5674195,20,20,g0,Loose,Loose,Loose_L1,0
999,1.70554e+09,1,1,7.62435,0.531314,1.0,0.55427,20,20,g0,Loose,Loose,Loose_L1,0
1001,1.70554e+09,1,1,7.79037,0.537965,1.0,0.539204,20,20,g0,Loose,Loose,Loose_L1,0
1003,1.70554e+09,1,1,8.34918,0.573538,1.0,0.553031,20,20,g0,Loose,Loose,Loose_L1,0
1005,1.70554e+09,1,1,8.34704,0.589692,1.0,0.553811,20,20,g0,Loose,Loose,Loose_L1,0
1007,1.70554e+09,1,1,7.46485,0.545955,1.0,0.54196,20,20,g0,Loose,Loose,Loose_L1,0
1009,1.70554e+09,1,1,6.93674,0.456026,1.0,0.5346394999999999,20,20,g0,Loose,Loose,Loose_L1,0
1011,1.70554e+09,1,1,7.70676,0.533516,1.0,0.532415,20,20,g0,Loose,Loose,Loose_L1,0
1013,1.70554e+09,1,1,6.9918,0.488708,1.0,0.5310395,20,20,g0,Loose,Loose,Loose_L1,0
1015,1.70554e+09,1,1,6.36972,0.46026,1.0,0.5097365,20,20,g0,Loose,Loose,Loose_L1,0
1017,1.70554e+09,1,1,7.64679,0.545304,1.0,0.5097365,20,20,g0,Loose,Loose,Loose_L1,0
1019,1.70554e+09,1,1,6.01804,0.412528,1.0,0.5097365,20,20,g0,Loose,Loose,Loose_L1,0
1021,1.70554e+09,1,1,5.54502,0.43889,1.0,0.5097365,20,20,g0,Loose,Loose,Loose_L1,0
1023,1.70554e+09,1,1,4.73084,0.357556,1.0,0.5097365,20,20,g0,Loose,Loose,Loose_L1,0
1025,1.70554e+09,1,1,4.05164,0.322403,1.0,0.5097365,20,20,g0,Loose,Loose,Loose_L1,0
1027,1.70554e+09,1,1,5.52493,0.430084,1.0,0.5097365,20,20,g0,Loose,Loose,Loose_L1,0
1029,1.70554e+09,1,1,5.78958,0.455169,1.0,0.5097365,20,20,g0,Loose,Loose,Loose_L1,0
1031,1.70554e+09,1,1,6.29701,0.498773,1.0,0.4937405,20,20,g0,Loose,Loose,Loose_L1,0
1033,1.70554e+09,1,1,7.07005,0.530677,1.0,0.4937405,20,20,g0,Loose,Loose,Loose_L1,0
1035,1.70554e+09,1,1,7.79992,0.550009,1.0,0.514725,20,20,g0,Loose,Loose,Loose_L1,0
1037,1.70554e+09,1,1,6.65702,0.448583,1.0,0.4937405,20,20,g0,Loose,Loose,Loose_L1,0
1039,1.70554e+09,1,1,7.378,0.524979,1.0,0.4937405,20,20,g0,Loose,Loose,Loose_L1,0
1041,1.70554e+09,1,1,6.64199,0.480117,1.0,0.4844125,20,20,g0,Loose,Loose,Loose_L1,0
1043,1.70554e+09,1,1,6.67561,0.507597,1.0,0.4844125,20,20,g0,Loose,Loose,Loose_L1,0
1045,1.70554e+09,1,1,7.9998,0.576783,1.0,0.4844125,20,20,g0,Loose,Loose,Loose_L1,0
1047,1.70554e+09,1,1,7.44422,0.525567,1.0,0.4844125,20,20,g0,Loose,Loose,Loose_L1,0
1049,1.70554e+09,1,1,7.64613,0.54058,1.0,0.4937405,20,20,g0,Loose,Loose,Loose_L1,0
1051,1.70554e+09,1,1,8.01175,0.57925,1.0,0.4937405,20,20,g0,Loose,Loose,Loose_L1,0
1053,1.70554e+09,1,1,8.23333,0.590201,1.0,0.503185,20,20,g0,Loose,Loose,Loose_L1,0
1055,1.70554e+09,1,1,7.04148,0.504362,1.0,0.5059795,20,20,g0,Loose,Loose,Loose_L1,0
1057,1.70554e+09,1,1,7.77546,0.564216,1.0,0.5059795,20,20,g0,Loose,Loose,Loose_L1,0
1059,1.70554e+09,1,1,7.69061,0.552577,1.0,0.516288,20,20,g0,Loose,Loose,Loose_L1,0
1061,1.70554e+09,1,1,7.04755,0.463274,1.0,0.516288,20,20,g0,Loose,Loose,Loose_L1,0
1063,1.70554e+09,1,1,8.02106,0.562177,1.0,0.525273,20,20,g0,Loose,Loose,Loose_L1,0
1065,1.70554e+09,1,1,7.97632,0.568894,1.0,0.528122,20,20,g0,Loose,Loose,Loose_L1,0
1067,1.70554e+09,1,1,8.34909,0.577349,1.0,0.5356285,20,20,g0,Loose,Loose,Loose_L1,0
1069,1.70554e+09,1,1,7.38996,0.522067,1.0,0.5356285,20,20,g0,Loose,Loose,Loose_L1,0
1071,1.70554e+09,1,1,8.52571,0.606501,1.0,0.5452945,20,20,g0,Loose,Loose,Loose_L1,0
1073,1.70554e+09,1,1,7.74988,0.50331,1.0,0.5452945,20,20,g0,Loose,Loose,Loose_L1,0
1075,1.70554e+09,1,1,7.54355,0.513477,1.0,0.5330735,20,20,g0,Loose,Loose,Loose_L1,0
1077,1.70554e+09,1,1,7.66298,0.54426,1.0,0.5424199999999999,20,20,g0,Loose,Loose,Loose_L1,0
1079,1.70554e+09,1,1,6.68996,0.495438,1.0,0.5424199999999999,20,20,g0,Loose,Loose,Loose_L1,0
1081,1.70554e+09,1,1,7.46082,0.543188,1.0,0.543724,20,20,g0,Loose,Loose,Loose_L1,0
1083,1.70554e+09,1,1,7.77284,0.556973,1.0,0.5484184999999999,20,20,g0,Loose,Loose,Loose_L1,0
1085,1.70554e+09,1,1,7.65835,0.554095,1.0,0.5484184999999999,20,20,g0,Loose,Loose,Loose_L1,0
1087,1.70554e+09,1,1,7.73559,0.517566,1.0,0.5484184999999999,20,20,g0,Loose,Loose,Loose_L1,0
1089,1.70554e+09,1,1,7.96844,0.56218,1.0,0.553336,20,20,g0,Loose,Loose,Loose_L1,0
1091,1.70554e+09,1,1,7.79649,0.558514,1.0,0.553336,20,20,g0,Loose,Loose,Loose_L1,0
1093,1.70554e+09,1,1,6.422,0.434974,1.0,0.5484184999999999,20,20,g0,Loose,Loose,Loose_L1,0
1095,1.70554e+09,1,1,6.37774,0.471037,1.0,0.5484184999999999,20,20,g0,Loose,Loose,Loose_L1,0
1097,1.70554e+09,1,1,3.97488,0.283509,1.0,0.543724,20,20,g0,Loose,Loose,Loose_L1,0
1099,1.70554e+09,1,1,6.4406,0.529181,1.0,0.5361845000000001,20,20,g0,Loose,Loose,Loose_L1,0
1101,1.70554e+09,1,1,9.82885,0.730171,1.0,0.543724,20,20,g0,Loose,Loose,Loose_L1,0
1103,1.70554e+09,1,1,8.63162,0.5838,1.0,0.543724,20,20,g0,Loose,Loose,Loose_L1,0
1105,1.70554e+09,1,1,7.35591,0.52413,1.0,0.5361845000000001,20,20,g0,Loose,Loose,Loose_L1,0
1107,1.70554e+09,1,1,6.50853,0.469651,1.0,0.5266554999999999,20,20,g0,Loose,Loose,Loose_L1,0
1109,1.70554e+09,1,1,7.53632,0.53846,1.0,0.5338205,20,20,g0,Loose,Loose,Loose_L1,0
1111,1.70554e+09,1,1,7.47065,0.552831,1.0,0.5338205,20,20,g0,Loose,Loose,Loose_L1,0
1113,1.70554e+09,1,1,5.27589,0.363034,1.0,0.5338205,20,20,g0,Loose,Loose,Loose_L1,0
1115,1.70554e+09,1,1,6.41304,0.500302,1.0,0.5338205,20,20,g0,Loose,Loose,Loose_L1,0
1117,1.70554e+09,1,1,4.80511,0.367492,1.0,0.5266554999999999,20,20,g0,Loose,Loose,Loose_L1,0
1119,1.70554e+09,1,1,5.71695,0.456329,1.0,0.5266554999999999,20,20,g0,Loose,Loose,Loose_L1,0
1121,1.70554e+09,0,0,nan,nan,1.0,0.5266554999999999,20,20,g0,Loose,Loose,Native,0
1123,1.70554e+09,1,1,4.72187,0.207979,1.0,0.520848,20,20,g0,Loose,Loose,Loose_L1,0
1125,1.70554e+09,1,1,4.89749,0.380211,1.0,0.508934,20,20,g0,Loose,Loose,Loose_L1,0
1127,1.70554e+09,1,1,5.83067,0.454815,1.0,0.4856695,20,20,g0,Loose,Loose,Loose_L1,0
1129,1.70554e+09,1,1,6.31933,0.489842,1.0,0.4804395,20,20,g0,Loose,Loose,Loose_L1,0
1131,1.70554e+09,1,1,7.25483,0.553394,1.0,0.4804395,20,20,g0,Loose,Loose,Loose_L1,0
1133,1.70554e+09,1,1,5.40581,0.400764,1.0,0.470344,20,20,g0,Loose,Loose,Loose_L1,0
1135,1.70554e+09,1,1,5.85811,0.440217,1.0,0.470344,20,20,g0,Loose,Loose,Loose_L1,0
1137,1.70554e+09,1,1,4.27073,0.320525,1.0,0.46299,20,20,g0,Loose,Loose,Loose_L1,0
1139,1.70554e+09,1,1,3.62783,0.299411,1.0,0.46299,20,20,g0,Loose,Loose,Loose_L1,0
1141,1.70554e+09,1,1,3.65599,0.315272,1.0,0.455572,20,20,g0,Loose,Loose,Loose_L1,0
1143,1.70554e+09,1,1,4.49015,0.381973,1.0,0.447516,20,20,g0,Loose,Loose,Loose_L1,0
1145,1.70554e+09,1,1,5.66385,0.454793,1.0,0.44750500000000004,20,20,g0,Loose,Loose,Loose_L1,0
1147,1.70554e+09,1,1,4.71381,0.365015,1.0,0.4204905,20,20,g0,Loose,Loose,Loose_L1,0
1149,1.70554e+09,1,1,6.28328,0.493812,1.0,0.4204905,20,20,g0,Loose,Loose,Loose_L1,0
1151,1.70554e+09,1,1,5.85772,0.427069,1.0,0.4139165,20,20,g0,Loose,Loose,Loose_L1,0
1153,1.70554e+09,1,1,6.68424,0.493382,1.0,0.4139165,20,20,g0,Loose,Loose,Loose_L1,0
1155,1.70554e+09,1,1,11.5451,0.820692,1.0,0.433643,20,20,g0,Loose,Loose,Loose_L1,0
1157,1.70554e+09,1,1,12.6745,0.804248,1.0,0.433643,20,20,g0,Loose,Loose,Loose_L1,0
1159,1.70554e+09,1,1,16.1699,0.978409,1.0,0.44750500000000004,20,20,g0,Loose,Loose,Loose_L1,0
1161,1.70554e+09,1,1,13.4943,0.77794,1.0,0.44750500000000004,20,20,g0,Loose,Loose,Loose_L1,0
1163,1.70554e+09,1,1,10.2195,0.590342,1.0,0.454804,20,20,g0,Loose,Loose,Loose_L1,0
1165,1.70554e+09,1,1,4.21721,0.26714,1.0,0.454804,20,20,g0,Loose,Loose,Loose_L1,0
1167,1.70554e+09,1,1,1.37672,0.111052,1.0,0.44750500000000004,20,20,g0,Loose,Loose,Loose_L1,0
1169,1.70554e+09,1,1,6.71083,0.652048,1.0,0.44750500000000004,20,20,g0,Loose,Loose,Loose_L1,0
1171,1.70554e+09,1,1,10.2875,0.804853,1.0,0.44750500000000004,20,20,g0,Loose,Loose,Loose_L1,0
1173,1.70554e+09,1,1,3.56263,0.236108,1.0,0.44750500000000004,20,20,g0,Loose,Loose,Loose_L1,0
1175,1.70554e+09,1,1,5.07419,0.400405,1.0,0.44093099999999996,20,20,g0,Loose,Loose,Loose_L1,0
1177,1.70554e+09,1,1,4.09506,0.317731,1.0,0.44093099999999996,20,20,g0,Loose,Loose,Loose_L1,0
1179,1.70554e+09,1,1,2.60813,0.222022,1.0,0.44093099999999996,20,20,g0,Loose,Loose,Loose_L1,0
1181,1.70554e+09,1,1,3.81924,0.383599,1.0,0.44093099999999996,20,20,g0,Loose,Loose,Loose_L1,0
1183,1.70554e+09,1,1,1.27696,0.113534,1.0,0.44093099999999996,20,20,g0,Loose,Loose,Loose_L1,0
1185,1.70554e+09,1,0,1.0,0.103939,0.95,0.427069,20,19,g0,Loose,Loose,Loose_L1,0
1187,1.70554e+09,1,1,1.41077,0.140253,0.95,0.427069,20,19,g0,Loose,Loose,Loose_L1,0
1189,1.70554e+09,1,1,1.10512,0.10852,0.95,0.400405,20,19,g0,Loose,Loose,Loose_L1,0
1191,1.70554e+09,1,1,1.16463,0.112791,0.95,0.383599,20,19,g0,Loose,Loose,Loose_L1,0
1193,1.70554e+09,1,0,1.0,0.102122,0.9,0.350665,20,18,g0,Loose,Loose,Loose_L1,0
1195,1.70554e+09,1,0,1.0,0.107013,0.85,0.317731,20,17,g0,Loose,Loose,Loose_L1,0
1197,1.70554e+09,1,0,1.0,0.101595,0.8,0.29243549999999996,20,16,g0,Loose,Loose,Loose_L1,0
1199,1.70554e+09,1,0,1.0,0.110769,0.75,0.26714,20,15,g0,Loose,Loose,Loose_L1,0
1201,1.70554e+09,1,0,1.0,0.107925,0.7,0.251624,20,14,g0,Loose,Loose,Loose_L1,0
1203,1.70554e+09,1,0,1.0,0.102895,0.65,0.236108,20,13,g0,Loose,Loose,Loose_L1,0
1205,1.70554e+09,1,0,1.0,0.106677,0.6,0.22906500000000002,20,12,g0,Loose,Native,Native,1
1207,1.70554e+09,1,0,1.0,0.111512,0.55,0.236108,20,11,g0,Native,Native,Native,0
1209,1.70554e+09,1,0,1.0,0.118023,0.5,0.22906500000000002,20,10,g0,Native,Native,Native,0
1211,1.70554e+09,1,0,1.0,0.129602,0.45,0.222022,20,9,g0,Native,Native,Native,0
1213,1.70554e+09,1,0,1.0,0.112294,0.4,0.1811375,20,8,g0,Native,Native,Native,0
1215,1.70554e+09,1,0,1.0,0.105033,0.35,0.140253,20,7,g0,Native,Native,Native,0
1217,1.70554e+09,1,0,1.0,0.101988,0.3,0.1268935,20,6,g0,Native,Native,Native,0
1219,1.70554e+09,1,0,1.0,0.119482,0.25,0.113534,20,5,g0,Native,Native,Native,0
1221,1.70554e+09,1,0,1.0,0.104103,0.2,0.1131625,20,4,g0,Native,Native,Native,0
1223,1.70554e+09,1,0,1.0,0.105113,0.15,0.112791,20,3,g0,Native,Native,Native,0
1225,1.70554e+09,1,0,1.0,0.109617,0.15,0.112791,20,3,g0,Native,Native,Native,0
1227,1.70554e+09,1,0,1.0,0.111381,0.1,0.1106555,20,2,g0,Native,Native,Native,0
1229,1.70554e+09,1,0,1.0,0.105186,0.05,0.112791,20,1,g0,Native,Native,Native,0
1231,1.70554e+09,1,0,1.0,0.103116,0.0,nan,20,0,g0,Native,Native,Native,0
1233,1.70554e+09,1,0,1.0,0.1051,0.0,nan,20,0,g0,Native,Native,Native,0
1235,1.70554e+09,1,0,1.0,0.108028,0.0,nan,20,0,g0,Native,Native,Native,0
1237,1.70554e+09,1,0,1.0,0.103532,0.0,nan,20,0,g0,Native,Native,Native,0
1239,1.70554e+09,1,0,1.0,0.103239,0.0,nan,20,0,g0,Native,Native,Native,0
1241,1.70554e+09,1,0,1.0,0.103847,0.0,nan,20,0,g0,Native,Native,Native,0
1243,1.70554e+09,1,0,1.0,0.105608,0.0,nan,20,0,g0,Native,Native,Native,0
1245,1.70554e+09,1,0,1.0,0.105888,0.0,nan,20,0,g0,Native,Native,Native,0
1247,1.70554e+09,1,0,1.0,0.100816,0.0,nan,20,0,g0,Native,Native,Native,0
1249,1.70554e+09,1,0,1.0,0.100002,0.0,nan,20,0,g0,Native,Native,Native,0
1251,1.70554e+09,1,0,1.0,0.104633,0.0,nan,20,0,g0,Native,Native,Native,0
1253,1.70554e+09,1,1,1.09093,0.109341,0.05,0.109341,20,1,g0,Native,Native,Native,0
1255,1.70554e+09,1,1,1.2456,0.138333,0.1,0.123837,20,2,g0,Native,Native,Native,0
1257,1.70554e+09,1,1,1.12557,0.128551,0.15,0.128551,20,3,g0,Native,Native,Native,0
1259,1.70554e+09,1,1,1.78314,0.184236,0.2,0.133442,20,4,g0,Native,Native,Native,0
1261,1.70554e+09,1,1,1.47586,0.131902,0.25,0.131902,20,5,g0,Native,Native,Native,0
1263,1.70554e+09,1,1,1.02059,0.106693,0.3,0.1302265,20,6,g0,Native,Native,Native,0
1265,1.70554e+09,1,1,1.48646,0.131755,0.35,0.131755,20,7,g0,Native,Native,Native,0
1267,1.70554e+09,1,1,1.29814,0.116661,0.4,0.13015300000000002,20,8,g0,Native,Native,Native,0
1269,1.70554e+09,1,1,1.57158,0.16055,0.45,0.131755,20,9,g0,Native,Native,Native,0
1271,1.70554e+09,1,1,1.02444,0.112854,0.5,0.13015300000000002,20,10,g0,Native,Native,Native,0
1273,1.70554e+09,1,1,1.56126,0.161888,0.55,0.131755,20,11,g0,Native,Native,Native,0
1275,1.70554e+09,1,1,1.30944,0.128688,0.6,0.1302215,20,12,g0,Native,Native,Native,0
1277,1.70554e+09,1,1,1.55467,0.132176,0.65,0.131755,20,13,g0,Native,Native,Native,0
1279,1.70554e+09,1,1,1.01368,0.105492,0.7,0.1302215,20,14,g0,Native,Native,Native,0
1281,1.70554e+09,1,1,2.18684,0.232788,0.75,0.131755,20,15,g0,Native,Loose,Loose_L1,1
1283,1.70554e+09,1,1,1.5338,0.146825,0.8,0.13182850000000002,20,16,g0,Loose,Loose,Loose_L1,0
1285,1.70554e+09,1,1,1.41569,0.153183,0.85,0.131902,20,17,g0,Loose,Loose,Loose_L1,0
1287,1.70554e+09,1,1,1.46379,0.137818,0.9,0.132039,20,18,g0,Loose,Loose,Loose_L1,0
1289,1.70554e+09,1,1,1.41216,0.135695,0.95,0.132176,20,19,g0,Loose,Loose,Loose_L1,0
1291,1.70554e+09,1,1,1.0034,0.109694,1.0,0.132039,20,20,g0,Loose,Loose,Loose_L1,0
1293,1.70554e+09,1,1,1.48099,0.154994,1.0,0.13393549999999999,20,20,g0,Loose,Loose,Loose_L1,0
1295,1.70554e+09,1,1,1.08316,0.110103,1.0,0.132039,20,20,g0,Loose,Loose,Loose_L1,0
1297,1.70554e+09,1,1,2.00997,0.205927,1.0,0.13393549999999999,20,20,g0,Loose,Loose,Loose_L1,0
1299,1.70554e+09,1,1,1.89878,0.182952,1.0,0.13393549999999999,20,20,g0,Loose,Loose,Loose_L1,0
1301,1.70554e+09,1,1,3.226,0.309156,1.0,0.1367565,20,20,g0,Loose,Loose,Loose_L1,0
1303,1.70554e+09,1,1,2.80662,0.246506,1.0,0.1423215,20,20,g0,Loose,Loose,Loose_L1,0
1305,1.70554e+09,1,1,2.47046,0.201878,1.0,0.15000400000000003,20,20,g0,Loose,Loose,Loose_L1,0
1307,1.70554e+09,1,0,1.0,0.106681,0.95,0.153183,20,19,g0,Loose,Loose,Loose_L1,0
1309,1.70554e+09,1,1,2.10232,0.222287,0.95,0.153183,20,19,g0,Loose,Loose,Loose_L1,0
1311,1.70554e+09,1,1,2.07264,0.213907,0.95,0.154994,20,19,g0,Loose,Loose,Loose_L1,0
1313,1.70554e+09,1,1,1.32796,0.131842,0.95,0.153183,20,19,g0,Loose,Loose,Loose_L1,0
1315,1.70554e+09,1,1,1.839,0.198898,0.95,0.154994,20,19,g0,Loose,Loose,Loose_L1,0
1317,1.70554e+09,1,1,1.16814,0.121594,0.95,0.154994,20,19,g0,Loose,Loose,Loose_L1,0
1319,1.70554e+09,1,1,1.35334,0.12031,0.95,0.154994,20,19,g0,Loose,Loose,Loose_L1,0
1321,1.70554e+09,1,1,2.24253,0.238654,0.95,0.154994,20,19,g0,Loose,Loose,Loose_L1,0
1323,1.70554e+09,1,1,1.6916,0.142774,0.95,0.154994,20,19,g0,Loose,Loose,Loose_L1,0
1325,1.70554e+09,1,1,1.16925,0.106023,0.95,0.154994,20,19,g0,Loose,Loose,Loose_L1,0
1327,1.70554e+09,1,1,1.38768,0.151196,0.95,0.154994,20,19,g0,Loose,Loose,Loose_L1,0
1329,1.70554e+09,1,1,3.00213,0.263646,0.95,0.182952,20,19,g0,Loose,Loose,Loose_L1,0
1331,1.70554e+09,1,0,1.0,0.100153,0.9,0.190925,20,18,g0,Loose,Loose,Loose_L1,0
1333,1.70554e+09,1,0,1.0,0.103113,0.85,0.198898,20,17,g0,Loose,Loose,Loose_L1,0
1335,1.70554e+09,1,1,2.28936,0.220229,0.85,0.201878,20,17,g0,Loose,Loose,Loose_L1,0
1337,1.70554e+09,1,1,1.48676,0.148905,0.85,0.198898,20,17,g0,Loose,Loose,Loose_L1,0
1339,1.70554e+09,1,1,2.03093,0.209608,0.85,0.201878,20,17,g0,Loose,Loose,Loose_L1,0
1341,1.70554e+09,1,1,2.36417,0.204209,0.85,0.201878,20,17,g0,Loose,Loose,Loose_L1,0
1343,1.70554e+09,1,1,1.68936,0.171704,0.85,0.198898,20,17,g0,Loose,Loose,Loose_L1,0
1345,1.70554e+09,1,1,1.21558,0.115621,0.85,0.171704,20,17,g0,Loose,Loose,Loose_L1,0
1347,1.70554e+09,1,0,1.0,0.12367,0.85,0.171704,20,17,g0,Loose,Loose,Loose_L1,0
1349,1.70554e+09,1,1,1.39899,0.137055,0.85,0.151196,20,17,g0,Loose,Loose,Loose_L1,0
1351,1.70554e+09,1,1,1.44933,0.141809,0.85,0.148905,20,17,g0,Loose,Loose,Loose_L1,0
1353,1.70554e+09,1,0,1.0,0.112199,0.8,0.1500505,20,16,g0,Loose,Loose,Loose_L1,0
1355,1.70554e+09,1,1,1.06448,0.115182,0.8,0.1458395,20,16,g0,Loose,Loose,Loose_L1,0
1357,1.70554e+09,1,1,1.37289,0.143569,0.8,0.146237,20,16,g0,Loose,Loose,Loose_L1,0
1359,1.70554e+09,1,1,1.25608,0.116929,0.8,0.146237,20,16,g0,Loose,Loose,Loose_L1,0
1361,1.70554e+09,1,0,1.0,0.105587,0.75,0.143569,20,15,g0,Loose,Loose,Loose_L1,0
1363,1.70554e+09,1,0,1.0,0.118602,0.7,0.146237,20,14,g0,Loose,Loose,Loose_L1,0
1365,1.70554e+09,1,0,1.0,0.105575,0.65,0.148905,20,13,g0,Loose,Loose,Loose_L1,0
1367,1.70554e+09,1,0,1.0,0.106686,0.6,0.146237,20,12,g0,Loose,Native,Native,1
1369,1.70554e+09,1,0,1.0,0.122488,0.55,0.143569,20,11,g0,Native,Native,Native,0
1371,1.70554e+09,1,0,1.0,0.137215,0.55,0.143569,20,11,g0,Native,Native,Native,0
1373,1.70554e+09,1,0,1.0,0.138998,0.55,0.143569,20,11,g0,Native,Native,Native,0
1375,1.70554e+09,1,0,1.0,0.0986311,0.5,0.142689,20,10,g0,Native,Native,Native,0
1377,1.70554e+09,1,0,1.0,0.108664,0.45,0.141809,20,9,g0,Native,Native,Native,0
1379,1.70554e+09,1,0,1.0,0.109288,0.4,0.139432,20,8,g0,Native,Native,Native,0
1381,1.70554e+09,1,0,1.0,0.116997,0.35,0.137055,20,7,g0,Native,Native,Native,0
1383,1.70554e+09,1,1,2.33202,0.273182,0.35,0.137055,20,7,g0,Native,Native,Native,0
1385,1.70554e+09,1,1,1.50891,0.130975,0.35,0.137055,20,7,g0,Native,Native,Native,0
1387,1.70554e+09,1,1,1.60929,0.176502,0.4,0.139432,20,8,g0,Native,Native,Native,0
1389,1.70554e+09,1,0,1.0,0.117242,0.35,0.141809,20,7,g0,Native,Native,Native,0
1391,1.70554e+09,1,1,1.90201,0.188219,0.35,0.143569,20,7,g0,Native,Native,Native,0
1393,1.70554e+09,1,1,3.77059,0.336168,0.4,0.1600355,20,8,g0,Native,Native,Native,0
1395,1.70554e+09,1,1,2.68789,0.180386,0.4,0.178444,20,8,g0,Native,Native,Native,0
1397,1.70554e+09,1,1,3.58999,0.319131,0.4,0.18430249999999998,20,8,g0,Native,Native,Native,0
1399,1.70554e+09,1,1,4.26051,0.326419,0.4,0.23070049999999998,20,8,g0,Native,Native,Native,0
1401,1.70554e+09,1,1,2.85344,0.228625,0.45,0.228625,20,9,g0,Native,Native,Native,0
1403,1.70554e+09,1,1,5.23874,0.442154,0.5,0.2509035,20,10,g0,Native,Native,Native,0
1405,1.70554e+09,1,1,3.47729,0.277585,0.55,0.273182,20,11,g0,Native,Native,Native,0
1407,1.70554e+09,1,1,3.36724,0.31038,0.6,0.2753835,20,12,g0,Native,Native,Native,0
1409,1.70554e+09,1,1,2.69129,0.227969,0.65,0.273182,20,13,g0,Native,Native,Native,0
1411,1.70554e+09,1,1,6.86284,0.651156,0.7,0.2753835,20,14,g0,Native,Native,Native,0
1413,1.70554e+09,1,1,5.71764,0.408687,0.75,0.277585,20,15,g0,Native,Loose,Loose_L1,1
1415,1.70554e+09,1,1,5.49109,0.417751,0.8,0.29398250000000004,20,16,g0,Loose,Loose,Loose_L1,0
1417,1.70554e+09,1,1,6.76111,0.496033,0.85,0.31038,20,17,g0,Loose,Loose,Loose_L1,0
1419,1.70554e+09,1,1,6.0813,0.424599,0.9,0.31475549999999997,20,18,g0,Loose,Loose,Loose_L1,0
1421,1.70554e+09,1,1,5.37773,0.396124,0.95,0.319131,20,19,g0,Loose,Loose,Loose_L1,0
1423,1.70554e+09,1,1,4.78746,0.367237,0.95,0.326419,20,19,g0,Loose,Loose,Loose_L1,0
1425,1.70554e+09,1,1,6.54186,0.538705,0.95,0.336168,20,19,g0,Loose,Loose,Loose_L1,0
1427,1.70554e+09,1,1,10.559,0.791718,0.95,0.367237,20,19,g0,Loose,Loose,Loose_L1,0
1429,1.70554e+09,1,1,9.88195,0.658278,1.0,0.3816805,20,20,g0,Loose,Loose,Loose_L1,0
1431,1.70554e+09,1,1,7.64873,0.526642,1.0,0.40240549999999997,20,20,g0,Loose,Loose,Loose_L1,0
1433,1.70554e+09,1,1,11.6908,0.831678,1.0,0.413219,20,20,g0,Loose,Loose,Loose_L1,0
1435,1.70554e+09,1,1,7.34149,0.464038,1.0,0.42117499999999997,20,20,g0,Loose,Loose,Loose_L1,0
1437,1.70554e+09,1,1,7.54036,0.549891,1.0,0.4333765,20,20,g0,Loose,Loose,Loose_L1,0
1439,1.70554e+09,1,1,8.26046,0.598977,1.0,0.453096,20,20,g0,Loose,Loose,Loose_L1,0
1441,1.70554e+09,1,1,6.7294,0.469584,1.0,0.466811,20,20,g0,Loose,Loose,Loose_L1,0
1443,1.70554e+09,1,1,10.0577,0.76989,1.0,0.4828085,20,20,g0,Loose,Loose,Loose_L1,0
1445,1.70554e+09,1,1,9.49117,0.651303,1.0,0.5113375,20,20,g0,Loose,Loose,Loose_L1,0
1447,1.70554e+09,1,1,7.21443,0.490061,1.0,0.5113375,20,20,g0,Loose,Loose,Loose_L1,0
1449,1.70554e+09,1,1,4.91349,0.358516,1.0,0.5113375,20,20,g0,Loose,Loose,Loose_L1,0
1451,1.70554e+09,1,1,3.49344,0.285495,1.0,0.493047,20,20,g0,Loose,Loose,Loose_L1,0
1453,1.70554e+09,1,1,4.76091,0.417265,1.0,0.493047,20,20,g0,Loose,Loose,Loose_L1,0
1455,1.70554e+09,1,1,4.9366,0.40359,1.0,0.493047,20,20,g0,Loose,Loose,Loose_L1,0
1457,1.70554e+09,1,1,3.84616,0.316516,1.0,0.47982250000000004,20,20,g0,Loose,Loose,Loose_L1,0
1459,1.70554e+09,1,1,3.57149,0.298615,1.0,0.47982250000000004,20,20,g0,Loose,Loose,Loose_L1,0
1461,1.70554e+09,1,1,3.40233,0.282502,1.0,0.47982250000000004,20,20,g0,Loose,Loose,Loose_L1,0
1463,1.70554e+09,1,1,4.10278,0.352908,1.0,0.47982250000000004,20,20,g0,Loose,Loose,Loose_L1,0
1465,1.70554e+09,1,1,2.50957,0.203598,1.0,0.466811,20,20,g0,Loose,Loose,Loose_L1,0
1467,1.70554e+09,1,1,2.78084,0.2556,1.0,0.4406515,20,20,g0,Loose,Loose,Loose_L1,0
1469,1.70554e+09,1,1,2.79919,0.252614,1.0,0.4104275,20,20,g0,Loose,Loose,Loose_L1,0
1471,1.70554e+09,1,1,2.7255,0.244113,1.0,0.381053,20,20,g0,Loose,Loose,Loose_L1,0
1473,1.70554e+09,1,1,2.72082,0.247072,1.0,0.35571200000000003,20,20,g0,Loose,Loose,Loose_L1,0
1475,1.70554e+09,1,1,2.39456,0.211151,1.0,0.334712,20,20,g0,Loose,Loose,Loose_L1,0
1477,1.70554e+09,1,1,1.96419,0.183964,1.0,0.30756550000000005,20,20,g0,Loose,Loose,Loose_L1,0
1479,1.70554e+09,1,1,3.44152,0.336715,1.0,0.30756550000000005,20,20,g0,Loose,Loose,Loose_L1,0
1481,1.70554e+09,1,1,3.07587,0.262341,1.0,0.292055,20,20,g0,Loose,Loose,Loose_L1,0
1483,1.70554e+09,1,1,2.80034,0.245636,1.0,0.2839985,20,20,g0,Loose,Loose,Loose_L1,0
1485,1.70554e+09,1,1,3.20787,0.275656,1.0,0.27907899999999997,20,20,g0,Loose,Loose,Loose_L1,0
1487,1.70554e+09,1,1,2.06901,0.181805,1.0,0.26899850000000003,20,20,g0,Loose,Loose,Loose_L1,0
1489,1.70554e+09,1,1,2.54035,0.228288,1.0,0.2589705,20,20,g0,Loose,Loose,Loose_L1,0
1491,1.70554e+09,1,1,2.23643,0.201489,1.0,0.25410699999999997,20,20,g0,Loose,Loose,Loose_L1,0
1493,1.70554e+09,1,1,4.04784,0.360018,1.0,0.25410699999999997,20,20,g0,Loose,Loose,Loose_L1,0
1495,1.70554e+09,1,1,2.22267,0.184504,1.0,0.249843,20,20,g0,Loose,Loose,Loose_L1,0
1497,1.70554e+09,1,1,1.11332,0.109647,1.0,0.24635400000000002,20,20,g0,Loose,Loose,Loose_L1,0
1499,1.70554e+09,1,1,1.37203,0.134214,1.0,0.2448745,20,20,g0,Loose,Loose,Loose_L1,0
1501,1.70554e+09,1,0,1.0,0.102952,0.95,0.244113,20,19,g0,Loose,Loose,Loose_L1,0
1503,1.70554e+09,1,1,1.17728,0.121257,0.95,0.228288,20,19,g0,Loose,Loose,Loose_L1,0
1505,1.70554e+09,1,0,1.0,0.11169,0.9,0.23620049999999998,20,18,g0,Loose,Loose,Loose_L1,0
1507,1.70554e+09,1,0,1.0,0.112275,0.85,0.228288,20,17,g0,Loose,Loose,Loose_L1,0
1509,1.70554e+09,1,0,1.0,0.109433,0.8,0.2197195,20,16,g0,Loose,Loose,Loose_L1,0
1511,1.70554e+09,1,0,1.0,0.117093,0.75,0.211151,20,15,g0,Loose,Loose,Loose_L1,0
1513,1.70554e+09,1,0,1.0,0.114134,0.7,0.20632,20,14,g0,Loose,Loose,Loose_L1,0
1515,1.70554e+09,1,0,1.0,0.111618,0.65,0.201489,20,13,g0,Loose,Loose,Loose_L1,0
1517,1.70554e+09,1,0,1.0,0.10149,0.6,0.21488849999999998,20,12,g0,Loose,Native,Native,1
1519,1.70554e+09,1,0,1.0,0.103553,0.55,0.201489,20,11,g0,Native,Native,Native,0
1521,1.70554e+09,1,0,1.0,0.106774,0.5,0.19299650000000002,20,10,g0,Native,Native,Native,0
1523,1.70554e+09,1,0,1.0,0.113581,0.45,0.184504,20,9,g0,Native,Native,Native,0
1525,1.70554e+09,1,1,1.34475,0.134322,0.45,0.181805,20,9,g0,Native,Native,Native,0
1527,1.70554e+09,1,0,1.0,0.11814,0.4,0.159413,20,8,g0,Native,Native,Native,0
1529,1.70554e+09,1,0,1.0,0.105673,0.35,0.134322,20,7,g0,Native,Native,Native,0
1531,1.70554e+09,1,1,1.23251,0.122935,0.35,0.134214,20,7,g0,Native,Native,Native,0
1533,1.70554e+09,1,0,1.0,0.10408,0.3,0.1285745,20,6,g0,Native,Native,Native,0
1535,1.70554e+09,1,0,1.0,0.10661,0.25,0.122935,20,5,g0,Native,Native,Native,0
1537,1.70554e+09,1,0,1.0,0.105697,0.2,0.1285745,20,4,g0,Native,Native,Native,0
1539,1.70554e+09,1,0,1.0,0.105227,0.15,0.122935,20,3,g0,Native,Native,Native,0
1541,1.70554e+09,1,0,1.0,0.126767,0.15,0.122935,20,3,g0,Native,Native,Native,0
1543,1.70554e+09,1,0,1.0,0.109482,0.1,0.1286285,20,2,g0,Native,Native,Native,0
1545,1.70554e+09,1,0,1.0,0.127436,0.1,0.1286285,20,2,g0,Native,Native,Native,0
1547,1.70554e+09,1,0,1.0,0.101492,0.1,0.1286285,20,2,g0,Native,Native,Native,0
1549,1.70554e+09,1,0,1.0,0.100742,0.1,0.1286285,20,2,g0,Native,Native,Native,0
1551,1.70554e+09,1,0,1.0,0.0987714,0.1,0.1286285,20,2,g0,Native,Native,Native,0
1553,1.70554e+09,1,0,1.0,0.107386,0.1,0.1286285,20,2,g0,Native,Native,Native,0
1555,1.70554e+09,1,0,1.0,0.113896,0.1,0.1286285,20,2,g0,Native,Native,Native,0
1557,1.70554e+09,1,0,1.0,0.10393,0.1,0.1286285,20,2,g0,Native,Native,Native,0
1559,1.70554e+09,1,0,1.0,0.128863,0.1,0.1286285,20,2,g0,Native,Native,Native,0
1561,1.70554e+09,1,0,1.0,0.102787,0.1,0.1286285,20,2,g0,Native,Native,Native,0
1563,1.70554e+09,1,1,2.25244,0.232297,0.15,0.134322,20,3,g0,Native,Native,Native,0
1565,1.70554e+09,1,1,4.56929,0.410646,0.15,0.232297,20,3,g0,Native,Native,Native,0
1567,1.70554e+09,1,1,3.06947,0.244174,0.2,0.2382355,20,4,g0,Native,Native,Native,0
1569,1.70554e+09,1,0,1.0,0.0725992,0.2,0.2382355,20,4,g0,Native,Native,Native,0
1571,1.70554e+09,1,0,1.0,0.101917,0.15,0.244174,20,3,g0,Native,Native,Native,0
1573,1.70554e+09,1,0,1.0,0.111758,0.15,0.244174,20,3,g0,Native,Native,Native,0
1575,1.70554e+09,1,0,1.0,0.129918,0.15,0.244174,20,3,g0,Native,Native,Native,0
1577,1.70554e+09,1,0,1.0,0.10806,0.15,0.244174,20,3,g0,Native,Native,Native,0
1579,1.70554e+09,1,0,1.0,0.149232,0.15,0.244174,20,3,g0,Native,Native,Native,0
1581,1.70554e+09,1,0,1.0,0.117375,0.15,0.244174,20,3,g0,Native,Native,Native,0
1583,1.70554e+09,1,1,1.03108,0.108635,0.2,0.2382355,20,4,g0,Native,Native,Native,0
1585,1.70554e+09,1,0,1.0,0.0975373,0.2,0.2382355,20,4,g0,Native,Native,Native,0
1587,1.70554e+09,1,1,1.01009,0.101939,0.25,0.232297,20,5,g0,Native,Native,Native,0
1589,1.70554e+09,1,1,1.05761,0.110676,0.3,0.1714865,20,6,g0,Native,Native,Native,0
1591,1.70554e+09,1,1,1.13438,0.120659,0.35,0.120659,20,7,g0,Native,Native,Native,0
1593,1.70554e+09,1,1,1.0126,0.114216,0.4,0.1174375,20,8,g0,Native,Native,Native,0
1595,1.70554e+09,1,1,1.44819,0.142166,0.45,0.120659,20,9,g0,Native,Native,Native,0
1597,1.70554e+09,1,1,1.34023,0.136394,0.5,0.1285265,20,10,g0,Native,Native,Native,0
1599,1.70554e+09,1,1,1.51809,0.144353,0.55,0.136394,20,11,g0,Native,Native,Native,0
1601,1.70554e+09,1,1,2.71224,0.265481,0.6,0.13928,20,12,g0,Native,Native,Native,0
1603,1.70554e+09,1,1,1.19522,0.109407,0.6,0.1285265,20,12,g0,Native,Native,Native,0
1605,1.70554e+09,1,1,1.202,0.123532,0.6,0.1220955,20,12,g0,Native,Native,Native,0
1607,1.70554e+09,1,1,1.55523,0.147538,0.6,0.1220955,20,12,g0,Native,Native,Native,0
1609,1.70554e+09,1,1,1.12878,0.111248,0.65,0.120659,20,13,g0,Native,Native,Native,0
1611,1.70554e+09,1,1,2.0671,0.203576,0.7,0.1220955,20,14,g0,Native,Native,Native,0
1613,1.70554e+09,1,1,1.97729,0.180113,0.75,0.123532,20,15,g0,Native,Loose,Loose_L1,1
1615,1.70554e+09,1,1,1.19286,0.107962,0.8,0.1220955,20,16,g0,Loose,Loose,Loose_L1,0
1617,1.70554e+09,1,0,1.0,0.101631,0.8,0.1220955,20,16,g0,Loose,Loose,Loose_L1,0
1619,1.70554e+09,1,1,1.4679,0.145349,0.85,0.123532,20,17,g0,Loose,Loose,Loose_L1,0
1621,1.70554e+09,1,1,2.01126,0.189692,0.9,0.129963,20,18,g0,Loose,Loose,Loose_L1,0
1623,1.70554e+09,1,1,1.35827,0.123996,0.9,0.130195,20,18,g0,Loose,Loose,Loose_L1,0
1625,1.70554e+09,1,1,1.07467,0.103669,0.95,0.123996,20,19,g0,Loose,Loose,Loose_L1,0
1627,1.70554e+09,1,1,1.6561,0.15737,0.95,0.136394,20,19,g0,Loose,Loose,Loose_L1,0
1629,1.70554e+09,1,1,1.25683,0.111926,0.95,0.136394,20,19,g0,Loose,Loose,Loose_L1,0
1631,1.70554e+09,1,1,3.3088,0.319397,0.95,0.142166,20,19,g0,Loose,Loose,Loose_L1,0
1633,1.70554e+09,1,0,1.0,0.100643,0.9,0.14325949999999998,20,18,g0,Loose,Loose,Loose_L1,0
1635,1.70554e+09,1,1,1.29066,0.126654,0.9,0.14037349999999998,20,18,g0,Loose,Loose,Loose_L1,0
1637,1.70554e+09,1,1,3.24447,0.295169,0.9,0.144851,20,18,g0,Loose,Loose,Loose_L1,0
1639,1.70554e+09,1,1,2.87237,0.26246,0.9,0.1464435,20,18,g0,Loose,Loose,Loose_L1,0
1641,1.70554e+09,1,1,2.94251,0.269816,0.9,0.1464435,20,18,g0,Loose,Loose,Loose_L1,0
1643,1.70554e+09,1,1,3.38015,0.306182,0.9,0.152454,20,18,g0,Loose,Loose,Loose_L1,0
1645,1.70554e+09,1,1,1.99684,0.175896,0.9,0.166633,20,18,g0,Loose,Loose,Loose_L1,0
1647,1.70554e+09,1,1,1.22811,0.112178,0.9,0.166633,20,18,g0,Loose,Loose,Loose_L1,0
1649,1.70554e+09,1,1,3.0244,0.28584,0.9,0.1780045,20,18,g0,Loose,Loose,Loose_L1,0
1651,1.70554e+09,1,1,2.47151,0.206009,0.9,0.1780045,20,18,g0,Loose,Loose,Loose_L1,0
1653,1.70554e+09,1,1,1.96589,0.164287,0.9,0.1700915,20,18,g0,Loose,Loose,Loose_L1,0
1655,1.70554e+09,1,1,1.90248,0.173958,0.9,0.174927,20,18,g0,Loose,Loose,Loose_L1,0
1657,1.70554e+09,1,1,1.82283,0.167192,0.95,0.173958,20,19,g0,Loose,Loose,Loose_L1,0
1659,1.70554e+09,1,1,2.4622,0.217928,0.95,0.175896,20,19,g0,Loose,Loose,Loose_L1,0
1661,1.70554e+09,1,1,2.30789,0.206746,0.95,0.175896,20,19,g0,Loose,Loose,Loose_L1,0
1663,1.70554e+09,1,1,3.13656,0.267457,0.95,0.206009,20,19,g0,Loose,Loose,Loose_L1,0
1665,1.70554e+09,1,1,2.86936,0.240517,0.95,0.206746,20,19,g0,Loose,Loose,Loose_L1,0
1667,1.70554e+09,1,1,1.48951,0.128201,0.95,0.206746,20,19,g0,Loose,Loose,Loose_L1,0
1669,1.70554e+09,1,1,2.43027,0.217085,0.95,0.217085,20,19,g0,Loose,Loose,Loose_L1,0
1671,1.70554e+09,1,1,2.37758,0.19523,0.95,0.206746,20,19,g0,Loose,Loose,Loose_L1,0
1673,1.70554e+09,1,1,1.36327,0.129577,1.0,0.2063775,20,20,g0,Loose,Loose,Loose_L1,0
1675,1.70554e+09,1,1,1.23315,0.109565,1.0,0.2063775,20,20,g0,Loose,Loose,Loose_L1,0
1677,1.70554e+09,1,0,1.0,0.102625,0.95,0.206009,20,19,g0,Loose,Loose,Loose_L1,0
1679,1.70554e+09,1,0,1.0,0.106451,0.9,0.2006195,20,18,g0,Loose,Loose,Loose_L1,0
1681,1.70554e+09,1,1,1.10144,0.106564,0.9,0.18556299999999998,20,18,g0,Loose,Loose,Loose_L1,0
1683,1.70554e+09,1,0,1.0,0.10465,0.85,0.175896,20,17,g0,Loose,Loose,Loose_L1,0
1685,1.70554e+09,1,1,1.93086,0.178264,0.85,0.178264,20,17,g0,Loose,Loose,Loose_L1,0
1687,1.70554e+09,1,1,1.71128,0.169549,0.85,0.178264,20,17,g0,Loose,Loose,Loose_L1,0
1689,1.70554e+09,1,1,1.55219,0.152756,0.85,0.173958,20,17,g0,Loose,Loose,Loose_L1,0
1691,1.70554e+09,1,1,1.62066,0.149399,0.85,0.169549,20,17,g0,Loose,Loose,Loose_L1,0
1693,1.70554e+09,1,1,1.38561,0.137218,0.85,0.169549,20,17,g0,Loose,Loose,Loose_L1,0
1695,1.70554e+09,1,1,1.01692,0.0949296,0.85,0.167192,20,17,g0,Loose,Loose,Loose_L1,0
1697,1.70554e+09,1,1,1.45842,0.143545,0.85,0.152756,20,17,g0,Loose,Loose,Loose_L1,0
1699,1.70554e+09,1,1,1.58768,0.175398,0.85,0.152756,20,17,g0,Loose,Loose,Loose_L1,0
1701,1.70554e+09,1,1,1.90581,0.1303,0.85,0.149399,20,17,g0,Loose,Loose,Loose_L1,0
1703,1.70554e+09,1,1,1.00149,0.113568,0.85,0.143545,20,17,g0,Loose,Loose,Loose_L1,0
1705,1.70554e+09,1,1,1.77273,0.150415,0.85,0.143545,20,17,g0,Loose,Loose,Loose_L1,0
1707,1.70554e+09,1,1,2.61286,0.246214,0.85,0.149399,20,17,g0,Loose,Loose,Loose_L1,0
1709,1.70554e+09,1,1,3.76774,0.345686,0.85,0.149399,20,17,g0,Loose,Loose,Loose_L1,0
1711,1.70554e+09,1,1,7.01571,0.518928,0.85,0.149399,20,17,g0,Loose,Loose,Loose_L1,0
1713,1.70554e+09,1,1,4.37207,0.320268,0.85,0.150415,20,17,g0,Loose,Loose,Loose_L1,0
1715,1.70554e+09,1,1,2.20925,0.181244,0.85,0.152756,20,17,g0,Loose,Loose,Loose_L1,0
1717,1.70554e+09,1,1,1.47075,0.130742,0.9,0.15158549999999998,20,18,g0,Loose,Loose,Loose_L1,0
1719,1.70554e+09,1,1,1.73812,0.171545,0.95,0.152756,20,19,g0,Loose,Loose,Loose_L1,0
1721,1.70554e+09,1,1,2.13209,0.145183,0.95,0.152756,20,19,g0,Loose,Loose,Loose_L1,0
1723,1.70554e+09,1,1,2.36941,0.224854,1.0,0.1611525,20,20,g0,Loose,Loose,Loose_L1,0
1725,1.70554e+09,1,1,2.55423,0.230807,1.0,0.1611525,20,20,g0,Loose,Loose,Loose_L1,0
1727,1.70554e+09,1,1,2.59498,0.219626,1.0,0.1621505,20,20,g0,Loose,Loose,Loose_L1,0
1729,1.70554e+09,1,1,1.7969,0.162932,1.0,0.1672385,20,20,g0,Loose,Loose,Loose_L1,0
1731,1.70554e+09,1,1,3.04356,0.292433,1.0,0.1734715,20,20,g0,Loose,Loose,Loose_L1,0
1733,1.70554e+09,1,1,2.32537,0.194707,1.0,0.178321,20,20,g0,Loose,Loose,Loose_L1,0
1735,1.70554e+09,1,1,1.73791,0.160825,1.0,0.178321,20,20,g0,Loose,Loose,Loose_L1,0
1737,1.70554e+09,1,1,2.52916,0.24929,1.0,0.1879755,20,20,g0,Loose,Loose,Loose_L1,0
1739,1.70554e+09,1,1,2.3912,0.220807,1.0,0.20716649999999998,20,20,g0,Loose,Loose,Loose_L1,0
1741,1.70554e+09,1,1,3.52281,0.32892,1.0,0.22021649999999998,20,20,g0,Loose,Loose,Loose_L1,0
1743,1.70554e+09,1,1,3.91162,0.32561,1.0,0.2228305,20,20,g0,Loose,Loose,Loose_L1,0
1745,1.70554e+09,1,1,4.6325,0.375715,1.0,0.2278305,20,20,g0,Loose,Loose,Loose_L1,0
1747,1.70554e+09,1,1,4.54214,0.378122,1.0,0.2278305,20,20,g0,Loose,Loose,Loose_L1,0
1749,1.70554e+09,1,1,4.29334,0.35139,1.0,0.2278305,20,20,g0,Loose,Loose,Loose_L1,0
1751,1.70554e+09,1,1,4.19219,0.361118,1.0,0.2278305,20,20,g0,Loose,Loose,Loose_L1,0
1753,1.70554e+09,1,1,4.77911,0.387931,1.0,0.2278305,20,20,g0,Loose,Loose,Loose_L1,0
1755,1.70554e+09,1,1,3.57623,0.302816,1.0,0.2400485,20,20,g0,Loose,Loose,Loose_L1,0
1757,1.70554e+09,1,1,4.03764,0.348318,1.0,0.2708615,20,20,g0,Loose,Loose,Loose_L1,0
1759,1.70554e+09,1,1,6.10277,0.515157,1.0,0.29762449999999996,20,20,g0,Loose,Loose,Loose_L1,0
1761,1.70554e+09,1,1,4.81245,0.367817,1.0,0.31421299999999996,20,20,g0,Loose,Loose,Loose_L1,0
1763,1.70554e+09,1,1,4.2985,0.350876,1.0,0.32726500000000003,20,20,g0,Loose,Loose,Loose_L1,0
1765,1.70554e+09,1,1,3.63146,0.301389,1.0,0.32726500000000003,20,20,g0,Loose,Loose,Loose_L1,0
1767,1.70554e+09,1,1,3.11096,0.269683,1.0,0.32726500000000003,20,20,g0,Loose,Loose,Loose_L1,0
1769,1.70554e+09,1,1,5.55355,0.49769,1.0,0.338619,20,20,g0,Loose,Loose,Loose_L1,0
1771,1.70554e+09,1,1,4.97721,0.390339,1.0,0.34959700000000005,20,20,g0,Loose,Loose,Loose_L1,0
1773,1.70554e+09,1,1,6.32618,0.441461,1.0,0.35113300000000003,20,20,g0,Loose,Loose,Loose_L1,0
1775,1.70554e+09,1,1,5.32118,0.387207,1.0,0.35625399999999996,20,20,g0,Loose,Loose,Loose_L1,0
1777,1.70554e+09,1,1,4.56445,0.327528,1.0,0.35625399999999996,20,20,g0,Loose,Loose,Loose_L1,0
1779,1.70554e+09,1,1,4.49826,0.359386,1.0,0.360252,20,20,g0,Loose,Loose,Loose_L1,0
1781,1.70554e+09,1,1,2.83965,0.228401,1.0,0.360252,20,20,g0,Loose,Loose,Loose_L1,0
1783,1.70554e+09,1,1,4.70081,0.383151,1.0,0.3644675,20,20,g0,Loose,Loose,Loose_L1,0
1785,1.70554e+09,1,1,4.92763,0.391398,1.0,0.3644675,20,20,g0,Loose,Loose,Loose_L1,0
1787,1.70554e+09,1,1,4.55603,0.341699,1.0,0.360252,20,20,g0,Loose,Loose,Loose_L1,0
1789,1.70554e+09,1,1,6.82217,0.542124,1.0,0.3644675,20,20,g0,Loose,Loose,Loose_L1,0
1791,1.70554e+09,1,1,5.59461,0.392218,1.0,0.37548400000000004,20,20,g0,Loose,Loose,Loose_L1,0
1793,1.70554e+09,1,1,6.11623,0.442806,1.0,0.37548400000000004,20,20,g0,Loose,Loose,Loose_L1,0
1795,1.70554e+09,1,1,6.15751,0.43902,1.0,0.38517900000000005,20,20,g0,Loose,Loose,Loose_L1,0
1797,1.70554e+09,1,1,5.14769,0.377732,1.0,0.38517900000000005,20,20,g0,Loose,Loose,Loose_L1,0
1799,1.70554e+09,1,1,5.53674,0.416746,1.0,0.38517900000000005,20,20,g0,Loose,Loose,Loose_L1,0
1801,1.70554e+09,1,1,4.45876,0.339073,1.0,0.38517900000000005,20,20,g0,Loose,Loose,Loose_L1,0
1803,1.70554e+09,1,1,2.37689,0.177586,1.0,0.38517900000000005,20,20,g0,Loose,Loose,Loose_L1,0
1805,1.70554e+09,1,1,2.68602,0.236973,1.0,0.38517900000000005,20,20,g0,Loose,Loose,Loose_L1,0
1807,1.70554e+09,1,1,2.2145,0.191635,1.0,0.38517900000000005,20,20,g0,Loose,Loose,Loose_L1,0
1809,1.70554e+09,1,0,1.0,0.100541,0.95,0.383151,20,19,g0,Loose,Loose,Loose_L1,0
1811,1.70554e+09,1,0,1.0,0.110072,0.9,0.3804415,20,18,g0,Loose,Loose,Loose_L1,0
1813,1.70554e+09,1,0,1.0,0.113112,0.85,0.377732,20,17,g0,Loose,Loose,Loose_L1,0
1815,1.70554e+09,1,0,1.0,0.120811,0.8,0.36855899999999997,20,16,g0,Loose,Loose,Loose_L1,0
1817,1.70554e+09,1,0,1.0,0.109485,0.75,0.377732,20,15,g0,Loose,Loose,Loose_L1,0
1819,1.70554e+09,1,0,1.0,0.113245,0.7,0.3804415,20,14,g0,Loose,Loose,Loose_L1,0
1821,1.70554e+09,1,0,1.0,0.119277,0.65,0.383151,20,13,g0,Loose,Loose,Loose_L1,0
1823,1.70554e+09,1,0,1.0,0.104318,0.6,0.38456500000000005,20,12,g0,Loose,Native,Native,1
1825,1.70554e+09,1,0,1.0,0.100849,0.55,0.377732,20,11,g0,Native,Native,Native,0
1827,1.70554e+09,1,0,1.0,0.126404,0.5,0.384975,20,10,g0,Native,Native,Native,0
1829,1.70554e+09,1,0,1.0,0.109264,0.45,0.377732,20,9,g0,Native,Native,Native,0
1831,1.70554e+09,1,0,1.0,0.106043,0.4,0.3584025,20,8,g0,Native,Native,Native,0
1833,1.70554e+09,1,0,1.0,0.105756,0.35,0.339073,20,7,g0,Native,Native,Native,0
1835,1.70554e+09,1,0,1.0,0.103784,0.3,0.28802300000000003,20,6,g0,Native,Native,Native,0
1837,1.70554e+09,1,0,1.0,0.102576,0.25,0.236973,20,5,g0,Native,Native,Native,0
1839,1.70554e+09,1,0,1.0,0.0997213,0.2,0.214304,20,4,g0,Native,Native,Native,0
1841,1.70554e+09,1,1,1.08926,0.113141,0.2,0.1846105,20,4,g0,Native,Native,Native,0
1843,1.70554e+09,1,1,1.45175,0.144394,0.2,0.1680145,20,4,g0,Native,Native,Native,0
1845,1.70554e+09,1,0,1.0,0.103006,0.15,0.144394,20,3,g0,Native,Native,Native,0
1847,1.70554e+09,1,0,1.0,0.115706,0.1,0.1287675,20,2,g0,Native,Native,Native,0
1849,1.70554e+09,1,0,1.0,0.103206,0.1,0.1287675,20,2,g0,Native,Native,Native,0
1851,1.70554e+09,1,0,1.0,0.107392,0.1,0.1287675,20,2,g0,Native,Native,Native,0
1853,1.70554e+09,1,0,1.0,0.100955,0.1,0.1287675,20,2,g0,Native,Native,Native,0
1855,1.70554e+09,1,0,1.0,0.104785,0.1,0.1287675,20,2,g0,Native,Native,Native,0
1857,1.70554e+09,1,0,1.0,0.111017,0.1,0.1287675,20,2,g0,Native,Native,Native,0
1859,1.70554e+09,1,0,1.0,0.099736,0.1,0.1287675,20,2,g0,Native,Native,Native,0
1861,1.70554e+09,1,1,1.33199,0.139386,0.15,0.139386,20,3,g0,Native,Native,Native,0
1863,1.70554e+09,1,1,1.82708,0.180206,0.2,0.14189000000000002,20,4,g0,Native,Native,Native,0
1865,1.70554e+09,1,1,1.20451,0.10861,0.25,0.139386,20,5,g0,Native,Native,Native,0
1867,1.70554e+09,1,0,1.0,0.097151,0.25,0.139386,20,5,g0,Native,Native,Native,0
1869,1.70554e+09,1,1,1.10575,0.118185,0.3,0.1287855,20,6,g0,Native,Native,Native,0
1871,1.70554e+09,1,0,1.0,0.07436,0.3,0.1287855,20,6,g0,Native,Native,Native,0
1873,1.70554e+09,1,0,1.0,0.104138,0.3,0.1287855,20,6,g0,Native,Native,Native,0
1875,1.70554e+09,1,0,1.0,0.13188,0.3,0.1287855,20,6,g0,Native,Native,Native,0
1877,1.70554e+09,1,0,1.0,0.114389,0.3,0.1287855,20,6,g0,Native,Native,Native,0
1879,1.70554e+09,1,0,1.0,0.113604,0.3,0.1287855,20,6,g0,Native,Native,Native,0
1881,1.70554e+09,1,0,1.0,0.114615,0.25,0.139386,20,5,g0,Native,Native,Native,0
1883,1.70554e+09,1,0,1.0,0.106187,0.2,0.1287855,20,4,g0,Native,Native,Native,0
1885,1.70554e+09,1,0,1.0,0.111587,0.2,0.1287855,20,4,g0,Native,Native,Native,0
1887,1.70554e+09,1,0,1.0,0.144604,0.2,0.1287855,20,4,g0,Native,Native,Native,0
1889,1.70554e+09,1,0,1.0,0.104597,0.2,0.1287855,20,4,g0,Native,Native,Native,0
1891,1.70554e+09,1,0,1.0,0.103224,0.2,0.1287855,20,4,g0,Native,Native,Native,0
1893,1.70554e+09,1,1,1.14626,0.116678,0.25,0.118185,20,5,g0,Native,Native,Native,0
1895,1.70554e+09,1,1,1.72406,0.174501,0.3,0.1287855,20,6,g0,Native,Native,Native,0
1897,1.70554e+09,1,1,1.64311,0.156968,0.35,0.139386,20,7,g0,Native,Native,Native,0
1899,1.70554e+09,1,1,1.15721,0.109837,0.4,0.1287855,20,8,g0,Native,Native,Native,0
1901,1.70554e+09,1,1,1.20634,0.119999,0.4,0.119092,20,8,g0,Native,Native,Native,0
1903,1.70554e+09,1,0,1.0,0.0991255,0.35,0.118185,20,7,g0,Native,Native,Native,0
1905,1.70554e+09,1,1,1.91426,0.196416,0.35,0.119999,20,7,g0,Native,Native,Native,0
1907,1.70554e+09,1,1,1.08439,0.101469,0.4,0.119092,20,8,g0,Native,Native,Native,0
1909,1.70554e+09,1,1,1.59775,0.161339,0.4,0.13848349999999998,20,8,g0,Native,Native,Native,0
1911,1.70554e+09,1,1,1.4194,0.132752,0.45,0.132752,20,9,g0,Native,Native,Native,0
1913,1.70554e+09,1,1,2.50001,0.240418,0.5,0.14486,20,10,g0,Native,Native,Native,0
1915,1.70554e+09,1,1,1.45266,0.132651,0.55,0.132752,20,11,g0,Native,Native,Native,0
1917,1.70554e+09,1,1,1.40038,0.131136,0.6,0.1327015,20,12,g0,Native,Native,Native,0
1919,1.70554e+09,1,1,2.96885,0.280794,0.65,0.132752,20,13,g0,Native,Native,Native,0
1921,1.70554e+09,1,1,1.72691,0.146226,0.7,0.139489,20,14,g0,Native,Native,Native,0
1923,1.70554e+09,1,0,1.0,0.101592,0.7,0.139489,20,14,g0,Native,Native,Native,0
1925,1.70554e+09,1,1,3.04426,0.295189,0.75,0.146226,20,15,g0,Native,Loose,Loose_L1,1
1927,1.70554e+09,1,1,2.4006,0.223094,0.8,0.15159699999999998,20,16,g0,Loose,Loose,Loose_L1,0
1929,1.70554e+09,1,1,2.37596,0.209175,0.85,0.156968,20,17,g0,Loose,Loose,Loose_L1,0
1931,1.70554e+09,1,1,2.25927,0.205769,0.9,0.1591535,20,18,g0,Loose,Loose,Loose_L1,0
1933,1.70554e+09,1,1,2.17544,0.20594,0.9,0.16792,20,18,g0,Loose,Loose,Loose_L1,0
1935,1.70554e+09,1,1,1.7821,0.167603,0.9,0.164471,20,18,g0,Loose,Loose,Loose_L1,0
1937,1.70554e+09,1,1,1.63385,0.161164,0.9,0.164471,20,18,g0,Loose,Loose,Loose_L1,0
1939,1.70554e+09,1,0,1.0,0.102543,0.85,0.167603,20,17,g0,Loose,Loose,Loose_L1,0
1941,1.70554e+09,1,1,2.06528,0.215504,0.85,0.196416,20,17,g0,Loose,Loose,Loose_L1,0
1943,1.70554e+09,1,1,1.56651,0.148474,0.9,0.1820095,20,18,g0,Loose,Loose,Loose_L1,0
1945,1.70554e+09,1,1,1.34746,0.134593,0.9,0.164471,20,18,g0,Loose,Loose,Loose_L1,0
1947,1.70554e+09,1,1,1.82418,0.166576,0.9,0.1670895,20,18,g0,Loose,Loose,Loose_L1,0
1949,1.70554e+09,1,1,1.81975,0.163497,0.9,0.1670895,20,18,g0,Loose,Loose,Loose_L1,0
1951,1.70554e+09,1,1,1.64283,0.147848,0.9,0.1670895,20,18,g0,Loose,Loose,Loose_L1,0
1953,1.70554e+09,1,1,1.47423,0.13337,0.9,0.1650365,20,18,g0,Loose,Loose,Loose_L1,0
1955,1.70554e+09,1,1,1.42205,0.13254,0.9,0.1650365,20,18,g0,Loose,Loose,Loose_L1,0
1957,1.70554e+09,1,1,1.21936,0.122114,0.9,0.1650365,20,18,g0,Loose,Loose,Loose_L1,0
1959,1.70554e+09,1,1,1.25749,0.122,0.9,0.1623305,20,18,g0,Loose,Loose,Loose_L1,0
1961,1.70554e+09,1,0,1.0,0.103789,0.85,0.163497,20,17,g0,Loose,Loose,Loose_L1,0
1963,1.70554e+09,1,1,1.03513,0.103668,0.9,0.1623305,20,18,g0,Loose,Loose,Loose_L1,0
1965,1.70554e+09,1,1,1.34845,0.129912,0.9,0.15481899999999998,20,18,g0,Loose,Loose,Loose_L1,0
1967,1.70554e+09,1,1,1.71359,0.16389,0.9,0.15481899999999998,20,18,g0,Loose,Loose,Loose_L1,0
1969,1.70554e+09,1,1,1.00027,0.11134,0.9,0.148161,20,18,g0,Loose,Loose,Loose_L1,0
1971,1.70554e+09,1,1,1.05043,0.10643,0.9,0.1412205,20,18,g0,Loose,Loose,Loose_L1,0
1973,1.70554e+09,1,1,1.11016,0.117735,0.9,0.13398149999999998,20,18,g0,Loose,Loose,Loose_L1,0
1975,1.70554e+09,1,1,1.08116,0.108032,0.9,0.132955,20,18,g0,Loose,Loose,Loose_L1,0
1977,1.70554e+09,1,1,1.27876,0.138082,0.9,0.132955,20,18,g0,Loose,Loose,Loose_L1,0
1979,1.70554e+09,1,0,1.0,0.140305,0.9,0.132955,20,18,g0,Loose,Loose,Loose_L1,0
1981,1.70554e+09,1,0,1.0,0.124592,0.85,0.13254,20,17,g0,Loose,Loose,Loose_L1,0
1983,1.70554e+09,1,0,1.0,0.107173,0.8,0.131226,20,16,g0,Loose,Loose,Loose_L1,0
1985,1.70554e+09,1,0,1.0,0.108843,0.75,0.129912,20,15,g0,Loose,Loose,Loose_L1,0
1987,1.70554e+09,1,0,1.0,0.116401,0.7,0.126013,20,14,g0,Loose,Loose,Loose_L1,0
1989,1.70554e+09,1,0,1.0,0.109251,0.65,0.122114,20,13,g0,Loose,Loose,Loose_L1,0
1991,1.70554e+09,1,0,1.0,0.107258,0.6,0.122057,20,12,g0,Loose,Native,Native,1
1993,1.70554e+09,1,1,1.13856,0.130836,0.6,0.122057,20,12,g0,Native,Native,Native,0
1995,1.70554e+09,1,0,1.0,0.104085,0.55,0.122,20,11,g0,Native,Native,Native,0
1997,1.70554e+09,1,0,1.0,0.146092,0.5,0.1198675,20,10,g0,Native,Native,Native,0
1999,1.70554e+09,1,1,1.22747,0.115496,0.5,0.11661550000000001,20,10,g0,Native,Native,Native,0
2001,1.70554e+09,1,0,1.0,0.0997791,0.5,0.11661550000000001,20,10,g0,Native,Native,Native,0
2003,1.70554e+09,1,1,1.30655,0.125137,0.5,0.121436,20,10,g0,Native,Native,Native,0
2005,1.70554e+09,1,1,3.40759,0.315539,0.5,0.121436,20,10,g0,Native,Native,Native,0
2007,1.70554e+09,1,1,3.17673,0.263103,0.5,0.121436,20,10,g0,Native,Native,Native,0
2009,1.70554e+09,1,1,2.95987,0.248455,0.5,0.1279865,20,10,g0,Native,Native,Native,0
2011,1.70554e+09,1,1,1.52476,0.144185,0.5,0.134459,20,10,g0,Native,Native,Native,0
2013,1.70554e+09,1,1,2.17403,0.221484,0.5,0.14113350000000002,20,10,g0,Native,Native,Native,0
2015,1.70554e+09,1,1,3.97955,0.38091,0.5,0.1828345,20,10,g0,Native,Native,Native,0
2017,1.70554e+09,1,1,4.1601,0.334567,0.5,0.2349695,20,10,g0,Native,Native,Native,0
2019,1.70554e+09,1,1,4.69722,0.395143,0.55,0.248455,20,11,g0,Native,Native,Native,0
2021,1.70554e+09,1,1,2.26246,0.167665,0.6,0.2349695,20,12,g0,Native,Native,Native,0
2023,1.70554e+09,1,1,2.60317,0.171502,0.65,0.221484,20,13,g0,Native,Native,Native,0
2025,1.70554e+09,1,1,2.86868,0.267077,0.7,0.2349695,20,14,g0,Native,Native,Native,0
2027,1.70554e+09,1,1,2.7078,0.256767,0.75,0.248455,20,15,g0,Native,Loose,Loose_L1,1
2029,1.70554e+09,1,1,2.15233,0.190096,0.8,0.2349695,20,16,g0,Loose,Loose,Loose_L1,0
2031,1.70554e+09,1,1,2.22361,0.20891,0.85,0.221484,20,17,g0,Loose,Loose,Loose_L1,0
2033,1.70554e+09,1,1,2.30071,0.214099,0.85,0.221484,20,17,g0,Loose,Loose,Loose_L1,0
2035,1.70554e+09,1,1,6.27498,0.557818,0.9,0.2349695,20,18,g0,Loose,Loose,Loose_L1,0
2037,1.70554e+09,1,1,5.07952,0.373697,0.95,0.248455,20,19,g0,Loose,Loose,Loose_L1,0
2039,1.70554e+09,1,1,5.7146,0.446915,0.95,0.256767,20,19,g0,Loose,Loose,Loose_L1,0
2041,1.70554e+09,1,1,4.60867,0.351003,1.0,0.259935,20,20,g0,Loose,Loose,Loose_L1,0
2043,1.70554e+09,1,1,8.20459,0.668815,1.0,0.26509,20,20,g0,Loose,Loose,Loose_L1,0
2045,1.70554e+09,1,1,7.23689,0.525309,1.0,0.26509,20,20,g0,Loose,Loose,Loose_L1,0
2047,1.70554e+09,1,1,7.24901,0.528473,1.0,0.30082200000000003,20,20,g0,Loose,Loose,Loose_L1,0
2049,1.70554e+09,1,1,5.20002,0.38287,1.0,0.342785,20,20,g0,Loose,Loose,Loose_L1,0
2051,1.70554e+09,1,1,5.27324,0.398329,1.0,0.36235,20,20,g0,Loose,Loose,Loose_L1,0
2053,1.70554e+09,1,1,5.60737,0.431361,1.0,0.3773035,20,20,g0,Loose,Loose,Loose_L1,0
2055,1.70554e+09,1,1,8.42935,0.669218,1.0,0.3782835,20,20,g0,Loose,Loose,Loose_L1,0
2057,1.70554e+09,1,1,9.16058,0.612958,1.0,0.38900650000000003,20,20,g0,Loose,Loose,Loose_L1,0
2059,1.70554e+09,1,1,5.9822,0.397551,1.0,0.3902105,20,20,g0,Loose,Loose,Loose_L1,0
2061,1.70554e+09,1,1,5.64566,0.40557,1.0,0.39793999999999996,20,20,g0,Loose,Loose,Loose_L1,0
2063,1.70554e+09,1,1,6.75966,0.520382,1.0,0.40194949999999996,20,20,g0,Loose,Loose,Loose_L1,0
2065,1.70554e+09,1,1,5.0376,0.397936,1.0,0.40194949999999996,20,20,g0,Loose,Loose,Loose_L1,0
2067,1.70554e+09,1,1,6.72049,0.545961,1.0,0.4184655,20,20,g0,Loose,Loose,Loose_L1,0
2069,1.70554e+09,1,1,4.69179,0.345328,1.0,0.4184655,20,20,g0,Loose,Loose,Loose_L1,0
2071,1.70554e+09,1,1,11.1378,0.881694,1.0,0.43913800000000003,20,20,g0,Loose,Loose,Loose_L1,0
2073,1.70554e+09,1,1,4.56657,0.315332,1.0,0.43913800000000003,20,20,g0,Loose,Loose,Loose_L1,0
2075,1.70554e+09,1,1,5.11528,0.400532,1.0,0.4184655,20,20,g0,Loose,Loose,Loose_L1,0
2077,1.70554e+09,1,1,3.43096,0.26513,1.0,0.4184655,20,20,g0,Loose,Loose,Loose_L1,0
2079,1.70554e+09,1,1,5.17699,0.45245,1.0,0.4184655,20,20,g0,Loose,Loose,Loose_L1,0
2081,1.70554e+09,1,1,5.66789,0.4519,1.0,0.44163050000000004,20,20,g0,Loose,Loose,Loose_L1,0
2083,1.70554e+09,1,1,3.39567,0.264121,1.0,0.4184655,20,20,g0,Loose,Loose,Loose_L1,0
2085,1.70554e+09,1,1,5.49263,0.467717,1.0,0.4184655,20,20,g0,Loose,Loose,Loose_L1,0
2087,1.70554e+09,1,1,3.49075,0.271065,1.0,0.403051,20,20,g0,Loose,Loose,Loose_L1,0
2089,1.70554e+09,1,1,3.69959,0.302827,1.0,0.403051,20,20,g0,Loose,Loose,Loose_L1,0
2091,1.70554e+09,1,1,4.14789,0.35785,1.0,0.403051,20,20,g0,Loose,Loose,Loose_L1,0
2093,1.70554e+09,1,1,3.83079,0.310122,1.0,0.399234,20,20,g0,Loose,Loose,Loose_L1,0
2095,1.70554e+09,1,1,2.36728,0.202837,1.0,0.3977435,20,20,g0,Loose,Loose,Loose_L1,0
2097,1.70554e+09,1,1,2.44754,0.230932,1.0,0.3777005,20,20,g0,Loose,Loose,Loose_L1,0
2099,1.70554e+09,1,1,1.18512,0.113424,1.0,0.35158900000000004,20,20,g0,Loose,Loose,Loose_L1,0
2101,1.70554e+09,1,0,1.0,0.120473,0.95,0.345328,20,19,g0,Loose,Loose,Loose_L1,0
2103,1.70554e+09,1,0,1.0,0.114055,0.9,0.33033,20,18,g0,Loose,Loose,Loose_L1,0
2105,1.70554e+09,1,0,1.0,0.107386,0.85,0.315332,20,17,g0,Loose,Loose,Loose_L1,0
2107,1.70554e+09,1,0,1.0,0.10379,0.8,0.312727,20,16,g0,Loose,Loose,Loose_L1,0
2109,1.70554e+09,1,0,1.0,0.11374,0.75,0.310122,20,15,g0,Loose,Loose,Loose_L1,0
2111,1.70554e+09,1,0,1.0,0.111793,0.7,0.3064745,20,14,g0,Loose,Loose,Loose_L1,0
2113,1.70554e+09,1,0,1.0,0.10949,0.65,0.302827,20,13,g0,Loose,Loose,Loose_L1,0
2115,1.70554e+09,1,0,1.0,0.109025,0.6,0.28694600000000003,20,12,g0,Loose,Native,Native,1
2117,1.70554e+09,1,0,1.0,0.101243,0.55,0.302827,20,11,g0,Native,Native,Native,0
2119,1.70554e+09,1,0,1.0,0.102908,0.5,0.28694600000000003,20,10,g0,Native,Native,Native,0
2121,1.70554e+09,1,0,1.0,0.113261,0.45,0.271065,20,9,g0,Native,Native,Native,0
2123,1.70554e+09,1,0,1.0,0.105671,0.4,0.28694600000000003,20,8,g0,Native,Native,Native,0
2125,1.70554e+09,1,0,1.0,0.116561,0.35,0.271065,20,7,g0,Native,Native,Native,0
2127,1.70554e+09,1,0,1.0,0.111535,0.3,0.2668795,20,6,g0,Native,Native,Native,0
2129,1.70554e+09,1,0,1.0,0.125806,0.25,0.230932,20,5,g0,Native,Native,Native,0
2131,1.70554e+09,1,0,1.0,0.102163,0.2,0.21688449999999998,20,4,g0,Native,Native,Native,0
2133,1.70554e+09,1,0,1.0,0.101851,0.15,0.202837,20,3,g0,Native,Native,Native,0
2135,1.70554e+09,1,0,1.0,0.103056,0.1,0.172178,20,2,g0,Native,Native,Native,0
2137,1.70554e+09,1,0,1.0,0.10319,0.05,0.113424,20,1,g0,Native,Native,Native,0
2139,1.70554e+09,1,0,1.0,0.103897,0.0,nan,20,0,g0,Native,Native,Native,0
2141,1.70554e+09,1,0,1.0,0.113612,0.0,nan,20,0,g0,Native,Native,Native,0
2143,1.70554e+09,1,0,1.0,0.125873,0.0,nan,20,0,g0,Native,Native,Native,0
2145,1.70554e+09,1,0,1.0,0.104315,0.0,nan,20,0,g0,Native,Native,Native,0
2147,1.70554e+09,1,0,1.0,0.102889,0.0,nan,20,0,g0,Native,Native,Native,0
2149,1.70554e+09,1,0,1.0,0.110085,0.0,nan,20,0,g0,Native,Native,Native,0
2151,1.70554e+09,1,0,1.0,0.107274,0.0,nan,20,0,g0,Native,Native,Native,0
2153,1.70554e+09,1,1,1.02091,0.109448,0.05,0.109448,20,1,g0,Native,Native,Native,0
2155,1.70554e+09,1,1,1.34681,0.143532,0.1,0.12649,20,2,g0,Native,Native,Native,0
2157,1.70554e+09,1,1,1.56588,0.151824,0.15,0.143532,20,3,g0,Native,Native,Native,0
2159,1.70554e+09,1,1,1.91585,0.177079,0.2,0.14767799999999998,20,4,g0,Native,Native,Native,0
2161,1.70554e+09,1,1,1.43502,0.12167,0.25,0.143532,20,5,g0,Native,Native,Native,0
2163,1.70554e+09,1,0,1.0,0.0867407,0.25,0.143532,20,5,g0,Native,Native,Native,0
2165,1.70554e+09,1,0,1.0,0.0938157,0.25,0.143532,20,5,g0,Native,Native,Native,0
2167,1.70554e+09,1,0,1.0,0.106641,0.25,0.143532,20,5,g0,Native,Native,Native,0
2169,1.70554e+09,1,0,1.0,0.115196,0.25,0.143532,20,5,g0,Native,Native,Native,0
2171,1.70554e+09,1,0,1.0,0.127363,0.25,0.143532,20,5,g0,Native,Native,Native,0
2173,1.70554e+09,1,1,1.21532,0.137945,0.3,0.1407385,20,6,g0,Native,Native,Native,0
2175,1.70554e+09,1,0,1.0,0.10774,0.3,0.1407385,20,6,g0,Native,Native,Native,0
2177,1.70554e+09,1,0,1.0,0.114548,0.3,0.1407385,20,6,g0,Native,Native,Native,0
2179,1.70554e+09,1,0,1.0,0.112156,0.3,0.1407385,20,6,g0,Native,Native,Native,0
2181,1.70554e+09,1,0,1.0,0.166612,0.3,0.1407385,20,6,g0,Native,Native,Native,0
2183,1.70554e+09,1,1,1.33306,0.127205,0.35,0.137945,20,7,g0,Native,Native,Native,0
2185,1.70554e+09,1,1,1.17963,0.116507,0.4,0.132575,20,8,g0,Native,Native,Native,0
2187,1.70554e+09,1,1,1.49289,0.149349,0.45,0.137945,20,9,g0,Native,Native,Native,0
2189,1.70554e+09,1,1,1.04388,0.105184,0.5,0.132575,20,10,g0,Native,Native,Native,0
2191,1.70554e+09,1,1,1.65828,0.157544,0.55,0.137945,20,11,g0,Native,Native,Native,0
2193,1.70554e+09,1,1,1.18971,0.113261,0.55,0.137945,20,11,g0,Native,Native,Native,0
2195,1.70554e+09,1,0,1.0,0.104689,0.5,0.132575,20,10,g0,Native,Native,Native,0
2197,1.70554e+09,1,1,2.72834,0.28607,0.5,0.132575,20,10,g0,Native,Native,Native,0
2199,1.70554e+09,1,1,2.08852,0.206182,0.5,0.132575,20,10,g0,Native,Native,Native,0
2201,1.70554e+09,1,1,1.35272,0.128498,0.5,0.1332215,20,10,g0,Native,Native,Native,0
2203,1.70554e+09,1,0,1.0,0.110597,0.5,0.1332215,20,10,g0,Native,Native,Native,0
2205,1.70554e+09,1,1,1.63321,0.183282,0.55,0.137945,20,11,g0,Native,Native,Native,0
2207,1.70554e+09,1,1,1.03241,0.114252,0.6,0.1332215,20,12,g0,Native,Native,Native,0
2209,1.70554e+09,1,0,1.0,0.110675,0.6,0.1332215,20,12,g0,Native,Native,Native,0
2211,1.70554e+09,1,1,1.49053,0.150313,0.65,0.137945,20,13,g0,Native,Native,Native,0
2213,1.70554e+09,1,0,1.0,0.0979745,0.6,0.1389235,20,12,g0,Native,Native,Native,0
2215,1.70554e+09,1,1,1.03475,0.111163,0.65,0.128498,20,13,g0,Native,Native,Native,0
2217,1.70554e+09,1,0,1.0,0.114446,0.65,0.128498,20,13,g0,Native,Native,Native,0
2219,1.70554e+09,1,1,1.06639,0.111661,0.7,0.1278515,20,14,g0,Native,Native,Native,0
2221,1.70554e+09,1,1,1.38258,0.143017,0.75,0.128498,20,15,g0,Native,Loose,Loose_L1,1
2223,1.70554e+09,1,0,1.0,0.10164,0.7,0.1357575,20,14,g0,Loose,Loose,Loose_L1,0
2225,1.70554e+09,1,1,1.01871,0.11069,0.7,0.1357575,20,14,g0,Loose,Loose,Loose_L1,0
2227,1.70554e+09,1,1,1.30581,0.134033,0.7,0.1312655,20,14,g0,Loose,Loose,Loose_L1,0
2229,1.70554e+09,1,1,1.14305,0.106456,0.7,0.1312655,20,14,g0,Loose,Loose,Loose_L1,0
2231,1.70554e+09,1,1,1.2024,0.114302,0.7,0.12140000000000001,20,14,g0,Loose,Loose,Loose_L1,0
2233,1.70554e+09,1,1,1.25268,0.117549,0.7,0.12302350000000001,20,14,g0,Loose,Loose,Loose_L1,0
2235,1.70554e+09,1,1,1.24005,0.120611,0.75,0.120611,20,15,g0,Loose,Loose,Loose_L1,0
2237,1.70554e+09,1,1,1.06408,0.100428,0.75,0.117549,20,15,g0,Loose,Loose,Loose_L1,0
2239,1.70554e+09,1,1,1.01684,0.116695,0.75,0.116695,20,15,g0,Loose,Loose,Loose_L1,0
2241,1.70554e+09,1,1,1.4859,0.164732,0.75,0.116695,20,15,g0,Loose,Loose,Loose_L1,0
2243,1.70554e+09,1,1,1.06037,0.112914,0.8,0.1154985,20,16,g0,Loose,Loose,Loose_L1,0
2245,1.70554e+09,1,1,1.1769,0.11852,0.8,0.1154985,20,16,g0,Loose,Loose,Loose_L1,0
2247,1.70554e+09,1,0,1.0,0.11272,0.75,0.116695,20,15,g0,Loose,Loose,Loose_L1,0
2249,1.70554e+09,1,0,1.0,0.100685,0.75,0.116695,20,15,g0,Loose,Loose,Loose_L1,0
2251,1.70554e+09,1,0,1.0,0.0990968,0.7,0.1154985,20,14,g0,Loose,Loose,Loose_L1,0
2253,1.70554e+09,1,1,1.0388,0.119942,0.75,0.116695,20,15,g0,Loose,Loose,Loose_L1,0
2255,1.70554e+09,1,0,1.0,0.112882,0.7,0.117122,20,14,g0,Loose,Loose,Loose_L1,0
2257,1.70554e+09,1,0,1.0,0.113905,0.7,0.117122,20,14,g0,Loose,Loose,Loose_L1,0
2259,1.70554e+09,1,0,1.0,0.112389,0.65,0.117549,20,13,g0,Loose,Loose,Loose_L1,0
2261,1.70554e+09,1,0,1.0,0.112415,0.6,0.117122,20,12,g0,Loose,Native,Native,1
2263,1.70554e+09,1,0,1.0,0.111908,0.6,0.117122,20,12,g0,Native,Native,Native,0
2265,1.70554e+09,1,0,1.0,0.103219,0.55,0.117549,20,11,g0,Native,Native,Native,0
2267,1.70554e+09,1,0,1.0,0.10565,0.5,0.117122,20,10,g0,Native,Native,Native,0
2269,1.70554e+09,1,0,1.0,0.106046,0.45,0.117549,20,9,g0,Native,Native,Native,0
2271,1.70554e+09,1,0,1.0,0.110988,0.4,0.1180345,20,8,g0,Native,Native,Native,0
2273,1.70554e+09,1,0,1.0,0.103436,0.35,0.11852,20,7,g0,Native,Native,Native,0
2275,1.70554e+09,1,0,1.0,0.109491,0.3,0.1176075,20,6,g0,Native,Native,Native,0
2277,1.70554e+09,1,0,1.0,0.137084,0.25,0.11852,20,5,g0,Native,Native,Native,0
2279,1.70554e+09,1,0,1.0,0.14548,0.2,0.119231,20,4,g0,Native,Native,Native,0
2281,1.70554e+09,1,0,1.0,0.116322,0.15,0.11852,20,3,g0,Native,Native,Native,0
2283,1.70554e+09,1,1,1.32165,0.124931,0.15,0.119942,20,3,g0,Native,Native,Native,0
2285,1.70554e+09,1,1,1.01835,0.113467,0.15,0.119942,20,3,g0,Native,Native,Native,0
2287,1.70554e+09,1,0,1.0,0.108977,0.15,0.119942,20,3,g0,Native,Native,Native,0
2289,1.70554e+09,1,0,1.0,0.120518,0.15,0.119942,20,3,g0,Native,Native,Native,0
2291,1.70554e+09,1,0,1.0,0.137153,0.15,0.119942,20,3,g0,Native,Native,Native,0
2293,1.70554e+09,1,0,1.0,0.144842,0.1,0.119199,20,2,g0,Native,Native,Native,0
2295,1.70554e+09,1,1,1.03009,0.104853,0.15,0.113467,20,3,g0,Native,Native,Native,0
2297,1.70554e+09,1,1,1.85106,0.175745,0.2,0.119199,20,4,g0,Native,Native,Native,0
2299,1.70554e+09,1,1,2.06922,0.187175,0.25,0.124931,20,5,g0,Native,Native,Native,0
2301,1.70554e+09,1,1,2.63898,0.243165,0.3,0.150338,20,6,g0,Native,Native,Native,0
2303,1.70554e+09,1,1,2.71736,0.243297,0.35,0.175745,20,7,g0,Native,Native,Native,0
2305,1.70554e+09,1,1,2.10259,0.18094,0.4,0.17834250000000001,20,8,g0,Native,Native,Native,0
2307,1.70554e+09,1,1,1.59683,0.151403,0.45,0.175745,20,9,g0,Native,Native,Native,0
2309,1.70554e+09,1,1,2.19747,0.219624,0.5,0.17834250000000001,20,10,g0,Native,Native,Native,0
2311,1.70554e+09,1,1,2.86835,0.262162,0.55,0.18094,20,11,g0,Native,Native,Native,0
2313,1.70554e+09,1,1,2.75333,0.177066,0.6,0.179003,20,12,g0,Native,Native,Native,0
2315,1.70554e+09,1,1,2.44737,0.206553,0.65,0.18094,20,13,g0,Native,Native,Native,0
2317,1.70554e+09,1,1,2.04603,0.183021,0.7,0.1819805,20,14,g0,Native,Native,Native,0
2319,1.70554e+09,1,1,2.11899,0.17962,0.75,0.18094,20,15,g0,Native,Loose,Loose_L1,1
2321,1.70554e+09,1,1,3.29349,0.303686,0.8,0.1819805,20,16,g0,Loose,Loose,Loose_L1,0
2323,1.70554e+09,1,1,3.49386,0.314023,0.8,0.18509799999999998,20,16,g0,Loose,Loose,Loose_L1,0
2325,1.70554e+09,1,1,3.40104,0.297357,0.8,0.19686399999999998,20,16,g0,Loose,Loose,Loose_L1,0
2327,1.70554e+09,1,1,4.35698,0.379425,0.85,0.206553,20,17,g0,Loose,Loose,Loose_L1,0
2329,1.70554e+09,1,1,3.54677,0.297552,0.9,0.21308850000000001,20,18,g0,Loose,Loose,Loose_L1,0
2331,1.70554e+09,1,1,4.4894,0.383885,0.95,0.219624,20,19,g0,Loose,Loose,Loose_L1,0
2333,1.70554e+09,1,1,4.8265,0.394579,1.0,0.2313945,20,20,g0,Loose,Loose,Loose_L1,0
2335,1.70554e+09,1,1,4.21472,0.345782,1.0,0.243231,20,20,g0,Loose,Loose,Loose_L1,0
2337,1.70554e+09,1,1,3.68755,0.307516,1.0,0.2527295,20,20,g0,Loose,Loose,Loose_L1,0
2339,1.70554e+09,1,1,3.67076,0.316497,1.0,0.2797595,20,20,g0,Loose,Loose,Loose_L1,0
2341,1.70554e+09,1,1,3.36247,0.282093,1.0,0.289725,20,20,g0,Loose,Loose,Loose_L1,0
2343,1.70554e+09,1,1,3.06876,0.266299,1.0,0.289725,20,20,g0,Loose,Loose,Loose_L1,0
2345,1.70554e+09,1,1,4.04613,0.352045,1.0,0.29745449999999996,20,20,g0,Loose,Loose,Loose_L1,0
2347,1.70554e+09,1,1,3.30524,0.278961,1.0,0.29745449999999996,20,20,g0,Loose,Loose,Loose_L1,0
2349,1.70554e+09,1,1,2.96539,0.261541,1.0,0.29745449999999996,20,20,g0,Loose,Loose,Loose_L1,0
2351,1.70554e+09,1,1,2.79219,0.247077,1.0,0.29745449999999996,20,20,g0,Loose,Loose,Loose_L1,0
2353,1.70554e+09,1,1,3.65761,0.332082,1.0,0.30061899999999997,20,20,g0,Loose,Loose,Loose_L1,0
2355,1.70554e+09,1,1,3.20519,0.271,1.0,0.30061899999999997,20,20,g0,Loose,Loose,Loose_L1,0
2357,1.70554e+09,1,1,2.59902,0.232874,1.0,0.30061899999999997,20,20,g0,Loose,Loose,Loose_L1,0
2359,1.70554e+09,1,1,2.61966,0.235866,1.0,0.30061899999999997,20,20,g0,Loose,Loose,Loose_L1,0
2361,1.70554e+09,1,1,2.82421,0.262391,1.0,0.29745449999999996,20,20,g0,Loose,Loose,Loose_L1,0
2363,1.70554e+09,1,1,3.37776,0.304306,1.0,0.29745449999999996,20,20,g0,Loose,Loose,Loose_L1,0
2365,1.70554e+09,1,1,2.29006,0.195506,1.0,0.2898225,20,20,g0,Loose,Loose,Loose_L1,0
2367,1.70554e+09,1,1,3.35079,0.303017,1.0,0.2898225,20,20,g0,Loose,Loose,Loose_L1,0
2369,1.70554e+09,1,1,2.50506,0.222626,1.0,0.28052699999999997,20,20,g0,Loose,Loose,Loose_L1,0
2371,1.70554e+09,1,1,1.98096,0.184908,1.0,0.2749805,20,20,g0,Loose,Loose,Loose_L1,0
2373,1.70554e+09,1,1,1.77914,0.168867,1.0,0.2686495,20,20,g0,Loose,Loose,Loose_L1,0
2375,1.70554e+09,1,1,1.77145,0.175772,1.0,0.264345,20,20,g0,Loose,Loose,Loose_L1,0
2377,1.70554e+09,1,1,2.73825,0.26261,1.0,0.2625005,20,20,g0,Loose,Loose,Loose_L1,0
2379,1.70554e+09,1,1,1.45035,0.133714,1.0,0.26196600000000003,20,20,g0,Loose,Loose,Loose_L1,0
2381,1.70554e+09,1,1,1.68861,0.168739,1.0,0.254309,20,20,g0,Loose,Loose,Loose_L1,0
2383,1.70554e+09,1,1,1.45376,0.140458,1.0,0.2414715,20,20,g0,Loose,Loose,Loose_L1,0
2385,1.70554e+09,1,1,1.40746,0.142057,1.0,0.23437,20,20,g0,Loose,Loose,Loose_L1,0
2387,1.70554e+09,1,1,1.29265,0.130837,1.0,0.22775,20,20,g0,Loose,Loose,Loose_L1,0
2389,1.70554e+09,1,0,1.0,0.107103,0.95,0.222626,20,19,g0,Loose,Loose,Loose_L1,0
2391,1.70554e+09,1,0,1.0,0.108136,0.9,0.209066,20,18,g0,Loose,Loose,Loose_L1,0
2393,1.70554e+09,1,0,1.0,0.11797,0.85,0.195506,20,17,g0,Loose,Loose,Loose_L1,0
2395,1.70554e+09,1,0,1.0,0.109814,0.8,0.19020700000000001,20,16,g0,Loose,Loose,Loose_L1,0
2397,1.70554e+09,1,0,1.0,0.110173,0.75,0.184908,20,15,g0,Loose,Loose,Loose_L1,0
2399,1.70554e+09,1,0,1.0,0.104599,0.7,0.18034,20,14,g0,Loose,Loose,Loose_L1,0
2401,1.70554e+09,1,0,1.0,0.114238,0.65,0.175772,20,13,g0,Loose,Loose,Loose_L1,0
2403,1.70554e+09,1,0,1.0,0.10999,0.6,0.17231950000000001,20,12,g0,Loose,Native,Native,1
2405,1.70554e+09,1,0,1.0,0.111833,0.55,0.168867,20,11,g0,Native,Native,Native,0
2407,1.70554e+09,1,0,1.0,0.113212,0.5,0.16880299999999998,20,10,g0,Native,Native,Native,0
2409,1.70554e+09,0,0,nan,nan,0.5,0.16880299999999998,20,10,g0,Native,Native,Native,0
2411,1.70554e+09,1,0,1.0,0.0525976,0.45,0.168739,20,9,g0,Native,Native,Native,0
2413,1.70554e+09,1,0,1.0,0.103653,0.4,0.15539799999999998,20,8,g0,Native,Native,Native,0
2415,1.70554e+09,1,0,1.0,0.102335,0.35,0.142057,20,7,g0,Native,Native,Native,0
2417,1.70554e+09,1,0,1.0,0.106496,0.3,0.14125749999999998,20,6,g0,Native,Native,Native,0
2419,1.70554e+09,1,0,1.0,0.103761,0.25,0.140458,20,5,g0,Native,Native,Native,0
2421,1.70554e+09,1,0,1.0,0.115927,0.2,0.14125749999999998,20,4,g0,Native,Native,Native,0
2423,1.70554e+09,1,0,1.0,0.128133,0.15,0.140458,20,3,g0,Native,Native,Native,0
2425,1.70554e+09,1,0,1.0,0.116121,0.1,0.13644699999999998,20,2,g0,Native,Native,Native,0
2427,1.70554e+09,1,0,1.0,0.101293,0.05,0.130837,20,1,g0,Native,Native,Native,0
2429,1.70554e+09,1,0,1.0,0.103297,0.0,nan,20,0,g0,Native,Native,Native,0
2431,1.70554e+09,1,0,1.0,0.104916,0.0,nan,20,0,g0,Native,Native,Native,0
2433,1.70554e+09,1,0,1.0,0.111221,0.0,nan,20,0,g0,Native,Native,Native,0
2435,1.70554e+09,1,0,1.0,0.103137,0.0,nan,20,0,g0,Native,Native,Native,0
2437,1.70554e+09,1,0,1.0,0.112308,0.0,nan,20,0,g0,Native,Native,Native,0
2439,1.70554e+09,1,0,1.0,0.113926,0.0,nan,20,0,g0,Native,Native,Native,0
2441,1.70554e+09,1,0,1.0,0.112694,0.0,nan,20,0,g0,Native,Native,Native,0
2443,1.70554e+09,1,0,1.0,0.099749,0.0,nan,20,0,g0,Native,Native,Native,0
2445,1.70554e+09,1,0,1.0,0.116986,0.0,nan,20,0,g0,Native,Native,Native,0
2447,1.70554e+09,1,0,1.0,0.106196,0.0,nan,20,0,g0,Native,Native,Native,0
2449,1.70554e+09,1,0,1.0,0.116885,0.0,nan,20,0,g0,Native,Native,Native,0
2451,1.70554e+09,1,1,1.03999,0.129689,0.05,0.129689,20,1,g0,Native,Native,Native,0
2453,1.70554e+09,1,1,1.03387,0.114351,0.1,0.12201999999999999,20,2,g0,Native,Native,Native,0
2455,1.70554e+09,1,1,1.09067,0.101867,0.15,0.114351,20,3,g0,Native,Native,Native,0
2457,1.70554e+09,1,0,1.0,0.100299,0.15,0.114351,20,3,g0,Native,Native,Native,0
2459,1.70554e+09,1,0,1.0,0.0842713,0.15,0.114351,20,3,g0,Native,Native,Native,0
2461,1.70554e+09,1,0,1.0,0.106068,0.15,0.114351,20,3,g0,Native,Native,Native,0
2463,1.70554e+09,1,0,1.0,0.113355,0.15,0.114351,20,3,g0,Native,Native,Native,0
2465,1.70554e+09,1,0,1.0,0.101093,0.15,0.114351,20,3,g0,Native,Native,Native,0
2467,1.70554e+09,1,0,1.0,0.113949,0.15,0.114351,20,3,g0,Native,Native,Native,0
2469,1.70554e+09,1,0,1.0,0.126712,0.15,0.114351,20,3,g0,Native,Native,Native,0
2471,1.70554e+09,1,0,1.0,0.129712,0.15,0.114351,20,3,g0,Native,Native,Native,0
2473,1.70554e+09,1,0,1.0,0.129506,0.15,0.114351,20,3,g0,Native,Native,Native,0
2475,1.70554e+09,1,0,1.0,0.130112,0.15,0.114351,20,3,g0,Native,Native,Native,0
2477,1.70554e+09,1,0,1.0,0.125967,0.15,0.114351,20,3,g0,Native,Native,Native,0
2479,1.70554e+09,1,0,1.0,0.107666,0.15,0.114351,20,3,g0,Native,Native,Native,0
2481,1.70554e+09,1,0,1.0,0.114336,0.15,0.114351,20,3,g0,Native,Native,Native,0
2483,1.70554e+09,1,0,1.0,0.129082,0.15,0.114351,20,3,g0,Native,Native,Native,0
2485,1.70554e+09,1,1,1.38588,0.140187,0.2,0.12201999999999999,20,4,g0,Native,Native,Native,0
2487,1.70554e+09,1,1,1.42514,0.135381,0.25,0.129689,20,5,g0,Native,Native,Native,0
2489,1.70554e+09,1,1,1.53317,0.143475,0.3,0.13253500000000001,20,6,g0,Native,Native,Native,0
2491,1.70554e+09,1,1,1.64897,0.161749,0.3,0.13778400000000002,20,6,g0,Native,Native,Native,0
2493,1.70554e+09,1,1,1.44877,0.134629,0.3,0.13778400000000002,20,6,g0,Native,Native,Native,0
2495,1.70554e+09,1,1,1.25029,0.121781,0.3,0.13778400000000002,20,6,g0,Native,Native,Native,0
2497,1.70554e+09,1,1,1.45735,0.139111,0.35,0.139111,20,7,g0,Native,Native,Native,0
2499,1.70554e+09,1,1,1.95693,0.188737,0.4,0.13964900000000002,20,8,g0,Native,Native,Native,0
2501,1.70554e+09,1,1,1.04268,0.110575,0.45,0.139111,20,9,g0,Native,Native,Native,0
2503,1.70554e+09,1,1,1.24117,0.123619,0.5,0.137246,20,10,g0,Native,Native,Native,0
2505,1.70554e+09,1,1,1.04847,0.112481,0.55,0.135381,20,11,g0,Native,Native,Native,0
2507,1.70554e+09,1,1,1.89642,0.18257,0.6,0.137246,20,12,g0,Native,Native,Native,0
2509,1.70554e+09,1,1,1.43486,0.136121,0.65,0.136121,20,13,g0,Native,Native,Native,0
2511,1.70554e+09,1,1,1.03998,0.102009,0.7,0.135751,20,14,g0,Native,Native,Native,0
2513,1.70554e+09,1,1,1.35617,0.136269,0.75,0.136121,20,15,g0,Native,Loose,Loose_L1,1
2515,1.70554e+09,1,1,1.18385,0.115292,0.8,0.135751,20,16,g0,Loose,Loose,Loose_L1,0
2517,1.70554e+09,1,0,1.0,0.121853,0.8,0.135751,20,16,g0,Loose,Loose,Loose_L1,0
2519,1.70554e+09,1,0,1.0,0.111746,0.8,0.135751,20,16,g0,Loose,Loose,Loose_L1,0
2521,1.70554e+09,1,0,1.0,0.105548,0.8,0.135751,20,16,g0,Loose,Loose,Loose_L1,0
2523,1.70554e+09,1,0,1.0,0.104863,0.8,0.135751,20,16,g0,Loose,Loose,Loose_L1,0
2525,1.70554e+09,1,0,1.0,0.10589,0.75,0.135381,20,15,g0,Loose,Loose,Loose_L1,0
2527,1.70554e+09,1,1,1.2265,0.121145,0.75,0.134629,20,15,g0,Loose,Loose,Loose_L1,0
2529,1.70554e+09,1,0,1.0,0.0997138,0.7,0.12912400000000002,20,14,g0,Loose,Loose,Loose_L1,0
2531,1.70554e+09,1,1,1.04562,0.11423,0.7,0.1227,20,14,g0,Loose,Loose,Loose_L1,0
2533,1.70554e+09,1,1,1.24019,0.117915,0.7,0.121463,20,14,g0,Loose,Loose,Loose_L1,0
2535,1.70554e+09,1,1,1.10708,0.121574,0.7,0.12135950000000001,20,14,g0,Loose,Loose,Loose_L1,0
2537,1.70554e+09,1,1,1.60679,0.149679,0.7,0.12135950000000001,20,14,g0,Loose,Loose,Loose_L1,0
2539,1.70554e+09,1,1,1.39026,0.125239,0.7,0.12135950000000001,20,14,g0,Loose,Loose,Loose_L1,0
2541,1.70554e+09,1,1,1.2219,0.112085,0.7,0.12135950000000001,20,14,g0,Loose,Loose,Loose_L1,0
2543,1.70554e+09,1,1,1.43552,0.13746,0.7,0.12135950000000001,20,14,g0,Loose,Loose,Loose_L1,0
2545,1.70554e+09,1,1,1.10866,0.111685,0.7,0.12135950000000001,20,14,g0,Loose,Loose,Loose_L1,0
2547,1.70554e+09,1,1,1.17963,0.11166,0.7,0.11953,20,14,g0,Loose,Loose,Loose_L1,0
2549,1.70554e+09,1,1,1.12534,0.107062,0.7,0.1166035,20,14,g0,Loose,Loose,Loose_L1,0
2551,1.70554e+09,1,1,1.01254,0.115337,0.7,0.11662600000000001,20,14,g0,Loose,Loose,Loose_L1,0
2553,1.70554e+09,1,0,1.0,0.105441,0.65,0.115337,20,13,g0,Loose,Loose,Loose_L1,0
2555,1.70554e+09,1,0,1.0,0.105476,0.6,0.11662600000000001,20,12,g0,Loose,Native,Native,1
2557,1.70554e+09,1,0,1.0,0.113653,0.6,0.11662600000000001,20,12,g0,Native,Native,Native,0
2559,1.70554e+09,1,0,1.0,0.108752,0.6,0.11662600000000001,20,12,g0,Native,Native,Native,0
2561,1.70554e+09,1,0,1.0,0.112324,0.6,0.11662600000000001,20,12,g0,Native,Native,Native,0
2563,1.70554e+09,1,0,1.0,0.115602,0.6,0.11662600000000001,20,12,g0,Native,Native,Native,0
2565,1.70554e+09,1,0,1.0,0.119219,0.6,0.11662600000000001,20,12,g0,Native,Native,Native,0
2567,1.70554e+09,1,0,1.0,0.109336,0.55,0.115337,20,11,g0,Native,Native,Native,0
2569,1.70554e+09,1,0,1.0,0.115552,0.55,0.115337,20,11,g0,Native,Native,Native,0
2571,1.70554e+09,1,0,1.0,0.113829,0.5,0.11662600000000001,20,10,g0,Native,Native,Native,0
2573,1.70554e+09,1,0,1.0,0.112776,0.45,0.115337,20,9,g0,Native,Native,Native,0
2575,1.70554e+09,1,0,1.0,0.10504,0.4,0.113711,20,8,g0,Native,Native,Native,0
2577,1.70554e+09,1,0,1.0,0.10539,0.35,0.112085,20,7,g0,Native,Native,Native,0
2579,1.70554e+09,1,0,1.0,0.104352,0.3,0.11188500000000001,20,6,g0,Native,Native,Native,0
2581,1.70554e+09,1,0,1.0,0.133128,0.25,0.111685,20,5,g0,Native,Native,Native,0
2583,1.70554e+09,1,0,1.0,0.109405,0.2,0.11167250000000001,20,4,g0,Native,Native,Native,0
2585,1.70554e+09,1,0,1.0,0.106313,0.15,0.11166,20,3,g0,Native,Native,Native,0
2587,1.70554e+09,1,0,1.0,0.107624,0.1,0.1111995,20,2,g0,Native,Native,Native,0
2589,1.70554e+09,1,0,1.0,0.10635,0.05,0.115337,20,1,g0,Native,Native,Native,0
2591,1.70554e+09,1,0,1.0,0.110418,0.0,nan,20,0,g0,Native,Native,Native,0
2593,1.70554e+09,1,0,1.0,0.119002,0.0,nan,20,0,g0,Native,Native,Native,0
2595,1.70554e+09,1,1,1.04707,0.142892,0.05,0.142892,20,1,g0,Native,Native,Native,0
2597,1.70554e+09,1,0,1.0,0.101118,0.05,0.142892,20,1,g0,Native,Native,Native,0
2599,1.70554e+09,1,0,1.0,0.111147,0.05,0.142892,20,1,g0,Native,Native,Native,0
2601,1.70554e+09,1,1,1.79719,0.170185,0.1,0.1565385,20,2,g0,Native,Native,Native,0
2603,1.70554e+09,1,1,1.45062,0.130161,0.15,0.142892,20,3,g0,Native,Native,Native,0
2605,1.70554e+09,1,0,1.0,0.102445,0.15,0.142892,20,3,g0,Native,Native,Native,0
2607,1.70554e+09,1,1,1.38499,0.148498,0.2,0.145695,20,4,g0,Native,Native,Native,0
2609,1.70554e+09,1,1,2.42864,0.23782,0.25,0.148498,20,5,g0,Native,Native,Native,0
2611,1.70554e+09,1,1,2.83459,0.268079,0.3,0.1593415,20,6,g0,Native,Native,Native,0
2613,1.70554e+09,1,1,2.88576,0.256187,0.35,0.170185,20,7,g0,Native,Native,Native,0
2615,1.70554e+09,1,1,2.35968,0.162679,0.4,0.166432,20,8,g0,Native,Native,Native,0
2617,1.70554e+09,1,1,3.23082,0.302423,0.45,0.170185,20,9,g0,Native,Native,Native,0
2619,1.70554e+09,1,1,2.26917,0.194438,0.5,0.18231150000000002,20,10,g0,Native,Native,Native,0
2621,1.70554e+09,1,1,3.28352,0.292833,0.55,0.194438,20,11,g0,Native,Native,Native,0
2623,1.70554e+09,1,1,2.49176,0.200619,0.6,0.1975285,20,12,g0,Native,Native,Native,0
2625,1.70554e+09,1,1,2.27488,0.212721,0.65,0.200619,20,13,g0,Native,Native,Native,0
2627,1.70554e+09,1,1,2.63252,0.235692,0.7,0.20667,20,14,g0,Native,Native,Native,0
2629,1.70554e+09,1,1,2.24505,0.196675,0.75,0.200619,20,15,g0,Native,Loose,Loose_L1,1
2631,1.70554e+09,1,1,2.36567,0.224551,0.8,0.20667,20,16,g0,Loose,Loose,Loose_L1,0
2633,1.70554e+09,1,1,2.66114,0.234616,0.85,0.212721,20,17,g0,Loose,Loose,Loose_L1,0
2635,1.70554e+09,1,1,3.80029,0.320579,0.85,0.224551,20,17,g0,Loose,Loose,Loose_L1,0
2637,1.70554e+09,1,1,3.91851,0.331496,0.9,0.2295835,20,18,g0,Loose,Loose,Loose_L1,0
2639,1.70554e+09,1,1,6.71003,0.521133,0.95,0.234616,20,19,g0,Loose,Loose,Loose_L1,0
2641,1.70554e+09,1,1,6.67768,0.485276,0.95,0.235692,20,19,g0,Loose,Loose,Loose_L1,0
2643,1.70554e+09,1,1,6.03281,0.467918,0.95,0.23782,20,19,g0,Loose,Loose,Loose_L1,0
2645,1.70554e+09,1,1,5.54851,0.424119,1.0,0.2470035,20,20,g0,Loose,Loose,Loose_L1,0
2647,1.70554e+09,1,1,4.95831,0.401178,1.0,0.262133,20,20,g0,Loose,Loose,Loose_L1,0
2649,1.70554e+09,1,1,7.5732,0.603844,1.0,0.28045600000000004,20,20,g0,Loose,Loose,Loose_L1,0
2651,1.70554e+09,1,1,7.50891,0.540183,1.0,0.297628,20,20,g0,Loose,Loose,Loose_L1,0
2653,1.70554e+09,1,1,8.46316,0.581207,1.0,0.31150100000000003,20,20,g0,Loose,Loose,Loose_L1,0
2655,1.70554e+09,1,1,4.42123,0.302203,1.0,0.31150100000000003,20,20,g0,Loose,Loose,Loose_L1,0
2657,1.70554e+09,1,1,6.45615,0.535476,1.0,0.3260375,20,20,g0,Loose,Loose,Loose_L1,0
2659,1.70554e+09,1,1,8.73642,0.681512,1.0,0.366337,20,20,g0,Loose,Loose,Loose_L1,0
2661,1.70554e+09,1,1,8.02237,0.557092,1.0,0.4126485,20,20,g0,Loose,Loose,Loose_L1,0
2663,1.70554e+09,1,1,5.44101,0.359368,1.0,0.4126485,20,20,g0,Loose,Loose,Loose_L1,0
2665,1.70554e+09,1,1,6.43982,0.510301,1.0,0.4460185,20,20,g0,Loose,Loose,Loose_L1,0
2667,1.70554e+09,1,1,4.40911,0.317304,1.0,0.4460185,20,20,g0,Loose,Loose,Loose_L1,0
2669,1.70554e+09,1,1,4.03692,0.306703,1.0,0.4460185,20,20,g0,Loose,Loose,Loose_L1,0
2671,1.70554e+09,1,1,3.15214,0.261336,1.0,0.4460185,20,20,g0,Loose,Loose,Loose_L1,0
2673,1.70554e+09,1,1,3.50737,0.292144,1.0,0.4460185,20,20,g0,Loose,Loose,Loose_L1,0
2675,1.70554e+09,1,1,4.53926,0.368901,1.0,0.4460185,20,20,g0,Loose,Loose,Loose_L1,0
2677,1.70554e+09,1,1,5.86258,0.480662,1.0,0.47429,20,20,g0,Loose,Loose,Loose_L1,0
2679,1.70554e+09,1,1,3.64752,0.281029,1.0,0.4460185,20,20,g0,Loose,Loose,Loose_L1,0
2681,1.70554e+09,1,1,4.25701,0.358527,1.0,0.4126485,20,20,g0,Loose,Loose,Loose_L1,0
2683,1.70554e+09,1,1,3.47715,0.2887,1.0,0.3850395,20,20,g0,Loose,Loose,Loose_L1,0
2685,1.70554e+09,1,1,3.46956,0.298122,1.0,0.3641345,20,20,g0,Loose,Loose,Loose_L1,0
2687,1.70554e+09,1,1,3.24592,0.262083,1.0,0.3589475,20,20,g0,Loose,Loose,Loose_L1,0
2689,1.70554e+09,1,1,2.33103,0.185651,1.0,0.3379155,20,20,g0,Loose,Loose,Loose_L1,0
2691,1.70554e+09,1,1,2.88545,0.263341,1.0,0.3120035,20,20,g0,Loose,Loose,Loose_L1,0
2693,1.70554e+09,1,1,2.58694,0.230134,1.0,0.304453,20,20,g0,Loose,Loose,Loose_L1,0
2695,1.70554e+09,1,1,2.35913,0.200374,1.0,0.3024125,20,20,g0,Loose,Loose,Loose_L1,0
2697,1.70554e+09,1,1,1.49551,0.12823,1.0,0.295133,20,20,g0,Loose,Loose,Loose_L1,0
2699,1.70554e+09,1,1,1.0208,0.108604,1.0,0.290422,20,20,g0,Loose,Loose,Loose_L1,0
2701,1.70554e+09,1,1,1.03621,0.10866,1.0,0.28486449999999996,20,20,g0,Loose,Loose,Loose_L1,0
2703,1.70554e+09,1,0,1.0,0.110213,0.95,0.281029,20,19,g0,Loose,Loose,Loose_L1,0
2705,1.70554e+09,1,0,1.0,0.11071,0.9,0.272185,20,18,g0,Loose,Loose,Loose_L1,0
2707,1.70554e+09,1,0,1.0,0.112623,0.85,0.263341,20,17,g0,Loose,Loose,Loose_L1,0
2709,1.70554e+09,1,0,1.0,0.112494,0.8,0.262712,20,16,g0,Loose,Loose,Loose_L1,0
2711,1.70554e+09,1,0,1.0,0.104541,0.75,0.263341,20,15,g0,Loose,Loose,Loose_L1,0
2713,1.70554e+09,1,0,1.0,0.111367,0.7,0.262712,20,14,g0,Loose,Loose,Loose_L1,0
2715,1.70554e+09,1,0,1.0,0.102903,0.65,0.262083,20,13,g0,Loose,Loose,Loose_L1,0
2717,1.70554e+09,1,0,1.0,0.104727,0.6,0.2461085,20,12,g0,Loose,Native,Native,1
2719,1.70554e+09,1,0,1.0,0.104653,0.55,0.230134,20,11,g0,Native,Native,Native,0
2721,1.70554e+09,1,0,1.0,0.103118,0.5,0.215254,20,10,g0,Native,Native,Native,0
2723,1.70554e+09,1,0,1.0,0.103704,0.45,0.200374,20,9,g0,Native,Native,Native,0
2725,1.70554e+09,1,0,1.0,0.104243,0.4,0.1930125,20,8,g0,Native,Native,Native,0
2727,1.70554e+09,1,0,1.0,0.109778,0.35,0.185651,20,7,g0,Native,Native,Native,0
2729,1.70554e+09,1,0,1.0,0.111481,0.3,0.164302,20,6,g0,Native,Native,Native,0
2731,1.70554e+09,1,0,1.0,0.101491,0.25,0.12823,20,5,g0,Native,Native,Native,0
2733,1.70554e+09,1,0,1.0,0.106782,0.2,0.11844500000000001,20,4,g0,Native,Native,Native,0
2735,1.70554e+09,1,0,1.0,0.100099,0.15,0.10866,20,3,g0,Native,Native,Native,0
2737,1.70554e+09,1,0,1.0,0.111244,0.1,0.108632,20,2,g0,Native,Native,Native,0
2739,1.70554e+09,1,0,1.0,0.103087,0.05,0.10866,20,1,g0,Native,Native,Native,0
2741,1.70554e+09,1,0,1.0,0.102875,0.0,nan,20,0,g0,Native,Native,Native,0
2743,1.70554e+09,1,0,1.0,0.10453,0.0,nan,20,0,g0,Native,Native,Native,0
2745,1.70554e+09,1,0,1.0,0.102317,0.0,nan,20,0,g0,Native,Native,Native,0
2747,1.70554e+09,1,0,1.0,0.111966,0.0,nan,20,0,g0,Native,Native,Native,0
2749,1.70554e+09,1,0,1.0,0.125349,0.0,nan,20,0,g0,Native,Native,Native,0
2751,1.70554e+09,1,0,1.0,0.11079,0.0,nan,20,0,g0,Native,Native,Native,0
2753,1.70554e+09,1,0,1.0,0.104511,0.0,nan,20,0,g0,Native,Native,Native,0
2755,1.70554e+09,1,0,1.0,0.10891,0.0,nan,20,0,g0,Native,Native,Native,0
2757,1.70554e+09,1,0,1.0,0.105901,0.0,nan,20,0,g0,Native,Native,Native,0
2759,1.70554e+09,1,0,1.0,0.105493,0.0,nan,20,0,g0,Native,Native,Native,0
2761,1.70554e+09,1,0,1.0,0.12208,0.0,nan,20,0,g0,Native,Native,Native,0
2763,1.70554e+09,1,0,1.0,0.110927,0.0,nan,20,0,g0,Native,Native,Native,0
2765,1.70554e+09,1,0,1.0,0.116146,0.0,nan,20,0,g0,Native,Native,Native,0
2767,1.70554e+09,1,0,1.0,0.099012,0.0,nan,20,0,g0,Native,Native,Native,0
2769,1.70554e+09,1,0,1.0,0.0984734,0.0,nan,20,0,g0,Native,Native,Native,0
2771,1.70554e+09,1,0,1.0,0.0837569,0.0,nan,20,0,g0,Native,Native,Native,0
2773,1.70554e+09,1,0,1.0,0.107175,0.0,nan,20,0,g0,Native,Native,Native,0
2775,1.70554e+09,1,0,1.0,0.116163,0.0,nan,20,0,g0,Native,Native,Native,0
2777,1.70554e+09,1,0,1.0,0.104052,0.0,nan,20,0,g0,Native,Native,Native,0
2779,1.70554e+09,1,0,1.0,0.11397,0.0,nan,20,0,g0,Native,Native,Native,0
2781,1.70554e+09,1,0,1.0,0.109343,0.0,nan,20,0,g0,Native,Native,Native,0
2783,1.70554e+09,1,0,1.0,0.115381,0.0,nan,20,0,g0,Native,Native,Native,0
2785,1.70554e+09,1,0,1.0,0.124443,0.0,nan,20,0,g0,Native,Native,Native,0
2787,1.70554e+09,1,0,1.0,0.108165,0.0,nan,20,0,g0,Native,Native,Native,0
2789,1.70554e+09,1,0,1.0,0.0977185,0.0,nan,20,0,g0,Native,Native,Native,0
2791,1.70554e+09,1,0,1.0,0.108793,0.0,nan,20,0,g0,Native,Native,Native,0
2793,1.70554e+09,1,0,1.0,0.123059,0.0,nan,20,0,g0,Native,Native,Native,0
2795,1.70554e+09,1,0,1.0,0.111241,0.0,nan,20,0,g0,Native,Native,Native,0
2797,1.70554e+09,1,1,1.0021,0.104464,0.05,0.104464,20,1,g0,Native,Native,Native,0
2799,1.70554e+09,1,0,1.0,0.105984,0.05,0.104464,20,1,g0,Native,Native,Native,0
2801,1.70554e+09,1,0,1.0,0.116256,0.05,0.104464,20,1,g0,Native,Native,Native,0
2803,1.70554e+09,1,0,1.0,0.107263,0.05,0.104464,20,1,g0,Native,Native,Native,0
2805,1.70554e+09,1,0,1.0,0.104857,0.05,0.104464,20,1,g0,Native,Native,Native,0
2807,1.70554e+09,1,0,1.0,0.108395,0.05,0.104464,20,1,g0,Native,Native,Native,0
2809,1.70554e+09,1,0,1.0,0.103918,0.05,0.104464,20,1,g0,Native,Native,Native,0
2811,1.70554e+09,1,1,1.03869,0.104382,0.1,0.104423,20,2,g0,Native,Native,Native,0
2813,1.70554e+09,1,0,1.0,0.102243,0.1,0.104423,20,2,g0,Native,Native,Native,0
2815,1.70554e+09,1,1,1.06742,0.111865,0.15,0.104464,20,3,g0,Native,Native,Native,0
2817,1.70554e+09,1,0,1.0,0.103677,0.15,0.104464,20,3,g0,Native,Native,Native,0
2819,1.70554e+09,1,0,1.0,0.115793,0.15,0.104464,20,3,g0,Native,Native,Native,0
2821,1.70554e+09,1,0,1.0,0.115049,0.15,0.104464,20,3,g0,Native,Native,Native,0
2823,1.70554e+09,1,0,1.0,0.10715,0.15,0.104464,20,3,g0,Native,Native,Native,0
2825,1.70554e+09,1,1,1.70869,0.181815,0.2,0.1081645,20,4,g0,Native,Native,Native,0
2827,1.70554e+09,1,1,1.97005,0.211054,0.25,0.111865,20,5,g0,Native,Native,Native,0
2829,1.70554e+09,1,1,1.55676,0.150179,0.3,0.131022,20,6,g0,Native,Native,Native,0
2831,1.70554e+09,1,1,1.66586,0.154667,0.35,0.150179,20,7,g0,Native,Native,Native,0
2833,1.70554e+09,1,1,1.72787,0.174711,0.4,0.152423,20,8,g0,Native,Native,Native,0
2835,1.70554e+09,1,1,1.67885,0.179339,0.45,0.154667,20,9,g0,Native,Native,Native,0
2837,1.70554e+09,1,1,1.53489,0.160721,0.45,0.160721,20,9,g0,Native,Native,Native,0
2839,1.70554e+09,1,1,1.87903,0.178971,0.5,0.167716,20,10,g0,Native,Native,Native,0
2841,1.70554e+09,1,1,1.81139,0.157136,0.55,0.160721,20,11,g0,Native,Native,Native,0
2843,1.70554e+09,1,1,1.3115,0.124823,0.6,0.1589285,20,12,g0,Native,Native,Native,0
2845,1.70554e+09,1,1,1.78478,0.167099,0.65,0.160721,20,13,g0,Native,Native,Native,0
2847,1.70554e+09,1,1,1.3331,0.110407,0.7,0.1589285,20,14,g0,Native,Native,Native,0
2849,1.70554e+09,1,1,1.53981,0.114952,0.75,0.157136,20,15,g0,Native,Loose,Loose_L1,1
2851,1.70554e+09,1,1,1.21005,0.13043,0.75,0.157136,20,15,g0,Loose,Loose,Loose_L1,0
2853,1.70554e+09,1,1,1.2968,0.131904,0.8,0.1559015,20,16,g0,Loose,Loose,Loose_L1,0
2855,1.70554e+09,1,1,1.23792,0.135111,0.8,0.1559015,20,16,g0,Loose,Loose,Loose_L1,0
2857,1.70554e+09,1,1,1.35297,0.135803,0.85,0.154667,20,17,g0,Loose,Loose,Loose_L1,0
2859,1.70554e+09,1,1,1.30278,0.133622,0.9,0.152423,20,18,g0,Loose,Loose,Loose_L1,0
2861,1.70554e+09,1,0,1.0,0.100941,0.9,0.152423,20,18,g0,Loose,Loose,Loose_L1,0
2863,1.70554e+09,1,1,1.37019,0.103911,0.95,0.150179,20,19,g0,Loose,Loose,Loose_L1,0
2865,1.70554e+09,1,1,1.09068,0.105394,0.95,0.135803,20,19,g0,Loose,Loose,Loose_L1,0
2867,1.70554e+09,1,1,1.06805,0.107369,0.95,0.135111,20,19,g0,Loose,Loose,Loose_L1,0
2869,1.70554e+09,1,1,1.17771,0.119386,0.95,0.133622,20,19,g0,Loose,Loose,Loose_L1,0
2871,1.70554e+09,1,0,1.0,0.105055,0.9,0.132763,20,18,g0,Loose,Loose,Loose_L1,0
2873,1.70554e+09,1,1,1.28829,0.126092,0.9,0.13116699999999998,20,18,g0,Loose,Loose,Loose_L1,0
2875,1.70554e+09,1,1,1.23639,0.10778,0.9,0.12826100000000001,20,18,g0,Loose,Loose,Loose_L1,0
2877,1.70554e+09,1,1,1.02832,0.107857,0.9,0.1254575,20,18,g0,Loose,Loose,Loose_L1,0
2879,1.70554e+09,1,0,1.0,0.106736,0.85,0.124823,20,17,g0,Loose,Loose,Loose_L1,0
2881,1.70554e+09,1,0,1.0,0.106301,0.8,0.1221045,20,16,g0,Loose,Loose,Loose_L1,0
2883,1.70554e+09,1,0,1.0,0.10096,0.75,0.119386,20,15,g0,Loose,Loose,Loose_L1,0
2885,1.70554e+09,1,0,1.0,0.102573,0.7,0.117169,20,14,g0,Loose,Loose,Loose_L1,0
2887,1.70554e+09,1,0,1.0,0.105154,0.65,0.119386,20,13,g0,Loose,Loose,Loose_L1,0
2889,1.70554e+09,1,0,1.0,0.102665,0.6,0.12273900000000001,20,12,g0,Loose,Native,Native,1
2891,1.70554e+09,1,0,1.0,0.106126,0.55,0.119386,20,11,g0,Native,Native,Native,0
2893,1.70554e+09,1,0,1.0,0.110569,0.5,0.1136215,20,10,g0,Native,Native,Native,0
2895,1.70554e+09,1,0,1.0,0.11352,0.45,0.107857,20,9,g0,Native,Native,Native,0
2897,1.70554e+09,1,0,1.0,0.104479,0.4,0.1078185,20,8,g0,Native,Native,Native,0
2899,1.70554e+09,1,0,1.0,0.127593,0.35,0.10778,20,7,g0,Native,Native,Native,0
2901,1.70554e+09,1,0,1.0,0.117637,0.35,0.10778,20,7,g0,Native,Native,Native,0
2903,1.70554e+09,0,0,nan,nan,0.35,0.10778,20,7,g0,Native,Native,Native,0
2905,1.70554e+09,1,0,1.0,0.0561711,0.3,0.1078185,20,6,g0,Native,Native,Native,0
2907,1.70554e+09,1,0,1.0,0.110826,0.25,0.107857,20,5,g0,Native,Native,Native,0
2909,1.70554e+09,1,0,1.0,0.106571,0.2,0.1136215,20,4,g0,Native,Native,Native,0
2911,1.70554e+09,1,0,1.0,0.123587,0.15,0.107857,20,3,g0,Native,Native,Native,0
2913,1.70554e+09,1,0,1.0,0.132028,0.15,0.107857,20,3,g0,Native,Native,Native,0
2915,1.70554e+09,1,0,1.0,0.110209,0.1,0.1078185,20,2,g0,Native,Native,Native,0
2917,1.70554e+09,1,0,1.0,0.151675,0.05,0.107857,20,1,g0,Native,Native,Native,0
2919,1.70554e+09,1,0,1.0,0.101325,0.0,nan,20,0,g0,Native,Native,Native,0
2921,1.70554e+09,1,0,1.0,0.10839,0.0,nan,20,0,g0,Native,Native,Native,0
2923,1.70554e+09,1,1,1.09566,0.123708,0.05,0.123708,20,1,g0,Native,Native,Native,0
2925,1.70554e+09,1,1,1.45614,0.154355,0.1,0.1390315,20,2,g0,Native,Native,Native,0
2927,1.70554e+09,1,1,2.03818,0.206528,0.15,0.154355,20,3,g0,Native,Native,Native,0
2929,1.70554e+09,1,1,1.5879,0.15486,0.2,0.1546075,20,4,g0,Native,Native,Native,0
2931,1.70554e+09,1,1,1.28791,0.147333,0.25,0.154355,20,5,g0,Native,Native,Native,0
2933,1.70554e+09,1,0,1.0,0.115822,0.25,0.154355,20,5,g0,Native,Native,Native,0
2935,1.70554e+09,1,0,1.0,0.129312,0.25,0.154355,20,5,g0,Native,Native,Native,0
2937,1.70554e+09,1,1,1.95131,0.198798,0.3,0.1546075,20,6,g0,Native,Native,Native,0
2939,1.70554e+09,1,1,1.57966,0.150428,0.35,0.154355,20,7,g0,Native,Native,Native,0
2941,1.70554e+09,1,1,1.61163,0.153909,0.4,0.154132,20,8,g0,Native,Native,Native,0
2943,1.70554e+09,1,1,1.37023,0.0913157,0.45,0.153909,20,9,g0,Native,Native,Native,0
2945,1.70554e+09,1,1,1.19478,0.121705,0.5,0.15216849999999998,20,10,g0,Native,Native,Native,0
2947,1.70554e+09,1,1,1.10155,0.133328,0.55,0.150428,20,11,g0,Native,Native,Native,0
2949,1.70554e+09,1,1,1.0415,0.12348,0.6,0.1488805,20,12,g0,Native,Native,Native,0
2951,1.70554e+09,1,1,1.07373,0.110512,0.65,0.147333,20,13,g0,Native,Native,Native,0
2953,1.70554e+09,1,1,1.24963,0.133691,0.7,0.140512,20,14,g0,Native,Native,Native,0
2955,1.70554e+09,1,1,1.62444,0.15476,0.75,0.147333,20,15,g0,Native,Loose,Loose_L1,1
2957,1.70554e+09,1,1,1.85997,0.17516,0.8,0.1488805,20,16,g0,Loose,Loose,Loose_L1,0
2959,1.70554e+09,1,1,2.14657,0.186445,0.85,0.150428,20,17,g0,Loose,Loose,Loose_L1,0
2961,1.70554e+09,1,1,2.63508,0.243289,0.9,0.15216849999999998,20,18,g0,Loose,Loose,Loose_L1,0
2963,1.70554e+09,1,1,1.55635,0.136413,0.9,0.15216849999999998,20,18,g0,Loose,Loose,Loose_L1,0
2965,1.70554e+09,1,1,2.03181,0.192346,0.9,0.15216849999999998,20,18,g0,Loose,Loose,Loose_L1,0
2967,1.70554e+09,1,1,2.55653,0.2397,0.9,0.15216849999999998,20,18,g0,Loose,Loose,Loose_L1,0
2969,1.70554e+09,1,1,2.37492,0.208574,0.9,0.15216849999999998,20,18,g0,Loose,Loose,Loose_L1,0
2971,1.70554e+09,1,1,1.87529,0.159431,0.9,0.15433449999999999,20,18,g0,Loose,Loose,Loose_L1,0
2973,1.70554e+09,1,1,1.9951,0.188515,0.95,0.15476,20,19,g0,Loose,Loose,Loose_L1,0
2975,1.70554e+09,1,1,1.36681,0.128718,1.0,0.15433449999999999,20,20,g0,Loose,Loose,Loose_L1,0
2977,1.70554e+09,1,1,1.27879,0.128892,1.0,0.15216849999999998,20,20,g0,Loose,Loose,Loose_L1,0
2979,1.70554e+09,1,1,1.13772,0.113938,1.0,0.14516099999999998,20,20,g0,Loose,Loose,Loose_L1,0
2981,1.70554e+09,1,0,1.0,0.102738,0.95,0.136413,20,19,g0,Loose,Loose,Loose_L1,0
2983,1.70554e+09,1,1,1.09978,0.10865,0.95,0.136413,20,19,g0,Loose,Loose,Loose_L1,0
2985,1.70554e+09,1,1,1.37495,0.125962,0.95,0.136413,20,19,g0,Loose,Loose,Loose_L1,0
2987,1.70554e+09,1,1,1.2664,0.114869,0.95,0.136413,20,19,g0,Loose,Loose,Loose_L1,0
2989,1.70554e+09,1,1,1.45855,0.138508,0.95,0.138508,20,19,g0,Loose,Loose,Loose_L1,0
2991,1.70554e+09,1,1,1.47417,0.161163,0.95,0.15476,20,19,g0,Loose,Loose,Loose_L1,0
2993,1.70554e+09,1,1,1.47673,0.156578,0.95,0.156578,20,19,g0,Loose,Loose,Loose_L1,0
2995,1.70554e+09,1,1,2.08527,0.203068,0.95,0.159431,20,19,g0,Loose,Loose,Loose_L1,0
2997,1.70554e+09,1,0,1.0,0.101912,0.9,0.1580045,20,18,g0,Loose,Loose,Loose_L1,0
2999,1.70554e+09,1,1,1.49144,0.168933,0.9,0.1580045,20,18,g0,Loose,Loose,Loose_L1,0
3001,1.70554e+09,1,1,1.48065,0.147524,0.9,0.152051,20,18,g0,Loose,Loose,Loose_L1,0
3003,1.70554e+09,1,1,1.28333,0.124713,0.9,0.152051,20,18,g0,Loose,Loose,Loose_L1,0
3005,1.70554e+09,1,1,1.47673,0.157729,0.9,0.152051,20,18,g0,Loose,Loose,Loose_L1,0
3007,1.70554e+09,1,1,1.80947,0.188551,0.9,0.152051,20,18,g0,Loose,Loose,Loose_L1,0
3009,1.70554e+09,1,1,2.11862,0.21795,0.9,0.152051,20,18,g0,Loose,Loose,Loose_L1,0
3011,1.70554e+09,1,1,2.01001,0.19851,0.9,0.152051,20,18,g0,Loose,Loose,Loose_L1,0
3013,1.70554e+09,1,1,2.02686,0.176809,0.9,0.152051,20,18,g0,Loose,Loose,Loose_L1,0
3015,1.70554e+09,1,1,2.37719,0.22132,0.9,0.1571535,20,18,g0,Loose,Loose,Loose_L1,0
3017,1.70554e+09,1,1,1.19004,0.107325,0.9,0.1571535,20,18,g0,Loose,Loose,Loose_L1,0
3019,1.70554e+09,1,1,2.19767,0.210569,0.9,0.159446,20,18,g0,Loose,Loose,Loose_L1,0
3021,1.70554e+09,1,1,2.04277,0.208053,0.95,0.161163,20,19,g0,Loose,Loose,Loose_L1,0
3023,1.70554e+09,1,1,2.92441,0.278661,0.95,0.168933,20,19,g0,Loose,Loose,Loose_L1,0
3025,1.70554e+09,1,1,2.32358,0.222631,0.95,0.176809,20,19,g0,Loose,Loose,Loose_L1,0
3027,1.70554e+09,1,1,2.24998,0.208265,0.95,0.188551,20,19,g0,Loose,Loose,Loose_L1,0
3029,1.70554e+09,1,1,2.60001,0.235519,0.95,0.19851,20,19,g0,Loose,Loose,Loose_L1,0
3031,1.70554e+09,1,1,3.06242,0.28526,0.95,0.203068,20,19,g0,Loose,Loose,Loose_L1,0
3033,1.70554e+09,1,1,2.56605,0.234655,0.95,0.208053,20,19,g0,Loose,Loose,Loose_L1,0
3035,1.70554e+09,1,1,3.12071,0.286523,0.95,0.208265,20,19,g0,Loose,Loose,Loose_L1,0
3037,1.70554e+09,1,1,2.95959,0.268087,1.0,0.20941700000000002,20,20,g0,Loose,Loose,Loose_L1,0
3039,1.70554e+09,1,1,1.86455,0.172309,1.0,0.20941700000000002,20,20,g0,Loose,Loose,Loose_L1,0
3041,1.70554e+09,1,1,1.65427,0.157366,1.0,0.20941700000000002,20,20,g0,Loose,Loose,Loose_L1,0
3043,1.70554e+09,1,1,2.55365,0.263872,1.0,0.2142595,20,20,g0,Loose,Loose,Loose_L1,0
3045,1.70554e+09,1,1,3.25818,0.297102,1.0,0.219635,20,20,g0,Loose,Loose,Loose_L1,0
3047,1.70554e+09,1,1,3.23871,0.284693,1.0,0.2219755,20,20,g0,Loose,Loose,Loose_L1,0
3049,1.70554e+09,1,1,3.1079,0.273396,1.0,0.22864299999999999,20,20,g0,Loose,Loose,Loose_L1,0
3051,1.70554e+09,1,1,2.66507,0.237085,1.0,0.235087,20,20,g0,Loose,Loose,Loose_L1,0
3053,1.70554e+09,1,1,2.56366,0.250866,1.0,0.236302,20,20,g0,Loose,Loose,Loose_L1,0
3055,1.70554e+09,1,1,2.01035,0.200542,1.0,0.236302,20,20,g0,Loose,Loose,Loose_L1,0
3057,1.70554e+09,1,1,3.44877,0.316507,1.0,0.24397549999999998,20,20,g0,Loose,Loose,Loose_L1,0
3059,1.70554e+09,1,1,3.2713,0.280115,1.0,0.25736899999999996,20,20,g0,Loose,Loose,Loose_L1,0
3061,1.70554e+09,1,1,3.25988,0.266186,1.0,0.26502899999999996,20,20,g0,Loose,Loose,Loose_L1,0
3063,1.70554e+09,1,1,2.95812,0.246172,1.0,0.25736899999999996,20,20,g0,Loose,Loose,Loose_L1,0
3065,1.70554e+09,1,1,3.98575,0.345858,1.0,0.26502899999999996,20,20,g0,Loose,Loose,Loose_L1,0
3067,1.70554e+09,1,1,4.2937,0.341016,1.0,0.2671365,20,20,g0,Loose,Loose,Loose_L1,0
3069,1.70554e+09,1,1,2.27894,0.199134,1.0,0.2671365,20,20,g0,Loose,Loose,Loose_L1,0
3071,1.70554e+09,1,1,1.21198,0.114589,1.0,0.26502899999999996,20,20,g0,Loose,Loose,Loose_L1,0
3073,1.70554e+09,1,1,1.35524,0.13786,1.0,0.26502899999999996,20,20,g0,Loose,Loose,Loose_L1,0
3075,1.70554e+09,1,1,1.20503,0.119895,1.0,0.25736899999999996,20,20,g0,Loose,Loose,Loose_L1,0
3077,1.70554e+09,1,1,1.17532,0.11914,1.0,0.248519,20,20,g0,Loose,Loose,Loose_L1,0
3079,1.70554e+09,1,1,1.16712,0.118135,1.0,0.248519,20,20,g0,Loose,Loose,Loose_L1,0
3081,1.70554e+09,1,1,1.33811,0.133145,1.0,0.248519,20,20,g0,Loose,Loose,Loose_L1,0
3083,1.70554e+09,1,1,1.11772,0.112233,1.0,0.2416285,20,20,g0,Loose,Loose,Loose_L1,0
3085,1.70554e+09,1,1,1.05682,0.107464,1.0,0.2188135,20,20,g0,Loose,Loose,Loose_L1,0
3087,1.70554e+09,1,0,1.0,0.103819,0.95,0.200542,20,19,g0,Loose,Loose,Loose_L1,0
3089,1.70554e+09,1,1,1.06126,0.109474,0.95,0.199134,20,19,g0,Loose,Loose,Loose_L1,0
3091,1.70554e+09,1,1,2.2451,0.228813,0.95,0.199134,20,19,g0,Loose,Loose,Loose_L1,0
3093,1.70554e+09,1,1,1.29471,0.120619,0.95,0.13786,20,19,g0,Loose,Loose,Loose_L1,0
3095,1.70554e+09,1,1,1.55827,0.150297,0.95,0.13786,20,19,g0,Loose,Loose,Loose_L1,0
3097,1.70554e+09,1,1,1.20938,0.117805,0.95,0.133145,20,19,g0,Loose,Loose,Loose_L1,0
3099,1.70554e+09,1,1,3.06398,0.305851,0.95,0.133145,20,19,g0,Loose,Loose,Loose_L1,0
3101,1.70554e+09,1,1,3.39911,0.289579,0.95,0.133145,20,19,g0,Loose,Loose,Loose_L1,0
3103,1.70554e+09,1,1,2.08569,0.165465,0.95,0.133145,20,19,g0,Loose,Loose,Loose_L1,0
3105,1.70554e+09,1,1,2.58822,0.235794,0.95,0.133145,20,19,g0,Loose,Loose,Loose_L1,0
3107,1.70554e+09,1,1,1.0449,0.0928336,0.95,0.120619,20,19,g0,Loose,Loose,Loose_L1,0
3109,1.70554e+09,1,1,1.25395,0.125242,0.95,0.120619,20,19,g0,Loose,Loose,Loose_L1,0
3111,1.70554e+09,1,0,1.0,0.111793,0.9,0.1229305,20,18,g0,Loose,Loose,Loose_L1,0
3113,1.70554e+09,1,1,1.0314,0.1132,0.9,0.120257,20,18,g0,Loose,Loose,Loose_L1,0
3115,1.70554e+09,1,0,1.0,0.112047,0.85,0.120619,20,17,g0,Loose,Loose,Loose_L1,0
3117,1.70554e+09,1,0,1.0,0.10872,0.8,0.1229305,20,16,g0,Loose,Loose,Loose_L1,0
3119,1.70554e+09,1,0,1.0,0.101531,0.75,0.125242,20,15,g0,Loose,Loose,Loose_L1,0
3121,1.70554e+09,1,0,1.0,0.101351,0.7,0.1229305,20,14,g0,Loose,Loose,Loose_L1,0
3123,1.70554e+09,1,0,1.0,0.100718,0.65,0.125242,20,13,g0,Loose,Loose,Loose_L1,0
3125,1.70554e+09,1,1,1.28026,0.130738,0.65,0.130738,20,13,g0,Loose,Loose,Loose_L1,0
3127,1.70554e+09,1,1,2.06691,0.203834,0.7,0.1405175,20,14,g0,Loose,Loose,Loose_L1,0
3129,1.70554e+09,1,1,2.07178,0.195135,0.7,0.157881,20,14,g0,Loose,Loose,Loose_L1,0
3131,1.70554e+09,1,1,1.08627,0.117553,0.7,0.1405175,20,14,g0,Loose,Loose,Loose_L1,0
3133,1.70554e+09,1,0,1.0,0.10164,0.65,0.150297,20,13,g0,Loose,Loose,Loose_L1,0
3135,1.70554e+09,1,0,1.0,0.100303,0.6,0.1481015,20,12,g0,Loose,Native,Native,1
3137,1.70554e+09,1,0,1.0,0.0995981,0.55,0.165465,20,11,g0,Native,Native,Native,0
3139,1.70554e+09,1,0,1.0,0.0981967,0.5,0.1481015,20,10,g0,Native,Native,Native,0
3141,1.70554e+09,1,0,1.0,0.112742,0.45,0.130738,20,9,g0,Native,Native,Native,0
3143,1.70554e+09,1,0,1.0,0.1077,0.4,0.12799,20,8,g0,Native,Native,Native,0
3145,1.70554e+09,1,0,1.0,0.093356,0.35,0.125242,20,7,g0,Native,Native,Native,0
3147,1.70554e+09,1,0,1.0,0.0982198,0.3,0.12799,20,6,g0,Native,Native,Native,0
3149,1.70554e+09,1,0,1.0,0.124924,0.25,0.130738,20,5,g0,Native,Native,Native,0
3151,1.70554e+09,1,0,1.0,0.0941057,0.25,0.130738,20,5,g0,Native,Native,Native,0
3153,1.70554e+09,1,0,1.0,0.113443,0.2,0.16293649999999998,20,4,g0,Native,Native,Native,0
3155,1.70554e+09,1,0,1.0,0.104947,0.2,0.16293649999999998,20,4,g0,Native,Native,Native,0
3157,1.70554e+09,1,0,1.0,0.098355,0.2,0.16293649999999998,20,4,g0,Native,Native,Native,0
3159,1.70554e+09,1,0,1.0,0.111285,0.2,0.16293649999999998,20,4,g0,Native,Native,Native,0
3161,1.70554e+09,1,0,1.0,0.117067,0.2,0.16293649999999998,20,4,g0,Native,Native,Native,0
3163,1.70554e+09,1,0,1.0,0.0981494,0.2,0.16293649999999998,20,4,g0,Native,Native,Native,0
3165,1.70554e+09,1,0,1.0,0.102789,0.15,0.195135,20,3,g0,Native,Native,Native,0
3167,1.70554e+09,1,0,1.0,0.106453,0.1,0.156344,20,2,g0,Native,Native,Native,0
3169,1.70554e+09,1,0,1.0,0.106806,0.05,0.117553,20,1,g0,Native,Native,Native,0
3171,1.70554e+09,1,1,1.25529,0.136088,0.05,0.136088,20,1,g0,Native,Native,Native,0
3173,1.70554e+09,1,1,1.11222,0.101992,0.1,0.11903999999999999,20,2,g0,Native,Native,Native,0
3175,1.70554e+09,1,1,1.87992,0.157901,0.15,0.136088,20,3,g0,Native,Native,Native,0
3177,1.70554e+09,1,1,1.44802,0.147296,0.2,0.14169199999999998,20,4,g0,Native,Native,Native,0
3179,1.70554e+09,1,1,1.3635,0.13538,0.25,0.136088,20,5,g0,Native,Native,Native,0
3181,1.70554e+09,1,1,1.26385,0.115879,0.3,0.135734,20,6,g0,Native,Native,Native,0
3183,1.70554e+09,1,0,1.0,0.128481,0.3,0.135734,20,6,g0,Native,Native,Native,0
3185,1.70554e+09,1,1,1.67766,0.168495,0.35,0.136088,20,7,g0,Native,Native,Native,0
3187,1.70554e+09,1,1,1.2836,0.14015,0.4,0.138119,20,8,g0,Native,Native,Native,0
3189,1.70554e+09,1,1,1.80223,0.190961,0.45,0.14015,20,9,g0,Native,Native,Native,0
3191,1.70554e+09,1,1,1.72795,0.160908,0.5,0.143723,20,10,g0,Native,Native,Native,0
3193,1.70554e+09,1,0,1.0,0.124863,0.5,0.143723,20,10,g0,Native,Native,Native,0
3195,1.70554e+09,1,1,2.12205,0.20208,0.55,0.147296,20,11,g0,Native,Native,Native,0
3197,1.70554e+09,1,1,2.39093,0.207525,0.6,0.15259850000000003,20,12,g0,Native,Native,Native,0
3199,1.70554e+09,1,1,1.76279,0.177142,0.65,0.157901,20,13,g0,Native,Native,Native,0
3201,1.70554e+09,1,1,2.27427,0.220456,0.7,0.1594045,20,14,g0,Native,Native,Native,0
3203,1.70554e+09,1,1,2.28377,0.201395,0.75,0.160908,20,15,g0,Native,Loose,Loose_L1,1
3205,1.70554e+09,1,1,5.19954,0.469485,0.8,0.1647015,20,16,g0,Loose,Loose,Loose_L1,0
3207,1.70554e+09,1,1,4.34534,0.333854,0.85,0.168495,20,17,g0,Loose,Loose,Loose_L1,0
3209,1.70554e+09,1,1,4.80444,0.38353,0.9,0.17281849999999999,20,18,g0,Loose,Loose,Loose_L1,0
3211,1.70554e+09,1,1,2.26735,0.198039,0.9,0.18405149999999998,20,18,g0,Loose,Loose,Loose_L1,0
3213,1.70554e+09,1,0,1.0,0.0994212,0.85,0.190961,20,17,g0,Loose,Loose,Loose_L1,0
3215,1.70554e+09,1,1,1.48598,0.149777,0.85,0.190961,20,17,g0,Loose,Loose,Loose_L1,0
3217,1.70554e+09,1,1,1.21151,0.113307,0.85,0.190961,20,17,g0,Loose,Loose,Loose_L1,0
3219,1.70554e+09,1,1,1.68382,0.147347,0.85,0.190961,20,17,g0,Loose,Loose,Loose_L1,0
3221,1.70554e+09,1,1,4.47904,0.444856,0.85,0.198039,20,17,g0,Loose,Loose,Loose_L1,0
3223,1.70554e+09,1,1,1.31894,0.10561,0.9,0.1945,20,18,g0,Loose,Loose,Loose_L1,0
3225,1.70554e+09,1,0,1.0,0.102152,0.85,0.198039,20,17,g0,Loose,Loose,Loose_L1,0
3227,1.70554e+09,1,1,1.74694,0.171151,0.85,0.198039,20,17,g0,Loose,Loose,Loose_L1,0
3229,1.70554e+09,1,1,1.26398,0.121444,0.85,0.198039,20,17,g0,Loose,Loose,Loose_L1,0
3231,1.70554e+09,1,1,1.9048,0.178571,0.85,0.198039,20,17,g0,Loose,Loose,Loose_L1,0
3233,1.70554e+09,1,1,2.46629,0.24209,0.9,0.19971699999999998,20,18,g0,Loose,Loose,Loose_L1,0
3235,1.70554e+09,1,1,2.44732,0.196234,0.9,0.1971365,20,18,g0,Loose,Loose,Loose_L1,0
3237,1.70554e+09,1,1,2.65557,0.248642,0.9,0.1971365,20,18,g0,Loose,Loose,Loose_L1,0
3239,1.70554e+09,1,1,1.46383,0.124255,0.9,0.1971365,20,18,g0,Loose,Loose,Loose_L1,0
3241,1.70554e+09,1,1,1.77731,0.17509,0.9,0.1874025,20,18,g0,Loose,Loose,Loose_L1,0
3243,1.70554e+09,1,1,1.66407,0.159885,0.9,0.1768305,20,18,g0,Loose,Loose,Loose_L1,0
3245,1.70554e+09,1,1,1.14711,0.120174,0.9,0.1731205,20,18,g0,Loose,Loose,Loose_L1,0
3247,1.70554e+09,1,1,1.26425,0.120393,0.9,0.165518,20,18,g0,Loose,Loose,Loose_L1,0
3249,1.70554e+09,1,0,1.0,0.115274,0.85,0.159885,20,17,g0,Loose,Loose,Loose_L1,0
3251,1.70554e+09,1,1,1.3785,0.133277,0.85,0.149777,20,17,g0,Loose,Loose,Loose_L1,0
3253,1.70554e+09,1,0,1.0,0.111468,0.85,0.149777,20,17,g0,Loose,Loose,Loose_L1,0
3255,1.70554e+09,1,0,1.0,0.105076,0.8,0.153616,20,16,g0,Loose,Loose,Loose_L1,0
3257,1.70554e+09,1,0,1.0,0.100714,0.75,0.159885,20,15,g0,Loose,Loose,Loose_L1,0
3259,1.70554e+09,1,1,1.26796,0.128095,0.75,0.159885,20,15,g0,Loose,Loose,Loose_L1,0
3261,1.70554e+09,1,1,2.51807,0.245784,0.75,0.159885,20,15,g0,Loose,Loose,Loose_L1,0
3263,1.70554e+09,1,1,1.88878,0.171955,0.75,0.171151,20,15,g0,Loose,Loose,Loose_L1,0
3265,1.70554e+09,1,1,1.1469,0.108079,0.8,0.165518,20,16,g0,Loose,Loose,Loose_L1,0
3267,1.70554e+09,1,0,1.0,0.105203,0.75,0.159885,20,15,g0,Loose,Loose,Loose_L1,0
3269,1.70554e+09,1,1,1.58406,0.159014,0.75,0.159885,20,15,g0,Loose,Loose,Loose_L1,0
3271,1.70554e+09,1,1,1.18405,0.111932,0.75,0.159014,20,15,g0,Loose,Loose,Loose_L1,0
3273,1.70554e+09,1,1,1.26064,0.12502,0.75,0.133277,20,15,g0,Loose,Loose,Loose_L1,0
3275,1.70554e+09,1,1,1.59657,0.159239,0.75,0.133277,20,15,g0,Loose,Loose,Loose_L1,0
3277,1.70554e+09,1,1,1.08229,0.105138,0.75,0.128095,20,15,g0,Loose,Loose,Loose_L1,0
3279,1.70554e+09,1,1,1.60485,0.161251,0.75,0.133277,20,15,g0,Loose,Loose,Loose_L1,0
3281,1.70554e+09,1,1,1.17945,0.112471,0.75,0.128095,20,15,g0,Loose,Loose,Loose_L1,0
3283,1.70554e+09,1,0,1.0,0.10027,0.7,0.1265575,20,14,g0,Loose,Loose,Loose_L1,0
3285,1.70554e+09,1,1,1.11172,0.109238,0.7,0.1265575,20,14,g0,Loose,Loose,Loose_L1,0
3287,1.70554e+09,1,0,1.0,0.101972,0.65,0.128095,20,13,g0,Loose,Loose,Loose_L1,0
3289,1.70554e+09,1,1,1.05383,0.109226,0.7,0.1265575,20,14,g0,Loose,Loose,Loose_L1,0
3291,1.70554e+09,1,0,1.0,0.100955,0.65,0.12502,20,13,g0,Loose,Loose,Loose_L1,0
3293,1.70554e+09,1,0,1.0,0.105225,0.65,0.12502,20,13,g0,Loose,Loose,Loose_L1,0
3295,1.70554e+09,1,1,1.1909,0.122959,0.7,0.1239895,20,14,g0,Loose,Loose,Loose_L1,0
3297,1.70554e+09,1,1,1.02315,0.101549,0.75,0.122959,20,15,g0,Loose,Loose,Loose_L1,0
3299,1.70554e+09,1,0,1.0,0.101029,0.7,0.117715,20,14,g0,Loose,Loose,Loose_L1,0
3301,1.70554e+09,1,1,1.05208,0.106365,0.7,0.11220150000000001,20,14,g0,Loose,Loose,Loose_L1,0
3303,1.70554e+09,1,0,1.0,0.105063,0.65,0.111932,20,13,g0,Loose,Loose,Loose_L1,0
3305,1.70554e+09,1,0,1.0,0.0999126,0.6,0.11220150000000001,20,12,g0,Loose,Native,Native,1
3307,1.70554e+09,1,0,1.0,0.100059,0.6,0.11220150000000001,20,12,g0,Native,Native,Native,0
3309,1.70554e+09,1,0,1.0,0.0996807,0.55,0.111932,20,11,g0,Native,Native,Native,0
3311,1.70554e+09,1,1,1.03661,0.102827,0.55,0.109238,20,11,g0,Native,Native,Native,0
3313,1.70554e+09,1,0,1.0,0.0977297,0.5,0.109232,20,10,g0,Native,Native,Native,0
3315,1.70554e+09,1,0,1.0,0.103249,0.45,0.109226,20,9,g0,Native,Native,Native,0
3317,1.70554e+09,1,0,1.0,0.100009,0.4,0.109232,20,8,g0,Native,Native,Native,0
3319,1.70554e+09,1,0,1.0,0.0996469,0.35,0.109226,20,7,g0,Native,Native,Native,0
3321,1.70554e+09,1,0,1.0,0.100777,0.3,0.1077955,20,6,g0,Native,Native,Native,0
3323,1.70554e+09,1,0,1.0,0.103612,0.3,0.1077955,20,6,g0,Native,Native,Native,0
3325,1.70554e+09,1,0,1.0,0.100795,0.25,0.106365,20,5,g0,Native,Native,Native,0
3327,1.70554e+09,1,0,1.0,0.0992349,0.25,0.106365,20,5,g0,Native,Native,Native,0
3329,1.70554e+09,0,0,nan,nan,0.25,0.106365,20,5,g0,Native,Native,Native,0
3331,1.70554e+09,1,0,1.0,0.0503376,0.2,0.104596,20,4,g0,Native,Native,Native,0
3333,1.70554e+09,1,0,1.0,0.0996093,0.2,0.104596,20,4,g0,Native,Native,Native,0
3335,1.70554e+09,1,0,1.0,0.102971,0.2,0.104596,20,4,g0,Native,Native,Native,0
3337,1.70554e+09,1,0,1.0,0.103263,0.15,0.102827,20,3,g0,Native,Native,Native,0
3339,1.70554e+09,1,0,1.0,0.101983,0.1,0.104596,20,2,g0,Native,Native,Native,0
3341,1.70554e+09,1,0,1.0,0.104598,0.1,0.104596,20,2,g0,Native,Native,Native,0
3343,1.70554e+09,1,0,1.0,0.100103,0.05,0.102827,20,1,g0,Native,Native,Native,0
3345,1.70554e+09,1,0,1.0,0.102463,0.05,0.102827,20,1,g0,Native,Native,Native,0
3347,1.70554e+09,1,0,1.0,0.101937,0.05,0.102827,20,1,g0,Native,Native,Native,0
3349,1.70554e+09,1,0,1.0,0.0993731,0.05,0.102827,20,1,g0,Native,Native,Native,0
3351,1.70554e+09,1,0,1.0,0.101307,0.05,0.102827,20,1,g0,Native,Native,Native,0
3353,1.70554e+09,0,0,nan,nan,0.05,0.102827,20,1,g0,Native,Native,Native,0
3355,1.70554e+09,1,0,1.0,0.0506027,0.0,nan,20,0,g0,Native,Native,Native,0
3357,1.70554e+09,1,1,1.32543,0.133653,0.05,0.133653,20,1,g0,Native,Native,Native,0
3359,1.70554e+09,1,0,1.0,0.10102,0.05,0.133653,20,1,g0,Native,Native,Native,0
3361,1.70554e+09,1,0,1.0,0.0994019,0.05,0.133653,20,1,g0,Native,Native,Native,0
3363,1.70554e+09,0,0,nan,nan,0.05,0.133653,20,1,g0,Native,Native,Native,0
3365,1.70554e+09,1,1,1.2886,0.0649238,0.1,0.0992884,20,2,g0,Native,Native,Native,0
3367,1.70554e+09,1,0,1.0,0.100925,0.1,0.0992884,20,2,g0,Native,Native,Native,0
3369,1.70554e+09,1,1,1.33647,0.132999,0.15,0.132999,20,3,g0,Native,Native,Native,0
3371,1.70554e+09,1,1,1.03883,0.101046,0.2,0.1170225,20,4,g0,Native,Native,Native,0
3373,1.70554e+09,1,0,1.0,0.10107,0.2,0.1170225,20,4,g0,Native,Native,Native,0
3375,1.70554e+09,1,1,1.01498,0.105878,0.25,0.105878,20,5,g0,Native,Native,Native,0
3377,1.70554e+09,1,0,1.0,0.102788,0.25,0.105878,20,5,g0,Native,Native,Native,0
3379,1.70554e+09,1,0,1.0,0.0994699,0.25,0.105878,20,5,g0,Native,Native,Native,0
3381,1.70554e+09,1,0,1.0,0.102101,0.25,0.105878,20,5,g0,Native,Native,Native,0
3383,1.70554e+09,1,0,1.0,0.100431,0.25,0.105878,20,5,g0,Native,Native,Native,0
3385,1.70554e+09,1,0,1.0,0.101394,0.25,0.105878,20,5,g0,Native,Native,Native,0
3387,1.70554e+09,1,0,1.0,0.100682,0.25,0.105878,20,5,g0,Native,Native,Native,0
3389,1.70554e+09,1,0,1.0,0.106336,0.25,0.105878,20,5,g0,Native,Native,Native,0
3391,1.70554e+09,1,0,1.0,0.0998083,0.25,0.105878,20,5,g0,Native,Native,Native,0
3393,1.70554e+09,1,0,1.0,0.100948,0.25,0.105878,20,5,g0,Native,Native,Native,0
3395,1.70554e+09,1,0,1.0,0.102466,0.25,0.105878,20,5,g0,Native,Native,Native,0
3397,1.70554e+09,1,0,1.0,0.0987899,0.25,0.105878,20,5,g0,Native,Native,Native,0
3399,1.70554e+09,1,0,1.0,0.099605,0.2,0.103462,20,4,g0,Native,Native,Native,0
3401,1.70554e+09,1,0,1.0,0.104002,0.2,0.103462,20,4,g0,Native,Native,Native,0
3403,1.70554e+09,1,0,1.0,0.100358,0.2,0.103462,20,4,g0,Native,Native,Native,0
3405,1.70554e+09,1,0,1.0,0.0995222,0.15,0.105878,20,3,g0,Native,Native,Native,0
3407,1.70554e+09,0,0,nan,nan,0.15,0.105878,20,3,g0,Native,Native,Native,0
3409,1.70554e+09,1,0,1.0,0.0513572,0.15,0.105878,20,3,g0,Native,Native,Native,0
3411,1.70554e+09,1,1,1.08255,0.108953,0.15,0.105878,20,3,g0,Native,Native,Native,0
3413,1.70554e+09,1,0,1.0,0.105132,0.1,0.1074155,20,2,g0,Native,Native,Native,0
3415,1.70554e+09,1,0,1.0,0.0977375,0.1,0.1074155,20,2,g0,Native,Native,Native,0
3417,1.70554e+09,1,0,1.0,0.0948923,0.05,0.108953,20,1,g0,Native,Native,Native,0
3419,1.70554e+09,1,0,1.0,0.10496,0.05,0.108953,20,1,g0,Native,Native,Native,0
3421,1.70554e+09,1,0,1.0,0.103634,0.05,0.108953,20,1,g0,Native,Native,Native,0
3423,1.70554e+09,1,0,1.0,0.100545,0.05,0.108953,20,1,g0,Native,Native,Native,0
3425,1.70554e+09,1,0,1.0,0.103301,0.05,0.108953,20,1,g0,Native,Native,Native,0
3427,1.70554e+09,1,0,1.0,0.100189,0.05,0.108953,20,1,g0,Native,Native,Native,0
3429,1.70554e+09,1,0,1.0,0.104857,0.05,0.108953,20,1,g0,Native,Native,Native,0
3431,1.70554e+09,1,0,1.0,0.105039,0.05,0.108953,20,1,g0,Native,Native,Native,0
3433,1.70554e+09,1,1,1.32527,0.135049,0.1,0.122001,20,2,g0,Native,Native,Native,0
3435,1.70554e+09,1,1,1.09987,0.111875,0.15,0.111875,20,3,g0,Native,Native,Native,0
3437,1.70554e+09,1,1,1.59214,0.162978,0.2,0.123462,20,4,g0,Native,Native,Native,0
3439,1.70554e+09,1,1,1.10526,0.108346,0.25,0.111875,20,5,g0,Native,Native,Native,0
3441,1.70554e+09,1,1,1.17987,0.119394,0.3,0.1156345,20,6,g0,Native,Native,Native,0
3443,1.70554e+09,1,1,1.96117,0.198457,0.35,0.119394,20,7,g0,Native,Native,Native,0
3445,1.70554e+09,1,0,1.0,0.108489,0.35,0.119394,20,7,g0,Native,Native,Native,0
3447,1.70554e+09,1,1,2.62883,0.255476,0.4,0.1272215,20,8,g0,Native,Native,Native,0
3449,1.70554e+09,1,1,2.76229,0.274456,0.45,0.135049,20,9,g0,Native,Native,Native,0
3451,1.70554e+09,1,1,4.16499,0.386464,0.45,0.162978,20,9,g0,Native,Native,Native,0
3453,1.70554e+09,1,1,2.91573,0.242938,0.5,0.1807175,20,10,g0,Native,Native,Native,0
3455,1.70554e+09,1,1,3.47147,0.285858,0.55,0.198457,20,11,g0,Native,Native,Native,0
3457,1.70554e+09,1,1,1.28901,0.114314,0.6,0.1807175,20,12,g0,Native,Native,Native,0
3459,1.70554e+09,1,1,1.56019,0.127306,0.65,0.162978,20,13,g0,Native,Native,Native,0
3461,1.70554e+09,1,1,3.19562,0.29944,0.7,0.1807175,20,14,g0,Native,Native,Native,0
3463,1.70554e+09,1,1,2.84355,0.234071,0.75,0.198457,20,15,g0,Native,Loose,Loose_L1,1
3465,1.70554e+09,1,1,3.05206,0.259625,0.8,0.216264,20,16,g0,Loose,Loose,Loose_L1,0
3467,1.70554e+09,1,1,1.7626,0.158027,0.85,0.198457,20,17,g0,Loose,Loose,Loose_L1,0
3469,1.70554e+09,1,1,3.22126,0.317305,0.9,0.216264,20,18,g0,Loose,Loose,Loose_L1,0
3471,1.70554e+09,1,1,4.54675,0.369652,0.95,0.234071,20,19,g0,Loose,Loose,Loose_L1,0
3473,1.70554e+09,1,1,3.13654,0.241225,0.95,0.241225,20,19,g0,Loose,Loose,Loose_L1,0
3475,1.70554e+09,1,1,3.39886,0.30511,0.95,0.242938,20,19,g0,Loose,Loose,Loose_L1,0
3477,1.70554e+09,1,1,3.00747,0.231191,0.95,0.242938,20,19,g0,Loose,Loose,Loose_L1,0
3479,1.70554e+09,1,1,2.94197,0.26084,0.95,0.255476,20,19,g0,Loose,Loose,Loose_L1,0
3481,1.70554e+09,1,1,3.04853,0.263103,0.95,0.259625,20,19,g0,Loose,Loose,Loose_L1,0
3483,1.70554e+09,1,1,2.73896,0.235952,0.95,0.259625,20,19,g0,Loose,Loose,Loose_L1,0
3485,1.70554e+09,1,1,3.14817,0.274127,1.0,0.2602325,20,20,g0,Loose,Loose,Loose_L1,0
3487,1.70554e+09,1,1,3.84307,0.32507,1.0,0.2619715,20,20,g0,Loose,Loose,Loose_L1,0
3489,1.70554e+09,1,1,3.62866,0.297636,1.0,0.2619715,20,20,g0,Loose,Loose,Loose_L1,0
3491,1.70554e+09,1,1,3.40671,0.267404,1.0,0.2619715,20,20,g0,Loose,Loose,Loose_L1,0
3493,1.70554e+09,1,1,2.74843,0.233089,1.0,0.2619715,20,20,g0,Loose,Loose,Loose_L1,0
3495,1.70554e+09,1,1,2.57172,0.227509,1.0,0.2602325,20,20,g0,Loose,Loose,Loose_L1,0
3497,1.70554e+09,1,1,2.10902,0.197121,1.0,0.2602325,20,20,g0,Loose,Loose,Loose_L1,0
3499,1.70554e+09,1,1,1.77189,0.163389,1.0,0.2602325,20,20,g0,Loose,Loose,Loose_L1,0
3501,1.70554e+09,1,1,2.34595,0.23091,1.0,0.250425,20,20,g0,Loose,Loose,Loose_L1,0
3503,1.70554e+09,1,1,2.24782,0.210499,1.0,0.250425,20,20,g0,Loose,Loose,Loose_L1,0
3505,1.70554e+09,1,1,1.58157,0.14774,1.0,0.23858849999999998,20,20,g0,Loose,Loose,Loose_L1,0
3507,1.70554e+09,1,1,1.56954,0.152306,1.0,0.23858849999999998,20,20,g0,Loose,Loose,Loose_L1,0
3509,1.70554e+09,1,1,1.15484,0.10398,1.0,0.2345205,20,20,g0,Loose,Loose,Loose_L1,0
3511,1.70554e+09,1,1,1.10234,0.104837,1.0,0.23214,20,20,g0,Loose,Loose,Loose_L1,0
3513,1.70554e+09,1,1,1.4336,0.135111,1.0,0.2310505,20,20,g0,Loose,Loose,Loose_L1,0
3515,1.70554e+09,1,1,1.28593,0.121505,1.0,0.2292095,20,20,g0,Loose,Loose,Loose_L1,0
3517,1.70554e+09,1,1,1.10209,0.105958,1.0,0.21900399999999998,20,20,g0,Loose,Loose,Loose_L1,0
3519,1.70554e+09,1,1,1.01082,0.103305,1.0,0.20381,20,20,g0,Loose,Loose,Loose_L1,0
3521,1.70554e+09,1,1,1.17976,0.109354,1.0,0.180255,20,20,g0,Loose,Loose,Loose_L1,0
3523,1.70554e+09,1,1,1.06894,0.106389,1.0,0.1578475,20,20,g0,Loose,Loose,Loose_L1,0
3525,1.70554e+09,1,1,1.2964,0.132143,1.0,0.15002300000000002,20,20,g0,Loose,Loose,Loose_L1,0
3527,1.70554e+09,1,1,1.24292,0.113331,1.0,0.1414255,20,20,g0,Loose,Loose,Loose_L1,0
3529,1.70554e+09,1,1,1.2447,0.115326,1.0,0.133627,20,20,g0,Loose,Loose,Loose_L1,0
3531,1.70554e+09,1,1,1.44746,0.144224,1.0,0.133627,20,20,g0,Loose,Loose,Loose_L1,0
3533,1.70554e+09,1,1,2.06255,0.195449,1.0,0.133627,20,20,g0,Loose,Loose,Loose_L1,0
3535,1.70554e+09,1,1,2.56703,0.244806,1.0,0.133627,20,20,g0,Loose,Loose,Loose_L1,0
3537,1.70554e+09,1,1,2.5213,0.225427,1.0,0.133627,20,20,g0,Loose,Loose,Loose_L1,0
3539,1.70554e+09,1,1,2.55226,0.228936,1.0,0.133627,20,20,g0,Loose,Loose,Loose_L1,0
3541,1.70554e+09,1,1,2.51307,0.231965,1.0,0.133627,20,20,g0,Loose,Loose,Loose_L1,0
3543,1.70554e+09,1,1,2.25537,0.203001,1.0,0.133627,20,20,g0,Loose,Loose,Loose_L1,0
3545,1.70554e+09,1,1,2.61358,0.249286,1.0,0.133627,20,20,g0,Loose,Loose,Loose_L1,0
3547,1.70554e+09,1,1,1.84548,0.177911,1.0,0.133627,20,20,g0,Loose,Loose,Loose_L1,0
3549,1.70554e+09,1,1,2.01933,0.200564,1.0,0.1396675,20,20,g0,Loose,Loose,Loose_L1,0
3551,1.70554e+09,1,1,1.43974,0.127714,1.0,0.1396675,20,20,g0,Loose,Loose,Loose_L1,0
3553,1.70554e+09,1,1,1.86443,0.179021,1.0,0.1610675,20,20,g0,Loose,Loose,Loose_L1,0
3555,1.70554e+09,1,1,3.10551,0.295836,1.0,0.178466,20,20,g0,Loose,Loose,Loose_L1,0
3557,1.70554e+09,1,1,1.94849,0.160892,1.0,0.178466,20,20,g0,Loose,Loose,Loose_L1,0
3559,1.70554e+09,1,1,1.68076,0.15462,1.0,0.178466,20,20,g0,Loose,Loose,Loose_L1,0
3561,1.70554e+09,1,1,1.802,0.161834,1.0,0.178466,20,20,g0,Loose,Loose,Loose_L1,0
3563,1.70554e+09,1,1,2.1184,0.196522,1.0,0.187235,20,20,g0,Loose,Loose,Loose_L1,0
3565,1.70554e+09,1,1,1.83425,0.165858,1.0,0.187235,20,20,g0,Loose,Loose,Loose_L1,0
3567,1.70554e+09,1,1,1.28266,0.129391,1.0,0.187235,20,20,g0,Loose,Loose,Loose_L1,0
3569,1.70554e+09,1,1,1.9913,0.193244,1.0,0.1943465,20,20,g0,Loose,Loose,Loose_L1,0
3571,1.70554e+09,1,1,1.76227,0.159176,1.0,0.1943465,20,20,g0,Loose,Loose,Loose_L1,0
3573,1.70554e+09,1,1,2.0482,0.181091,1.0,0.1871675,20,20,g0,Loose,Loose,Loose_L1,0
3575,1.70554e+09,1,1,2.07363,0.189226,1.0,0.1851585,20,20,g0,Loose,Loose,Loose_L1,0
3577,1.70554e+09,1,1,1.5073,0.132425,1.0,0.180056,20,20,g0,Loose,Loose,Loose_L1,0
3579,1.70554e+09,1,1,1.3116,0.126817,1.0,0.178466,20,20,g0,Loose,Loose,Loose_L1,0
3581,1.70554e+09,1,1,2.09973,0.203256,1.0,0.178466,20,20,g0,Loose,Loose,Loose_L1,0
3583,1.70554e+09,1,1,2.11613,0.189898,1.0,0.178466,20,20,g0,Loose,Loose,Loose_L1,0
3585,1.70554e+09,1,1,2.89818,0.267859,1.0,0.178466,20,20,g0,Loose,Loose,Loose_L1,0
3587,1.70554e+09,1,1,2.6459,0.235332,1.0,0.180056,20,20,g0,Loose,Loose,Loose_L1,0
3589,1.70554e+09,1,1,2.60482,0.22926,1.0,0.180056,20,20,g0,Loose,Loose,Loose_L1,0
3591,1.70554e+09,1,1,2.81672,0.256698,1.0,0.1851585,20,20,g0,Loose,Loose,Loose_L1,0
3593,1.70554e+09,1,1,2.55315,0.231577,1.0,0.189562,20,20,g0,Loose,Loose,Loose_L1,0
3595,1.70554e+09,1,0,1.0,0.0967946,0.95,0.189226,20,19,g0,Loose,Loose,Loose_L1,0
3597,1.70554e+09,1,0,1.0,0.103723,0.9,0.189562,20,18,g0,Loose,Loose,Loose_L1,0
3599,1.70554e+09,1,0,1.0,0.127679,0.85,0.189898,20,17,g0,Loose,Loose,Loose_L1,0
3601,1.70554e+09,1,1,3.00795,0.31099,0.85,0.193244,20,17,g0,Loose,Loose,Loose_L1,0
3603,1.70554e+09,1,1,3.18824,0.290766,0.85,0.193244,20,17,g0,Loose,Loose,Loose_L1,0
3605,1.70554e+09,1,1,4.71014,0.402983,0.85,0.203256,20,17,g0,Loose,Loose,Loose_L1,0
3607,1.70554e+09,1,1,3.24121,0.263761,0.85,0.22926,20,17,g0,Loose,Loose,Loose_L1,0
3609,1.70554e+09,1,1,4.20865,0.359386,0.85,0.231577,20,17,g0,Loose,Loose,Loose_L1,0
3611,1.70554e+09,1,1,4.9929,0.412705,0.85,0.235332,20,17,g0,Loose,Loose,Loose_L1,0
3613,1.70554e+09,1,1,5.33789,0.425319,0.85,0.256698,20,17,g0,Loose,Loose,Loose_L1,0
3615,1.70554e+09,1,1,5.36757,0.430427,0.85,0.263761,20,17,g0,Loose,Loose,Loose_L1,0
3617,1.70554e+09,1,1,4.84222,0.378975,0.85,0.267859,20,17,g0,Loose,Loose,Loose_L1,0
3619,1.70554e+09,1,1,5.62176,0.452337,0.85,0.290766,20,17,g0,Loose,Loose,Loose_L1,0
3621,1.70554e+09,1,1,4.7947,0.368044,0.85,0.31099,20,17,g0,Loose,Loose,Loose_L1,0
3623,1.70554e+09,1,1,5.4625,0.445111,0.85,0.359386,20,17,g0,Loose,Loose,Loose_L1,0
3625,1.70554e+09,1,1,7.27497,0.559691,0.85,0.368044,20,17,g0,Loose,Loose,Loose_L1,0
3627,1.70554e+09,1,1,6.13435,0.444156,0.85,0.378975,20,17,g0,Loose,Loose,Loose_L1,0
3629,1.70554e+09,1,1,6.13406,0.465839,0.85,0.402983,20,17,g0,Loose,Loose,Loose_L1,0
3631,1.70554e+09,1,1,6.08588,0.466754,0.85,0.412705,20,17,g0,Loose,Loose,Loose_L1,0
3633,1.70554e+09,1,1,6.08796,0.465327,0.85,0.425319,20,17,g0,Loose,Loose,Loose_L1,0
3635,1.70554e+09,1,1,6.08976,0.469634,0.9,0.427873,20,18,g0,Loose,Loose,Loose_L1,0
3637,1.70554e+09,1,1,6.24824,0.470569,0.95,0.430427,20,19,g0,Loose,Loose,Loose_L1,0
3639,1.70554e+09,1,1,6.47565,0.501473,1.0,0.4372915,20,20,g0,Loose,Loose,Loose_L1,0
3641,1.70554e+09,1,1,6.60285,0.497575,1.0,0.4446335,20,20,g0,Loose,Loose,Loose_L1,0
3643,1.70554e+09,1,1,6.80267,0.505283,1.0,0.448724,20,20,g0,Loose,Loose,Loose_L1,0
3645,1.70554e+09,1,1,7.61635,0.570406,1.0,0.458832,20,20,g0,Loose,Loose,Loose_L1,0
3647,1.70554e+09,1,1,2.82106,0.207527,1.0,0.458832,20,20,g0,Loose,Loose,Loose_L1,0
3649,1.70554e+09,1,1,5.4244,0.488818,1.0,0.46558299999999997,20,20,g0,Loose,Loose,Loose_L1,0
3651,1.70554e+09,1,1,2.57486,0.203952,1.0,0.46558299999999997,20,20,g0,Loose,Loose,Loose_L1,0
3653,1.70554e+09,1,1,6.27703,0.563227,1.0,0.4662965,20,20,g0,Loose,Loose,Loose_L1,0
3655,1.70554e+09,1,1,4.74952,0.366163,1.0,0.4662965,20,20,g0,Loose,Loose,Loose_L1,0
3657,1.70554e+09,1,1,5.59655,0.456181,1.0,0.4662965,20,20,g0,Loose,Loose,Loose_L1,0
3659,1.70554e+09,1,1,5.88689,0.464843,1.0,0.4662965,20,20,g0,Loose,Loose,Loose_L1,0
3661,1.70554e+09,1,1,1.90381,0.146235,1.0,0.4662965,20,20,g0,Loose,Loose,Loose_L1,0
3663,1.70554e+09,1,1,4.8615,0.459673,1.0,0.4662965,20,20,g0,Loose,Loose,Loose_L1,0
3665,1.70554e+09,1,1,3.85412,0.309265,1.0,0.46558299999999997,20,20,g0,Loose,Loose,Loose_L1,0
3667,1.70554e+09,1,1,4.92809,0.422705,1.0,0.46558299999999997,20,20,g0,Loose,Loose,Loose_L1,0
3669,1.70554e+09,1,1,3.55718,0.276711,1.0,0.46508499999999997,20,20,g0,Loose,Loose,Loose_L1,0
3671,1.70554e+09,1,1,6.30054,0.579281,1.0,0.46508499999999997,20,20,g0,Loose,Loose,Loose_L1,0
3673,1.70554e+09,1,1,6.13577,0.471067,1.0,0.4672385,20,20,g0,Loose,Loose,Loose_L1,0
3675,1.70554e+09,0,0,nan,nan,1.0,0.4672385,20,20,g0,Loose,Loose,Native,0
3677,1.70554e+09,1,1,4.30983,0.189778,1.0,0.462258,20,20,g0,Loose,Loose,Loose_L1,0
3679,1.70554e+09,1,1,5.51442,0.440456,1.0,0.457927,20,20,g0,Loose,Loose,Loose_L1,0
3681,1.70554e+09,1,1,3.72147,0.293231,1.0,0.4483185,20,20,g0,Loose,Loose,Loose_L1,0
3683,1.70554e+09,1,1,5.55104,0.46542,1.0,0.4483185,20,20,g0,Loose,Loose,Loose_L1,0
3685,1.70554e+09,1,1,5.17648,0.402193,1.0,0.43158050000000003,20,20,g0,Loose,Loose,Loose_L1,0
3687,1.70554e+09,1,1,5.66122,0.437238,1.0,0.4299715,20,20,g0,Loose,Loose,Loose_L1,0
3689,1.70554e+09,1,1,4.55324,0.358879,1.0,0.4299715,20,20,g0,Loose,Loose,Loose_L1,0
3691,1.70554e+09,1,1,4.80119,0.389462,1.0,0.412449,20,20,g0,Loose,Loose,Loose_L1,0
3693,1.70554e+09,1,1,3.13635,0.256587,1.0,0.412449,20,20,g0,Loose,Loose,Loose_L1,0
3695,1.70554e+09,1,1,3.43415,0.305305,1.0,0.3958275,20,20,g0,Loose,Loose,Loose_L1,0
3697,1.70554e+09,1,1,3.34358,0.289822,1.0,0.3958275,20,20,g0,Loose,Loose,Loose_L1,0
3699,1.70554e+09,1,1,3.18062,0.271294,1.0,0.37417049999999996,20,20,g0,Loose,Loose,Loose_L1,0
3701,1.70554e+09,1,1,2.66079,0.227602,1.0,0.33407200000000004,20,20,g0,Loose,Loose,Loose_L1,0
3703,1.70554e+09,1,1,2.01619,0.176311,1.0,0.33407200000000004,20,20,g0,Loose,Loose,Loose_L1,0
3705,1.70554e+09,1,1,1.24102,0.1287,1.0,0.30728500000000003,20,20,g0,Loose,Loose,Loose_L1,0
3707,1.70554e+09,1,0,1.0,0.0977471,0.95,0.305305,20,19,g0,Loose,Loose,Loose_L1,0
3709,1.70554e+09,1,0,1.0,0.128731,0.9,0.299268,20,18,g0,Loose,Loose,Loose_L1,0
3711,1.70554e+09,1,0,1.0,0.109825,0.85,0.305305,20,17,g0,Loose,Loose,Loose_L1,0
3713,1.70554e+09,1,0,1.0,0.101428,0.8,0.299268,20,16,g0,Loose,Loose,Loose_L1,0
3715,1.70554e+09,1,0,1.0,0.107839,0.75,0.293231,20,15,g0,Loose,Loose,Loose_L1,0
3717,1.70554e+09,1,0,1.0,0.106362,0.7,0.299268,20,14,g0,Loose,Loose,Loose_L1,0
3719,1.70554e+09,1,0,1.0,0.128104,0.65,0.293231,20,13,g0,Loose,Loose,Loose_L1,0
3721,1.70554e+09,1,0,1.0,0.123737,0.6,0.2975635,20,12,g0,Loose,Native,Native,1
3723,1.70554e+09,1,0,1.0,0.0999411,0.55,0.289822,20,11,g0,Native,Native,Native,0
3725,1.70554e+09,1,0,1.0,0.14194,0.5,0.280558,20,10,g0,Native,Native,Native,0
3727,1.70554e+09,1,0,1.0,0.112242,0.45,0.271294,20,9,g0,Native,Native,Native,0
3729,1.70554e+09,1,0,1.0,0.103856,0.4,0.2639405,20,8,g0,Native,Native,Native,0
3731,1.70554e+09,1,0,1.0,0.09944,0.35,0.256587,20,7,g0,Native,Native,Native,0
3733,1.70554e+09,1,0,1.0,0.104461,0.3,0.249448,20,6,g0,Native,Native,Native,0
3735,1.70554e+09,1,0,1.0,0.101614,0.25,0.227602,20,5,g0,Native,Native,Native,0
3737,1.70554e+09,1,0,1.0,0.0947025,0.2,0.20195649999999998,20,4,g0,Native,Native,Native,0
3739,1.70554e+09,1,0,1.0,0.103466,0.15,0.176311,20,3,g0,Native,Native,Native,0
3741,1.70554e+09,1,0,1.0,0.117479,0.1,0.15250550000000002,20,2,g0,Native,Native,Native,0
3743,1.70554e+09,1,0,1.0,0.103443,0.05,0.1287,20,1,g0,Native,Native,Native,0
3745,1.70554e+09,1,0,1.0,0.10536,0.0,nan,20,0,g0,Native,Native,Native,0
3747,1.70554e+09,1,0,1.0,0.110328,0.0,nan,20,0,g0,Native,Native,Native,0
3749,1.70554e+09,1,0,1.0,0.105009,0.0,nan,20,0,g0,Native,Native,Native,0
3751,1.70554e+09,1,0,1.0,0.106611,0.0,nan,20,0,g0,Native,Native,Native,0
3753,1.70554e+09,1,0,1.0,0.10284,0.0,nan,20,0,g0,Native,Native,Native,0
3755,1.70554e+09,1,1,1.12195,0.117005,0.05,0.117005,20,1,g0,Native,Native,Native,0
3757,1.70554e+09,1,1,1.49505,0.15003,0.1,0.1335175,20,2,g0,Native,Native,Native,0
3759,1.70554e+09,1,1,1.94948,0.181629,0.15,0.15003,20,3,g0,Native,Native,Native,0
3761,1.70554e+09,1,1,1.49483,0.137555,0.2,0.1437925,20,4,g0,Native,Native,Native,0
3763,1.70554e+09,1,1,1.70625,0.157403,0.25,0.15003,20,5,g0,Native,Native,Native,0
3765,1.70554e+09,1,1,1.8146,0.174231,0.3,0.15371649999999998,20,6,g0,Native,Native,Native,0
3767,1.70554e+09,1,1,2.27841,0.211614,0.35,0.157403,20,7,g0,Native,Native,Native,0
3769,1.70554e+09,1,1,1.7845,0.162342,0.4,0.15987249999999997,20,8,g0,Native,Native,Native,0
3771,1.70554e+09,1,1,2.50749,0.226164,0.45,0.162342,20,9,g0,Native,Native,Native,0
3773,1.70554e+09,1,1,1.7251,0.152233,0.5,0.15987249999999997,20,10,g0,Native,Native,Native,0
3775,1.70554e+09,1,1,2.61965,0.226854,0.55,0.162342,20,11,g0,Native,Native,Native,0
3777,1.70554e+09,1,1,2.16522,0.180755,0.6,0.1682865,20,12,g0,Native,Native,Native,0
3779,1.70554e+09,1,1,1.99368,0.18483,0.65,0.174231,20,13,g0,Native,Native,Native,0
3781,1.70554e+09,1,1,1.63974,0.150592,0.7,0.1682865,20,14,g0,Native,Native,Native,0
3783,1.70554e+09,1,1,1.46612,0.133138,0.75,0.162342,20,15,g0,Native,Loose,Loose_L1,1
3785,1.70554e+09,1,1,2.2113,0.206536,0.8,0.1682865,20,16,g0,Loose,Loose,Loose_L1,0
3787,1.70554e+09,1,1,2.08221,0.196321,0.85,0.174231,20,17,g0,Loose,Loose,Loose_L1,0
3789,1.70554e+09,1,1,2.26502,0.217721,0.9,0.177493,20,18,g0,Loose,Loose,Loose_L1,0
3791,1.70554e+09,1,1,2.15404,0.202435,0.95,0.180755,20,19,g0,Loose,Loose,Loose_L1,0
3793,1.70554e+09,1,1,1.53707,0.139191,1.0,0.177493,20,20,g0,Loose,Loose,Loose_L1,0
3795,1.70554e+09,1,1,1.32178,0.131599,1.0,0.177493,20,20,g0,Loose,Loose,Loose_L1,0
3797,1.70554e+09,1,1,1.42842,0.140237,1.0,0.177493,20,20,g0,Loose,Loose,Loose_L1,0
3799,1.70554e+09,1,1,1.74488,0.168911,1.0,0.171571,20,20,g0,Loose,Loose,Loose_L1,0
3801,1.70554e+09,1,1,1.29446,0.12364,1.0,0.171571,20,20,g0,Loose,Loose,Loose_L1,0
3803,1.70554e+09,1,1,1.14797,0.11658,1.0,0.171571,20,20,g0,Loose,Loose,Loose_L1,0
3805,1.70554e+09,1,1,1.49474,0.149794,1.0,0.1656265,20,20,g0,Loose,Loose,Loose_L1,0
3807,1.70554e+09,1,1,1.08637,0.118663,1.0,0.1572875,20,20,g0,Loose,Loose,Loose_L1,0
3809,1.70554e+09,1,0,1.0,0.119065,0.95,0.152233,20,19,g0,Loose,Loose,Loose_L1,0
3811,1.70554e+09,1,0,1.0,0.10192,0.9,0.1514125,20,18,g0,Loose,Loose,Loose_L1,0
3813,1.70554e+09,1,0,1.0,0.114108,0.85,0.150592,20,17,g0,Loose,Loose,Loose_L1,0
3815,1.70554e+09,1,0,1.0,0.112287,0.8,0.15019300000000002,20,16,g0,Loose,Loose,Loose_L1,0
3817,1.70554e+09,1,0,1.0,0.121639,0.75,0.149794,20,15,g0,Loose,Loose,Loose_L1,0
3819,1.70554e+09,1,0,1.0,0.119284,0.7,0.14501550000000002,20,14,g0,Loose,Loose,Loose_L1,0
3821,1.70554e+09,1,0,1.0,0.11188,0.65,0.140237,20,13,g0,Loose,Loose,Loose_L1,0
3823,1.70554e+09,1,0,1.0,0.107832,0.6,0.14501550000000002,20,12,g0,Loose,Native,Native,1
3825,1.70554e+09,1,0,1.0,0.115888,0.55,0.140237,20,11,g0,Native,Native,Native,0
3827,1.70554e+09,1,0,1.0,0.113618,0.5,0.139714,20,10,g0,Native,Native,Native,0
3829,1.70554e+09,1,0,1.0,0.110591,0.45,0.139191,20,9,g0,Native,Native,Native,0
3831,1.70554e+09,1,0,1.0,0.109497,0.4,0.135395,20,8,g0,Native,Native,Native,0
3833,1.70554e+09,1,0,1.0,0.122229,0.35,0.131599,20,7,g0,Native,Native,Native,0
3835,1.70554e+09,1,0,1.0,0.106517,0.3,0.13193850000000001,20,6,g0,Native,Native,Native,0
3837,1.70554e+09,1,0,1.0,0.118357,0.25,0.12364,20,5,g0,Native,Native,Native,0
3839,1.70554e+09,1,0,1.0,0.11017,0.2,0.1211515,20,4,g0,Native,Native,Native,0
3841,1.70554e+09,1,0,1.0,0.100665,0.15,0.118663,20,3,g0,Native,Native,Native,0
3843,1.70554e+09,1,0,1.0,0.107545,0.1,0.1342285,20,2,g0,Native,Native,Native,0
3845,1.70554e+09,1,0,1.0,0.102576,0.05,0.118663,20,1,g0,Native,Native,Native,0
3847,1.70554e+09,1,0,1.0,0.105793,0.0,nan,20,0,g0,Native,Native,Native,0
3849,1.70554e+09,1,0,1.0,0.112385,0.0,nan,20,0,g0,Native,Native,Native,0
3851,1.70554e+09,1,0,1.0,0.111136,0.0,nan,20,0,g0,Native,Native,Native,0
3853,1.70554e+09,1,0,1.0,0.105086,0.0,nan,20,0,g0,Native,Native,Native,0
3855,1.70554e+09,1,0,1.0,0.106556,0.0,nan,20,0,g0,Native,Native,Native,0
3857,1.70554e+09,1,0,1.0,0.106306,0.0,nan,20,0,g0,Native,Native,Native,0
3859,1.70554e+09,1,0,1.0,0.105407,0.0,nan,20,0,g0,Native,Native,Native,0
3861,1.70554e+09,1,0,1.0,0.108106,0.0,nan,20,0,g0,Native,Native,Native,0
3863,1.70554e+09,1,0,1.0,0.103816,0.0,nan,20,0,g0,Native,Native,Native,0
3865,1.70554e+09,1,0,1.0,0.10232,0.0,nan,20,0,g0,Native,Native,Native,0
3867,1.70554e+09,1,0,1.0,0.104821,0.0,nan,20,0,g0,Native,Native,Native,0
3869,1.70554e+09,1,0,1.0,0.115575,0.0,nan,20,0,g0,Native,Native,Native,0
3871,1.70554e+09,1,0,1.0,0.110778,0.0,nan,20,0,g0,Native,Native,Native,0
3873,1.70554e+09,1,0,1.0,0.119405,0.0,nan,20,0,g0,Native,Native,Native,0
3875,1.70554e+09,1,0,1.0,0.109802,0.0,nan,20,0,g0,Native,Native,Native,0
3877,1.70554e+09,1,0,1.0,0.100643,0.0,nan,20,0,g0,Native,Native,Native,0
3879,1.70554e+09,1,0,1.0,0.111851,0.0,nan,20,0,g0,Native,Native,Native,0
3881,1.70554e+09,1,0,1.0,0.111237,0.0,nan,20,0,g0,Native,Native,Native,0
3883,1.70554e+09,1,0,1.0,0.105977,0.0,nan,20,0,g0,Native,Native,Native,0
3885,1.70554e+09,1,0,1.0,0.11632,0.0,nan,20,0,g0,Native,Native,Native,0
3887,1.70554e+09,1,0,1.0,0.105243,0.0,nan,20,0,g0,Native,Native,Native,0
3889,1.70554e+09,1,0,1.0,0.115792,0.0,nan,20,0,g0,Native,Native,Native,0
3891,1.70554e+09,1,0,1.0,0.117314,0.0,nan,20,0,g0,Native,Native,Native,0
3893,1.70554e+09,1,0,1.0,0.101049,0.0,nan,20,0,g0,Native,Native,Native,0
3895,1.70554e+09,1,0,1.0,0.118332,0.0,nan,20,0,g0,Native,Native,Native,0
3897,1.70554e+09,1,0,1.0,0.108482,0.0,nan,20,0,g0,Native,Native,Native,0
3899,1.70554e+09,1,0,1.0,0.0997203,0.0,nan,20,0,g0,Native,Native,Native,0
3901,1.70554e+09,1,0,1.0,0.106111,0.0,nan,20,0,g0,Native,Native,Native,0
3903,1.70554e+09,1,0,1.0,0.11563,0.0,nan,20,0,g0,Native,Native,Native,0
3905,1.70554e+09,1,0,1.0,0.10546,0.0,nan,20,0,g0,Native,Native,Native,0
3907,1.70554e+09,1,0,1.0,0.105824,0.0,nan,20,0,g0,Native,Native,Native,0
3909,1.70554e+09,1,0,1.0,0.100329,0.0,nan,20,0,g0,Native,Native,Native,0
3911,1.70554e+09,1,0,1.0,0.104988,0.0,nan,20,0,g0,Native,Native,Native,0
3913,1.70554e+09,1,0,1.0,0.108835,0.0,nan,20,0,g0,Native,Native,Native,0
3915,1.70554e+09,1,0,1.0,0.111164,0.0,nan,20,0,g0,Native,Native,Native,0
3917,1.70554e+09,1,0,1.0,0.110633,0.0,nan,20,0,g0,Native,Native,Native,0
3919,1.70554e+09,1,0,1.0,0.0962037,0.0,nan,20,0,g0,Native,Native,Native,0
3921,1.70554e+09,1,0,1.0,0.104099,0.0,nan,20,0,g0,Native,Native,Native,0
3923,1.70554e+09,1,0,1.0,0.106538,0.0,nan,20,0,g0,Native,Native,Native,0
3925,1.70554e+09,1,0,1.0,0.0936513,0.0,nan,20,0,g0,Native,Native,Native,0
3927,1.70554e+09,1,0,1.0,0.100073,0.0,nan,20,0,g0,Native,Native,Native,0
3929,1.70554e+09,1,0,1.0,0.0944079,0.0,nan,20,0,g0,Native,Native,Native,0
3931,1.70554e+09,1,0,1.0,0.0998325,0.0,nan,20,0,g0,Native,Native,Native,0
3933,1.70554e+09,1,0,1.0,0.102781,0.0,nan,20,0,g0,Native,Native,Native,0
3935,1.70554e+09,1,0,1.0,0.10214,0.0,nan,20,0,g0,Native,Native,Native,0
3937,1.70554e+09,1,0,1.0,0.106908,0.0,nan,20,0,g0,Native,Native,Native,0
3939,1.70554e+09,1,0,1.0,0.100098,0.0,nan,20,0,g0,Native,Native,Native,0
3941,1.70554e+09,1,0,1.0,0.108131,0.0,nan,20,0,g0,Native,Native,Native,0
3943,1.70554e+09,1,0,1.0,0.0967535,0.0,nan,20,0,g0,Native,Native,Native,0
3945,1.70554e+09,1,0,1.0,0.101947,0.0,nan,20,0,g0,Native,Native,Native,0
3947,1.70554e+09,1,0,1.0,0.106509,0.0,nan,20,0,g0,Native,Native,Native,0
3949,1.70554e+09,1,0,1.0,0.106322,0.0,nan,20,0,g0,Native,Native,Native,0
3951,1.70554e+09,1,0,1.0,0.0998074,0.0,nan,20,0,g0,Native,Native,Native,0
3953,1.70554e+09,1,0,1.0,0.0967716,0.0,nan,20,0,g0,Native,Native,Native,0
3955,1.70554e+09,1,0,1.0,0.116281,0.0,nan,20,0,g0,Native,Native,Native,0
3957,1.70554e+09,1,0,1.0,0.1159,0.0,nan,20,0,g0,Native,Native,Native,0
3959,1.70554e+09,1,0,1.0,0.105385,0.0,nan,20,0,g0,Native,Native,Native,0
3961,1.70554e+09,1,0,1.0,0.0998286,0.0,nan,20,0,g0,Native,Native,Native,0
3963,1.70554e+09,1,0,1.0,0.108405,0.0,nan,20,0,g0,Native,Native,Native,0
3965,1.70554e+09,1,0,1.0,0.1152,0.0,nan,20,0,g0,Native,Native,Native,0
3967,1.70554e+09,1,0,1.0,0.100625,0.0,nan,20,0,g0,Native,Native,Native,0
3969,1.70554e+09,1,0,1.0,0.0993518,0.0,nan,20,0,g0,Native,Native,Native,0
3971,1.70554e+09,1,0,1.0,0.104754,0.0,nan,20,0,g0,Native,Native,Native,0
3973,1.70554e+09,1,0,1.0,0.102828,0.0,nan,20,0,g0,Native,Native,Native,0
3975,1.70554e+09,1,0,1.0,0.103141,0.0,nan,20,0,g0,Native,Native,Native,0
3977,1.70554e+09,1,0,1.0,0.0998252,0.0,nan,20,0,g0,Native,Native,Native,0
3979,1.70554e+09,1,0,1.0,0.111071,0.0,nan,20,0,g0,Native,Native,Native,0
3981,1.70554e+09,1,0,1.0,0.107849,0.0,nan,20,0,g0,Native,Native,Native,0
3983,1.70554e+09,1,0,1.0,0.0948606,0.0,nan,20,0,g0,Native,Native,Native,0
3985,1.70554e+09,1,0,1.0,0.110287,0.0,nan,20,0,g0,Native,Native,Native,0
3987,1.70554e+09,1,0,1.0,0.103892,0.0,nan,20,0,g0,Native,Native,Native,0
3989,1.70554e+09,1,0,1.0,0.105586,0.0,nan,20,0,g0,Native,Native,Native,0
3991,1.70554e+09,1,0,1.0,0.121377,0.0,nan,20,0,g0,Native,Native,Native,0
3993,1.70554e+09,1,0,1.0,0.114622,0.0,nan,20,0,g0,Native,Native,Native,0
3995,1.70554e+09,1,0,1.0,0.116987,0.0,nan,20,0,g0,Native,Native,Native,0
3997,1.70554e+09,1,0,1.0,0.115502,0.0,nan,20,0,g0,Native,Native,Native,0
3999,1.70554e+09,1,0,1.0,0.109685,0.0,nan,20,0,g0,Native,Native,Native,0
4001,1.70554e+09,1,0,1.0,0.111381,0.0,nan,20,0,g0,Native,Native,Native,0
4003,1.70554e+09,1,0,1.0,0.0953124,0.0,nan,20,0,g0,Native,Native,Native,0
4005,1.70554e+09,1,0,1.0,0.114363,0.0,nan,20,0,g0,Native,Native,Native,0
4007,1.70554e+09,1,0,1.0,0.102878,0.0,nan,20,0,g0,Native,Native,Native,0
4009,1.70554e+09,1,0,1.0,0.101311,0.0,nan,20,0,g0,Native,Native,Native,0
4011,1.70554e+09,1,0,1.0,0.111879,0.0,nan,20,0,g0,Native,Native,Native,0
4013,1.70554e+09,1,0,1.0,0.0992405,0.0,nan,20,0,g0,Native,Native,Native,0
4015,1.70554e+09,1,0,1.0,0.101933,0.0,nan,20,0,g0,Native,Native,Native,0
4017,1.70554e+09,1,0,1.0,0.101106,0.0,nan,20,0,g0,Native,Native,Native,0
4019,1.70554e+09,1,0,1.0,0.101987,0.0,nan,20,0,g0,Native,Native,Native,0
4021,1.70554e+09,1,0,1.0,0.107099,0.0,nan,20,0,g0,Native,Native,Native,0
4023,1.70554e+09,1,0,1.0,0.110183,0.0,nan,20,0,g0,Native,Native,Native,0
4025,1.70554e+09,1,0,1.0,0.110968,0.0,nan,20,0,g0,Native,Native,Native,0
4027,1.70554e+09,1,0,1.0,0.109351,0.0,nan,20,0,g0,Native,Native,Native,0
4029,1.70554e+09,1,0,1.0,0.108571,0.0,nan,20,0,g0,Native,Native,Native,0
4031,1.70554e+09,1,0,1.0,0.107611,0.0,nan,20,0,g0,Native,Native,Native,0
4033,1.70554e+09,1,0,1.0,0.105057,0.0,nan,20,0,g0,Native,Native,Native,0
4035,1.70554e+09,1,0,1.0,0.105451,0.0,nan,20,0,g0,Native,Native,Native,0
4037,1.70554e+09,1,0,1.0,0.107291,0.0,nan,20,0,g0,Native,Native,Native,0
4039,1.70554e+09,1,0,1.0,0.107278,0.0,nan,20,0,g0,Native,Native,Native,0
4041,1.70554e+09,1,0,1.0,0.105505,0.0,nan,20,0,g0,Native,Native,Native,0
4043,1.70554e+09,1,0,1.0,0.107938,0.0,nan,20,0,g0,Native,Native,Native,0
4045,1.70554e+09,1,0,1.0,0.104309,0.0,nan,20,0,g0,Native,Native,Native,0
4047,1.70554e+09,1,0,1.0,0.108488,0.0,nan,20,0,g0,Native,Native,Native,0
4049,1.70554e+09,1,0,1.0,0.116345,0.0,nan,20,0,g0,Native,Native,Native,0
4051,1.70554e+09,1,0,1.0,0.0966801,0.0,nan,20,0,g0,Native,Native,Native,0
4053,1.70554e+09,1,0,1.0,0.109348,0.0,nan,20,0,g0,Native,Native,Native,0
4055,1.70554e+09,1,0,1.0,0.103294,0.0,nan,20,0,g0,Native,Native,Native,0
4057,1.70554e+09,1,0,1.0,0.103135,0.0,nan,20,0,g0,Native,Native,Native,0
4059,1.70554e+09,1,0,1.0,0.103395,0.0,nan,20,0,g0,Native,Native,Native,0
4061,1.70554e+09,1,0,1.0,0.109348,0.0,nan,20,0,g0,Native,Native,Native,0
4063,1.70554e+09,1,0,1.0,0.108758,0.0,nan,20,0,g0,Native,Native,Native,0
4065,1.70554e+09,1,0,1.0,0.110045,0.0,nan,20,0,g0,Native,Native,Native,0
4067,1.70554e+09,1,0,1.0,0.117089,0.0,nan,20,0,g0,Native,Native,Native,0
4069,1.70554e+09,1,0,1.0,0.112476,0.0,nan,20,0,g0,Native,Native,Native,0
4071,1.70554e+09,1,0,1.0,0.122469,0.0,nan,20,0,g0,Native,Native,Native,0
4073,1.70554e+09,1,0,1.0,0.104007,0.0,nan,20,0,g0,Native,Native,Native,0
4075,1.70554e+09,1,0,1.0,0.113032,0.0,nan,20,0,g0,Native,Native,Native,0
4077,1.70554e+09,1,0,1.0,0.111583,0.0,nan,20,0,g0,Native,Native,Native,0
4079,1.70554e+09,1,0,1.0,0.103274,0.0,nan,20,0,g0,Native,Native,Native,0
4081,1.70554e+09,1,0,1.0,0.116936,0.0,nan,20,0,g0,Native,Native,Native,0
4083,1.70554e+09,1,0,1.0,0.0982952,0.0,nan,20,0,g0,Native,Native,Native,0
4085,1.70554e+09,1,0,1.0,0.130237,0.0,nan,20,0,g0,Native,Native,Native,0
4087,1.70554e+09,1,0,1.0,0.120756,0.0,nan,20,0,g0,Native,Native,Native,0
4089,1.70554e+09,1,0,1.0,0.118924,0.0,nan,20,0,g0,Native,Native,Native,0
4091,1.70554e+09,1,0,1.0,0.109385,0.0,nan,20,0,g0,Native,Native,Native,0
4093,1.70554e+09,1,0,1.0,0.111296,0.0,nan,20,0,g0,Native,Native,Native,0
4095,1.70554e+09,1,0,1.0,0.112664,0.0,nan,20,0,g0,Native,Native,Native,0
4097,1.70554e+09,1,0,1.0,0.109424,0.0,nan,20,0,g0,Native,Native,Native,0
4099,1.70554e+09,1,0,1.0,0.104854,0.0,nan,20,0,g0,Native,Native,Native,0
4101,1.70554e+09,1,0,1.0,0.0992271,0.0,nan,20,0,g0,Native,Native,Native,0
4103,1.70554e+09,1,0,1.0,0.107605,0.0,nan,20,0,g0,Native,Native,Native,0
4105,1.70554e+09,1,0,1.0,0.11054,0.0,nan,20,0,g0,Native,Native,Native,0
4107,1.70554e+09,1,0,1.0,0.108871,0.0,nan,20,0,g0,Native,Native,Native,0
4109,1.70554e+09,1,0,1.0,0.103574,0.0,nan,20,0,g0,Native,Native,Native,0
4111,1.70554e+09,1,0,1.0,0.107636,0.0,nan,20,0,g0,Native,Native,Native,0
4113,1.70554e+09,1,0,1.0,0.106375,0.0,nan,20,0,g0,Native,Native,Native,0
4115,1.70554e+09,1,0,1.0,0.105797,0.0,nan,20,0,g0,Native,Native,Native,0
4117,1.70554e+09,1,0,1.0,0.113307,0.0,nan,20,0,g0,Native,Native,Native,0
4119,1.70554e+09,1,0,1.0,0.113205,0.0,nan,20,0,g0,Native,Native,Native,0
4121,1.70554e+09,1,0,1.0,0.108656,0.0,nan,20,0,g0,Native,Native,Native,0
4123,1.70554e+09,1,0,1.0,0.0965748,0.0,nan,20,0,g0,Native,Native,Native,0
4125,1.70554e+09,1,0,1.0,0.120798,0.0,nan,20,0,g0,Native,Native,Native,0
4127,1.70554e+09,1,0,1.0,0.113504,0.0,nan,20,0,g0,Native,Native,Native,0
4129,1.70554e+09,1,0,1.0,0.104769,0.0,nan,20,0,g0,Native,Native,Native,0
4131,1.70554e+09,1,0,1.0,0.103714,0.0,nan,20,0,g0,Native,Native,Native,0
4133,1.70554e+09,1,0,1.0,0.11579,0.0,nan,20,0,g0,Native,Native,Native,0
4135,1.70554e+09,1,0,1.0,0.105179,0.0,nan,20,0,g0,Native,Native,Native,0
4137,1.70554e+09,1,1,1.27485,0.121555,0.05,0.121555,20,1,g0,Native,Native,Native,0
4139,1.70554e+09,1,1,1.03509,0.113432,0.1,0.1174935,20,2,g0,Native,Native,Native,0
4141,1.70554e+09,1,0,1.0,0.110773,0.1,0.1174935,20,2,g0,Native,Native,Native,0
4143,1.70554e+09,1,1,1.20732,0.118963,0.15,0.118963,20,3,g0,Native,Native,Native,0
4145,1.70554e+09,1,1,1.2441,0.127248,0.2,0.120259,20,4,g0,Native,Native,Native,0
4147,1.70554e+09,1,1,1.13275,0.115431,0.25,0.118963,20,5,g0,Native,Native,Native,0
4149,1.70554e+09,1,1,1.41544,0.140277,0.3,0.120259,20,6,g0,Native,Native,Native,0
4151,1.70554e+09,1,1,1.18724,0.118846,0.35,0.118963,20,7,g0,Native,Native,Native,0
4153,1.70554e+09,1,1,1.3599,0.128783,0.4,0.120259,20,8,g0,Native,Native,Native,0
4155,1.70554e+09,1,1,1.58556,0.152303,0.45,0.121555,20,9,g0,Native,Native,Native,0
4157,1.70554e+09,1,1,1.57752,0.152879,0.5,0.1244015,20,10,g0,Native,Native,Native,0
4159,1.70554e+09,1,1,1.75724,0.172765,0.55,0.127248,20,11,g0,Native,Native,Native,0
4161,1.70554e+09,1,1,1.90836,0.181628,0.6,0.1280155,20,12,g0,Native,Native,Native,0
4163,1.70554e+09,1,1,1.84612,0.184063,0.65,0.128783,20,13,g0,Native,Native,Native,0
4165,1.70554e+09,1,1,1.78945,0.172199,0.7,0.13453,20,14,g0,Native,Native,Native,0
4167,1.70554e+09,1,1,1.51377,0.145554,0.75,0.140277,20,15,g0,Native,Loose,Loose_L1,1
4169,1.70554e+09,1,1,2.04075,0.194512,0.8,0.1429155,20,16,g0,Loose,Loose,Loose_L1,0
4171,1.70554e+09,1,1,1.31956,0.124884,0.85,0.140277,20,17,g0,Loose,Loose,Loose_L1,0
4173,1.70554e+09,1,1,1.05124,0.11375,0.9,0.13453,20,18,g0,Loose,Loose,Loose_L1,0
4175,1.70554e+09,1,0,1.0,0.10538,0.9,0.13453,20,18,g0,Loose,Loose,Loose_L1,0
4177,1.70554e+09,1,0,1.0,0.106405,0.85,0.140277,20,17,g0,Loose,Loose,Loose_L1,0
4179,1.70554e+09,1,0,1.0,0.117286,0.8,0.1429155,20,16,g0,Loose,Loose,Loose_L1,0
4181,1.70554e+09,1,0,1.0,0.145724,0.8,0.1429155,20,16,g0,Loose,Loose,Loose_L1,0
4183,1.70554e+09,1,0,1.0,0.115331,0.75,0.145554,20,15,g0,Loose,Loose,Loose_L1,0
4185,1.70554e+09,1,0,1.0,0.13393,0.7,0.1489285,20,14,g0,Loose,Loose,Loose_L1,0
4187,1.70554e+09,1,0,1.0,0.107149,0.65,0.152303,20,13,g0,Loose,Loose,Loose_L1,0
4189,1.70554e+09,1,0,1.0,0.106813,0.6,0.15259099999999998,20,12,g0,Loose,Native,Native,1
4191,1.70554e+09,1,0,1.0,0.116224,0.55,0.152879,20,11,g0,Native,Native,Native,0
4193,1.70554e+09,1,0,1.0,0.105102,0.5,0.162539,20,10,g0,Native,Native,Native,0
4195,1.70554e+09,1,0,1.0,0.113783,0.45,0.172199,20,9,g0,Native,Native,Native,0
4197,1.70554e+09,1,0,1.0,0.129694,0.4,0.172482,20,8,g0,Native,Native,Native,0
4199,1.70554e+09,1,0,1.0,0.107329,0.35,0.172199,20,7,g0,Native,Native,Native,0
4201,1.70554e+09,1,0,1.0,0.117751,0.3,0.15887649999999998,20,6,g0,Native,Native,Native,0
4203,1.70554e+09,1,0,1.0,0.108784,0.25,0.145554,20,5,g0,Native,Native,Native,0
4205,1.70554e+09,1,0,1.0,0.128204,0.2,0.13521899999999998,20,4,g0,Native,Native,Native,0
4207,1.70554e+09,1,0,1.0,0.165109,0.15,0.124884,20,3,g0,Native,Native,Native,0
4209,1.70554e+09,1,0,1.0,0.115071,0.1,0.119317,20,2,g0,Native,Native,Native,0
4211,1.70554e+09,1,0,1.0,0.165723,0.05,0.11375,20,1,g0,Native,Native,Native,0
4213,1.70554e+09,1,0,1.0,0.130845,0.0,nan,20,0,g0,Native,Native,Native,0
4215,1.70554e+09,1,0,1.0,0.114291,0.0,nan,20,0,g0,Native,Native,Native,0
4217,1.70554e+09,1,0,1.0,0.110723,0.0,nan,20,0,g0,Native,Native,Native,0
4219,1.70554e+09,1,0,1.0,0.110454,0.0,nan,20,0,g0,Native,Native,Native,0
4221,1.70554e+09,1,0,1.0,0.113858,0.0,nan,20,0,g0,Native,Native,Native,0
4223,1.70554e+09,1,0,1.0,0.0965269,0.0,nan,20,0,g0,Native,Native,Native,0
4225,1.70554e+09,1,0,1.0,0.106619,0.0,nan,20,0,g0,Native,Native,Native,0
4227,1.70554e+09,1,0,1.0,0.109974,0.0,nan,20,0,g0,Native,Native,Native,0
4229,1.70554e+09,1,0,1.0,0.101669,0.0,nan,20,0,g0,Native,Native,Native,0
4231,1.70554e+09,1,0,1.0,0.111384,0.0,nan,20,0,g0,Native,Native,Native,0
4233,1.70554e+09,1,0,1.0,0.10792,0.0,nan,20,0,g0,Native,Native,Native,0
4235,1.70554e+09,1,0,1.0,0.104595,0.0,nan,20,0,g0,Native,Native,Native,0
4237,1.70554e+09,1,0,1.0,0.103301,0.0,nan,20,0,g0,Native,Native,Native,0
4239,1.70554e+09,1,0,1.0,0.106927,0.0,nan,20,0,g0,Native,Native,Native,0
4241,1.70554e+09,1,0,1.0,0.105324,0.0,nan,20,0,g0,Native,Native,Native,0
4243,1.70554e+09,1,0,1.0,0.112979,0.0,nan,20,0,g0,Native,Native,Native,0
4245,1.70554e+09,1,0,1.0,0.109624,0.0,nan,20,0,g0,Native,Native,Native,0
4247,1.70554e+09,1,0,1.0,0.110775,0.0,nan,20,0,g0,Native,Native,Native,0
4249,1.70554e+09,1,0,1.0,0.117465,0.0,nan,20,0,g0,Native,Native,Native,0
4251,1.70554e+09,1,0,1.0,0.112103,0.0,nan,20,0,g0,Native,Native,Native,0
4253,1.70554e+09,1,0,1.0,0.146057,0.0,nan,20,0,g0,Native,Native,Native,0
4255,1.70554e+09,1,0,1.0,0.12622,0.0,nan,20,0,g0,Native,Native,Native,0
4257,1.70554e+09,1,0,1.0,0.142009,0.0,nan,20,0,g0,Native,Native,Native,0
4259,1.70554e+09,1,0,1.0,0.110815,0.0,nan,20,0,g0,Native,Native,Native,0
4261,1.70554e+09,1,0,1.0,0.107749,0.0,nan,20,0,g0,Native,Native,Native,0
4263,1.70554e+09,1,0,1.0,0.109967,0.0,nan,20,0,g0,Native,Native,Native,0
4265,1.70554e+09,1,0,1.0,0.117287,0.0,nan,20,0,g0,Native,Native,Native,0
4267,1.70554e+09,1,0,1.0,0.105878,0.0,nan,20,0,g0,Native,Native,Native,0
4269,1.70554e+09,1,0,1.0,0.107414,0.0,nan,20,0,g0,Native,Native,Native,0
4271,1.70554e+09,1,0,1.0,0.105734,0.0,nan,20,0,g0,Native,Native,Native,0
4273,1.70554e+09,1,0,1.0,0.129527,0.0,nan,20,0,g0,Native,Native,Native,0
4275,1.70554e+09,1,0,1.0,0.106815,0.0,nan,20,0,g0,Native,Native,Native,0
4277,1.70554e+09,1,0,1.0,0.101237,0.0,nan,20,0,g0,Native,Native,Native,0
4279,1.70554e+09,1,0,1.0,0.103018,0.0,nan,20,0,g0,Native,Native,Native,0
4281,1.70554e+09,1,0,1.0,0.107089,0.0,nan,20,0,g0,Native,Native,Native,0
4283,1.70554e+09,1,0,1.0,0.107503,0.0,nan,20,0,g0,Native,Native,Native,0
4285,1.70554e+09,1,0,1.0,0.115573,0.0,nan,20,0,g0,Native,Native,Native,0
4287,1.70554e+09,1,0,1.0,0.112494,0.0,nan,20,0,g0,Native,Native,Native,0
4289,1.70554e+09,1,0,1.0,0.125528,0.0,nan,20,0,g0,Native,Native,Native,0
4291,1.70554e+09,1,0,1.0,0.1119,0.0,nan,20,0,g0,Native,Native,Native,0
4293,1.70554e+09,1,0,1.0,0.110512,0.0,nan,20,0,g0,Native,Native,Native,0
4295,1.70554e+09,1,0,1.0,0.108141,0.0,nan,20,0,g0,Native,Native,Native,0
4297,1.70554e+09,1,0,1.0,0.100383,0.0,nan,20,0,g0,Native,Native,Native,0
4299,1.70554e+09,1,1,1.3039,0.134584,0.05,0.134584,20,1,g0,Native,Native,Native,0
4301,1.70554e+09,1,1,1.02069,0.112709,0.1,0.1236465,20,2,g0,Native,Native,Native,0
4303,1.70554e+09,1,1,1.5163,0.142646,0.15,0.134584,20,3,g0,Native,Native,Native,0
4305,1.70554e+09,1,1,1.01219,0.108515,0.2,0.1236465,20,4,g0,Native,Native,Native,0
4307,1.70554e+09,1,1,1.34662,0.13831,0.25,0.134584,20,5,g0,Native,Native,Native,0
4309,1.70554e+09,1,1,2.00967,0.201223,0.3,0.13644699999999998,20,6,g0,Native,Native,Native,0
4311,1.70554e+09,1,1,1.70157,0.160926,0.35,0.13831,20,7,g0,Native,Native,Native,0
4313,1.70554e+09,1,1,1.08354,0.10982,0.4,0.13644699999999998,20,8,g0,Native,Native,Native,0
4315,1.70554e+09,1,1,1.48263,0.136591,0.45,0.136591,20,9,g0,Native,Native,Native,0
4317,1.70554e+09,1,1,1.35935,0.125566,0.5,0.1355875,20,10,g0,Native,Native,Native,0
4319,1.70554e+09,1,1,1.63568,0.161551,0.55,0.136591,20,11,g0,Native,Native,Native,0
4321,1.70554e+09,1,1,1.58423,0.147472,0.6,0.13745049999999998,20,12,g0,Native,Native,Native,0
4323,1.70554e+09,1,0,1.0,0.0990656,0.6,0.13745049999999998,20,12,g0,Native,Native,Native,0
4325,1.70554e+09,1,1,1.33894,0.131561,0.65,0.136591,20,13,g0,Native,Native,Native,0
4327,1.70554e+09,1,1,1.52817,0.153827,0.7,0.13745049999999998,20,14,g0,Native,Native,Native,0
4329,1.70554e+09,1,0,1.0,0.130768,0.7,0.13745049999999998,20,14,g0,Native,Native,Native,0
4331,1.70554e+09,1,1,1.85136,0.189964,0.75,0.13831,20,15,g0,Native,Loose,Loose_L1,1
4333,1.70554e+09,1,0,1.0,0.0984513,0.75,0.13831,20,15,g0,Loose,Loose,Loose_L1,0
4335,1.70554e+09,1,0,1.0,0.108303,0.75,0.13831,20,15,g0,Loose,Loose,Loose_L1,0
4337,1.70554e+09,1,0,1.0,0.107183,0.75,0.13831,20,15,g0,Loose,Loose,Loose_L1,0
4339,1.70554e+09,1,0,1.0,0.101116,0.7,0.140478,20,14,g0,Loose,Loose,Loose_L1,0
4341,1.70554e+09,1,0,1.0,0.10942,0.65,0.142646,20,13,g0,Loose,Loose,Loose_L1,0
4343,1.70554e+09,1,0,1.0,0.10543,0.6,0.142891,20,12,g0,Loose,Native,Native,1
4345,1.70554e+09,1,0,1.0,0.11122,0.55,0.147472,20,11,g0,Native,Native,Native,0
4347,1.70554e+09,1,0,1.0,0.109183,0.5,0.1506495,20,10,g0,Native,Native,Native,0
4349,1.70554e+09,1,0,1.0,0.106794,0.45,0.147472,20,9,g0,Native,Native,Native,0
4351,1.70554e+09,1,0,1.0,0.11175,0.4,0.14203149999999998,20,8,g0,Native,Native,Native,0
4353,1.70554e+09,1,0,1.0,0.10779,0.35,0.147472,20,7,g0,Native,Native,Native,0
4355,1.70554e+09,1,0,1.0,0.106711,0.3,0.1506495,20,6,g0,Native,Native,Native,0
4357,1.70554e+09,1,0,1.0,0.0999679,0.25,0.153827,20,5,g0,Native,Native,Native,0
4359,1.70554e+09,1,0,1.0,0.100201,0.2,0.1506495,20,4,g0,Native,Native,Native,0
4361,1.70554e+09,1,0,1.0,0.134567,0.15,0.153827,20,3,g0,Native,Native,Native,0
4363,1.70554e+09,1,0,1.0,0.104101,0.15,0.153827,20,3,g0,Native,Native,Native,0
4365,1.70554e+09,1,0,1.0,0.129873,0.1,0.17189549999999998,20,2,g0,Native,Native,Native,0
4367,1.70554e+09,1,0,1.0,0.101874,0.05,0.189964,20,1,g0,Native,Native,Native,0
4369,1.70554e+09,1,0,1.0,0.145943,0.05,0.189964,20,1,g0,Native,Native,Native,0
4371,1.70554e+09,1,0,1.0,0.113617,0.0,nan,20,0,g0,Native,Native,Native,0
4373,1.70554e+09,1,0,1.0,0.119187,0.0,nan,20,0,g0,Native,Native,Native,0
4375,1.70554e+09,1,0,1.0,0.114251,0.0,nan,20,0,g0,Native,Native,Native,0
4377,1.70554e+09,1,0,1.0,0.102361,0.0,nan,20,0,g0,Native,Native,Native,0
4379,1.70554e+09,1,0,1.0,0.0979919,0.0,nan,20,0,g0,Native,Native,Native,0
4381,1.70554e+09,1,0,1.0,0.10868,0.0,nan,20,0,g0,Native,Native,Native,0
4383,1.70554e+09,1,0,1.0,0.111838,0.0,nan,20,0,g0,Native,Native,Native,0
4385,1.70554e+09,1,0,1.0,0.100661,0.0,nan,20,0,g0,Native,Native,Native,0
4387,1.70554e+09,1,0,1.0,0.107259,0.0,nan,20,0,g0,Native,Native,Native,0
4389,1.70554e+09,1,0,1.0,0.101628,0.0,nan,20,0,g0,Native,Native,Native,0
4391,1.70554e+09,1,0,1.0,0.107355,0.0,nan,20,0,g0,Native,Native,Native,0
4393,1.70554e+09,1,0,1.0,0.09636,0.0,nan,20,0,g0,Native,Native,Native,0
4395,1.70554e+09,1,0,1.0,0.102933,0.0,nan,20,0,g0,Native,Native,Native,0
4397,1.70554e+09,1,0,1.0,0.122154,0.0,nan,20,0,g0,Native,Native,Native,0
4399,1.70554e+09,1,0,1.0,0.132503,0.0,nan,20,0,g0,Native,Native,Native,0
4401,1.70554e+09,1,0,1.0,0.123961,0.0,nan,20,0,g0,Native,Native,Native,0
4403,1.70554e+09,1,0,1.0,0.144211,0.0,nan,20,0,g0,Native,Native,Native,0
4405,1.70554e+09,1,0,1.0,0.105322,0.0,nan,20,0,g0,Native,Native,Native,0
4407,1.70554e+09,1,0,1.0,0.108301,0.0,nan,20,0,g0,Native,Native,Native,0
4409,1.70554e+09,1,0,1.0,0.102883,0.0,nan,20,0,g0,Native,Native,Native,0
4411,1.70554e+09,1,0,1.0,0.114416,0.0,nan,20,0,g0,Native,Native,Native,0
4413,1.70554e+09,1,0,1.0,0.106643,0.0,nan,20,0,g0,Native,Native,Native,0
4415,1.70554e+09,1,0,1.0,0.102822,0.0,nan,20,0,g0,Native,Native,Native,0
4417,1.70554e+09,1,0,1.0,0.107097,0.0,nan,20,0,g0,Native,Native,Native,0
4419,1.70554e+09,1,0,1.0,0.121974,0.0,nan,20,0,g0,Native,Native,Native,0
4421,1.70554e+09,1,0,1.0,0.119856,0.0,nan,20,0,g0,Native,Native,Native,0
4423,1.70554e+09,1,1,1.142,0.118143,0.05,0.118143,20,1,g0,Native,Native,Native,0
4425,1.70554e+09,1,1,1.15229,0.115432,0.1,0.1167875,20,2,g0,Native,Native,Native,0
4427,1.70554e+09,1,1,1.06406,0.11559,0.15,0.11559,20,3,g0,Native,Native,Native,0
4429,1.70554e+09,1,1,1.16953,0.114782,0.2,0.115511,20,4,g0,Native,Native,Native,0
4431,1.70554e+09,1,1,1.07042,0.109822,0.25,0.115432,20,5,g0,Native,Native,Native,0
4433,1.70554e+09,1,1,1.3816,0.139476,0.3,0.115511,20,6,g0,Native,Native,Native,0
4435,1.70554e+09,1,1,1.26518,0.122835,0.35,0.11559,20,7,g0,Native,Native,Native,0
4437,1.70554e+09,1,0,1.0,0.112236,0.35,0.11559,20,7,g0,Native,Native,Native,0
4439,1.70554e+09,1,0,1.0,0.11123,0.35,0.11559,20,7,g0,Native,Native,Native,0
4441,1.70554e+09,1,1,1.70325,0.168439,0.4,0.1168665,20,8,g0,Native,Native,Native,0
4443,1.70554e+09,1,1,1.32231,0.126966,0.45,0.118143,20,9,g0,Native,Native,Native,0
4445,1.70554e+09,1,1,1.39522,0.140176,0.5,0.120489,20,10,g0,Native,Native,Native,0
4447,1.70554e+09,1,1,1.63482,0.15962,0.55,0.122835,20,11,g0,Native,Native,Native,0
4449,1.70554e+09,1,1,2.29932,0.215349,0.6,0.1249005,20,12,g0,Native,Native,Native,0
4451,1.70554e+09,1,1,1.89348,0.162898,0.65,0.126966,20,13,g0,Native,Native,Native,0
4453,1.70554e+09,1,1,2.05697,0.173331,0.7,0.13322099999999998,20,14,g0,Native,Native,Native,0
4455,1.70554e+09,1,1,3.34027,0.293527,0.75,0.139476,20,15,g0,Native,Loose,Loose_L1,1
4457,1.70554e+09,1,1,3.38165,0.268784,0.8,0.139826,20,16,g0,Loose,Loose,Loose_L1,0
4459,1.70554e+09,1,1,2.90479,0.269583,0.85,0.140176,20,17,g0,Loose,Loose,Loose_L1,0
4461,1.70554e+09,1,1,3.34765,0.256282,0.9,0.149898,20,18,g0,Loose,Loose,Loose_L1,0
4463,1.70554e+09,1,1,3.576,0.322719,0.9,0.16125899999999999,20,18,g0,Loose,Loose,Loose_L1,0
4465,1.70554e+09,1,1,4.96582,0.347142,0.9,0.1656685,20,18,g0,Loose,Loose,Loose_L1,0
4467,1.70554e+09,1,1,3.48517,0.199712,0.9,0.170885,20,18,g0,Loose,Loose,Loose_L1,0
4469,1.70554e+09,1,1,4.00102,0.421053,0.9,0.1865215,20,18,g0,Loose,Loose,Loose_L1,0
4471,1.70554e+09,1,1,5.07214,0.391597,0.9,0.2075305,20,18,g0,Loose,Loose,Loose_L1,0
4473,1.70554e+09,1,1,4.66783,0.363914,0.9,0.2358155,20,18,g0,Loose,Loose,Loose_L1,0
4475,1.70554e+09,1,1,3.19973,0.249814,0.9,0.253048,20,18,g0,Loose,Loose,Loose_L1,0
4477,1.70554e+09,1,1,4.24269,0.353722,0.95,0.256282,20,19,g0,Loose,Loose,Loose_L1,0
4479,1.70554e+09,1,1,3.50235,0.279425,1.0,0.262533,20,20,g0,Loose,Loose,Loose_L1,0
4481,1.70554e+09,1,1,2.5643,0.207214,1.0,0.262533,20,20,g0,Loose,Loose,Loose_L1,0
4483,1.70554e+09,1,1,2.74164,0.246048,1.0,0.262533,20,20,g0,Loose,Loose,Loose_L1,0
4485,1.70554e+09,1,1,1.78735,0.165772,1.0,0.262533,20,20,g0,Loose,Loose,Loose_L1,0
4487,1.70554e+09,1,1,1.46959,0.143123,1.0,0.262533,20,20,g0,Loose,Loose,Loose_L1,0
4489,1.70554e+09,1,1,1.28276,0.129166,1.0,0.262533,20,20,g0,Loose,Loose,Loose_L1,0
4491,1.70554e+09,1,1,1.19091,0.118573,1.0,0.262533,20,20,g0,Loose,Loose,Loose_L1,0
4493,1.70554e+09,1,1,1.46703,0.146092,1.0,0.262533,20,20,g0,Loose,Loose,Loose_L1,0
4495,1.70554e+09,1,1,1.22753,0.120042,1.0,0.253048,20,20,g0,Loose,Loose,Loose_L1,0
4497,1.70554e+09,1,1,1.10164,0.107443,1.0,0.247931,20,20,g0,Loose,Loose,Loose_L1,0
4499,1.70554e+09,1,1,1.1591,0.121842,1.0,0.226631,20,20,g0,Loose,Loose,Loose_L1,0
4501,1.70554e+09,1,1,1.1365,0.115302,1.0,0.203463,20,20,g0,Loose,Loose,Loose_L1,0
4503,1.70554e+09,1,1,1.09242,0.11063,1.0,0.18274200000000002,20,20,g0,Loose,Loose,Loose_L1,0
4505,1.70554e+09,1,0,1.0,0.107988,0.95,0.165772,20,19,g0,Loose,Loose,Loose_L1,0
4507,1.70554e+09,1,1,1.10953,0.113309,0.95,0.146092,20,19,g0,Loose,Loose,Loose_L1,0
4509,1.70554e+09,1,0,1.0,0.111677,0.9,0.1446075,20,18,g0,Loose,Loose,Loose_L1,0
4511,1.70554e+09,1,0,1.0,0.112243,0.85,0.143123,20,17,g0,Loose,Loose,Loose_L1,0
4513,1.70554e+09,1,0,1.0,0.10661,0.8,0.1361445,20,16,g0,Loose,Loose,Loose_L1,0
4515,1.70554e+09,1,0,1.0,0.114294,0.75,0.129166,20,15,g0,Loose,Loose,Loose_L1,0
4517,1.70554e+09,1,0,1.0,0.110995,0.7,0.125504,20,14,g0,Loose,Loose,Loose_L1,0
4519,1.70554e+09,1,0,1.0,0.108766,0.65,0.121842,20,13,g0,Loose,Loose,Loose_L1,0
4521,1.70554e+09,1,0,1.0,0.0999864,0.6,0.120942,20,12,g0,Loose,Native,Native,1
4523,1.70554e+09,1,0,1.0,0.103607,0.55,0.120042,20,11,g0,Native,Native,Native,0
4525,1.70554e+09,1,0,1.0,0.0979781,0.5,0.1193075,20,10,g0,Native,Native,Native,0
4527,1.70554e+09,1,0,1.0,0.11657,0.45,0.118573,20,9,g0,Native,Native,Native,0
4529,1.70554e+09,1,0,1.0,0.105067,0.4,0.1169375,20,8,g0,Native,Native,Native,0
4531,1.70554e+09,1,0,1.0,0.14328,0.35,0.115302,20,7,g0,Native,Native,Native,0
4533,1.70554e+09,1,1,1.54516,0.154367,0.35,0.115302,20,7,g0,Native,Native,Native,0
4535,1.70554e+09,1,1,1.71637,0.315726,0.35,0.115302,20,7,g0,Native,Native,Native,0
4537,1.70554e+09,1,1,1.65565,0.110235,0.35,0.115302,20,7,g0,Native,Native,Native,0
4539,1.70554e+09,1,1,1.68532,0.309322,0.35,0.115302,20,7,g0,Native,Native,Native,0
4541,1.70554e+09,1,1,1.65197,0.157958,0.35,0.154367,20,7,g0,Native,Native,Native,0
4543,1.70554e+09,1,1,2.14757,0.205712,0.35,0.157958,20,7,g0,Native,Native,Native,0
4545,1.70554e+09,1,1,2.69748,0.244094,0.4,0.181835,20,8,g0,Native,Native,Native,0
4547,1.70554e+09,1,1,2.3686,0.201293,0.4,0.2035025,20,8,g0,Native,Native,Native,0
4549,1.70554e+09,1,1,2.42159,0.213157,0.45,0.205712,20,9,g0,Native,Native,Native,0
4551,1.70554e+09,1,1,2.78827,0.225441,0.5,0.20943450000000002,20,10,g0,Native,Native,Native,0
4553,1.70554e+09,1,1,2.07801,0.17155,0.55,0.205712,20,11,g0,Native,Native,Native,0
4555,1.70554e+09,1,1,3.75322,0.356477,0.6,0.20943450000000002,20,12,g0,Native,Native,Native,0
4557,1.70554e+09,1,1,3.46913,0.296115,0.65,0.213157,20,13,g0,Native,Native,Native,0
4559,1.70554e+09,1,1,3.63282,0.293924,0.7,0.21929900000000002,20,14,g0,Native,Native,Native,0
4561,1.70554e+09,1,1,3.44883,0.281841,0.75,0.225441,20,15,g0,Native,Loose,Loose_L1,1
4563,1.70554e+09,1,1,1.62695,0.139778,0.8,0.21929900000000002,20,16,g0,Loose,Loose,Loose_L1,0
4565,1.70554e+09,1,1,1.08157,0.106081,0.85,0.213157,20,17,g0,Loose,Loose,Loose_L1,0
4567,1.70554e+09,1,0,1.0,0.0671262,0.85,0.213157,20,17,g0,Loose,Loose,Loose_L1,0
4569,1.70554e+09,1,0,1.0,0.102679,0.85,0.213157,20,17,g0,Loose,Loose,Loose_L1,0
4571,1.70554e+09,1,1,1.07407,0.131609,0.9,0.20943450000000002,20,18,g0,Loose,Loose,Loose_L1,0
4573,1.70554e+09,1,1,1.15964,0.116646,0.9,0.20943450000000002,20,18,g0,Loose,Loose,Loose_L1,0
4575,1.70554e+09,1,1,1.17289,0.113461,0.9,0.2035025,20,18,g0,Loose,Loose,Loose_L1,0
4577,1.70554e+09,1,1,1.24061,0.120314,0.9,0.2035025,20,18,g0,Loose,Loose,Loose_L1,0
4579,1.70554e+09,1,1,1.52634,0.149609,0.9,0.18642150000000002,20,18,g0,Loose,Loose,Loose_L1,0
4581,1.70554e+09,1,1,1.88041,0.168142,0.9,0.18642150000000002,20,18,g0,Loose,Loose,Loose_L1,0
4583,1.70554e+09,1,1,1.36197,0.127584,0.9,0.169846,20,18,g0,Loose,Loose,Loose_L1,0
4585,1.70554e+09,1,1,1.58272,0.153609,0.9,0.1608755,20,18,g0,Loose,Loose,Loose_L1,0
4587,1.70554e+09,1,1,1.74419,0.1598,0.9,0.1567045,20,18,g0,Loose,Loose,Loose_L1,0
4589,1.70554e+09,1,1,1.45896,0.128653,0.9,0.151609,20,18,g0,Loose,Loose,Loose_L1,0
4591,1.70554e+09,1,1,1.92074,0.174102,0.9,0.151609,20,18,g0,Loose,Loose,Loose_L1,0
4593,1.70554e+09,1,1,1.93319,0.173054,0.9,0.151609,20,18,g0,Loose,Loose,Loose_L1,0
4595,1.70554e+09,1,1,2.16751,0.199193,0.9,0.151609,20,18,g0,Loose,Loose,Loose_L1,0
4597,1.70554e+09,1,1,2.47141,0.222099,0.9,0.151609,20,18,g0,Loose,Loose,Loose_L1,0
4599,1.70554e+09,1,1,2.32767,0.218709,0.9,0.151609,20,18,g0,Loose,Loose,Loose_L1,0
4601,1.70554e+09,1,1,2.56634,0.241043,0.9,0.151609,20,18,g0,Loose,Loose,Loose_L1,0
4603,1.70554e+09,1,1,3.20165,0.301743,0.9,0.1567045,20,18,g0,Loose,Loose,Loose_L1,0
4605,1.70554e+09,1,1,3.13388,0.271468,0.9,0.163971,20,18,g0,Loose,Loose,Loose_L1,0
4607,1.70554e+09,1,1,2.27229,0.203314,0.95,0.168142,20,19,g0,Loose,Loose,Loose_L1,0
4609,1.70554e+09,1,1,3.05141,0.267266,1.0,0.17059800000000003,20,20,g0,Loose,Loose,Loose_L1,0
4611,1.70554e+09,1,1,2.95743,0.246505,1.0,0.173578,20,20,g0,Loose,Loose,Loose_L1,0
4613,1.70554e+09,1,1,3.24634,0.282767,1.0,0.18664750000000002,20,20,g0,Loose,Loose,Loose_L1,0
4615,1.70554e+09,1,1,3.66495,0.312717,1.0,0.2012535,20,20,g0,Loose,Loose,Loose_L1,0
4617,1.70554e+09,1,1,3.33093,0.287534,1.0,0.2110115,20,20,g0,Loose,Loose,Loose_L1,0
4619,1.70554e+09,1,1,2.94405,0.258994,1.0,0.220404,20,20,g0,Loose,Loose,Loose_L1,0
4621,1.70554e+09,1,1,3.96183,0.363545,1.0,0.231571,20,20,g0,Loose,Loose,Loose_L1,0
4623,1.70554e+09,1,1,3.13879,0.265263,1.0,0.243774,20,20,g0,Loose,Loose,Loose_L1,0
4625,1.70554e+09,1,1,3.93309,0.352438,1.0,0.2527495,20,20,g0,Loose,Loose,Loose_L1,0
4627,1.70554e+09,1,1,3.22729,0.281918,1.0,0.2621285,20,20,g0,Loose,Loose,Loose_L1,0
4629,1.70554e+09,1,1,2.57878,0.233237,1.0,0.2621285,20,20,g0,Loose,Loose,Loose_L1,0
4631,1.70554e+09,1,1,2.78336,0.256019,1.0,0.2621285,20,20,g0,Loose,Loose,Loose_L1,0
4633,1.70554e+09,1,1,1.31398,0.127463,1.0,0.2621285,20,20,g0,Loose,Loose,Loose_L1,0
4635,1.70554e+09,1,1,2.94129,0.28854,1.0,0.2662645,20,20,g0,Loose,Loose,Loose_L1,0
4637,1.70554e+09,1,1,1.4445,0.13255,1.0,0.2662645,20,20,g0,Loose,Loose,Loose_L1,0
4639,1.70554e+09,1,1,1.93969,0.190072,1.0,0.2662645,20,20,g0,Loose,Loose,Loose_L1,0
4641,1.70554e+09,1,1,2.13134,0.194125,1.0,0.2662645,20,20,g0,Loose,Loose,Loose_L1,0
4643,1.70554e+09,1,1,1.88792,0.176339,1.0,0.2621285,20,20,g0,Loose,Loose,Loose_L1,0
4645,1.70554e+09,1,1,2.47346,0.236191,1.0,0.25750649999999997,20,20,g0,Loose,Loose,Loose_L1,0
4647,1.70554e+09,1,1,1.57078,0.140828,1.0,0.25750649999999997,20,20,g0,Loose,Loose,Loose_L1,0
4649,1.70554e+09,1,1,1.49704,0.144138,1.0,0.251262,20,20,g0,Loose,Loose,Loose_L1,0
4651,1.70554e+09,1,1,1.28305,0.11929,1.0,0.24610500000000002,20,20,g0,Loose,Loose,Loose_L1,0
4653,1.70554e+09,1,1,1.16551,0.119689,1.0,0.234714,20,20,g0,Loose,Loose,Loose_L1,0
4655,1.70554e+09,1,0,1.0,0.111944,0.95,0.233237,20,19,g0,Loose,Loose,Loose_L1,0
4657,1.70554e+09,1,0,1.0,0.129779,0.9,0.213681,20,18,g0,Loose,Loose,Loose_L1,0
4659,1.70554e+09,1,0,1.0,0.101117,0.85,0.194125,20,17,g0,Loose,Loose,Loose_L1,0
4661,1.70554e+09,1,0,1.0,0.103235,0.8,0.1920985,20,16,g0,Loose,Loose,Loose_L1,0
4663,1.70554e+09,1,0,1.0,0.103997,0.75,0.190072,20,15,g0,Loose,Loose,Loose_L1,0
4665,1.70554e+09,1,0,1.0,0.113121,0.7,0.1832055,20,14,g0,Loose,Loose,Loose_L1,0
4667,1.70554e+09,1,0,1.0,0.101768,0.65,0.176339,20,13,g0,Loose,Loose,Loose_L1,0
4669,1.70554e+09,1,0,1.0,0.100598,0.6,0.1602385,20,12,g0,Loose,Native,Native,1
4671,1.70554e+09,1,0,1.0,0.0994143,0.55,0.144138,20,11,g0,Native,Native,Native,0
4673,1.70554e+09,1,0,1.0,0.0998563,0.5,0.1602385,20,10,g0,Native,Native,Native,0
4675,1.70554e+09,1,0,1.0,0.0937576,0.45,0.144138,20,9,g0,Native,Native,Native,0
4677,1.70554e+09,1,0,1.0,0.100602,0.4,0.1602385,20,8,g0,Native,Native,Native,0
4679,1.70554e+09,1,0,1.0,0.115308,0.35,0.144138,20,7,g0,Native,Native,Native,0
4681,1.70554e+09,1,0,1.0,0.109877,0.3,0.142483,20,6,g0,Native,Native,Native,0
4683,1.70554e+09,1,0,1.0,0.114004,0.25,0.140828,20,5,g0,Native,Native,Native,0
4685,1.70554e+09,1,0,1.0,0.10397,0.2,0.1302585,20,4,g0,Native,Native,Native,0
4687,1.70554e+09,1,0,1.0,0.104537,0.15,0.119689,20,3,g0,Native,Native,Native,0
4689,1.70554e+09,1,0,1.0,0.103834,0.1,0.1194895,20,2,g0,Native,Native,Native,0
4691,1.70554e+09,1,0,1.0,0.105484,0.05,0.119689,20,1,g0,Native,Native,Native,0
4693,1.70554e+09,1,0,1.0,0.105409,0.0,nan,20,0,g0,Native,Native,Native,0
4695,1.70554e+09,1,0,1.0,0.101465,0.0,nan,20,0,g0,Native,Native,Native,0
4697,1.70554e+09,1,0,1.0,0.103293,0.0,nan,20,0,g0,Native,Native,Native,0
4699,1.70554e+09,1,0,1.0,0.117818,0.0,nan,20,0,g0,Native,Native,Native,0
4701,1.70554e+09,1,0,1.0,0.105737,0.0,nan,20,0,g0,Native,Native,Native,0
4703,1.70554e+09,1,0,1.0,0.111109,0.0,nan,20,0,g0,Native,Native,Native,0
4705,1.70554e+09,1,0,1.0,0.126395,0.0,nan,20,0,g0,Native,Native,Native,0
4707,1.70554e+09,1,0,1.0,0.102711,0.0,nan,20,0,g0,Native,Native,Native,0
4709,1.70554e+09,1,0,1.0,0.101233,0.0,nan,20,0,g0,Native,Native,Native,0
4711,1.70554e+09,1,0,1.0,0.103799,0.0,nan,20,0,g0,Native,Native,Native,0
4713,1.70554e+09,1,0,1.0,0.119616,0.0,nan,20,0,g0,Native,Native,Native,0
4715,1.70554e+09,1,0,1.0,0.106214,0.0,nan,20,0,g0,Native,Native,Native,0
4717,1.70554e+09,1,0,1.0,0.0969147,0.0,nan,20,0,g0,Native,Native,Native,0
4719,1.70554e+09,1,0,1.0,0.113053,0.0,nan,20,0,g0,Native,Native,Native,0
4721,1.70554e+09,1,0,1.0,0.104757,0.0,nan,20,0,g0,Native,Native,Native,0
4723,1.70554e+09,1,0,1.0,0.117845,0.0,nan,20,0,g0,Native,Native,Native,0
4725,1.70554e+09,1,0,1.0,0.111936,0.0,nan,20,0,g0,Native,Native,Native,0
4727,1.70554e+09,1,0,1.0,0.113483,0.0,nan,20,0,g0,Native,Native,Native,0
4729,1.70554e+09,1,0,1.0,0.104273,0.0,nan,20,0,g0,Native,Native,Native,0
4731,1.70554e+09,1,0,1.0,0.122111,0.0,nan,20,0,g0,Native,Native,Native,0
4733,1.70554e+09,1,0,1.0,0.110396,0.0,nan,20,0,g0,Native,Native,Native,0
4735,1.70554e+09,1,0,1.0,0.101308,0.0,nan,20,0,g0,Native,Native,Native,0
4737,1.70554e+09,1,0,1.0,0.118934,0.0,nan,20,0,g0,Native,Native,Native,0
4739,1.70554e+09,1,0,1.0,0.116744,0.0,nan,20,0,g0,Native,Native,Native,0
4741,1.70554e+09,1,0,1.0,0.0986399,0.0,nan,20,0,g0,Native,Native,Native,0
4743,1.70554e+09,1,0,1.0,0.084424,0.0,nan,20,0,g0,Native,Native,Native,0
4745,1.70554e+09,1,0,1.0,0.136594,0.0,nan,20,0,g0,Native,Native,Native,0
4747,1.70554e+09,1,0,1.0,0.119736,0.0,nan,20,0,g0,Native,Native,Native,0
4749,1.70554e+09,1,1,1.81436,0.185157,0.05,0.185157,20,1,g0,Native,Native,Native,0
4751,1.70554e+09,1,1,1.82162,0.174366,0.1,0.1797615,20,2,g0,Native,Native,Native,0
4753,1.70554e+09,1,1,2.42969,0.224366,0.15,0.185157,20,3,g0,Native,Native,Native,0
4755,1.70554e+09,1,1,1.88523,0.168023,0.2,0.1797615,20,4,g0,Native,Native,Native,0
4757,1.70554e+09,1,1,2.07382,0.195871,0.25,0.185157,20,5,g0,Native,Native,Native,0
4759,1.70554e+09,1,1,2.00809,0.180328,0.3,0.18274249999999997,20,6,g0,Native,Native,Native,0
4761,1.70554e+09,1,1,2.04752,0.188216,0.35,0.185157,20,7,g0,Native,Native,Native,0
4763,1.70554e+09,1,1,2.52412,0.231188,0.4,0.18668649999999998,20,8,g0,Native,Native,Native,0
4765,1.70554e+09,1,1,2.73331,0.263205,0.45,0.188216,20,9,g0,Native,Native,Native,0
4767,1.70554e+09,1,1,2.56961,0.235666,0.5,0.19204349999999998,20,10,g0,Native,Native,Native,0
4769,1.70554e+09,1,1,2.77485,0.235539,0.55,0.195871,20,11,g0,Native,Native,Native,0
4771,1.70554e+09,1,1,2.75657,0.240822,0.6,0.21011849999999999,20,12,g0,Native,Native,Native,0
4773,1.70554e+09,1,1,2.59473,0.243321,0.65,0.224366,20,13,g0,Native,Native,Native,0
4775,1.70554e+09,1,1,2.58161,0.226932,0.7,0.225649,20,14,g0,Native,Native,Native,0
4777,1.70554e+09,1,1,3.19628,0.284292,0.75,0.226932,20,15,g0,Native,Loose,Loose_L1,1
4779,1.70554e+09,1,1,3.39872,0.287052,0.8,0.22905999999999999,20,16,g0,Loose,Loose,Loose_L1,0
4781,1.70554e+09,1,1,2.84139,0.246528,0.85,0.231188,20,17,g0,Loose,Loose,Loose_L1,0
4783,1.70554e+09,1,1,3.16473,0.286538,0.9,0.2333635,20,18,g0,Loose,Loose,Loose_L1,0
4785,1.70554e+09,1,1,3.38082,0.291924,0.95,0.235539,20,19,g0,Loose,Loose,Loose_L1,0
4787,1.70554e+09,1,1,5.08698,0.421265,1.0,0.2356025,20,20,g0,Loose,Loose,Loose_L1,0
4789,1.70554e+09,1,1,3.31296,0.270555,1.0,0.238244,20,20,g0,Loose,Loose,Loose_L1,0
4791,1.70554e+09,1,1,4.56371,0.39815,1.0,0.2420715,20,20,g0,Loose,Loose,Loose_L1,0
4793,1.70554e+09,1,1,3.97534,0.338409,1.0,0.2449245,20,20,g0,Loose,Loose,Loose_L1,0
4795,1.70554e+09,1,1,3.19502,0.270002,1.0,0.2548665,20,20,g0,Loose,Loose,Loose_L1,0
4797,1.70554e+09,1,1,4.66274,0.412167,1.0,0.2666035,20,20,g0,Loose,Loose,Loose_L1,0
4799,1.70554e+09,1,1,4.09676,0.321266,1.0,0.2702785,20,20,g0,Loose,Loose,Loose_L1,0
4801,1.70554e+09,1,1,3.71719,0.305422,1.0,0.2774235,20,20,g0,Loose,Loose,Loose_L1,0
4803,1.70554e+09,1,1,3.88968,0.31744,1.0,0.285415,20,20,g0,Loose,Loose,Loose_L1,0
4805,1.70554e+09,1,1,4.07152,0.347276,1.0,0.286795,20,20,g0,Loose,Loose,Loose_L1,0
4807,1.70554e+09,1,1,4.36147,0.360557,1.0,0.28948799999999997,20,20,g0,Loose,Loose,Loose_L1,0
4809,1.70554e+09,1,1,4.10931,0.337377,1.0,0.298673,20,20,g0,Loose,Loose,Loose_L1,0
4811,1.70554e+09,1,1,4.97563,0.401532,1.0,0.311431,20,20,g0,Loose,Loose,Loose_L1,0
4813,1.70554e+09,1,1,4.52976,0.358175,1.0,0.319353,20,20,g0,Loose,Loose,Loose_L1,0
4815,1.70554e+09,1,1,4.67354,0.376674,1.0,0.3293215,20,20,g0,Loose,Loose,Loose_L1,0
4817,1.70554e+09,1,1,3.90358,0.306389,1.0,0.3293215,20,20,g0,Loose,Loose,Loose_L1,0
4819,1.70554e+09,1,1,4.39542,0.381298,1.0,0.337893,20,20,g0,Loose,Loose,Loose_L1,0
4821,1.70554e+09,1,1,5.13788,0.417132,1.0,0.3428425,20,20,g0,Loose,Loose,Loose_L1,0
4823,1.70554e+09,1,1,3.3277,0.26412,1.0,0.3428425,20,20,g0,Loose,Loose,Loose_L1,0
4825,1.70554e+09,1,1,2.95867,0.262604,1.0,0.3428425,20,20,g0,Loose,Loose,Loose_L1,0
4827,1.70554e+09,1,1,2.93043,0.27218,1.0,0.337893,20,20,g0,Loose,Loose,Loose_L1,0
4829,1.70554e+09,1,1,2.31799,0.192378,1.0,0.337893,20,20,g0,Loose,Loose,Loose_L1,0
4831,1.70554e+09,1,1,1.83661,0.178388,1.0,0.3293215,20,20,g0,Loose,Loose,Loose_L1,0
4833,1.70554e+09,1,1,1.85229,0.187465,1.0,0.319353,20,20,g0,Loose,Loose,Loose_L1,0
4835,1.70554e+09,1,1,1.52295,0.132531,1.0,0.319353,20,20,g0,Loose,Loose,Loose_L1,0
4837,1.70554e+09,1,1,1.53775,0.13985,1.0,0.3119145,20,20,g0,Loose,Loose,Loose_L1,0
4839,1.70554e+09,1,1,1.00479,0.104959,1.0,0.30590550000000005,20,20,g0,Loose,Loose,Loose_L1,0
4841,1.70554e+09,1,1,1.08989,0.108381,1.0,0.2892845,20,20,g0,Loose,Loose,Loose_L1,0
4843,1.70554e+09,1,1,1.19159,0.117969,1.0,0.26815,20,20,g0,Loose,Loose,Loose_L1,0
4845,1.70554e+09,1,0,1.0,0.100878,0.95,0.26412,20,19,g0,Loose,Loose,Loose_L1,0
4847,1.70554e+09,1,0,1.0,0.102732,0.9,0.263362,20,18,g0,Loose,Loose,Loose_L1,0
4849,1.70554e+09,1,1,1.00183,0.116564,0.9,0.227491,20,18,g0,Loose,Loose,Loose_L1,0
4851,1.70554e+09,1,0,1.0,0.108793,0.85,0.192378,20,17,g0,Loose,Loose,Loose_L1,0
4853,1.70554e+09,1,0,1.0,0.117328,0.8,0.1899215,20,16,g0,Loose,Loose,Loose_L1,0
4855,1.70554e+09,1,0,1.0,0.103442,0.75,0.187465,20,15,g0,Loose,Loose,Loose_L1,0
4857,1.70554e+09,1,0,1.0,0.109506,0.7,0.1829265,20,14,g0,Loose,Loose,Loose_L1,0
4859,1.70554e+09,1,1,1.03332,0.109553,0.7,0.159119,20,14,g0,Loose,Loose,Loose_L1,0
4861,1.70554e+09,1,1,1.15863,0.119878,0.7,0.1361905,20,14,g0,Loose,Loose,Loose_L1,0
4863,1.70554e+09,1,0,1.0,0.110365,0.65,0.132531,20,13,g0,Loose,Loose,Loose_L1,0
4865,1.70554e+09,1,0,1.0,0.111425,0.6,0.1262045,20,12,g0,Loose,Native,Native,1
4867,1.70554e+09,1,0,1.0,0.109778,0.55,0.119878,20,11,g0,Native,Native,Native,0
4869,1.70554e+09,1,0,1.0,0.111606,0.5,0.1189235,20,10,g0,Native,Native,Native,0
4871,1.70554e+09,1,0,1.0,0.121665,0.45,0.117969,20,9,g0,Native,Native,Native,0
4873,1.70554e+09,1,0,1.0,0.104658,0.4,0.1172665,20,8,g0,Native,Native,Native,0
4875,1.70554e+09,1,0,1.0,0.119745,0.35,0.116564,20,7,g0,Native,Native,Native,0
4877,1.70554e+09,1,0,1.0,0.130129,0.3,0.1130585,20,6,g0,Native,Native,Native,0
4879,1.70554e+09,1,0,1.0,0.141494,0.25,0.116564,20,5,g0,Native,Native,Native,0
4881,1.70554e+09,1,0,1.0,0.10261,0.2,0.1172665,20,4,g0,Native,Native,Native,0
4883,1.70554e+09,1,0,1.0,0.0988229,0.15,0.116564,20,3,g0,Native,Native,Native,0
4885,1.70554e+09,1,0,1.0,0.101349,0.15,0.116564,20,3,g0,Native,Native,Native,0
4887,1.70554e+09,1,1,1.05104,0.101573,0.2,0.1130585,20,4,g0,Native,Native,Native,0
4889,1.70554e+09,1,0,1.0,0.101054,0.15,0.109553,20,3,g0,Native,Native,Native,0
4891,1.70554e+09,1,1,1.15414,0.110684,0.2,0.11011850000000001,20,4,g0,Native,Native,Native,0
4893,1.70554e+09,1,1,1.09123,0.129262,0.25,0.110684,20,5,g0,Native,Native,Native,0
4895,1.70554e+09,1,0,1.0,0.1201,0.25,0.110684,20,5,g0,Native,Native,Native,0
4897,1.70554e+09,1,1,1.40349,0.139282,0.3,0.115281,20,6,g0,Native,Native,Native,0
4899,1.70554e+09,1,1,2.12523,0.188875,0.3,0.12456999999999999,20,6,g0,Native,Native,Native,0
4901,1.70554e+09,1,1,2.40472,0.222342,0.3,0.134272,20,6,g0,Native,Native,Native,0
4903,1.70554e+09,1,1,1.84421,0.171987,0.35,0.139282,20,7,g0,Native,Native,Native,0
4905,1.70554e+09,1,1,1.20824,0.109668,0.4,0.134272,20,8,g0,Native,Native,Native,0
4907,1.70554e+09,1,0,1.0,0.103551,0.4,0.134272,20,8,g0,Native,Native,Native,0
4909,1.70554e+09,1,0,1.0,0.122996,0.4,0.134272,20,8,g0,Native,Native,Native,0
4911,1.70554e+09,1,1,1.17619,0.114606,0.45,0.129262,20,9,g0,Native,Native,Native,0
4913,1.70554e+09,1,1,1.20324,0.12863,0.5,0.128946,20,10,g0,Native,Native,Native,0
4915,1.70554e+09,1,1,1.17721,0.113718,0.55,0.12863,20,11,g0,Native,Native,Native,0
4917,1.70554e+09,1,1,1.20504,0.0840153,0.6,0.121618,20,12,g0,Native,Native,Native,0
4919,1.70554e+09,1,1,1.42978,0.235648,0.65,0.12863,20,13,g0,Native,Native,Native,0
4921,1.70554e+09,1,1,1.52034,0.0986513,0.7,0.121618,20,14,g0,Native,Native,Native,0
4923,1.70554e+09,1,1,1.76534,0.168574,0.75,0.12863,20,15,g0,Native,Loose,Loose_L1,1
4925,1.70554e+09,1,1,1.64965,0.160836,0.8,0.128946,20,16,g0,Loose,Loose,Loose_L1,0
4927,1.70554e+09,1,1,1.15765,0.117004,0.8,0.128946,20,16,g0,Loose,Loose,Loose_L1,0
4929,1.70554e+09,1,1,1.53231,0.15009,0.85,0.129262,20,17,g0,Loose,Loose,Loose_L1,0
4931,1.70554e+09,1,1,1.36932,0.138239,0.85,0.138239,20,17,g0,Loose,Loose,Loose_L1,0
4933,1.70554e+09,1,1,1.3309,0.127694,0.85,0.138239,20,17,g0,Loose,Loose,Loose_L1,0
4935,1.70554e+09,1,1,1.19279,0.117028,0.9,0.1334345,20,18,g0,Loose,Loose,Loose_L1,0
4937,1.70554e+09,1,0,1.0,0.09977,0.85,0.12863,20,17,g0,Loose,Loose,Loose_L1,0
4939,1.70554e+09,1,1,2.11639,0.213763,0.85,0.12863,20,17,g0,Loose,Loose,Loose_L1,0
4941,1.70554e+09,1,1,1.57508,0.150723,0.85,0.12863,20,17,g0,Loose,Loose,Loose_L1,0
4943,1.70554e+09,1,1,1.6087,0.159672,0.85,0.12863,20,17,g0,Loose,Loose,Loose_L1,0
4945,1.70554e+09,1,1,2.06472,0.188357,0.85,0.138239,20,17,g0,Loose,Loose,Loose_L1,0
4947,1.70554e+09,1,1,1.91421,0.180439,0.9,0.1441645,20,18,g0,Loose,Loose,Loose_L1,0
4949,1.70554e+09,1,1,1.67582,0.167848,0.95,0.15009,20,19,g0,Loose,Loose,Loose_L1,0
4951,1.70554e+09,1,1,1.70616,0.168026,0.95,0.150723,20,19,g0,Loose,Loose,Loose_L1,0
4953,1.70554e+09,1,1,1.91337,0.190825,0.95,0.159672,20,19,g0,Loose,Loose,Loose_L1,0
4955,1.70554e+09,1,1,1.83663,0.174605,0.95,0.160836,20,19,g0,Loose,Loose,Loose_L1,0
4957,1.70554e+09,1,1,1.67267,0.158902,0.95,0.160836,20,19,g0,Loose,Loose,Loose_L1,0
4959,1.70554e+09,1,1,1.48034,0.129158,0.95,0.159672,20,19,g0,Loose,Loose,Loose_L1,0
4961,1.70554e+09,1,1,1.87342,0.171481,0.95,0.160836,20,19,g0,Loose,Loose,Loose_L1,0
4963,1.70554e+09,1,1,2.3373,0.216103,0.95,0.160836,20,19,g0,Loose,Loose,Loose_L1,0
4965,1.70554e+09,1,1,2.21046,0.191337,0.95,0.167848,20,19,g0,Loose,Loose,Loose_L1,0
4967,1.70554e+09,1,1,1.77756,0.170655,0.95,0.168026,20,19,g0,Loose,Loose,Loose_L1,0
4969,1.70554e+09,1,1,1.99655,0.188588,0.95,0.170655,20,19,g0,Loose,Loose,Loose_L1,0
4971,1.70554e+09,1,1,1.64366,0.152377,0.95,0.170655,20,19,g0,Loose,Loose,Loose_L1,0
4973,1.70554e+09,1,1,1.39003,0.136911,0.95,0.170655,20,19,g0,Loose,Loose,Loose_L1,0
4975,1.70554e+09,1,1,1.26311,0.128851,0.95,0.170655,20,19,g0,Loose,Loose,Loose_L1,0
4977,1.70554e+09,1,1,1.22542,0.126124,1.0,0.1693405,20,20,g0,Loose,Loose,Loose_L1,0
4979,1.70554e+09,1,1,1.24356,0.126041,1.0,0.167937,20,20,g0,Loose,Loose,Loose_L1,0
4981,1.70554e+09,1,1,1.39733,0.141095,1.0,0.167937,20,20,g0,Loose,Loose,Loose_L1,0
4983,1.70554e+09,1,1,1.19682,0.121249,1.0,0.167937,20,20,g0,Loose,Loose,Loose_L1,0
4985,1.70554e+09,1,0,1.0,0.105773,0.95,0.167848,20,19,g0,Loose,Loose,Loose_L1,0
4987,1.70554e+09,1,0,1.0,0.118523,0.9,0.163375,20,18,g0,Loose,Loose,Loose_L1,0
4989,1.70554e+09,1,0,1.0,0.110726,0.85,0.158902,20,17,g0,Loose,Loose,Loose_L1,0
4991,1.70554e+09,1,0,1.0,0.114292,0.8,0.1556395,20,16,g0,Loose,Loose,Loose_L1,0
4993,1.70554e+09,1,0,1.0,0.130645,0.75,0.152377,20,15,g0,Loose,Loose,Loose_L1,0
4995,1.70554e+09,1,0,1.0,0.114116,0.7,0.146736,20,14,g0,Loose,Loose,Loose_L1,0
4997,1.70554e+09,1,0,1.0,0.111903,0.65,0.141095,20,13,g0,Loose,Loose,Loose_L1,0
4999,1.70554e+09,1,0,1.0,0.143701,0.6,0.146736,20,12,g0,Loose,Native,Native,1
5001,1.70554e+09,1,0,1.0,0.140044,0.55,0.141095,20,11,g0,Native,Native,Native,0
5003,1.70554e+09,1,0,1.0,0.123742,0.5,0.139003,20,10,g0,Native,Native,Native,0
5005,1.70554e+09,1,0,1.0,0.106911,0.45,0.136911,20,9,g0,Native,Native,Native,0
5007,1.70554e+09,1,0,1.0,0.112429,0.4,0.132881,20,8,g0,Native,Native,Native,0
5009,1.70554e+09,1,0,1.0,0.102842,0.35,0.128851,20,7,g0,Native,Native,Native,0
5011,1.70554e+09,1,0,1.0,0.105803,0.3,0.1274875,20,6,g0,Native,Native,Native,0
5013,1.70554e+09,1,0,1.0,0.105167,0.25,0.126124,20,5,g0,Native,Native,Native,0
5015,1.70554e+09,1,0,1.0,0.120961,0.2,0.1260825,20,4,g0,Native,Native,Native,0
5017,1.70554e+09,1,0,1.0,0.108755,0.15,0.126041,20,3,g0,Native,Native,Native,0
5019,1.70554e+09,1,0,1.0,0.107782,0.1,0.131172,20,2,g0,Native,Native,Native,0
5021,1.70554e+09,1,0,1.0,0.109177,0.05,0.121249,20,1,g0,Native,Native,Native,0
5023,1.70554e+09,1,0,1.0,0.108601,0.0,nan,20,0,g0,Native,Native,Native,0
5025,1.70554e+09,1,0,1.0,0.110507,0.0,nan,20,0,g0,Native,Native,Native,0
5027,1.70554e+09,1,0,1.0,0.114773,0.0,nan,20,0,g0,Native,Native,Native,0
5029,1.70554e+09,1,0,1.0,0.113423,0.0,nan,20,0,g0,Native,Native,Native,0
5031,1.70554e+09,1,0,1.0,0.109687,0.0,nan,20,0,g0,Native,Native,Native,0
5033,1.70554e+09,1,0,1.0,0.108307,0.0,nan,20,0,g0,Native,Native,Native,0
5035,1.70554e+09,1,0,1.0,0.11526,0.0,nan,20,0,g0,Native,Native,Native,0
5037,1.70554e+09,1,0,1.0,0.10817,0.0,nan,20,0,g0,Native,Native,Native,0
5039,1.70554e+09,1,0,1.0,0.124723,0.0,nan,20,0,g0,Native,Native,Native,0
5041,1.70554e+09,1,0,1.0,0.111251,0.0,nan,20,0,g0,Native,Native,Native,0
5043,1.70554e+09,1,0,1.0,0.104712,0.0,nan,20,0,g0,Native,Native,Native,0
5045,1.70554e+09,1,0,1.0,0.102495,0.0,nan,20,0,g0,Native,Native,Native,0
5047,1.70554e+09,1,0,1.0,0.110307,0.0,nan,20,0,g0,Native,Native,Native,0
5049,1.70554e+09,1,0,1.0,0.132061,0.0,nan,20,0,g0,Native,Native,Native,0
5051,1.70554e+09,1,0,1.0,0.110263,0.0,nan,20,0,g0,Native,Native,Native,0
5053,1.70554e+09,1,0,1.0,0.118672,0.0,nan,20,0,g0,Native,Native,Native,0
5055,1.70554e+09,1,0,1.0,0.0996529,0.0,nan,20,0,g0,Native,Native,Native,0
5057,1.70554e+09,1,0,1.0,0.106643,0.0,nan,20,0,g0,Native,Native,Native,0
5059,1.70554e+09,1,0,1.0,0.154211,0.0,nan,20,0,g0,Native,Native,Native,0
5061,1.70554e+09,1,0,1.0,0.125847,0.0,nan,20,0,g0,Native,Native,Native,0
5063,1.70554e+09,1,0,1.0,0.112361,0.0,nan,20,0,g0,Native,Native,Native,0
5065,1.70554e+09,1,0,1.0,0.103542,0.0,nan,20,0,g0,Native,Native,Native,0
5067,1.70554e+09,1,0,1.0,0.112429,0.0,nan,20,0,g0,Native,Native,Native,0
5069,1.70554e+09,1,0,1.0,0.111125,0.0,nan,20,0,g0,Native,Native,Native,0
5071,1.70554e+09,1,0,1.0,0.107397,0.0,nan,20,0,g0,Native,Native,Native,0
5073,1.70554e+09,1,0,1.0,0.102024,0.0,nan,20,0,g0,Native,Native,Native,0
5075,1.70554e+09,1,0,1.0,0.141485,0.0,nan,20,0,g0,Native,Native,Native,0
5077,1.70554e+09,1,0,1.0,0.110695,0.0,nan,20,0,g0,Native,Native,Native,0
5079,1.70554e+09,1,0,1.0,0.105818,0.0,nan,20,0,g0,Native,Native,Native,0
5081,1.70554e+09,1,0,1.0,0.099983,0.0,nan,20,0,g0,Native,Native,Native,0
5083,1.70554e+09,1,1,1.20284,0.119599,0.05,0.119599,20,1,g0,Native,Native,Native,0
5085,1.70554e+09,1,1,3.52047,0.313063,0.1,0.216331,20,2,g0,Native,Native,Native,0
5087,1.70554e+09,1,1,1.25991,0.094702,0.15,0.119599,20,3,g0,Native,Native,Native,0
5089,1.70554e+09,1,0,1.0,0.0930946,0.15,0.119599,20,3,g0,Native,Native,Native,0
5091,1.70554e+09,1,1,1.50746,0.154017,0.2,0.13680799999999999,20,4,g0,Native,Native,Native,0
5093,1.70554e+09,1,1,3.54664,0.377477,0.25,0.154017,20,5,g0,Native,Native,Native,0
5095,1.70554e+09,1,1,3.01689,0.240689,0.3,0.197353,20,6,g0,Native,Native,Native,0
5097,1.70554e+09,1,1,2.34648,0.20622,0.35,0.20622,20,7,g0,Native,Native,Native,0
5099,1.70554e+09,1,1,2.03159,0.201781,0.4,0.20400049999999997,20,8,g0,Native,Native,Native,0
5101,1.70554e+09,1,1,1.8013,0.168449,0.45,0.201781,20,9,g0,Native,Native,Native,0
5103,1.70554e+09,1,1,1.64395,0.158503,0.5,0.18511499999999997,20,10,g0,Native,Native,Native,0
5105,1.70554e+09,1,1,1.54183,0.151738,0.55,0.168449,20,11,g0,Native,Native,Native,0
5107,1.70554e+09,1,1,1.74641,0.169445,0.6,0.168947,20,12,g0,Native,Native,Native,0
5109,1.70554e+09,1,1,1.93591,0.189503,0.65,0.169445,20,13,g0,Native,Native,Native,0
5111,1.70554e+09,1,1,2.12808,0.212405,0.7,0.17947400000000002,20,14,g0,Native,Native,Native,0
5113,1.70554e+09,1,1,2.96719,0.277748,0.75,0.189503,20,15,g0,Native,Loose,Loose_L1,1
5115,1.70554e+09,1,1,2.16988,0.189448,0.8,0.18947550000000002,20,16,g0,Loose,Loose,Loose_L1,0
5117,1.70554e+09,1,1,2.29066,0.205094,0.85,0.189503,20,17,g0,Loose,Loose,Loose_L1,0
5119,1.70554e+09,1,1,2.30554,0.212461,0.9,0.19564199999999998,20,18,g0,Loose,Loose,Loose_L1,0
5121,1.70554e+09,1,1,2.56398,0.238294,0.95,0.201781,20,19,g0,Loose,Loose,Loose_L1,0
5123,1.70554e+09,1,1,3.45542,0.333785,0.95,0.205094,20,19,g0,Loose,Loose,Loose_L1,0
5125,1.70554e+09,1,1,5.41356,0.490809,0.95,0.205094,20,19,g0,Loose,Loose,Loose_L1,0
5127,1.70554e+09,1,1,4.47943,0.351682,0.95,0.20622,20,19,g0,Loose,Loose,Loose_L1,0
5129,1.70554e+09,1,1,4.57952,0.37968,1.0,0.2093125,20,20,g0,Loose,Loose,Loose_L1,0
5131,1.70554e+09,1,1,4.24197,0.354567,1.0,0.212433,20,20,g0,Loose,Loose,Loose_L1,0
5133,1.70554e+09,1,1,3.99328,0.335734,1.0,0.212433,20,20,g0,Loose,Loose,Loose_L1,0
5135,1.70554e+09,1,1,4.55527,0.365055,1.0,0.212433,20,20,g0,Loose,Loose,Loose_L1,0
5137,1.70554e+09,1,1,5.33894,0.438052,1.0,0.2253775,20,20,g0,Loose,Loose,Loose_L1,0
5139,1.70554e+09,1,1,3.6992,0.283692,1.0,0.258021,20,20,g0,Loose,Loose,Loose_L1,0
5141,1.70554e+09,1,1,3.59913,0.305403,1.0,0.28071999999999997,20,20,g0,Loose,Loose,Loose_L1,0
5143,1.70554e+09,1,1,4.10378,0.341593,1.0,0.29454749999999996,20,20,g0,Loose,Loose,Loose_L1,0
5145,1.70554e+09,1,1,5.64986,0.460087,1.0,0.319594,20,20,g0,Loose,Loose,Loose_L1,0
5147,1.70554e+09,1,1,6.03634,0.483899,1.0,0.3347595,20,20,g0,Loose,Loose,Loose_L1,0
5149,1.70554e+09,1,1,5.60131,0.43151,1.0,0.3386635,20,20,g0,Loose,Loose,Loose_L1,0
5151,1.70554e+09,1,1,6.5425,0.521834,1.0,0.3466375,20,20,g0,Loose,Loose,Loose_L1,0
5153,1.70554e+09,1,1,4.86867,0.367666,1.0,0.3531245,20,20,g0,Loose,Loose,Loose_L1,0
5155,1.70554e+09,1,1,4.52247,0.379462,1.0,0.359811,20,20,g0,Loose,Loose,Loose_L1,0
5157,1.70554e+09,1,1,6.70739,0.551172,1.0,0.3663605,20,20,g0,Loose,Loose,Loose_L1,0
5159,1.70554e+09,1,1,5.1961,0.387015,1.0,0.373564,20,20,g0,Loose,Loose,Loose_L1,0
5161,1.70554e+09,1,1,6.42684,0.518471,1.0,0.379571,20,20,g0,Loose,Loose,Loose_L1,0
5163,1.70554e+09,1,1,7.07494,0.508609,1.0,0.3833475,20,20,g0,Loose,Loose,Loose_L1,0
5165,1.70554e+09,1,1,6.69654,0.515531,1.0,0.3833475,20,20,g0,Loose,Loose,Loose_L1,0
5167,1.70554e+09,1,1,4.4691,0.342055,1.0,0.3833475,20,20,g0,Loose,Loose,Loose_L1,0
5169,1.70554e+09,1,1,3.9397,0.304265,1.0,0.38323850000000004,20,20,g0,Loose,Loose,Loose_L1,0
5171,1.70554e+09,1,1,4.51553,0.389904,1.0,0.38845949999999996,20,20,g0,Loose,Loose,Loose_L1,0
5173,1.70554e+09,1,1,3.58379,0.30668,1.0,0.38845949999999996,20,20,g0,Loose,Loose,Loose_L1,0
5175,1.70554e+09,1,1,3.08121,0.261391,1.0,0.38845949999999996,20,20,g0,Loose,Loose,Loose_L1,0
5177,1.70554e+09,1,1,3.592,0.305684,1.0,0.38323850000000004,20,20,g0,Loose,Loose,Loose_L1,0
5179,1.70554e+09,1,1,3.18078,0.261194,1.0,0.38323850000000004,20,20,g0,Loose,Loose,Loose_L1,0
5181,1.70554e+09,1,1,2.43062,0.20568,1.0,0.38323850000000004,20,20,g0,Loose,Loose,Loose_L1,0
5183,1.70554e+09,1,1,2.74643,0.252295,1.0,0.38323850000000004,20,20,g0,Loose,Loose,Loose_L1,0
5185,1.70554e+09,1,1,2.4208,0.208857,1.0,0.373564,20,20,g0,Loose,Loose,Loose_L1,0
5187,1.70554e+09,1,1,2.55731,0.235284,1.0,0.3548605,20,20,g0,Loose,Loose,Loose_L1,0
5189,1.70554e+09,1,1,2.36371,0.214598,1.0,0.32436750000000003,20,20,g0,Loose,Loose,Loose_L1,0
5191,1.70554e+09,1,1,1.66139,0.163681,1.0,0.306182,20,20,g0,Loose,Loose,Loose_L1,0
5193,1.70554e+09,1,1,2.46232,0.239004,1.0,0.30497450000000004,20,20,g0,Loose,Loose,Loose_L1,0
5195,1.70554e+09,1,1,2.10172,0.192295,1.0,0.28282799999999997,20,20,g0,Loose,Loose,Loose_L1,0
5197,1.70554e+09,1,1,1.5769,0.14785,1.0,0.2612925,20,20,g0,Loose,Loose,Loose_L1,0
5199,1.70554e+09,1,1,1.71924,0.16744,1.0,0.2567445,20,20,g0,Loose,Loose,Loose_L1,0
5201,1.70554e+09,1,1,1.11981,0.108397,1.0,0.2456495,20,20,g0,Loose,Loose,Loose_L1,0
5203,1.70554e+09,1,1,1.23594,0.126619,1.0,0.237144,20,20,g0,Loose,Loose,Loose_L1,0
5205,1.70554e+09,1,1,1.03989,0.108586,1.0,0.224941,20,20,g0,Loose,Loose,Loose_L1,0
5207,1.70554e+09,1,0,1.0,0.106209,0.95,0.214598,20,19,g0,Loose,Loose,Loose_L1,0
5209,1.70554e+09,1,0,1.0,0.113239,0.9,0.2117275,20,18,g0,Loose,Loose,Loose_L1,0
5211,1.70554e+09,1,0,1.0,0.107519,0.85,0.208857,20,17,g0,Loose,Loose,Loose_L1,0
5213,1.70554e+09,1,0,1.0,0.129472,0.8,0.2072685,20,16,g0,Loose,Loose,Loose_L1,0
5215,1.70554e+09,1,1,1.04941,0.121392,0.8,0.19898749999999998,20,16,g0,Loose,Loose,Loose_L1,0
5217,1.70554e+09,1,0,1.0,0.124935,0.75,0.192295,20,15,g0,Loose,Loose,Loose_L1,0
5219,1.70554e+09,1,0,1.0,0.109164,0.7,0.1798675,20,14,g0,Loose,Loose,Loose_L1,0
5221,1.70554e+09,1,0,1.0,0.100743,0.65,0.16744,20,13,g0,Loose,Loose,Loose_L1,0
5223,1.70554e+09,1,0,1.0,0.103354,0.6,0.1655605,20,12,g0,Loose,Native,Native,1
5225,1.70554e+09,1,0,1.0,0.100702,0.55,0.163681,20,11,g0,Native,Native,Native,0
5227,1.70554e+09,1,0,1.0,0.110612,0.5,0.1557655,20,10,g0,Native,Native,Native,0
5229,1.70554e+09,1,1,1.38229,0.145107,0.5,0.1464785,20,10,g0,Native,Native,Native,0
5231,1.70554e+09,1,1,1.57379,0.148335,0.5,0.1464785,20,10,g0,Native,Native,Native,0
5233,1.70554e+09,1,1,1.90777,0.178791,0.5,0.1464785,20,10,g0,Native,Native,Native,0
5235,1.70554e+09,1,1,3.70586,0.36264,0.5,0.1464785,20,10,g0,Native,Native,Native,0
5237,1.70554e+09,1,1,3.13914,0.295526,0.5,0.146721,20,10,g0,Native,Native,Native,0
5239,1.70554e+09,1,1,4.59886,0.431874,0.5,0.146721,20,10,g0,Native,Native,Native,0
5241,1.70554e+09,1,1,4.33521,0.332403,0.5,0.16356300000000001,20,10,g0,Native,Native,Native,0
5243,1.70554e+09,1,1,3.94033,0.318776,0.5,0.2371585,20,10,g0,Native,Native,Native,0
5245,1.70554e+09,1,1,1.22462,0.107894,0.5,0.2371585,20,10,g0,Native,Native,Native,0
5247,1.70554e+09,1,1,2.88211,0.279082,0.55,0.279082,20,11,g0,Native,Native,Native,0
5249,1.70554e+09,1,0,1.0,0.137924,0.55,0.279082,20,11,g0,Native,Native,Native,0
5251,1.70554e+09,1,0,1.0,0.108111,0.55,0.279082,20,11,g0,Native,Native,Native,0
5253,1.70554e+09,1,1,1.20451,0.113381,0.6,0.2289365,20,12,g0,Native,Native,Native,0
5255,1.70554e+09,1,1,2.146,0.211457,0.6,0.2452695,20,12,g0,Native,Native,Native,0
5257,1.70554e+09,1,1,1.92073,0.121667,0.65,0.211457,20,13,g0,Native,Native,Native,0
5259,1.70554e+09,1,1,1.45696,0.131353,0.7,0.19512400000000002,20,14,g0,Native,Native,Native,0
5261,1.70554e+09,1,1,1.45757,0.131473,0.75,0.178791,20,15,g0,Native,Loose,Loose_L1,1
5263,1.70554e+09,1,1,1.30433,0.117982,0.8,0.16356300000000001,20,16,g0,Loose,Loose,Loose_L1,0
5265,1.70554e+09,1,0,1.0,0.102082,0.8,0.16356300000000001,20,16,g0,Loose,Loose,Loose_L1,0
5267,1.70554e+09,1,1,1.2948,0.133624,0.85,0.148335,20,17,g0,Loose,Loose,Loose_L1,0
5269,1.70554e+09,1,1,1.25219,0.114552,0.85,0.148335,20,17,g0,Loose,Loose,Loose_L1,0
5271,1.70554e+09,1,1,1.39751,0.137904,0.85,0.137904,20,17,g0,Loose,Loose,Loose_L1,0
5273,1.70554e+09,1,0,1.0,0.0967873,0.8,0.135764,20,16,g0,Loose,Loose,Loose_L1,0
5275,1.70554e+09,1,1,2.22164,0.223479,0.8,0.135764,20,16,g0,Loose,Loose,Loose_L1,0
5277,1.70554e+09,1,0,1.0,0.0957576,0.75,0.133624,20,15,g0,Loose,Loose,Loose_L1,0
5279,1.70554e+09,1,0,1.0,0.108184,0.7,0.1325485,20,14,g0,Loose,Loose,Loose_L1,0
5281,1.70554e+09,1,0,1.0,0.115144,0.65,0.131473,20,13,g0,Loose,Loose,Loose_L1,0
5283,1.70554e+09,1,0,1.0,0.120514,0.6,0.131413,20,12,g0,Loose,Native,Native,1
5285,1.70554e+09,1,0,1.0,0.117623,0.55,0.131473,20,11,g0,Native,Native,Native,0
5287,1.70554e+09,1,0,1.0,0.113384,0.5,0.131413,20,10,g0,Native,Native,Native,0
5289,1.70554e+09,1,1,1.17025,0.100931,0.55,0.131353,20,11,g0,Native,Native,Native,0
5291,1.70554e+09,1,1,1.17309,0.102637,0.6,0.12651,20,12,g0,Native,Native,Native,0
5293,1.70554e+09,1,0,1.0,0.0999982,0.55,0.131353,20,11,g0,Native,Native,Native,0
5295,1.70554e+09,1,1,1.38016,0.141845,0.55,0.131353,20,11,g0,Native,Native,Native,0
5297,1.70554e+09,1,1,1.00179,0.105237,0.55,0.131353,20,11,g0,Native,Native,Native,0
5299,1.70554e+09,1,1,1.6835,0.190899,0.55,0.131473,20,11,g0,Native,Native,Native,0
5301,1.70554e+09,1,1,2.59384,0.266973,0.55,0.133624,20,11,g0,Native,Native,Native,0
5303,1.70554e+09,1,1,1.66723,0.154245,0.55,0.137904,20,11,g0,Native,Native,Native,0
5305,1.70554e+09,1,1,2.40599,0.208449,0.6,0.1398745,20,12,g0,Native,Native,Native,0
5307,1.70554e+09,1,1,2.01998,0.180008,0.6,0.14804499999999998,20,12,g0,Native,Native,Native,0
5309,1.70554e+09,1,1,2.09752,0.182484,0.6,0.1671265,20,12,g0,Native,Native,Native,0
5311,1.70554e+09,1,1,2.13473,0.183007,0.6,0.18124600000000002,20,12,g0,Native,Native,Native,0
5313,1.70554e+09,1,1,2.39739,0.225572,0.65,0.182484,20,13,g0,Native,Native,Native,0
5315,1.70554e+09,1,1,2.16905,0.219888,0.65,0.182484,20,13,g0,Native,Native,Native,0
5317,1.70554e+09,1,1,1.78134,0.15614,0.7,0.18124600000000002,20,14,g0,Native,Native,Native,0
5319,1.70554e+09,1,1,2.57163,0.25803,0.75,0.182484,20,15,g0,Native,Loose,Loose_L1,1
5321,1.70554e+09,1,1,1.32323,0.116378,0.8,0.18124600000000002,20,16,g0,Loose,Loose,Loose_L1,0
5323,1.70554e+09,1,1,2.29289,0.236709,0.85,0.182484,20,17,g0,Loose,Loose,Loose_L1,0
5325,1.70554e+09,1,1,1.61863,0.148086,0.9,0.18124600000000002,20,18,g0,Loose,Loose,Loose_L1,0
5327,1.70554e+09,1,1,2.6794,0.265594,0.95,0.182484,20,19,g0,Loose,Loose,Loose_L1,0
5329,1.70554e+09,1,1,1.39978,0.123375,0.95,0.182484,20,19,g0,Loose,Loose,Loose_L1,0
5331,1.70554e+09,1,1,1.54455,0.167839,0.95,0.182484,20,19,g0,Loose,Loose,Loose_L1,0
5333,1.70554e+09,1,1,3.08341,0.314086,1.0,0.1827455,20,20,g0,Loose,Loose,Loose_L1,0
5335,1.70554e+09,1,1,1.64428,0.149871,1.0,0.1827455,20,20,g0,Loose,Loose,Loose_L1,0
5337,1.70554e+09,1,1,1.3257,0.133253,1.0,0.1827455,20,20,g0,Loose,Loose,Loose_L1,0
5339,1.70554e+09,1,1,2.00299,0.187366,1.0,0.1827455,20,20,g0,Loose,Loose,Loose_L1,0
5341,1.70554e+09,1,1,2.08326,0.192908,1.0,0.1827455,20,20,g0,Loose,Loose,Loose_L1,0
5343,1.70554e+09,1,1,1.08948,0.108493,1.0,0.1827455,20,20,g0,Loose,Loose,Loose_L1,0
5345,1.70554e+09,1,0,1.0,0.108805,0.95,0.182484,20,19,g0,Loose,Loose,Loose_L1,0
5347,1.70554e+09,1,0,1.0,0.105001,0.9,0.1827455,20,18,g0,Loose,Loose,Loose_L1,0
5349,1.70554e+09,1,0,1.0,0.107648,0.85,0.183007,20,17,g0,Loose,Loose,Loose_L1,0
5351,1.70554e+09,1,1,1.13393,0.113989,0.85,0.167839,20,17,g0,Loose,Loose,Loose_L1,0
5353,1.70554e+09,1,0,1.0,0.107914,0.8,0.1619895,20,16,g0,Loose,Loose,Loose_L1,0
5355,1.70554e+09,1,0,1.0,0.106857,0.75,0.15614,20,15,g0,Loose,Loose,Loose_L1,0
5357,1.70554e+09,1,0,1.0,0.107269,0.7,0.158855,20,14,g0,Loose,Loose,Loose_L1,0
5359,1.70554e+09,1,0,1.0,0.112211,0.65,0.149871,20,13,g0,Loose,Loose,Loose_L1,0
5361,1.70554e+09,1,0,1.0,0.103103,0.6,0.158855,20,12,g0,Loose,Native,Native,1
5363,1.70554e+09,1,0,1.0,0.101716,0.55,0.149871,20,11,g0,Native,Native,Native,0
5365,1.70554e+09,1,0,1.0,0.108878,0.5,0.158855,20,10,g0,Native,Native,Native,0
5367,1.70554e+09,1,0,1.0,0.106521,0.45,0.149871,20,9,g0,Native,Native,Native,0
5369,1.70554e+09,1,0,1.0,0.104904,0.4,0.158855,20,8,g0,Native,Native,Native,0
5371,1.70554e+09,1,0,1.0,0.108041,0.35,0.149871,20,7,g0,Native,Native,Native,0
5373,1.70554e+09,1,0,1.0,0.10308,0.3,0.14156200000000002,20,6,g0,Native,Native,Native,0
5375,1.70554e+09,1,0,1.0,0.109756,0.25,0.133253,20,5,g0,Native,Native,Native,0
5377,1.70554e+09,1,0,1.0,0.107188,0.2,0.1506775,20,4,g0,Native,Native,Native,0
5379,1.70554e+09,1,0,1.0,0.108251,0.15,0.113989,20,3,g0,Native,Native,Native,0
5381,1.70554e+09,1,0,1.0,0.111899,0.1,0.111241,20,2,g0,Native,Native,Native,0
5383,1.70554e+09,1,0,1.0,0.107813,0.05,0.113989,20,1,g0,Native,Native,Native,0
5385,1.70554e+09,1,0,1.0,0.119276,0.05,0.113989,20,1,g0,Native,Native,Native,0
5387,1.70554e+09,1,0,1.0,0.110341,0.05,0.113989,20,1,g0,Native,Native,Native,0
5389,1.70554e+09,1,0,1.0,0.105094,0.05,0.113989,20,1,g0,Native,Native,Native,0
5391,1.70554e+09,1,0,1.0,0.115283,0.0,nan,20,0,g0,Native,Native,Native,0
5393,1.70554e+09,1,0,1.0,0.121455,0.0,nan,20,0,g0,Native,Native,Native,0
5395,1.70554e+09,1,0,1.0,0.118219,0.0,nan,20,0,g0,Native,Native,Native,0
5397,1.70554e+09,1,0,1.0,0.106197,0.0,nan,20,0,g0,Native,Native,Native,0
5399,1.70554e+09,1,0,1.0,0.11402,0.0,nan,20,0,g0,Native,Native,Native,0
5401,1.70554e+09,1,0,1.0,0.11118,0.0,nan,20,0,g0,Native,Native,Native,0
5403,1.70554e+09,1,0,1.0,0.111154,0.0,nan,20,0,g0,Native,Native,Native,0
5405,1.70554e+09,1,0,1.0,0.108921,0.0,nan,20,0,g0,Native,Native,Native,0
5407,1.70554e+09,1,0,1.0,0.152756,0.0,nan,20,0,g0,Native,Native,Native,0
5409,1.70554e+09,1,0,1.0,0.108123,0.0,nan,20,0,g0,Native,Native,Native,0
5411,1.70554e+09,1,0,1.0,0.11591,0.0,nan,20,0,g0,Native,Native,Native,0
5413,1.70554e+09,1,0,1.0,0.114722,0.0,nan,20,0,g0,Native,Native,Native,0
5415,1.70554e+09,1,0,1.0,0.108062,0.0,nan,20,0,g0,Native,Native,Native,0
5417,1.70554e+09,1,0,1.0,0.113704,0.0,nan,20,0,g0,Native,Native,Native,0
5419,1.70554e+09,1,0,1.0,0.134541,0.0,nan,20,0,g0,Native,Native,Native,0
5421,1.70554e+09,1,0,1.0,0.0998394,0.0,nan,20,0,g0,Native,Native,Native,0
5423,1.70554e+09,1,1,2.10757,0.222515,0.05,0.222515,20,1,g0,Native,Native,Native,0
5425,1.70554e+09,1,1,2.76152,0.193877,0.1,0.208196,20,2,g0,Native,Native,Native,0
5427,1.70554e+09,1,1,1.04296,0.102719,0.15,0.193877,20,3,g0,Native,Native,Native,0
5429,1.70554e+09,1,1,2.69968,0.262662,0.2,0.208196,20,4,g0,Native,Native,Native,0
5431,1.70554e+09,1,1,2.49486,0.228155,0.25,0.222515,20,5,g0,Native,Native,Native,0
5433,1.70554e+09,1,1,2.14345,0.192728,0.3,0.208196,20,6,g0,Native,Native,Native,0
5435,1.70554e+09,1,1,1.93113,0.180339,0.35,0.193877,20,7,g0,Native,Native,Native,0
5437,1.70554e+09,1,1,2.19049,0.207356,0.4,0.2006165,20,8,g0,Native,Native,Native,0
5439,1.70554e+09,1,1,2.00188,0.190758,0.45,0.193877,20,9,g0,Native,Native,Native,0
5441,1.70554e+09,1,1,1.99622,0.180125,0.5,0.1933025,20,10,g0,Native,Native,Native,0
5443,1.70554e+09,1,1,1.72171,0.15308,0.55,0.192728,20,11,g0,Native,Native,Native,0
5445,1.70554e+09,1,1,1.64117,0.153747,0.6,0.191743,20,12,g0,Native,Native,Native,0
5447,1.70554e+09,1,1,2.25224,0.224154,0.65,0.192728,20,13,g0,Native,Native,Native,0
5449,1.70554e+09,1,1,2.1994,0.208235,0.7,0.1933025,20,14,g0,Native,Native,Native,0
5451,1.70554e+09,1,1,2.53477,0.245708,0.75,0.193877,20,15,g0,Native,Loose,Loose_L1,1
5453,1.70554e+09,1,1,2.76351,0.270374,0.8,0.2006165,20,16,g0,Loose,Loose,Loose_L1,0
5455,1.70554e+09,1,1,2.66417,0.260142,0.85,0.207356,20,17,g0,Loose,Loose,Loose_L1,0
5457,1.70554e+09,1,1,2.60739,0.245054,0.9,0.20779550000000002,20,18,g0,Loose,Loose,Loose_L1,0
5459,1.70554e+09,1,1,2.49594,0.241392,0.95,0.208235,20,19,g0,Loose,Loose,Loose_L1,0
5461,1.70554e+09,1,1,3.0868,0.284825,1.0,0.21537499999999998,20,20,g0,Loose,Loose,Loose_L1,0
5463,1.70554e+09,1,1,4.41066,0.314639,1.0,0.2161945,20,20,g0,Loose,Loose,Loose_L1,0
5465,1.70554e+09,1,1,4.88368,0.355596,1.0,0.22615449999999998,20,20,g0,Loose,Loose,Loose_L1,0
5467,1.70554e+09,1,1,5.70189,0.467277,1.0,0.2347735,20,20,g0,Loose,Loose,Loose_L1,0
5469,1.70554e+09,1,1,3.00712,0.228732,1.0,0.2284435,20,20,g0,Loose,Loose,Loose_L1,0
5471,1.70554e+09,1,1,3.44745,0.306001,1.0,0.235062,20,20,g0,Loose,Loose,Loose_L1,0
5473,1.70554e+09,1,1,4.07375,0.366509,1.0,0.243223,20,20,g0,Loose,Loose,Loose_L1,0
5475,1.70554e+09,1,1,3.43708,0.288804,1.0,0.24538100000000002,20,20,g0,Loose,Loose,Loose_L1,0
5477,1.70554e+09,1,1,3.46932,0.305731,1.0,0.252925,20,20,g0,Loose,Loose,Loose_L1,0
5479,1.70554e+09,1,1,3.20544,0.268616,1.0,0.26437900000000003,20,20,g0,Loose,Loose,Loose_L1,0
5481,1.70554e+09,1,1,2.96427,0.259923,1.0,0.26437900000000003,20,20,g0,Loose,Loose,Loose_L1,0
5483,1.70554e+09,1,1,3.61893,0.318799,1.0,0.26949500000000004,20,20,g0,Loose,Loose,Loose_L1,0
5485,1.70554e+09,1,1,3.55442,0.286768,1.0,0.2775995,20,20,g0,Loose,Loose,Loose_L1,0
5487,1.70554e+09,1,1,3.35994,0.28281,1.0,0.2838175,20,20,g0,Loose,Loose,Loose_L1,0
5489,1.70554e+09,1,1,3.31238,0.277283,1.0,0.2838175,20,20,g0,Loose,Loose,Loose_L1,0
5491,1.70554e+09,1,1,3.96062,0.325762,1.0,0.2857965,20,20,g0,Loose,Loose,Loose_L1,0
5493,1.70554e+09,1,1,4.64765,0.382277,1.0,0.287786,20,20,g0,Loose,Loose,Loose_L1,0
5495,1.70554e+09,1,1,4.53631,0.361231,1.0,0.2972675,20,20,g0,Loose,Loose,Loose_L1,0
5497,1.70554e+09,1,1,5.63323,0.467855,1.0,0.30586599999999997,20,20,g0,Loose,Loose,Loose_L1,0
5499,1.70554e+09,1,1,4.88035,0.375679,1.0,0.31032000000000004,20,20,g0,Loose,Loose,Loose_L1,0
5501,1.70554e+09,1,1,3.78585,0.313349,1.0,0.313994,20,20,g0,Loose,Loose,Loose_L1,0
5503,1.70554e+09,1,1,3.81843,0.329625,1.0,0.31607399999999997,20,20,g0,Loose,Loose,Loose_L1,0
5505,1.70554e+09,1,1,5.16085,0.418549,1.0,0.31607399999999997,20,20,g0,Loose,Loose,Loose_L1,0
5507,1.70554e+09,1,1,3.73944,0.306878,1.0,0.3101135,20,20,g0,Loose,Loose,Loose_L1,0
5509,1.70554e+09,1,1,3.94045,0.350245,1.0,0.31607399999999997,20,20,g0,Loose,Loose,Loose_L1,0
5511,1.70554e+09,1,1,4.56575,0.371705,1.0,0.32228049999999997,20,20,g0,Loose,Loose,Loose_L1,0
5513,1.70554e+09,1,1,5.38994,0.424718,1.0,0.32228049999999997,20,20,g0,Loose,Loose,Loose_L1,0
5515,1.70554e+09,1,1,4.69625,0.354082,1.0,0.32769349999999997,20,20,g0,Loose,Loose,Loose_L1,0
5517,1.70554e+09,1,1,3.67444,0.288757,1.0,0.32769349999999997,20,20,g0,Loose,Loose,Loose_L1,0
5519,1.70554e+09,1,1,3.50425,0.30042,1.0,0.32769349999999997,20,20,g0,Loose,Loose,Loose_L1,0
5521,1.70554e+09,1,1,2.79461,0.235567,1.0,0.32769349999999997,20,20,g0,Loose,Loose,Loose_L1,0
5523,1.70554e+09,1,1,3.19901,0.279554,1.0,0.32769349999999997,20,20,g0,Loose,Loose,Loose_L1,0
5525,1.70554e+09,1,1,3.18505,0.251763,1.0,0.32769349999999997,20,20,g0,Loose,Loose,Loose_L1,0
5527,1.70554e+09,1,1,2.79018,0.239271,1.0,0.32769349999999997,20,20,g0,Loose,Loose,Loose_L1,0
5529,1.70554e+09,1,1,3.16828,0.261742,1.0,0.32769349999999997,20,20,g0,Loose,Loose,Loose_L1,0
5531,1.70554e+09,1,1,2.72002,0.25251,1.0,0.32148699999999997,20,20,g0,Loose,Loose,Loose_L1,0
5533,1.70554e+09,1,1,2.34286,0.203227,1.0,0.3101135,20,20,g0,Loose,Loose,Loose_L1,0
5535,1.70554e+09,1,1,2.18362,0.207855,1.0,0.303649,20,20,g0,Loose,Loose,Loose_L1,0
5537,1.70554e+09,1,1,1.47242,0.136122,1.0,0.29458850000000003,20,20,g0,Loose,Loose,Loose_L1,0
5539,1.70554e+09,1,1,1.76334,0.168109,1.0,0.2841555,20,20,g0,Loose,Loose,Loose_L1,0
5541,1.70554e+09,1,1,1.56144,0.151561,1.0,0.270648,20,20,g0,Loose,Loose,Loose_L1,0
5543,1.70554e+09,1,1,1.99104,0.187128,1.0,0.25712599999999997,20,20,g0,Loose,Loose,Loose_L1,0
5545,1.70554e+09,1,1,1.86659,0.170945,1.0,0.2521365,20,20,g0,Loose,Loose,Loose_L1,0
5547,1.70554e+09,1,1,1.49483,0.143213,1.0,0.245517,20,20,g0,Loose,Loose,Loose_L1,0
5549,1.70554e+09,1,1,1.97738,0.203319,1.0,0.237419,20,20,g0,Loose,Loose,Loose_L1,0
5551,1.70554e+09,1,1,1.10032,0.107624,1.0,0.221711,20,20,g0,Loose,Loose,Loose_L1,0
5553,1.70554e+09,1,1,1.11057,0.108523,1.0,0.20558700000000002,20,20,g0,Loose,Loose,Loose_L1,0
5555,1.70554e+09,1,1,1.10375,0.118263,1.0,0.20327299999999998,20,20,g0,Loose,Loose,Loose_L1,0
5557,1.70554e+09,1,1,1.20038,0.122679,1.0,0.1951775,20,20,g0,Loose,Loose,Loose_L1,0
5559,1.70554e+09,1,0,1.0,0.102526,0.95,0.187128,20,19,g0,Loose,Loose,Loose_L1,0
5561,1.70554e+09,1,1,1.07938,0.118716,0.95,0.170945,20,19,g0,Loose,Loose,Loose_L1,0
5563,1.70554e+09,1,0,1.0,0.138858,0.9,0.169527,20,18,g0,Loose,Loose,Loose_L1,0
5565,1.70554e+09,1,1,1.15195,0.122761,0.9,0.159835,20,18,g0,Loose,Loose,Loose_L1,0
5567,1.70554e+09,1,1,1.20572,0.127492,0.9,0.147387,20,18,g0,Loose,Loose,Loose_L1,0
5569,1.70554e+09,1,1,1.18817,0.115707,0.9,0.1396675,20,18,g0,Loose,Loose,Loose_L1,0
5571,1.70554e+09,1,1,1.04536,0.111945,0.9,0.131807,20,18,g0,Loose,Loose,Loose_L1,0
5573,1.70554e+09,1,1,1.06484,0.116163,0.9,0.1251265,20,18,g0,Loose,Loose,Loose_L1,0
5575,1.70554e+09,1,1,1.80078,0.160137,0.9,0.1251265,20,18,g0,Loose,Loose,Loose_L1,0
5577,1.70554e+09,1,1,2.19153,0.212215,0.9,0.1251265,20,18,g0,Loose,Loose,Loose_L1,0
5579,1.70554e+09,1,1,1.89435,0.160748,0.9,0.1251265,20,18,g0,Loose,Loose,Loose_L1,0
5581,1.70554e+09,1,1,1.99538,0.178231,0.9,0.1251265,20,18,g0,Loose,Loose,Loose_L1,0
5583,1.70554e+09,1,1,3.48349,0.318188,0.9,0.1251265,20,18,g0,Loose,Loose,Loose_L1,0
5585,1.70554e+09,1,1,4.88563,0.454135,0.9,0.1251265,20,18,g0,Loose,Loose,Loose_L1,0
5587,1.70554e+09,1,1,5.49027,0.402573,0.9,0.1251265,20,18,g0,Loose,Loose,Loose_L1,0
5589,1.70554e+09,1,1,4.60986,0.350401,0.9,0.1251265,20,18,g0,Loose,Loose,Loose_L1,0
5591,1.70554e+09,1,1,1.28217,0.107226,0.9,0.1251265,20,18,g0,Loose,Loose,Loose_L1,0
5593,1.70554e+09,1,0,1.0,0.109998,0.85,0.127492,20,17,g0,Loose,Loose,Loose_L1,0
5595,1.70554e+09,1,1,1.61724,0.163506,0.85,0.160137,20,17,g0,Loose,Loose,Loose_L1,0
5597,1.70554e+09,1,0,1.0,0.125412,0.8,0.1604425,20,16,g0,Loose,Loose,Loose_L1,0
5599,1.70554e+09,1,1,4.94773,0.455179,0.85,0.160748,20,17,g0,Loose,Loose,Loose_L1,0
5601,1.70554e+09,1,1,4.44918,0.397538,0.85,0.163506,20,17,g0,Loose,Loose,Loose_L1,0
5603,1.70554e+09,1,1,1.19525,0.0982767,0.9,0.16212700000000002,20,18,g0,Loose,Loose,Loose_L1,0
5605,1.70554e+09,1,1,6.09189,0.579697,0.9,0.1708685,20,18,g0,Loose,Loose,Loose_L1,0
5607,1.70554e+09,1,1,3.56503,0.271112,0.9,0.19522299999999998,20,18,g0,Loose,Loose,Loose_L1,0
5609,1.70554e+09,1,1,3.08724,0.18609,0.9,0.1991525,20,18,g0,Loose,Loose,Loose_L1,0
5611,1.70554e+09,1,1,1.67656,0.14554,0.9,0.1991525,20,18,g0,Loose,Loose,Loose_L1,0
5613,1.70554e+09,1,1,1.22459,0.114957,0.9,0.1991525,20,18,g0,Loose,Loose,Loose_L1,0
5615,1.70554e+09,1,1,1.24686,0.130132,0.9,0.1991525,20,18,g0,Loose,Loose,Loose_L1,0
5617,1.70554e+09,1,1,2.06494,0.196894,0.9,0.191492,20,18,g0,Loose,Loose,Loose_L1,0
5619,1.70554e+09,1,1,1.75085,0.171499,0.9,0.191492,20,18,g0,Loose,Loose,Loose_L1,0
5621,1.70554e+09,1,1,1.94203,0.172352,0.9,0.191492,20,18,g0,Loose,Loose,Loose_L1,0
5623,1.70554e+09,1,1,1.66531,0.149289,0.9,0.17922100000000002,20,18,g0,Loose,Loose,Loose_L1,0
5625,1.70554e+09,1,1,1.30268,0.131801,0.9,0.1719255,20,18,g0,Loose,Loose,Loose_L1,0
5627,1.70554e+09,1,1,1.25725,0.128083,0.9,0.1675025,20,18,g0,Loose,Loose,Loose_L1,0
5629,1.70554e+09,1,1,1.56606,0.147846,0.9,0.15639750000000002,20,18,g0,Loose,Loose,Loose_L1,0
5631,1.70554e+09,1,0,1.0,0.106356,0.85,0.163506,20,17,g0,Loose,Loose,Loose_L1,0
5633,1.70554e+09,1,1,1.22471,0.115424,0.9,0.15639750000000002,20,18,g0,Loose,Loose,Loose_L1,0
5635,1.70554e+09,1,1,1.05664,0.108216,0.9,0.14856750000000002,20,18,g0,Loose,Loose,Loose_L1,0
5637,1.70554e+09,1,1,1.1471,0.115442,0.95,0.147846,20,19,g0,Loose,Loose,Loose_L1,0
5639,1.70554e+09,1,1,1.45555,0.13635,0.95,0.14554,20,19,g0,Loose,Loose,Loose_L1,0
5641,1.70554e+09,1,1,2.36465,0.217373,0.95,0.14554,20,19,g0,Loose,Loose,Loose_L1,0
5643,1.70554e+09,1,1,1.95201,0.171315,0.95,0.147846,20,19,g0,Loose,Loose,Loose_L1,0
5645,1.70554e+09,1,1,1.34554,0.122144,0.95,0.14554,20,19,g0,Loose,Loose,Loose_L1,0
5647,1.70554e+09,1,1,1.57748,0.156695,0.95,0.14554,20,19,g0,Loose,Loose,Loose_L1,0
5649,1.70554e+09,1,1,1.41453,0.128149,0.95,0.13635,20,19,g0,Loose,Loose,Loose_L1,0
5651,1.70554e+09,1,1,1.57907,0.154332,0.95,0.13635,20,19,g0,Loose,Loose,Loose_L1,0
5653,1.70554e+09,1,1,1.39682,0.135006,0.95,0.13635,20,19,g0,Loose,Loose,Loose_L1,0
5655,1.70554e+09,1,1,1.60256,0.169022,0.95,0.147846,20,19,g0,Loose,Loose,Loose_L1,0
5657,1.70554e+09,1,1,1.77245,0.167877,0.95,0.147846,20,19,g0,Loose,Loose,Loose_L1,0
5659,1.70554e+09,1,1,1.39394,0.138147,0.95,0.138147,20,19,g0,Loose,Loose,Loose_L1,0
5661,1.70554e+09,1,1,1.33474,0.127864,0.95,0.13635,20,19,g0,Loose,Loose,Loose_L1,0
5663,1.70554e+09,1,1,1.40776,0.136505,0.95,0.13635,20,19,g0,Loose,Loose,Loose_L1,0
5665,1.70554e+09,1,1,1.44138,0.145004,0.95,0.136505,20,19,g0,Loose,Loose,Loose_L1,0
5667,1.70554e+09,1,1,2.12339,0.212702,0.95,0.138147,20,19,g0,Loose,Loose,Loose_L1,0
5669,1.70554e+09,1,1,2.06552,0.200141,0.95,0.138147,20,19,g0,Loose,Loose,Loose_L1,0
5671,1.70554e+09,1,1,1.25752,0.117996,1.0,0.137326,20,20,g0,Loose,Loose,Loose_L1,0
5673,1.70554e+09,1,1,1.20684,0.12334,1.0,0.137326,20,20,g0,Loose,Loose,Loose_L1,0
5675,1.70554e+09,1,1,1.28655,0.134534,1.0,0.137326,20,20,g0,Loose,Loose,Loose_L1,0
5677,1.70554e+09,1,1,1.20569,0.117971,1.0,0.137326,20,20,g0,Loose,Loose,Loose_L1,0
5679,1.70554e+09,1,1,1.75514,0.168229,1.0,0.1415755,20,20,g0,Loose,Loose,Loose_L1,0
5681,1.70554e+09,1,1,1.25341,0.126705,1.0,0.137326,20,20,g0,Loose,Loose,Loose_L1,0
5683,1.70554e+09,1,0,1.0,0.107998,0.95,0.136505,20,19,g0,Loose,Loose,Loose_L1,0
5685,1.70554e+09,1,0,1.0,0.109237,0.9,0.137326,20,18,g0,Loose,Loose,Loose_L1,0
5687,1.70554e+09,1,0,1.0,0.104189,0.85,0.136505,20,17,g0,Loose,Loose,Loose_L1,0
5689,1.70554e+09,1,0,1.0,0.107495,0.8,0.137326,20,16,g0,Loose,Loose,Loose_L1,0
5691,1.70554e+09,1,0,1.0,0.106963,0.75,0.136505,20,15,g0,Loose,Loose,Loose_L1,0
5693,1.70554e+09,1,0,1.0,0.115145,0.7,0.137326,20,14,g0,Loose,Loose,Loose_L1,0
5695,1.70554e+09,1,0,1.0,0.10906,0.65,0.136505,20,13,g0,Loose,Loose,Loose_L1,0
5697,1.70554e+09,1,0,1.0,0.102703,0.6,0.1355195,20,12,g0,Loose,Native,Native,1
5699,1.70554e+09,1,0,1.0,0.108588,0.55,0.134534,20,11,g0,Native,Native,Native,0
5701,1.70554e+09,1,0,1.0,0.110133,0.5,0.1355195,20,10,g0,Native,Native,Native,0
5703,1.70554e+09,1,0,1.0,0.103355,0.45,0.134534,20,9,g0,Native,Native,Native,0
5705,1.70554e+09,1,0,1.0,0.103586,0.4,0.1306195,20,8,g0,Native,Native,Native,0
5707,1.70554e+09,1,0,1.0,0.106835,0.35,0.126705,20,7,g0,Native,Native,Native,0
5709,1.70554e+09,1,0,1.0,0.103431,0.3,0.1250225,20,6,g0,Native,Native,Native,0
5711,1.70554e+09,1,0,1.0,0.110323,0.25,0.126705,20,5,g0,Native,Native,Native,0
5713,1.70554e+09,1,0,1.0,0.108738,0.2,0.1306195,20,4,g0,Native,Native,Native,0
5715,1.70554e+09,1,0,1.0,0.113276,0.15,0.126705,20,3,g0,Native,Native,Native,0
5717,1.70554e+09,1,0,1.0,0.114312,0.1,0.14746700000000001,20,2,g0,Native,Native,Native,0
5719,1.70554e+09,1,0,1.0,0.103898,0.05,0.126705,20,1,g0,Native,Native,Native,0
5721,1.70554e+09,1,0,1.0,0.111665,0.0,nan,20,0,g0,Native,Native,Native,0
5723,1.70554e+09,1,0,1.0,0.105073,0.0,nan,20,0,g0,Native,Native,Native,0
5725,1.70554e+09,1,0,1.0,0.108185,0.0,nan,20,0,g0,Native,Native,Native,0
5727,1.70554e+09,1,0,1.0,0.127421,0.0,nan,20,0,g0,Native,Native,Native,0
5729,1.70554e+09,1,0,1.0,0.116848,0.0,nan,20,0,g0,Native,Native,Native,0
5731,1.70554e+09,1,0,1.0,0.118402,0.0,nan,20,0,g0,Native,Native,Native,0
5733,1.70554e+09,1,0,1.0,0.114322,0.0,nan,20,0,g0,Native,Native,Native,0
5735,1.70554e+09,1,0,1.0,0.114868,0.0,nan,20,0,g0,Native,Native,Native,0
5737,1.70554e+09,1,0,1.0,0.108779,0.0,nan,20,0,g0,Native,Native,Native,0
5739,1.70554e+09,1,0,1.0,0.108727,0.0,nan,20,0,g0,Native,Native,Native,0
5741,1.70554e+09,1,0,1.0,0.1147,0.0,nan,20,0,g0,Native,Native,Native,0
5743,1.70554e+09,1,0,1.0,0.0962576,0.0,nan,20,0,g0,Native,Native,Native,0
5745,1.70554e+09,1,0,1.0,0.100137,0.0,nan,20,0,g0,Native,Native,Native,0
5747,1.70554e+09,1,0,1.0,0.0943337,0.0,nan,20,0,g0,Native,Native,Native,0
5749,1.70554e+09,1,0,1.0,0.0936575,0.0,nan,20,0,g0,Native,Native,Native,0
5751,1.70554e+09,1,0,1.0,0.115499,0.0,nan,20,0,g0,Native,Native,Native,0
5753,1.70554e+09,1,0,1.0,0.128165,0.0,nan,20,0,g0,Native,Native,Native,0
5755,1.70554e+09,1,0,1.0,0.10202,0.0,nan,20,0,g0,Native,Native,Native,0
5757,1.70554e+09,1,0,1.0,0.10374,0.0,nan,20,0,g0,Native,Native,Native,0
5759,1.70554e+09,1,0,1.0,0.105333,0.0,nan,20,0,g0,Native,Native,Native,0
5761,1.70554e+09,1,0,1.0,0.104395,0.0,nan,20,0,g0,Native,Native,Native,0
5763,1.70554e+09,1,0,1.0,0.0996474,0.0,nan,20,0,g0,Native,Native,Native,0
5765,1.70554e+09,1,1,1.38535,0.13178,0.05,0.13178,20,1,g0,Native,Native,Native,0
5767,1.70554e+09,1,1,1.48657,0.143926,0.1,0.137853,20,2,g0,Native,Native,Native,0
5769,1.70554e+09,1,1,1.63733,0.147654,0.15,0.143926,20,3,g0,Native,Native,Native,0
5771,1.70554e+09,1,1,1.22736,0.13432,0.2,0.139123,20,4,g0,Native,Native,Native,0
5773,1.70554e+09,1,1,1.84147,0.160742,0.25,0.143926,20,5,g0,Native,Native,Native,0
5775,1.70554e+09,1,1,1.76572,0.17639,0.3,0.14579,20,6,g0,Native,Native,Native,0
5777,1.70554e+09,1,1,3.46218,0.322242,0.35,0.147654,20,7,g0,Native,Native,Native,0
5779,1.70554e+09,1,1,6.36123,0.521748,0.4,0.154198,20,8,g0,Native,Native,Native,0
5781,1.70554e+09,1,1,2.064,0.237647,0.45,0.160742,20,9,g0,Native,Native,Native,0
5783,1.70554e+09,1,1,2.19506,0.136827,0.5,0.154198,20,10,g0,Native,Native,Native,0
5785,1.70554e+09,1,1,2.47527,0.209527,0.55,0.160742,20,11,g0,Native,Native,Native,0
5787,1.70554e+09,1,1,1.63313,0.152784,0.6,0.15676299999999999,20,12,g0,Native,Native,Native,0
5789,1.70554e+09,1,1,2.63871,0.238756,0.65,0.160742,20,13,g0,Native,Native,Native,0
5791,1.70554e+09,1,1,3.16331,0.290905,0.7,0.168566,20,14,g0,Native,Native,Native,0
5793,1.70554e+09,1,1,3.15352,0.271699,0.75,0.17639,20,15,g0,Native,Loose,Loose_L1,1
5795,1.70554e+09,1,1,3.01812,0.262097,0.8,0.19295849999999998,20,16,g0,Loose,Loose,Loose_L1,0
5797,1.70554e+09,1,1,2.52841,0.220316,0.85,0.209527,20,17,g0,Loose,Loose,Loose_L1,0
5799,1.70554e+09,1,1,2.3604,0.212094,0.9,0.2108105,20,18,g0,Loose,Loose,Loose_L1,0
5801,1.70554e+09,1,1,2.66417,0.236847,0.95,0.212094,20,19,g0,Loose,Loose,Loose_L1,0
5803,1.70554e+09,1,1,2.77091,0.240143,1.0,0.216205,20,20,g0,Loose,Loose,Loose_L1,0
5805,1.70554e+09,1,1,2.82308,0.247691,1.0,0.2285815,20,20,g0,Loose,Loose,Loose_L1,0
5807,1.70554e+09,1,1,2.37667,0.209671,1.0,0.2285815,20,20,g0,Loose,Loose,Loose_L1,0
5809,1.70554e+09,1,1,2.78824,0.24747,1.0,0.23724699999999999,20,20,g0,Loose,Loose,Loose_L1,0
5811,1.70554e+09,1,1,3.22891,0.27983,1.0,0.2382015,20,20,g0,Loose,Loose,Loose_L1,0
5813,1.70554e+09,1,1,3.36616,0.29765,1.0,0.23944949999999998,20,20,g0,Loose,Loose,Loose_L1,0
5815,1.70554e+09,1,1,2.8209,0.246804,1.0,0.2434735,20,20,g0,Loose,Loose,Loose_L1,0
5817,1.70554e+09,1,1,3.54204,0.313278,1.0,0.2434735,20,20,g0,Loose,Loose,Loose_L1,0
5819,1.70554e+09,1,1,2.5108,0.207713,1.0,0.23944949999999998,20,20,g0,Loose,Loose,Loose_L1,0
5821,1.70554e+09,1,1,4.17716,0.372092,1.0,0.2434735,20,20,g0,Loose,Loose,Loose_L1,0
5823,1.70554e+09,1,1,4.91344,0.412866,1.0,0.247137,20,20,g0,Loose,Loose,Loose_L1,0
5825,1.70554e+09,1,1,2.90477,0.231155,1.0,0.247137,20,20,g0,Loose,Loose,Loose_L1,0
5827,1.70554e+09,1,1,4.01301,0.362419,1.0,0.24758049999999998,20,20,g0,Loose,Loose,Loose_L1,0
5829,1.70554e+09,1,1,4.87707,0.423375,1.0,0.254894,20,20,g0,Loose,Loose,Loose_L1,0
5831,1.70554e+09,1,1,6.50706,0.534689,1.0,0.254894,20,20,g0,Loose,Loose,Loose_L1,0
5833,1.70554e+09,1,1,4.83836,0.370102,1.0,0.254894,20,20,g0,Loose,Loose,Loose_L1,0
5835,1.70554e+09,1,1,5.18756,0.42676,1.0,0.2637605,20,20,g0,Loose,Loose,Loose_L1,0
5837,1.70554e+09,1,1,4.31043,0.337688,1.0,0.28874,20,20,g0,Loose,Loose,Loose_L1,0
5839,1.70554e+09,1,1,3.96666,0.311336,1.0,0.304493,20,20,g0,Loose,Loose,Loose_L1,0
5841,1.70554e+09,1,1,8.47693,0.724585,1.0,0.312307,20,20,g0,Loose,Loose,Loose_L1,0
5843,1.70554e+09,1,1,5.71896,0.406108,1.0,0.32548299999999997,20,20,g0,Loose,Loose,Loose_L1,0
5845,1.70554e+09,1,1,8.63901,0.673316,1.0,0.3500535,20,20,g0,Loose,Loose,Loose_L1,0
5847,1.70554e+09,1,1,6.73511,0.41154,1.0,0.3662605,20,20,g0,Loose,Loose,Loose_L1,0
5849,1.70554e+09,1,1,8.19678,0.602165,1.0,0.371097,20,20,g0,Loose,Loose,Loose_L1,0
5851,1.70554e+09,1,1,4.64727,0.318832,1.0,0.371097,20,20,g0,Loose,Loose,Loose_L1,0
5853,1.70554e+09,1,1,5.17352,0.44187,1.0,0.3891,20,20,g0,Loose,Loose,Loose_L1,0
5855,1.70554e+09,1,1,2.91677,0.2305,1.0,0.3891,20,20,g0,Loose,Loose,Loose_L1,0
5857,1.70554e+09,1,1,3.79992,0.341557,1.0,0.3891,20,20,g0,Loose,Loose,Loose_L1,0
5859,1.70554e+09,1,1,2.46796,0.198363,1.0,0.3891,20,20,g0,Loose,Loose,Loose_L1,0
5861,1.70554e+09,1,1,1.91391,0.174408,1.0,0.38810500000000003,20,20,g0,Loose,Loose,Loose_L1,0
5863,1.70554e+09,1,1,2.91895,0.271562,1.0,0.3662605,20,20,g0,Loose,Loose,Loose_L1,0
5865,1.70554e+09,1,1,1.65022,0.152319,1.0,0.3662605,20,20,g0,Loose,Loose,Loose_L1,0
5867,1.70554e+09,1,1,2.43619,0.22848,1.0,0.3558295,20,20,g0,Loose,Loose,Loose_L1,0
5869,1.70554e+09,1,1,4.09883,0.381316,1.0,0.3558295,20,20,g0,Loose,Loose,Loose_L1,0
5871,1.70554e+09,1,1,1.54908,0.127343,1.0,0.3396225,20,20,g0,Loose,Loose,Loose_L1,0
5873,1.70554e+09,1,1,1.13879,0.115166,1.0,0.32826,20,20,g0,Loose,Loose,Loose_L1,0
5875,1.70554e+09,1,1,1.46415,0.145206,1.0,0.31508400000000003,20,20,g0,Loose,Loose,Loose_L1,0
5877,1.70554e+09,1,1,2.51123,0.243543,1.0,0.291449,20,20,g0,Loose,Loose,Loose_L1,0
5879,1.70554e+09,1,1,1.26528,0.118778,1.0,0.2575525,20,20,g0,Loose,Loose,Loose_L1,0
5881,1.70554e+09,1,1,1.87297,0.178048,1.0,0.2370215,20,20,g0,Loose,Loose,Loose_L1,0
5883,1.70554e+09,1,1,1.27533,0.110947,1.0,0.22949,20,20,g0,Loose,Loose,Loose_L1,0
5885,1.70554e+09,1,1,1.275,0.118351,1.0,0.2134215,20,20,g0,Loose,Loose,Loose_L1,0
5887,1.70554e+09,1,0,1.0,0.111665,0.95,0.198363,20,19,g0,Loose,Loose,Loose_L1,0
5889,1.70554e+09,1,1,1.00803,0.102716,0.95,0.178048,20,19,g0,Loose,Loose,Loose_L1,0
5891,1.70554e+09,1,1,1.07777,0.105705,0.95,0.174408,20,19,g0,Loose,Loose,Loose_L1,0
5893,1.70554e+09,1,1,1.13236,0.113922,0.95,0.152319,20,19,g0,Loose,Loose,Loose_L1,0
5895,1.70554e+09,1,0,1.0,0.106014,0.9,0.14876250000000002,20,18,g0,Loose,Loose,Loose_L1,0
5897,1.70554e+09,1,0,1.0,0.105738,0.85,0.145206,20,17,g0,Loose,Loose,Loose_L1,0
5899,1.70554e+09,1,0,1.0,0.102011,0.8,0.13627450000000002,20,16,g0,Loose,Loose,Loose_L1,0
5901,1.70554e+09,1,0,1.0,0.118883,0.75,0.127343,20,15,g0,Loose,Loose,Loose_L1,0
5903,1.70554e+09,1,0,1.0,0.0991802,0.7,0.1230605,20,14,g0,Loose,Loose,Loose_L1,0
5905,1.70554e+09,1,0,1.0,0.130611,0.65,0.118778,20,13,g0,Loose,Loose,Loose_L1,0
5907,1.70554e+09,1,0,1.0,0.104462,0.6,0.11856449999999999,20,12,g0,Loose,Native,Native,1
5909,1.70554e+09,1,0,1.0,0.100909,0.55,0.118351,20,11,g0,Native,Native,Native,0
5911,1.70554e+09,1,0,1.0,0.102464,0.5,0.1167585,20,10,g0,Native,Native,Native,0
5913,1.70554e+09,1,0,1.0,0.10544,0.45,0.118351,20,9,g0,Native,Native,Native,0
5915,1.70554e+09,1,0,1.0,0.104331,0.4,0.1161365,20,8,g0,Native,Native,Native,0
5917,1.70554e+09,1,1,1.37893,0.13392,0.4,0.1161365,20,8,g0,Native,Native,Native,0
5919,1.70554e+09,1,1,3.41811,0.358047,0.4,0.1161365,20,8,g0,Native,Native,Native,0
5921,1.70554e+09,1,1,2.64391,0.210996,0.4,0.1161365,20,8,g0,Native,Native,Native,0
5923,1.70554e+09,1,1,5.86584,0.524036,0.4,0.1261355,20,8,g0,Native,Native,Native,0
5925,1.70554e+09,1,1,3.23098,0.242227,0.4,0.172458,20,8,g0,Native,Native,Native,0
5927,1.70554e+09,1,1,6.30324,0.588341,0.45,0.210996,20,9,g0,Native,Native,Native,0
5929,1.70554e+09,1,1,3.82397,0.34751,0.45,0.242227,20,9,g0,Native,Native,Native,0
5931,1.70554e+09,1,0,1.0,0.082614,0.4,0.2948685,20,8,g0,Native,Native,Native,0
5933,1.70554e+09,1,1,6.10175,0.623513,0.4,0.3527785,20,8,g0,Native,Native,Native,0
5935,1.70554e+09,1,1,4.86231,0.427369,0.45,0.358047,20,9,g0,Native,Native,Native,0
5937,1.70554e+09,1,0,1.0,0.0877911,0.45,0.358047,20,9,g0,Native,Native,Native,0
5939,1.70554e+09,1,1,9.88721,1.07227,0.5,0.392708,20,10,g0,Native,Native,Native,0
5941,1.70554e+09,1,1,4.09413,0.300277,0.55,0.358047,20,11,g0,Native,Native,Native,0
5943,1.70554e+09,1,1,3.61,0.208036,0.6,0.3527785,20,12,g0,Native,Native,Native,0
5945,1.70554e+09,1,1,3.97588,0.306647,0.65,0.34751,20,13,g0,Native,Native,Native,0
5947,1.70554e+09,1,1,2.78698,0.224843,0.7,0.3270785,20,14,g0,Native,Native,Native,0
5949,1.70554e+09,1,1,3.57866,0.309705,0.75,0.309705,20,15,g0,Native,Loose,Loose_L1,1
5951,1.70554e+09,1,1,1.503,0.115355,0.8,0.308176,20,16,g0,Loose,Loose,Loose_L1,0
5953,1.70554e+09,1,0,1.0,0.103387,0.8,0.308176,20,16,g0,Loose,Loose,Loose_L1,0
5955,1.70554e+09,1,1,2.25877,0.225924,0.85,0.306647,20,17,g0,Loose,Loose,Loose_L1,0
5957,1.70554e+09,1,1,5.83291,0.537465,0.85,0.309705,20,17,g0,Loose,Loose,Loose_L1,0
5959,1.70554e+09,1,1,2.3617,0.170052,0.85,0.306647,20,17,g0,Loose,Loose,Loose_L1,0
5961,1.70554e+09,1,0,1.0,0.100474,0.8,0.308176,20,16,g0,Loose,Loose,Loose_L1,0
5963,1.70554e+09,1,1,1.36103,0.161716,0.8,0.303462,20,16,g0,Loose,Loose,Loose_L1,0
5965,1.70554e+09,1,1,1.77097,0.16454,0.8,0.303462,20,16,g0,Loose,Loose,Loose_L1,0
5967,1.70554e+09,1,1,3.2277,0.28893,0.8,0.2946035,20,16,g0,Loose,Loose,Loose_L1,0
5969,1.70554e+09,1,1,1.43936,0.130102,0.8,0.257427,20,16,g0,Loose,Loose,Loose_L1,0
5971,1.70554e+09,1,1,1.6656,0.156335,0.85,0.225924,20,17,g0,Loose,Loose,Loose_L1,0
5973,1.70554e+09,1,1,1.80807,0.174975,0.85,0.224843,20,17,g0,Loose,Loose,Loose_L1,0
5975,1.70554e+09,1,0,1.0,0.0988457,0.8,0.2164395,20,16,g0,Loose,Loose,Loose_L1,0
5977,1.70554e+09,1,1,1.87128,0.188794,0.85,0.208036,20,17,g0,Loose,Loose,Loose_L1,0
5979,1.70554e+09,1,1,2.10133,0.19004,0.85,0.19004,20,17,g0,Loose,Loose,Loose_L1,0
5981,1.70554e+09,1,1,1.71782,0.156129,0.85,0.188794,20,17,g0,Loose,Loose,Loose_L1,0
5983,1.70554e+09,1,1,1.12422,0.106616,0.85,0.174975,20,17,g0,Loose,Loose,Loose_L1,0
5985,1.70554e+09,1,1,1.20137,0.122243,0.85,0.170052,20,17,g0,Loose,Loose,Loose_L1,0
5987,1.70554e+09,1,0,1.0,0.105373,0.8,0.167296,20,16,g0,Loose,Loose,Loose_L1,0
5989,1.70554e+09,1,1,1.50423,0.149944,0.8,0.163128,20,16,g0,Loose,Loose,Loose_L1,0
5991,1.70554e+09,1,1,1.41268,0.137837,0.8,0.163128,20,16,g0,Loose,Loose,Loose_L1,0
5993,1.70554e+09,1,1,1.22028,0.116835,0.85,0.161716,20,17,g0,Loose,Loose,Loose_L1,0
5995,1.70554e+09,1,1,1.20418,0.115256,0.85,0.156335,20,17,g0,Loose,Loose,Loose_L1,0
5997,1.70554e+09,1,1,1.55892,0.144415,0.85,0.156129,20,17,g0,Loose,Loose,Loose_L1,0
5999,1.70554e+09,1,1,1.51611,0.132314,0.85,0.149944,20,17,g0,Loose,Loose,Loose_L1,0
6001,1.70554e+09,1,1,1.68305,0.17152,0.9,0.1530365,20,18,g0,Loose,Loose,Loose_L1,0
6003,1.70554e+09,1,1,1.50681,0.153951,0.9,0.1519475,20,18,g0,Loose,Loose,Loose_L1,0
6005,1.70554e+09,1,1,1.54094,0.13705,0.9,0.1471795,20,18,g0,Loose,Loose,Loose_L1,0
6007,1.70554e+09,1,1,1.6384,0.150796,0.9,0.1471795,20,18,g0,Loose,Loose,Loose_L1,0
6009,1.70554e+09,1,1,1.68423,0.167868,0.9,0.15037,20,18,g0,Loose,Loose,Loose_L1,0
6011,1.70554e+09,1,1,1.29841,0.129519,0.9,0.1471795,20,18,g0,Loose,Loose,Loose_L1,0
6013,1.70554e+09,1,1,1.27227,0.137494,0.9,0.14112599999999997,20,18,g0,Loose,Loose,Loose_L1,0
6015,1.70554e+09,1,1,1.53535,0.151466,0.95,0.144415,20,19,g0,Loose,Loose,Loose_L1,0
6017,1.70554e+09,1,1,1.55755,0.152769,0.95,0.144415,20,19,g0,Loose,Loose,Loose_L1,0
6019,1.70554e+09,1,1,1.49065,0.155571,0.95,0.144415,20,19,g0,Loose,Loose,Loose_L1,0
6021,1.70554e+09,1,1,1.40257,0.136555,0.95,0.137837,20,19,g0,Loose,Loose,Loose_L1,0
6023,1.70554e+09,1,1,1.59114,0.167237,0.95,0.144415,20,19,g0,Loose,Loose,Loose_L1,0
6025,1.70554e+09,1,1,1.29547,0.132982,0.95,0.144415,20,19,g0,Loose,Loose,Loose_L1,0
6027,1.70554e+09,1,1,1.25069,0.133547,1.0,0.14112599999999997,20,20,g0,Loose,Loose,Loose_L1,0
6029,1.70554e+09,1,0,1.0,0.122871,0.95,0.137837,20,19,g0,Loose,Loose,Loose_L1,0
6031,1.70554e+09,1,1,1.05025,0.116025,0.95,0.137494,20,19,g0,Loose,Loose,Loose_L1,0
6033,1.70554e+09,1,1,1.31114,0.141537,0.95,0.141537,20,19,g0,Loose,Loose,Loose_L1,0
6035,1.70554e+09,1,1,1.73612,0.158737,0.95,0.144415,20,19,g0,Loose,Loose,Loose_L1,0
6037,1.70554e+09,1,1,1.34542,0.125444,0.95,0.141537,20,19,g0,Loose,Loose,Loose_L1,0
6039,1.70554e+09,1,1,2.40751,0.222729,0.95,0.150796,20,19,g0,Loose,Loose,Loose_L1,0
6041,1.70554e+09,1,0,1.0,0.119766,0.9,0.1461665,20,18,g0,Loose,Loose,Loose_L1,0
6043,1.70554e+09,1,0,1.0,0.109939,0.85,0.141537,20,17,g0,Loose,Loose,Loose_L1,0
6045,1.70554e+09,1,0,1.0,0.10599,0.8,0.1461665,20,16,g0,Loose,Loose,Loose_L1,0
6047,1.70554e+09,1,0,1.0,0.11168,0.75,0.141537,20,15,g0,Loose,Loose,Loose_L1,0
6049,1.70554e+09,1,0,1.0,0.108534,0.7,0.13951550000000001,20,14,g0,Loose,Loose,Loose_L1,0
6051,1.70554e+09,1,0,1.0,0.111741,0.65,0.141537,20,13,g0,Loose,Loose,Loose_L1,0
6053,1.70554e+09,1,0,1.0,0.0958382,0.6,0.1465015,20,12,g0,Loose,Native,Native,1
6055,1.70554e+09,1,0,1.0,0.105542,0.55,0.141537,20,11,g0,Native,Native,Native,0
6057,1.70554e+09,1,0,1.0,0.0976095,0.5,0.139046,20,10,g0,Native,Native,Native,0
6059,1.70554e+09,1,0,1.0,0.109561,0.45,0.136555,20,9,g0,Native,Native,Native,0
6061,1.70554e+09,1,0,1.0,0.104585,0.4,0.137542,20,8,g0,Native,Native,Native,0
6063,1.70554e+09,1,0,1.0,0.11479,0.35,0.133547,20,7,g0,Native,Native,Native,0
6065,1.70554e+09,1,0,1.0,0.103297,0.3,0.137542,20,6,g0,Native,Native,Native,0
6067,1.70554e+09,1,0,1.0,0.103368,0.25,0.141537,20,5,g0,Native,Native,Native,0
6069,1.70554e+09,1,0,1.0,0.106425,0.25,0.141537,20,5,g0,Native,Native,Native,0
6071,1.70554e+09,1,0,1.0,0.101341,0.2,0.150137,20,4,g0,Native,Native,Native,0
6073,1.70554e+09,1,0,1.0,0.114078,0.15,0.158737,20,3,g0,Native,Native,Native,0
6075,1.70554e+09,1,0,1.0,0.0904849,0.1,0.1740865,20,2,g0,Native,Native,Native,0
6077,1.70554e+09,1,0,1.0,0.106088,0.05,0.222729,20,1,g0,Native,Native,Native,0
6079,1.70554e+09,1,0,1.0,0.117539,0.0,nan,20,0,g0,Native,Native,Native,0
6081,1.70554e+09,1,0,1.0,0.106917,0.0,nan,20,0,g0,Native,Native,Native,0
6083,1.70554e+09,1,0,1.0,0.113046,0.0,nan,20,0,g0,Native,Native,Native,0
6085,1.70554e+09,1,0,1.0,0.114602,0.0,nan,20,0,g0,Native,Native,Native,0
6087,1.70554e+09,1,0,1.0,0.119716,0.0,nan,20,0,g0,Native,Native,Native,0
6089,1.70554e+09,1,0,1.0,0.10515,0.0,nan,20,0,g0,Native,Native,Native,0
6091,1.70554e+09,1,0,1.0,0.0937571,0.0,nan,20,0,g0,Native,Native,Native,0
6093,1.70554e+09,1,0,1.0,0.0867976,0.0,nan,20,0,g0,Native,Native,Native,0
6095,1.70554e+09,1,0,1.0,0.1296,0.0,nan,20,0,g0,Native,Native,Native,0
6097,1.70554e+09,1,0,1.0,0.112005,0.0,nan,20,0,g0,Native,Native,Native,0
6099,1.70554e+09,1,0,1.0,0.110907,0.0,nan,20,0,g0,Native,Native,Native,0
6101,1.70554e+09,1,0,1.0,0.109991,0.0,nan,20,0,g0,Native,Native,Native,0
6103,1.70554e+09,1,0,1.0,0.116905,0.0,nan,20,0,g0,Native,Native,Native,0
6105,1.70554e+09,1,0,1.0,0.149802,0.0,nan,20,0,g0,Native,Native,Native,0
6107,1.70554e+09,1,0,1.0,0.123915,0.0,nan,20,0,g0,Native,Native,Native,0
6109,1.70554e+09,1,0,1.0,0.102696,0.0,nan,20,0,g0,Native,Native,Native,0
6111,1.70554e+09,1,0,1.0,0.10926,0.0,nan,20,0,g0,Native,Native,Native,0
6113,1.70554e+09,1,0,1.0,0.109057,0.0,nan,20,0,g0,Native,Native,Native,0
6115,1.70554e+09,1,0,1.0,0.0878049,0.0,nan,20,0,g0,Native,Native,Native,0
6117,1.70554e+09,1,0,1.0,0.114941,0.0,nan,20,0,g0,Native,Native,Native,0
6119,1.70554e+09,1,0,1.0,0.108457,0.0,nan,20,0,g0,Native,Native,Native,0
6121,1.70554e+09,1,1,1.21318,0.138975,0.05,0.138975,20,1,g0,Native,Native,Native,0
6123,1.70554e+09,1,1,1.67415,0.138957,0.1,0.13896599999999998,20,2,g0,Native,Native,Native,0
6125,1.70554e+09,1,1,1.97078,0.12577,0.15,0.138957,20,3,g0,Native,Native,Native,0
6127,1.70554e+09,1,1,2.3774,0.232585,0.2,0.13896599999999998,20,4,g0,Native,Native,Native,0
6129,1.70554e+09,1,1,3.98142,0.307153,0.25,0.138975,20,5,g0,Native,Native,Native,0
6131,1.70554e+09,1,1,3.85687,0.210103,0.3,0.174539,20,6,g0,Native,Native,Native,0
6133,1.70554e+09,1,1,5.02281,0.324987,0.35,0.210103,20,7,g0,Native,Native,Native,0
6135,1.70554e+09,1,1,2.14039,0.190127,0.4,0.200115,20,8,g0,Native,Native,Native,0
6137,1.70554e+09,1,1,1.94539,0.176972,0.45,0.190127,20,9,g0,Native,Native,Native,0
6139,1.70554e+09,1,1,2.09112,0.184363,0.5,0.187245,20,10,g0,Native,Native,Native,0
6141,1.70554e+09,1,1,2.16202,0.197492,0.55,0.190127,20,11,g0,Native,Native,Native,0
6143,1.70554e+09,1,1,2.23788,0.198508,0.6,0.1938095,20,12,g0,Native,Native,Native,0
6145,1.70554e+09,1,1,2.3897,0.210448,0.65,0.197492,20,13,g0,Native,Native,Native,0
6147,1.70554e+09,1,1,4.53779,0.412121,0.7,0.198,20,14,g0,Native,Native,Native,0
6149,1.70554e+09,1,1,3.56094,0.286222,0.75,0.198508,20,15,g0,Native,Loose,Loose_L1,1
6151,1.70554e+09,1,1,3.21959,0.284567,0.8,0.2043055,20,16,g0,Loose,Loose,Loose_L1,0
6153,1.70554e+09,1,1,3.64142,0.306349,0.85,0.210103,20,17,g0,Loose,Loose,Loose_L1,0
6155,1.70554e+09,1,1,2.23734,0.177548,0.9,0.2043055,20,18,g0,Loose,Loose,Loose_L1,0
6157,1.70554e+09,1,1,2.08365,0.183809,0.95,0.198508,20,19,g0,Loose,Loose,Loose_L1,0
6159,1.70554e+09,1,1,2.30079,0.202889,1.0,0.2006985,20,20,g0,Loose,Loose,Loose_L1,0
6161,1.70554e+09,1,1,2.19143,0.196871,1.0,0.2006985,20,20,g0,Loose,Loose,Loose_L1,0
6163,1.70554e+09,1,1,2.50928,0.229806,1.0,0.206496,20,20,g0,Loose,Loose,Loose_L1,0
6165,1.70554e+09,1,1,3.26719,0.290677,1.0,0.2102755,20,20,g0,Loose,Loose,Loose_L1,0
6167,1.70554e+09,1,1,4.03913,0.352104,1.0,0.2102755,20,20,g0,Loose,Loose,Loose_L1,0
6169,1.70554e+09,1,1,3.32506,0.272827,1.0,0.2102755,20,20,g0,Loose,Loose,Loose_L1,0
6171,1.70554e+09,1,1,2.54039,0.215258,1.0,0.21285300000000001,20,20,g0,Loose,Loose,Loose_L1,0
6173,1.70554e+09,1,1,3.47202,0.312323,1.0,0.21285300000000001,20,20,g0,Loose,Loose,Loose_L1,0
6175,1.70554e+09,1,1,2.97635,0.249936,1.0,0.222532,20,20,g0,Loose,Loose,Loose_L1,0
6177,1.70554e+09,1,1,3.2576,0.277927,1.0,0.239871,20,20,g0,Loose,Loose,Loose_L1,0
6179,1.70554e+09,1,1,3.75167,0.312134,1.0,0.2613815,20,20,g0,Loose,Loose,Loose_L1,0
6181,1.70554e+09,1,1,3.42639,0.293972,1.0,0.275377,20,20,g0,Loose,Loose,Loose_L1,0
6183,1.70554e+09,1,1,3.20416,0.263462,1.0,0.275377,20,20,g0,Loose,Loose,Loose_L1,0
6185,1.70554e+09,1,1,4.53098,0.379623,1.0,0.281247,20,20,g0,Loose,Loose,Loose_L1,0
6187,1.70554e+09,1,1,3.817,0.29429,1.0,0.281247,20,20,g0,Loose,Loose,Loose_L1,0
6189,1.70554e+09,1,1,4.64392,0.406422,1.0,0.281247,20,20,g0,Loose,Loose,Loose_L1,0
6191,1.70554e+09,1,1,3.58197,0.298851,1.0,0.284302,20,20,g0,Loose,Loose,Loose_L1,0
6193,1.70554e+09,1,1,5.7431,0.487489,1.0,0.284302,20,20,g0,Loose,Loose,Loose_L1,0
6195,1.70554e+09,1,1,2.50703,0.198628,1.0,0.284302,20,20,g0,Loose,Loose,Loose_L1,0
6197,1.70554e+09,1,1,2.87926,0.263693,1.0,0.284302,20,20,g0,Loose,Loose,Loose_L1,0
6199,1.70554e+09,1,1,3.95995,0.35464,1.0,0.2923245,20,20,g0,Loose,Loose,Loose_L1,0
6201,1.70554e+09,1,1,3.16039,0.257225,1.0,0.2923245,20,20,g0,Loose,Loose,Loose_L1,0
6203,1.70554e+09,1,1,2.48267,0.212204,1.0,0.2923245,20,20,g0,Loose,Loose,Loose_L1,0
6205,1.70554e+09,1,1,3.14538,0.304694,1.0,0.29413100000000003,20,20,g0,Loose,Loose,Loose_L1,0
6207,1.70554e+09,1,1,3.49974,0.294707,1.0,0.29413100000000003,20,20,g0,Loose,Loose,Loose_L1,0
6209,1.70554e+09,1,1,1.87614,0.175259,1.0,0.29413100000000003,20,20,g0,Loose,Loose,Loose_L1,0
6211,1.70554e+09,1,1,2.12022,0.207502,1.0,0.29413100000000003,20,20,g0,Loose,Loose,Loose_L1,0
6213,1.70554e+09,1,1,3.62635,0.350186,1.0,0.29413100000000003,20,20,g0,Loose,Loose,Loose_L1,0
6215,1.70554e+09,1,1,2.50991,0.215408,1.0,0.29413100000000003,20,20,g0,Loose,Loose,Loose_L1,0
6217,1.70554e+09,1,1,1.64873,0.151161,1.0,0.29413100000000003,20,20,g0,Loose,Loose,Loose_L1,0
6219,1.70554e+09,1,1,1.88211,0.186194,1.0,0.27883250000000004,20,20,g0,Loose,Loose,Loose_L1,0
6221,1.70554e+09,1,1,2.18096,0.217595,1.0,0.2635775,20,20,g0,Loose,Loose,Loose_L1,0
6223,1.70554e+09,1,1,2.21651,0.206751,1.0,0.260459,20,20,g0,Loose,Loose,Loose_L1,0
6225,1.70554e+09,1,1,1.56712,0.144689,1.0,0.23741,20,20,g0,Loose,Loose,Loose_L1,0
6227,1.70554e+09,1,1,1.54364,0.156562,1.0,0.2165015,20,20,g0,Loose,Loose,Loose_L1,0
6229,1.70554e+09,1,1,2.21647,0.222824,1.0,0.2165015,20,20,g0,Loose,Loose,Loose_L1,0
6231,1.70554e+09,1,1,2.44516,0.224662,1.0,0.2165015,20,20,g0,Loose,Loose,Loose_L1,0
6233,1.70554e+09,1,1,1.32215,0.119541,1.0,0.213806,20,20,g0,Loose,Loose,Loose_L1,0
6235,1.70554e+09,1,1,1.55872,0.150897,1.0,0.213806,20,20,g0,Loose,Loose,Loose_L1,0
6237,1.70554e+09,1,1,1.09758,0.104296,1.0,0.209853,20,20,g0,Loose,Loose,Loose_L1,0
6239,1.70554e+09,1,1,1.53266,0.148175,1.0,0.2071265,20,20,g0,Loose,Loose,Loose_L1,0
6241,1.70554e+09,1,1,1.59554,0.150503,1.0,0.1964725,20,20,g0,Loose,Loose,Loose_L1,0
6243,1.70554e+09,1,1,1.83931,0.172761,1.0,0.1807265,20,20,g0,Loose,Loose,Loose_L1,0
6245,1.70554e+09,1,1,1.5977,0.153774,1.0,0.17401,20,20,g0,Loose,Loose,Loose_L1,0
6247,1.70554e+09,1,1,1.74815,0.168446,1.0,0.17060350000000002,20,20,g0,Loose,Loose,Loose_L1,0
6249,1.70554e+09,1,1,1.14461,0.110415,1.0,0.162504,20,20,g0,Loose,Loose,Loose_L1,0
6251,1.70554e+09,1,1,1.1141,0.112505,1.0,0.155168,20,20,g0,Loose,Loose,Loose_L1,0
6253,1.70554e+09,1,1,1.43141,0.136753,1.0,0.15246749999999998,20,20,g0,Loose,Loose,Loose_L1,0
6255,1.70554e+09,1,1,1.31308,0.125893,1.0,0.151029,20,20,g0,Loose,Loose,Loose_L1,0
6257,1.70554e+09,1,0,1.0,0.10701,0.95,0.150897,20,19,g0,Loose,Loose,Loose_L1,0
6259,1.70554e+09,1,1,1.11308,0.1179,0.95,0.150503,20,19,g0,Loose,Loose,Loose_L1,0
6261,1.70554e+09,1,1,1.21198,0.147681,0.95,0.148175,20,19,g0,Loose,Loose,Loose_L1,0
6263,1.70554e+09,1,0,1.0,0.122003,0.9,0.147928,20,18,g0,Loose,Loose,Loose_L1,0
6265,1.70554e+09,1,0,1.0,0.103332,0.85,0.148175,20,17,g0,Loose,Loose,Loose_L1,0
6267,1.70554e+09,1,0,1.0,0.101402,0.8,0.147928,20,16,g0,Loose,Loose,Loose_L1,0
6269,1.70554e+09,1,0,1.0,0.102302,0.75,0.147681,20,15,g0,Loose,Loose,Loose_L1,0
6271,1.70554e+09,1,1,1.68801,0.150997,0.75,0.147681,20,15,g0,Loose,Loose,Loose_L1,0
6273,1.70554e+09,1,1,1.34982,0.152553,0.75,0.148175,20,15,g0,Loose,Loose,Loose_L1,0
6275,1.70554e+09,1,1,2.00491,0.189299,0.75,0.148175,20,15,g0,Loose,Loose,Loose_L1,0
6277,1.70554e+09,1,1,5.76772,0.541232,0.75,0.150503,20,15,g0,Loose,Loose,Loose_L1,0
6279,1.70554e+09,1,1,5.62654,0.398754,0.75,0.150997,20,15,g0,Loose,Loose,Loose_L1,0
6281,1.70554e+09,1,1,1.00999,0.086059,0.75,0.150997,20,15,g0,Loose,Loose,Loose_L1,0
6283,1.70554e+09,1,1,1.28434,0.164949,0.75,0.150997,20,15,g0,Loose,Loose,Loose_L1,0
6285,1.70554e+09,1,1,2.40624,0.21722,0.75,0.150997,20,15,g0,Loose,Loose,Loose_L1,0
6287,1.70554e+09,1,1,1.52265,0.147228,0.75,0.147681,20,15,g0,Loose,Loose,Loose_L1,0
6289,1.70554e+09,1,1,1.82943,0.170818,0.75,0.150997,20,15,g0,Loose,Loose,Loose_L1,0
6291,1.70554e+09,1,1,2.96283,0.279572,0.75,0.152553,20,15,g0,Loose,Loose,Loose_L1,0
6293,1.70554e+09,1,1,1.83668,0.170735,0.75,0.164949,20,15,g0,Loose,Loose,Loose_L1,0
6295,1.70554e+09,1,0,1.0,0.106511,0.7,0.167842,20,14,g0,Loose,Loose,Loose_L1,0
6297,1.70554e+09,1,0,1.0,0.111534,0.7,0.167842,20,14,g0,Loose,Loose,Loose_L1,0
6299,1.70554e+09,1,1,1.91672,0.185676,0.7,0.1707765,20,14,g0,Loose,Loose,Loose_L1,0
6301,1.70554e+09,1,0,1.0,0.0675536,0.65,0.170818,20,13,g0,Loose,Loose,Loose_L1,0
6303,1.70554e+09,1,1,1.01601,0.149795,0.7,0.1707765,20,14,g0,Loose,Loose,Loose_L1,0
6305,1.70554e+09,1,0,1.0,0.135533,0.7,0.1707765,20,14,g0,Loose,Loose,Loose_L1,0
6307,1.70554e+09,1,1,1.78567,0.178008,0.75,0.170818,20,15,g0,Loose,Loose,Loose_L1,0
6309,1.70554e+09,1,1,1.65389,0.154199,0.8,0.1707765,20,16,g0,Loose,Loose,Loose_L1,0
6311,1.70554e+09,1,0,1.0,0.0958169,0.75,0.170818,20,15,g0,Loose,Loose,Loose_L1,0
6313,1.70554e+09,1,1,2.2242,0.215481,0.75,0.178008,20,15,g0,Loose,Loose,Loose_L1,0
6315,1.70554e+09,1,1,1.26823,0.120499,0.75,0.170818,20,15,g0,Loose,Loose,Loose_L1,0
6317,1.70554e+09,1,1,1.16701,0.114,0.75,0.170735,20,15,g0,Loose,Loose,Loose_L1,0
6319,1.70554e+09,1,1,1.18775,0.112308,0.75,0.164949,20,15,g0,Loose,Loose,Loose_L1,0
6321,1.70554e+09,1,0,1.0,0.0998081,0.7,0.167842,20,14,g0,Loose,Loose,Loose_L1,0
6323,1.70554e+09,1,1,1.09803,0.112145,0.7,0.162467,20,14,g0,Loose,Loose,Loose_L1,0
6325,1.70554e+09,1,1,2.16837,0.219121,0.7,0.162467,20,14,g0,Loose,Loose,Loose_L1,0
6327,1.70554e+09,1,0,1.0,0.0935639,0.65,0.170735,20,13,g0,Loose,Loose,Loose_L1,0
6329,1.70554e+09,1,0,1.0,0.108043,0.6,0.162467,20,12,g0,Loose,Native,Native,1
6331,1.70554e+09,1,1,1.90079,0.188418,0.6,0.162467,20,12,g0,Native,Native,Native,0
6333,1.70554e+09,1,1,1.80471,0.159576,0.6,0.1568875,20,12,g0,Native,Native,Native,0
6335,1.70554e+09,1,1,1.00638,0.0918895,0.65,0.154199,20,13,g0,Native,Native,Native,0
6337,1.70554e+09,1,0,1.0,0.108235,0.65,0.154199,20,13,g0,Native,Native,Native,0
6339,1.70554e+09,1,1,1.63825,0.168153,0.65,0.154199,20,13,g0,Native,Native,Native,0
6341,1.70554e+09,1,1,5.98647,0.546799,0.7,0.1568875,20,14,g0,Native,Native,Native,0
6343,1.70554e+09,1,1,5.06093,0.398075,0.7,0.1638645,20,14,g0,Native,Native,Native,0
6345,1.70554e+09,1,1,3.45999,0.270267,0.75,0.168153,20,15,g0,Native,Loose,Loose_L1,1
6347,1.70554e+09,1,1,6.53189,0.564045,0.75,0.168153,20,15,g0,Loose,Loose,Loose_L1,0
6349,1.70554e+09,1,1,5.39909,0.411875,0.75,0.188418,20,15,g0,Loose,Loose,Loose_L1,0
6351,1.70554e+09,1,1,3.50851,0.263606,0.8,0.2019495,20,16,g0,Loose,Loose,Loose_L1,0
6353,1.70554e+09,1,1,8.54744,0.799957,0.8,0.2037695,20,16,g0,Loose,Loose,Loose_L1,0
6355,1.70554e+09,1,1,1.18706,0.0969251,0.8,0.2037695,20,16,g0,Loose,Loose,Loose_L1,0
6357,1.70554e+09,1,1,2.12577,0.229728,0.8,0.2244245,20,16,g0,Loose,Loose,Loose_L1,0
6359,1.70554e+09,1,1,5.02701,0.434424,0.8,0.246667,20,16,g0,Loose,Loose,Loose_L1,0
6361,1.70554e+09,1,1,5.83142,0.460303,0.85,0.263606,20,17,g0,Loose,Loose,Loose_L1,0
6363,1.70554e+09,1,1,5.70858,0.491956,0.85,0.270267,20,17,g0,Loose,Loose,Loose_L1,0
6365,1.70554e+09,1,1,6.52657,0.491142,0.85,0.398075,20,17,g0,Loose,Loose,Loose_L1,0
6367,1.70554e+09,1,1,4.18155,0.296347,0.9,0.34721100000000005,20,18,g0,Loose,Loose,Loose_L1,0
6369,1.70554e+09,1,1,5.78979,0.441302,0.95,0.398075,20,19,g0,Loose,Loose,Loose_L1,0
6371,1.70554e+09,1,1,5.70807,0.446633,0.95,0.411875,20,19,g0,Loose,Loose,Loose_L1,0
6373,1.70554e+09,1,1,3.44467,0.257426,0.95,0.411875,20,19,g0,Loose,Loose,Loose_L1,0
6375,1.70554e+09,1,1,5.95451,0.530326,0.95,0.434424,20,19,g0,Loose,Loose,Loose_L1,0
6377,1.70554e+09,1,1,3.73401,0.278982,1.0,0.42314949999999996,20,20,g0,Loose,Loose,Loose_L1,0
6379,1.70554e+09,1,1,4.0465,0.337687,1.0,0.42314949999999996,20,20,g0,Loose,Loose,Loose_L1,0
6381,1.70554e+09,1,1,6.01466,0.483081,1.0,0.42314949999999996,20,20,g0,Loose,Loose,Loose_L1,0
6383,1.70554e+09,1,1,3.07491,0.247106,1.0,0.42314949999999996,20,20,g0,Loose,Loose,Loose_L1,0
6385,1.70554e+09,1,1,2.80121,0.276431,1.0,0.42314949999999996,20,20,g0,Loose,Loose,Loose_L1,0
6387,1.70554e+09,1,1,4.01887,0.350782,1.0,0.38132849999999996,20,20,g0,Loose,Loose,Loose_L1,0
6389,1.70554e+09,1,1,2.97112,0.210695,1.0,0.3442345,20,20,g0,Loose,Loose,Loose_L1,0
6391,1.70554e+09,1,1,3.02708,0.280738,1.0,0.3442345,20,20,g0,Loose,Loose,Loose_L1,0
6393,1.70554e+09,1,1,3.53082,0.278869,1.0,0.317017,20,20,g0,Loose,Loose,Loose_L1,0
6395,1.70554e+09,1,1,2.79059,0.210399,1.0,0.317017,20,20,g0,Loose,Loose,Loose_L1,0
6397,1.70554e+09,1,1,2.17315,0.160589,1.0,0.317017,20,20,g0,Loose,Loose,Loose_L1,0
6399,1.70554e+09,1,1,4.06495,0.337724,1.0,0.317017,20,20,g0,Loose,Loose,Loose_L1,0
6401,1.70554e+09,1,1,2.23195,0.182687,1.0,0.28854250000000004,20,20,g0,Loose,Loose,Loose_L1,0
6403,1.70554e+09,1,1,2.10895,0.180402,1.0,0.27986,20,20,g0,Loose,Loose,Loose_L1,0
6405,1.70554e+09,1,1,2.09862,0.196752,1.0,0.2789255,20,20,g0,Loose,Loose,Loose_L1,0
6407,1.70554e+09,1,1,1.78676,0.16849,1.0,0.27764999999999995,20,20,g0,Loose,Loose,Loose_L1,0
6409,1.70554e+09,1,1,1.79147,0.166863,1.0,0.2669285,20,20,g0,Loose,Loose,Loose_L1,0
6411,1.70554e+09,1,1,1.18551,0.113649,1.0,0.252266,20,20,g0,Loose,Loose,Loose_L1,0
6413,1.70554e+09,1,1,1.28736,0.123864,1.0,0.2289005,20,20,g0,Loose,Loose,Loose_L1,0
6415,1.70554e+09,1,1,1.046,0.0981744,1.0,0.21054699999999998,20,20,g0,Loose,Loose,Loose_L1,0
6417,1.70554e+09,1,1,1.00288,0.106393,1.0,0.20357550000000002,20,20,g0,Loose,Loose,Loose_L1,0
6419,1.70554e+09,1,1,1.00306,0.103375,1.0,0.18971949999999999,20,20,g0,Loose,Loose,Loose_L1,0
6421,1.70554e+09,1,1,1.23016,0.122773,1.0,0.1815445,20,20,g0,Loose,Loose,Loose_L1,0
6423,1.70554e+09,1,1,1.10315,0.129865,1.0,0.174446,20,20,g0,Loose,Loose,Loose_L1,0
6425,1.70554e+09,1,0,1.0,0.101791,0.95,0.16849,20,19,g0,Loose,Loose,Loose_L1,0
6427,1.70554e+09,1,1,1.40656,0.139853,0.95,0.166863,20,19,g0,Loose,Loose,Loose_L1,0
6429,1.70554e+09,1,1,1.21553,0.113689,0.95,0.160589,20,19,g0,Loose,Loose,Loose_L1,0
6431,1.70554e+09,1,0,1.0,0.102483,0.9,0.150221,20,18,g0,Loose,Loose,Loose_L1,0
6433,1.70554e+09,1,0,1.0,0.0970187,0.85,0.139853,20,17,g0,Loose,Loose,Loose_L1,0
6435,1.70554e+09,1,1,1.03918,0.106452,0.85,0.129865,20,17,g0,Loose,Loose,Loose_L1,0
6437,1.70554e+09,1,1,5.01844,0.510056,0.85,0.129865,20,17,g0,Loose,Loose,Loose_L1,0
6439,1.70554e+09,1,1,1.70956,0.131967,0.85,0.129865,20,17,g0,Loose,Loose,Loose_L1,0
6441,1.70554e+09,1,1,5.91269,0.573768,0.85,0.129865,20,17,g0,Loose,Loose,Loose_L1,0
6443,1.70554e+09,1,1,1.90309,0.154687,0.85,0.129865,20,17,g0,Loose,Loose,Loose_L1,0
6445,1.70554e+09,1,1,5.59827,0.494879,0.85,0.129865,20,17,g0,Loose,Loose,Loose_L1,0
6447,1.70554e+09,1,1,8.94377,0.694819,0.85,0.129865,20,17,g0,Loose,Loose,Loose_L1,0
6449,1.70554e+09,1,1,4.47898,0.306911,0.85,0.129865,20,17,g0,Loose,Loose,Loose_L1,0
6451,1.70554e+09,1,1,4.86029,0.397181,0.85,0.131967,20,17,g0,Loose,Loose,Loose_L1,0
6453,1.70554e+09,1,1,4.11203,0.310507,0.85,0.139853,20,17,g0,Loose,Loose,Loose_L1,0
6455,1.70554e+09,1,1,8.12602,0.651033,0.85,0.154687,20,17,g0,Loose,Loose,Loose_L1,0
6457,1.70554e+09,1,1,4.51397,0.326392,0.85,0.306911,20,17,g0,Loose,Loose,Loose_L1,0
6459,1.70554e+09,1,1,5.80789,0.437837,0.85,0.310507,20,17,g0,Loose,Loose,Loose_L1,0
6461,1.70554e+09,1,1,4.62331,0.327031,0.85,0.326392,20,17,g0,Loose,Loose,Loose_L1,0
6463,1.70554e+09,1,1,6.31089,0.480503,0.85,0.327031,20,17,g0,Loose,Loose,Loose_L1,0
6465,1.70554e+09,1,1,5.01174,0.377639,0.9,0.352335,20,18,g0,Loose,Loose,Loose_L1,0
6467,1.70554e+09,1,1,7.59621,0.55527,0.9,0.38741000000000003,20,18,g0,Loose,Loose,Loose_L1,0
6469,1.70554e+09,1,1,6.40336,0.4385,0.9,0.417509,20,18,g0,Loose,Loose,Loose_L1,0
6471,1.70554e+09,1,1,4.40985,0.326478,0.95,0.397181,20,19,g0,Loose,Loose,Loose_L1,0
6473,1.70554e+09,1,1,3.92507,0.319423,1.0,0.38741000000000003,20,20,g0,Loose,Loose,Loose_L1,0
6475,1.70554e+09,1,1,6.19874,0.526956,1.0,0.417509,20,20,g0,Loose,Loose,Loose_L1,0
6477,1.70554e+09,1,1,5.96167,0.437952,1.0,0.417509,20,20,g0,Loose,Loose,Loose_L1,0
6479,1.70554e+09,1,1,6.56525,0.496613,1.0,0.43789449999999996,20,20,g0,Loose,Loose,Loose_L1,0
6481,1.70554e+09,1,1,4.24526,0.321242,1.0,0.417509,20,20,g0,Loose,Loose,Loose_L1,0
6483,1.70554e+09,1,1,6.14827,0.518633,1.0,0.43789449999999996,20,20,g0,Loose,Loose,Loose_L1,0
6485,1.70554e+09,1,1,3.67406,0.29851,1.0,0.417509,20,20,g0,Loose,Loose,Loose_L1,0
6487,1.70554e+09,1,1,3.12881,0.275624,1.0,0.38741000000000003,20,20,g0,Loose,Loose,Loose_L1,0
6489,1.70554e+09,1,1,6.8808,0.628439,1.0,0.417509,20,20,g0,Loose,Loose,Loose_L1,0
6491,1.70554e+09,1,1,4.95848,0.369032,1.0,0.407738,20,20,g0,Loose,Loose,Loose_L1,0
6493,1.70554e+09,1,1,6.37555,0.499381,1.0,0.43789449999999996,20,20,g0,Loose,Loose,Loose_L1,0
6495,1.70554e+09,1,1,5.21789,0.380177,1.0,0.409007,20,20,g0,Loose,Loose,Loose_L1,0
6497,1.70554e+09,1,1,3.8929,0.302416,1.0,0.409007,20,20,g0,Loose,Loose,Loose_L1,0
6499,1.70554e+09,1,1,3.3066,0.27117,1.0,0.378908,20,20,g0,Loose,Loose,Loose_L1,0
6501,1.70554e+09,1,1,4.24954,0.360136,1.0,0.378908,20,20,g0,Loose,Loose,Loose_L1,0
6503,1.70554e+09,1,1,2.92546,0.241465,1.0,0.37333550000000004,20,20,g0,Loose,Loose,Loose_L1,0
6505,1.70554e+09,1,1,2.59144,0.221479,1.0,0.364584,20,20,g0,Loose,Loose,Loose_L1,0
6507,1.70554e+09,1,1,3.04374,0.267507,1.0,0.34330700000000003,20,20,g0,Loose,Loose,Loose_L1,0
6509,1.70554e+09,1,1,4.7069,0.401719,1.0,0.34330700000000003,20,20,g0,Loose,Loose,Loose_L1,0
6511,1.70554e+09,1,1,4.80987,0.390728,1.0,0.364584,20,20,g0,Loose,Loose,Loose_L1,0
6513,1.70554e+09,1,1,3.40323,0.275869,1.0,0.364584,20,20,g0,Loose,Loose,Loose_L1,0
6515,1.70554e+09,1,1,2.81246,0.241631,1.0,0.340689,20,20,g0,Loose,Loose,Loose_L1,0
6517,1.70554e+09,1,1,2.64243,0.23397,1.0,0.311829,20,20,g0,Loose,Loose,Loose_L1,0
6519,1.70554e+09,1,1,1.85924,0.164499,1.0,0.30046300000000004,20,20,g0,Loose,Loose,Loose_L1,0
6521,1.70554e+09,1,1,1.8808,0.165519,1.0,0.2871895,20,20,g0,Loose,Loose,Loose_L1,0
6523,1.70554e+09,1,1,1.93612,0.171097,1.0,0.2757465,20,20,g0,Loose,Loose,Loose_L1,0
6525,1.70554e+09,1,1,1.99943,0.188613,1.0,0.273397,20,20,g0,Loose,Loose,Loose_L1,0
6527,1.70554e+09,1,1,1.83194,0.166905,1.0,0.26933850000000004,20,20,g0,Loose,Loose,Loose_L1,0
6529,1.70554e+09,1,1,1.6408,0.157432,1.0,0.254569,20,20,g0,Loose,Loose,Loose_L1,0
6531,1.70554e+09,1,0,1.0,0.0989901,0.95,0.241631,20,19,g0,Loose,Loose,Loose_L1,0
6533,1.70554e+09,1,0,1.0,0.113446,0.9,0.241548,20,18,g0,Loose,Loose,Loose_L1,0
6535,1.70554e+09,1,0,1.0,0.103283,0.85,0.241465,20,17,g0,Loose,Loose,Loose_L1,0
6537,1.70554e+09,1,0,1.0,0.105203,0.8,0.23771750000000003,20,16,g0,Loose,Loose,Loose_L1,0
6539,1.70554e+09,1,0,1.0,0.115565,0.75,0.23397,20,15,g0,Loose,Loose,Loose_L1,0
6541,1.70554e+09,1,0,1.0,0.125956,0.7,0.2277245,20,14,g0,Loose,Loose,Loose_L1,0
6543,1.70554e+09,1,0,1.0,0.14034,0.65,0.221479,20,13,g0,Loose,Loose,Loose_L1,0
6545,1.70554e+09,1,0,1.0,0.103308,0.6,0.21129150000000002,20,12,g0,Loose,Native,Native,1
6547,1.70554e+09,1,0,1.0,0.107712,0.55,0.188613,20,11,g0,Native,Native,Native,0
6549,1.70554e+09,1,0,1.0,0.103566,0.5,0.179855,20,10,g0,Native,Native,Native,0
6551,1.70554e+09,1,0,1.0,0.096231,0.45,0.171097,20,9,g0,Native,Native,Native,0
6553,1.70554e+09,1,0,1.0,0.0972365,0.4,0.169001,20,8,g0,Native,Native,Native,0
6555,1.70554e+09,1,0,1.0,0.0971939,0.35,0.166905,20,7,g0,Native,Native,Native,0
6557,1.70554e+09,1,0,1.0,0.0995072,0.3,0.166212,20,6,g0,Native,Native,Native,0
6559,1.70554e+09,1,0,1.0,0.105595,0.25,0.166905,20,5,g0,Native,Native,Native,0
6561,1.70554e+09,1,0,1.0,0.11104,0.2,0.169001,20,4,g0,Native,Native,Native,0
6563,1.70554e+09,1,0,1.0,0.109677,0.15,0.166905,20,3,g0,Native,Native,Native,0
6565,1.70554e+09,1,0,1.0,0.115044,0.1,0.1621685,20,2,g0,Native,Native,Native,0
6567,1.70554e+09,1,1,1.52053,0.141466,0.1,0.149449,20,2,g0,Native,Native,Native,0
6569,1.70554e+09,1,1,3.01828,0.281298,0.1,0.21138200000000001,20,2,g0,Native,Native,Native,0
6571,1.70554e+09,1,1,3.84721,0.349449,0.15,0.281298,20,3,g0,Native,Native,Native,0
6573,1.70554e+09,1,1,3.35691,0.265228,0.2,0.27326300000000003,20,4,g0,Native,Native,Native,0
6575,1.70554e+09,1,1,3.54866,0.295081,0.25,0.281298,20,5,g0,Native,Native,Native,0
6577,1.70554e+09,1,1,3.80271,0.346257,0.3,0.2881895,20,6,g0,Native,Native,Native,0
6579,1.70554e+09,1,1,3.08512,0.271,0.35,0.281298,20,7,g0,Native,Native,Native,0
6581,1.70554e+09,1,1,3.55283,0.323624,0.4,0.2881895,20,8,g0,Native,Native,Native,0
6583,1.70554e+09,1,1,4.75697,0.448723,0.45,0.295081,20,9,g0,Native,Native,Native,0
6585,1.70554e+09,1,1,3.75512,0.287714,0.5,0.2913975,20,10,g0,Native,Native,Native,0
6587,1.70554e+09,1,1,3.31923,0.287301,0.55,0.287714,20,11,g0,Native,Native,Native,0
6589,1.70554e+09,1,1,4.19052,0.420061,0.6,0.2913975,20,12,g0,Native,Native,Native,0
6591,1.70554e+09,1,1,3.51458,0.306215,0.65,0.295081,20,13,g0,Native,Native,Native,0
6593,1.70554e+09,1,1,3.74192,0.349207,0.7,0.300648,20,14,g0,Native,Native,Native,0
6595,1.70554e+09,1,1,3.3633,0.298412,0.75,0.298412,20,15,g0,Native,Loose,Loose_L1,1
6597,1.70554e+09,1,1,3.21261,0.252537,0.8,0.2967465,20,16,g0,Loose,Loose,Loose_L1,0
6599,1.70554e+09,1,1,3.44601,0.298721,0.85,0.298412,20,17,g0,Loose,Loose,Loose_L1,0
6601,1.70554e+09,1,1,3.87668,0.239121,0.9,0.2967465,20,18,g0,Loose,Loose,Loose_L1,0
6603,1.70554e+09,1,1,3.63896,0.222498,0.95,0.295081,20,19,g0,Loose,Loose,Loose_L1,0
6605,1.70554e+09,1,1,3.28814,0.237508,1.0,0.2913975,20,20,g0,Loose,Loose,Loose_L1,0
6607,1.70554e+09,1,1,3.69877,0.243444,1.0,0.2913975,20,20,g0,Loose,Loose,Loose_L1,0
6609,1.70554e+09,1,1,4.45263,0.31186,1.0,0.2967465,20,20,g0,Loose,Loose,Loose_L1,0
6611,1.70554e+09,1,1,3.84225,0.268702,1.0,0.2913975,20,20,g0,Loose,Loose,Loose_L1,0
6613,1.70554e+09,1,1,4.13769,0.280056,1.0,0.2913975,20,20,g0,Loose,Loose,Loose_L1,0
6615,1.70554e+09,1,1,2.5841,0.165742,1.0,0.2875075,20,20,g0,Loose,Loose,Loose_L1,0
6617,1.70554e+09,1,1,2.87019,0.221274,1.0,0.2836785,20,20,g0,Loose,Loose,Loose_L1,0
6619,1.70554e+09,1,1,2.87995,0.174532,1.0,0.2836785,20,20,g0,Loose,Loose,Loose_L1,0
6621,1.70554e+09,1,1,3.35289,0.219635,1.0,0.27437900000000004,20,20,g0,Loose,Loose,Loose_L1,0
6623,1.70554e+09,1,1,2.34594,0.176146,1.0,0.2606195,20,20,g0,Loose,Loose,Loose_L1,0
6625,1.70554e+09,1,1,2.59638,0.186606,1.0,0.2479905,20,20,g0,Loose,Loose,Loose_L1,0
6627,1.70554e+09,1,1,2.40992,0.158797,1.0,0.2412825,20,20,g0,Loose,Loose,Loose_L1,0
6629,1.70554e+09,1,1,3.42679,0.220708,1.0,0.23831449999999998,20,20,g0,Loose,Loose,Loose_L1,0
6631,1.70554e+09,1,1,2.88996,0.20237,1.0,0.230003,20,20,g0,Loose,Loose,Loose_L1,0
6633,1.70554e+09,1,1,3.22129,0.280607,1.0,0.230003,20,20,g0,Loose,Loose,Loose_L1,0
6635,1.70554e+09,1,1,3.18188,0.236801,1.0,0.2296495,20,20,g0,Loose,Loose,Loose_L1,0
6637,1.70554e+09,1,1,4.04229,0.354392,1.0,0.2296495,20,20,g0,Loose,Loose,Loose_L1,0
6639,1.70554e+09,1,1,2.96085,0.188945,1.0,0.221886,20,20,g0,Loose,Loose,Loose_L1,0
6641,1.70554e+09,1,1,3.35779,0.27357,1.0,0.221886,20,20,g0,Loose,Loose,Loose_L1,0
6643,1.70554e+09,1,1,3.20545,0.238589,1.0,0.2290375,20,20,g0,Loose,Loose,Loose_L1,0
6645,1.70554e+09,1,1,1.65289,0.171395,1.0,0.220991,20,20,g0,Loose,Loose,Loose_L1,0
6647,1.70554e+09,1,1,2.35468,0.257912,1.0,0.220991,20,20,g0,Loose,Loose,Loose_L1,0
6649,1.70554e+09,1,1,1.86971,0.193603,1.0,0.2201715,20,20,g0,Loose,Loose,Loose_L1,0
6651,1.70554e+09,1,1,2.03955,0.197922,1.0,0.21100249999999998,20,20,g0,Loose,Loose,Loose_L1,0
6653,1.70554e+09,1,1,3.24183,0.340595,1.0,0.21100249999999998,20,20,g0,Loose,Loose,Loose_L1,0
6655,1.70554e+09,1,1,2.74135,0.238896,1.0,0.2201715,20,20,g0,Loose,Loose,Loose_L1,0
6657,1.70554e+09,1,1,1.62046,0.14071,1.0,0.21100249999999998,20,20,g0,Loose,Loose,Loose_L1,0
6659,1.70554e+09,1,1,2.08331,0.228231,1.0,0.2201715,20,20,g0,Loose,Loose,Loose_L1,0
6661,1.70554e+09,1,1,1.96014,0.174381,1.0,0.21153899999999998,20,20,g0,Loose,Loose,Loose_L1,0
6663,1.70554e+09,1,1,1.61118,0.139333,1.0,0.21153899999999998,20,20,g0,Loose,Loose,Loose_L1,0
6665,1.70554e+09,1,1,1.78268,0.159493,1.0,0.21153899999999998,20,20,g0,Loose,Loose,Loose_L1,0
6667,1.70554e+09,1,1,1.61139,0.148773,1.0,0.21153899999999998,20,20,g0,Loose,Loose,Loose_L1,0
6669,1.70554e+09,1,1,2.02892,0.186555,1.0,0.200146,20,20,g0,Loose,Loose,Loose_L1,0
6671,1.70554e+09,1,1,1.58516,0.141064,1.0,0.1957625,20,20,g0,Loose,Loose,Loose_L1,0
6673,1.70554e+09,1,1,2.29176,0.203858,1.0,0.1957625,20,20,g0,Loose,Loose,Loose_L1,0
6675,1.70554e+09,1,1,1.52827,0.132345,1.0,0.191274,20,20,g0,Loose,Loose,Loose_L1,0
6677,1.70554e+09,1,1,1.51675,0.1377,1.0,0.18775,20,20,g0,Loose,Loose,Loose_L1,0
6679,1.70554e+09,1,1,1.95278,0.178272,1.0,0.1824135,20,20,g0,Loose,Loose,Loose_L1,0
6681,1.70554e+09,1,1,1.68462,0.149862,1.0,0.1763265,20,20,g0,Loose,Loose,Loose_L1,0
6683,1.70554e+09,1,1,1.53008,0.138337,1.0,0.172888,20,20,g0,Loose,Loose,Loose_L1,0
6685,1.70554e+09,1,1,1.89016,0.168523,1.0,0.171452,20,20,g0,Loose,Loose,Loose_L1,0
6687,1.70554e+09,1,1,1.30314,0.117309,1.0,0.164008,20,20,g0,Loose,Loose,Loose_L1,0
6689,1.70554e+09,1,1,1.37095,0.128358,1.0,0.1546775,20,20,g0,Loose,Loose,Loose_L1,0
6691,1.70554e+09,1,1,1.83998,0.171923,1.0,0.1546775,20,20,g0,Loose,Loose,Loose_L1,0
6693,1.70554e+09,1,1,2.63858,0.239917,1.0,0.1546775,20,20,g0,Loose,Loose,Loose_L1,0
6695,1.70554e+09,1,1,1.79283,0.143494,1.0,0.1493175,20,20,g0,Loose,Loose,Loose_L1,0
6697,1.70554e+09,1,1,1.29329,0.117634,1.0,0.1493175,20,20,g0,Loose,Loose,Loose_L1,0
6699,1.70554e+09,1,1,1.76875,0.165846,1.0,0.1493175,20,20,g0,Loose,Loose,Loose_L1,0
6701,1.70554e+09,1,1,1.43956,0.133833,1.0,0.1461335,20,20,g0,Loose,Loose,Loose_L1,0
6703,1.70554e+09,1,1,1.54271,0.140231,1.0,0.1461335,20,20,g0,Loose,Loose,Loose_L1,0
6705,1.70554e+09,1,1,1.7302,0.162976,1.0,0.1461335,20,20,g0,Loose,Loose,Loose_L1,0
6707,1.70554e+09,1,1,1.49765,0.129498,1.0,0.142279,20,20,g0,Loose,Loose,Loose_L1,0
6709,1.70554e+09,1,1,1.46745,0.137335,1.0,0.14064749999999998,20,20,g0,Loose,Loose,Loose_L1,0
6711,1.70554e+09,1,1,1.46516,0.136083,1.0,0.139284,20,20,g0,Loose,Loose,Loose_L1,0
6713,1.70554e+09,1,1,1.56499,0.14508,1.0,0.139284,20,20,g0,Loose,Loose,Loose_L1,0
6715,1.70554e+09,1,1,1.32328,0.121628,1.0,0.139284,20,20,g0,Loose,Loose,Loose_L1,0
6717,1.70554e+09,1,1,1.74569,0.163362,1.0,0.1418625,20,20,g0,Loose,Loose,Loose_L1,0
6719,1.70554e+09,1,1,1.38436,0.122212,1.0,0.139284,20,20,g0,Loose,Loose,Loose_L1,0
6721,1.70554e+09,1,1,2.01674,0.190386,1.0,0.139284,20,20,g0,Loose,Loose,Loose_L1,0
6723,1.70554e+09,1,1,2.29987,0.188452,1.0,0.1418625,20,20,g0,Loose,Loose,Loose_L1,0
6725,1.70554e+09,1,1,1.65753,0.146935,1.0,0.1418625,20,20,g0,Loose,Loose,Loose_L1,0
6727,1.70554e+09,1,1,1.55474,0.135811,1.0,0.1418625,20,20,g0,Loose,Loose,Loose_L1,0
6729,1.70554e+09,1,1,1.33923,0.121388,1.0,0.1418625,20,20,g0,Loose,Loose,Loose_L1,0
6731,1.70554e+09,1,1,1.66082,0.149017,1.0,0.1418625,20,20,g0,Loose,Loose,Loose_L1,0
6733,1.70554e+09,1,1,1.35751,0.124007,1.0,0.138783,20,20,g0,Loose,Loose,Loose_L1,0
6735,1.70554e+09,1,1,1.50959,0.140526,1.0,0.138783,20,20,g0,Loose,Loose,Loose_L1,0
6737,1.70554e+09,1,1,1.9874,0.182853,1.0,0.14037850000000002,20,20,g0,Loose,Loose,Loose_L1,0
6739,1.70554e+09,1,1,1.10983,0.100278,1.0,0.138783,20,20,g0,Loose,Loose,Loose_L1,0
6741,1.70554e+09,1,1,1.41402,0.136046,1.0,0.138783,20,20,g0,Loose,Loose,Loose_L1,0
6743,1.70554e+09,1,1,1.85342,0.167508,1.0,0.1389305,20,20,g0,Loose,Loose,Loose_L1,0
6745,1.70554e+09,1,1,1.6425,0.148917,1.0,0.1389305,20,20,g0,Loose,Loose,Loose_L1,0
6747,1.70554e+09,1,1,1.38783,0.128302,1.0,0.1389305,20,20,g0,Loose,Loose,Loose_L1,0
6749,1.70554e+09,1,1,1.34153,0.121644,1.0,0.1383045,20,20,g0,Loose,Loose,Loose_L1,0
6751,1.70554e+09,1,1,2.2757,0.215303,1.0,0.142803,20,20,g0,Loose,Loose,Loose_L1,0
6753,1.70554e+09,1,1,1.4376,0.127381,1.0,0.13828600000000002,20,20,g0,Loose,Loose,Loose_L1,0
6755,1.70554e+09,1,1,1.48013,0.139771,1.0,0.1401485,20,20,g0,Loose,Loose,Loose_L1,0
6757,1.70554e+09,1,1,1.63187,0.147767,1.0,0.1401485,20,20,g0,Loose,Loose,Loose_L1,0
6759,1.70554e+09,1,1,1.47744,0.130842,1.0,0.1401485,20,20,g0,Loose,Loose,Loose_L1,0
6761,1.70554e+09,1,1,1.35075,0.126982,1.0,0.1379085,20,20,g0,Loose,Loose,Loose_L1,0
6763,1.70554e+09,1,1,1.31674,0.123644,1.0,0.1359285,20,20,g0,Loose,Loose,Loose_L1,0
6765,1.70554e+09,1,1,1.545,0.147831,1.0,0.1359285,20,20,g0,Loose,Loose,Loose_L1,0
6767,1.70554e+09,1,1,1.89132,0.175998,1.0,0.1379085,20,20,g0,Loose,Loose,Loose_L1,0
6769,1.70554e+09,1,1,1.30668,0.116231,1.0,0.1379085,20,20,g0,Loose,Loose,Loose_L1,0
6771,1.70554e+09,1,1,1.442,0.127995,1.0,0.133444,20,20,g0,Loose,Loose,Loose_L1,0
6773,1.70554e+09,1,1,1.23422,0.115282,1.0,0.133444,20,20,g0,Loose,Loose,Loose_L1,0
6775,1.70554e+09,1,1,1.79832,0.172926,1.0,0.133444,20,20,g0,Loose,Loose,Loose_L1,0
6777,1.70554e+09,1,1,1.30621,0.115335,1.0,0.12957200000000002,20,20,g0,Loose,Loose,Loose_L1,0
6779,1.70554e+09,1,1,1.6181,0.154064,1.0,0.133444,20,20,g0,Loose,Loose,Loose_L1,0
6781,1.70554e+09,1,1,1.56761,0.144358,1.0,0.1353065,20,20,g0,Loose,Loose,Loose_L1,0
6783,1.70554e+09,1,1,1.34844,0.120243,1.0,0.12957200000000002,20,20,g0,Loose,Loose,Loose_L1,0
6785,1.70554e+09,1,1,1.19603,0.112944,1.0,0.1281485,20,20,g0,Loose,Loose,Loose_L1,0
6787,1.70554e+09,1,1,1.54232,0.146656,1.0,0.1294185,20,20,g0,Loose,Loose,Loose_L1,0
6789,1.70554e+09,1,1,2.21934,0.199346,1.0,0.1353065,20,20,g0,Loose,Loose,Loose_L1,0
6791,1.70554e+09,1,1,1.87391,0.162852,1.0,0.1353065,20,20,g0,Loose,Loose,Loose_L1,0
6793,1.70554e+09,1,1,1.38365,0.128135,1.0,0.1353065,20,20,g0,Loose,Loose,Loose_L1,0
6795,1.70554e+09,1,1,1.79724,0.168049,1.0,0.1376,20,20,g0,Loose,Loose,Loose_L1,0
6797,1.70554e+09,1,1,1.46192,0.134082,1.0,0.13246200000000002,20,20,g0,Loose,Loose,Loose_L1,0
6799,1.70554e+09,1,1,1.58477,0.14962,1.0,0.13922,20,20,g0,Loose,Loose,Loose_L1,0
6801,1.70554e+09,1,1,1.54441,0.144026,1.0,0.144192,20,20,g0,Loose,Loose,Loose_L1,0
6803,1.70554e+09,1,1,1.80882,0.170505,1.0,0.145507,20,20,g0,Loose,Loose,Loose_L1,0
6805,1.70554e+09,1,1,1.48032,0.136947,1.0,0.144192,20,20,g0,Loose,Loose,Loose_L1,0
6807,1.70554e+09,1,1,1.58242,0.146699,1.0,0.144192,20,20,g0,Loose,Loose,Loose_L1,0
6809,1.70554e+09,1,1,1.86394,0.171633,1.0,0.145507,20,20,g0,Loose,Loose,Loose_L1,0
6811,1.70554e+09,1,1,1.41326,0.130645,1.0,0.145507,20,20,g0,Loose,Loose,Loose_L1,0
6813,1.70554e+09,1,1,1.32582,0.118667,1.0,0.145507,20,20,g0,Loose,Loose,Loose_L1,0
6815,1.70554e+09,1,1,1.70575,0.156134,1.0,0.145507,20,20,g0,Loose,Loose,Loose_L1,0
6817,1.70554e+09,1,1,1.54431,0.137493,1.0,0.145507,20,20,g0,Loose,Loose,Loose_L1,0
6819,1.70554e+09,1,1,1.38393,0.129644,1.0,0.144192,20,20,g0,Loose,Loose,Loose_L1,0
6821,1.70554e+09,1,1,1.23534,0.110688,1.0,0.14075949999999998,20,20,g0,Loose,Loose,Loose_L1,0
6823,1.70554e+09,1,1,1.22237,0.111307,1.0,0.14075949999999998,20,20,g0,Loose,Loose,Loose_L1,0
6825,1.70554e+09,1,1,1.16905,0.111663,1.0,0.14075949999999998,20,20,g0,Loose,Loose,Loose_L1,0
6827,1.70554e+09,1,1,1.84262,0.174583,1.0,0.14075949999999998,20,20,g0,Loose,Loose,Loose_L1,0
6829,1.70554e+09,1,1,1.69369,0.146019,1.0,0.14075949999999998,20,20,g0,Loose,Loose,Loose_L1,0
6831,1.70554e+09,1,1,1.77971,0.164989,1.0,0.14075949999999998,20,20,g0,Loose,Loose,Loose_L1,0
6833,1.70554e+09,1,1,1.24213,0.108867,1.0,0.14075949999999998,20,20,g0,Loose,Loose,Loose_L1,0
6835,1.70554e+09,1,1,1.75748,0.16538,1.0,0.14075949999999998,20,20,g0,Loose,Loose,Loose_L1,0
6837,1.70554e+09,1,1,1.54054,0.140709,1.0,0.14236749999999998,20,20,g0,Loose,Loose,Loose_L1,0
6839,1.70554e+09,1,1,1.93581,0.170444,1.0,0.14236749999999998,20,20,g0,Loose,Loose,Loose_L1,0
6841,1.70554e+09,1,1,1.37595,0.120429,1.0,0.139101,20,20,g0,Loose,Loose,Loose_L1,0
6843,1.70554e+09,1,1,1.23793,0.118204,1.0,0.13722,20,20,g0,Loose,Loose,Loose_L1,0
6845,1.70554e+09,1,1,1.41326,0.134126,1.0,0.1358095,20,20,g0,Loose,Loose,Loose_L1,0
6847,1.70554e+09,1,1,1.85717,0.171696,1.0,0.1358095,20,20,g0,Loose,Loose,Loose_L1,0
6849,1.70554e+09,1,1,1.489,0.136049,1.0,0.1350875,20,20,g0,Loose,Loose,Loose_L1,0
6851,1.70554e+09,1,1,2.30384,0.215467,1.0,0.136771,20,20,g0,Loose,Loose,Loose_L1,0
6853,1.70554e+09,1,1,1.45551,0.129062,1.0,0.136771,20,20,g0,Loose,Loose,Loose_L1,0
6855,1.70554e+09,1,1,1.11921,0.102442,1.0,0.1350875,20,20,g0,Loose,Loose,Loose_L1,0
6857,1.70554e+09,1,1,2.20111,0.204565,1.0,0.1350875,20,20,g0,Loose,Loose,Loose_L1,0
6859,1.70554e+09,1,1,1.15819,0.104808,1.0,0.1350875,20,20,g0,Loose,Loose,Loose_L1,0
6861,1.70554e+09,1,1,1.40022,0.124513,1.0,0.1350875,20,20,g0,Loose,Loose,Loose_L1,0
6863,1.70554e+09,1,1,1.47288,0.140612,1.0,0.1383305,20,20,g0,Loose,Loose,Loose_L1,0
6865,1.70554e+09,1,1,1.73322,0.153625,1.0,0.1406605,20,20,g0,Loose,Loose,Loose_L1,0
6867,1.70554e+09,1,1,2.08992,0.191256,1.0,0.1406605,20,20,g0,Loose,Loose,Loose_L1,0
6869,1.70554e+09,1,1,1.23183,0.109245,1.0,0.1383305,20,20,g0,Loose,Loose,Loose_L1,0
6871,1.70554e+09,1,1,1.79077,0.168306,1.0,0.1383305,20,20,g0,Loose,Loose,Loose_L1,0
6873,1.70554e+09,1,1,1.64117,0.14892,1.0,0.1406605,20,20,g0,Loose,Loose,Loose_L1,0
6875,1.70554e+09,1,1,1.61585,0.148747,1.0,0.1406605,20,20,g0,Loose,Loose,Loose_L1,0
6877,1.70554e+09,1,1,1.44584,0.134186,1.0,0.1383305,20,20,g0,Loose,Loose,Loose_L1,0
6879,1.70554e+09,1,1,1.34028,0.120385,1.0,0.1351175,20,20,g0,Loose,Loose,Loose_L1,0
6881,1.70554e+09,1,1,1.26579,0.118738,1.0,0.1351175,20,20,g0,Loose,Loose,Loose_L1,0
6883,1.70554e+09,1,1,1.56321,0.144753,1.0,0.1383305,20,20,g0,Loose,Loose,Loose_L1,0
6885,1.70554e+09,1,1,2.06264,0.192199,1.0,0.1426825,20,20,g0,Loose,Loose,Loose_L1,0
6887,1.70554e+09,1,1,1.19422,0.105422,1.0,0.1383305,20,20,g0,Loose,Loose,Loose_L1,0
6889,1.70554e+09,1,1,1.52024,0.147445,1.0,0.1426825,20,20,g0,Loose,Loose,Loose_L1,0
6891,1.70554e+09,1,1,1.71369,0.151475,1.0,0.1426825,20,20,g0,Loose,Loose,Loose_L1,0
6893,1.70554e+09,1,1,1.41096,0.130616,1.0,0.1426825,20,20,g0,Loose,Loose,Loose_L1,0
6895,1.70554e+09,1,1,1.80697,0.160994,1.0,0.14609899999999998,20,20,g0,Loose,Loose,Loose_L1,0
