==================
WARNING: ThreadSanitizer: data race (pid=105091)
  Read of size 8 at 0x7fa56778f860 by thread T2:
    #0 tbb::interface9::internal::dynamic_grainsize_mode<tbb::interface9::internal::adaptive_mode<tbb::interface9::internal::auto_partition_type> >::check_being_stolen(tbb::task&) /usr/include/tbb/partitioner.h:397 (race_good+0x2703)
    #1 execute /usr/include/tbb/parallel_for.h:141 (race_good+0x2703)
    #2 <null> <null> (libtbb.so.2+0x2c544)

  Previous write of size 8 at 0x7fa56778f860 by main thread:
    #0 tbb::interface9::internal::adaptive_mode<tbb::interface9::internal::auto_partition_type>::adaptive_mode(tbb::interface9::internal::adaptive_mode<tbb::interface9::internal::auto_partition_type>&, tbb::split) /usr/include/tbb/partitioner.h:271 (race_good+0x29f7)
    #1 tbb::interface9::internal::dynamic_grainsize_mode<tbb::interface9::internal::adaptive_mode<tbb::interface9::internal::auto_partition_type> >::dynamic_grainsize_mode(tbb::interface9::internal::dynamic_grainsize_mode<tbb::interface9::internal::adaptive_mode<tbb::interface9::internal::auto_partition_type> >&, tbb::split) /usr/include/tbb/partitioner.h:388 (race_good+0x29f7)
    #2 tbb::interface9::internal::auto_partition_type::auto_partition_type(tbb::interface9::internal::auto_partition_type&, tbb::split) /usr/include/tbb/partitioner.h:482 (race_good+0x29f7)
    #3 start_for /usr/include/tbb/parallel_for.h:67 (race_good+0x29f7)
    #4 offer_work /usr/include/tbb/parallel_for.h:121 (race_good+0x29f7)
    #5 execute<tbb::interface9::internal::start_for<tbb::blocked_range<int>, main()::<lambda(const tbb::blocked_range<int>&)>, const tbb::auto_partitioner>, tbb::blocked_range<int> > /usr/include/tbb/partitioner.h:252 (race_good+0x29f7)
    #6 execute /usr/include/tbb/parallel_for.h:142 (race_good+0x29f7)
    #7 <null> <null> (libtbb.so.2+0x2c544)
    #8 parallel_for<tbb::blocked_range<int>, main()::<lambda(const tbb::blocked_range<int>&)> > /usr/include/tbb/parallel_for.h:201 (race_good+0x3028)
    #9 main /home/lc/super_livo/src/Super-LIO/tests/prob_lio/race_evidence.cpp:23 (race_good+0x3028)

  Thread T2 (tid=105094, running) created by thread T1 at:
    #0 pthread_create ../../../../src/libsanitizer/tsan/tsan_interceptors_posix.cpp:962 (libtsan.so.0+0x5ea79)
    #1 <null> <null> (libtbb.so.2+0x20750)

SUMMARY: ThreadSanitizer: data race /usr/include/tbb/partitioner.h:397 in tbb::interface9::internal::dynamic_grainsize_mode<tbb::interface9::internal::adaptive_mode<tbb::interface9::internal::auto_partition_type> >::check_being_stolen(tbb::task&)
==================
==================
WARNING: ThreadSanitizer: data race (pid=105091)
  Read of size 8 at 0x7fa56778f850 by thread T2:
    #0 tbb::blocked_range<int>::is_divisible() const /usr/include/tbb/blocked_range.h:93 (race_good+0x2818)
    #1 execute<tbb::interface9::internal::start_for<tbb::blocked_range<int>, main()::<lambda(const tbb::blocked_range<int>&)>, const tbb::auto_partitioner>, tbb::blocked_range<int> > /usr/include/tbb/partitioner.h:248 (race_good+0x2818)
    #2 execute /usr/include/tbb/parallel_for.h:142 (race_good+0x2818)
    #3 <null> <null> (libtbb.so.2+0x2c544)

  Previous write of size 8 at 0x7fa56778f850 by main thread:
    [failed to restore the stack]

  Thread T2 (tid=105094, running) created by thread T1 at:
    #0 pthread_create ../../../../src/libsanitizer/tsan/tsan_interceptors_posix.cpp:962 (libtsan.so.0+0x5ea79)
    #1 <null> <null> (libtbb.so.2+0x20750)

SUMMARY: ThreadSanitizer: data race /usr/include/tbb/blocked_range.h:93 in tbb::blocked_range<int>::is_divisible() const
==================
==================
WARNING: ThreadSanitizer: data race (pid=105091)
  Read of size 4 at 0x7fa56778f848 by thread T2:
    #0 tbb::blocked_range<int>::size() const /usr/include/tbb/blocked_range.h:78 (race_good+0x2824)
    #1 tbb::blocked_range<int>::is_divisible() const /usr/include/tbb/blocked_range.h:93 (race_good+0x2824)
    #2 execute<tbb::interface9::internal::start_for<tbb::blocked_range<int>, main()::<lambda(const tbb::blocked_range<int>&)>, const tbb::auto_partitioner>, tbb::blocked_range<int> > /usr/include/tbb/partitioner.h:248 (race_good+0x2824)
    #3 execute /usr/include/tbb/parallel_for.h:142 (race_good+0x2824)
    #4 <null> <null> (libtbb.so.2+0x2c544)

  Previous write of size 4 at 0x7fa56778f848 by main thread:
    [failed to restore the stack]

  Thread T2 (tid=105094, running) created by thread T1 at:
    #0 pthread_create ../../../../src/libsanitizer/tsan/tsan_interceptors_posix.cpp:962 (libtsan.so.0+0x5ea79)
    #1 <null> <null> (libtbb.so.2+0x20750)

SUMMARY: ThreadSanitizer: data race /usr/include/tbb/blocked_range.h:78 in tbb::blocked_range<int>::size() const
==================
==================
WARNING: ThreadSanitizer: data race (pid=105091)
  Read of size 4 at 0x7fa56778f84c by thread T2:
    #0 tbb::blocked_range<int>::size() const /usr/include/tbb/blocked_range.h:78 (race_good+0x2830)
    #1 tbb::blocked_range<int>::is_divisible() const /usr/include/tbb/blocked_range.h:93 (race_good+0x2830)
    #2 execute<tbb::interface9::internal::start_for<tbb::blocked_range<int>, main()::<lambda(const tbb::blocked_range<int>&)>, const tbb::auto_partitioner>, tbb::blocked_range<int> > /usr/include/tbb/partitioner.h:248 (race_good+0x2830)
    #3 execute /usr/include/tbb/parallel_for.h:142 (race_good+0x2830)
    #4 <null> <null> (libtbb.so.2+0x2c544)

  Previous write of size 4 at 0x7fa56778f84c by main thread:
    [failed to restore the stack]

  Thread T2 (tid=105094, running) created by thread T1 at:
    #0 pthread_create ../../../../src/libsanitizer/tsan/tsan_interceptors_posix.cpp:962 (libtsan.so.0+0x5ea79)
    #1 <null> <null> (libtbb.so.2+0x20750)

SUMMARY: ThreadSanitizer: data race /usr/include/tbb/blocked_range.h:78 in tbb::blocked_range<int>::size() const
==================
==================
WARNING: ThreadSanitizer: data race (pid=105091)
  Read of size 8 at 0x7fa567777860 by main thread:
    #0 tbb::interface9::internal::dynamic_grainsize_mode<tbb::interface9::internal::adaptive_mode<tbb::interface9::internal::auto_partition_type> >::check_being_stolen(tbb::task&) /usr/include/tbb/partitioner.h:397 (race_good+0x2703)
    #1 execute /usr/include/tbb/parallel_for.h:141 (race_good+0x2703)
    #2 <null> <null> (libtbb.so.2+0x2c544)
    #3 parallel_for<tbb::blocked_range<int>, main()::<lambda(const tbb::blocked_range<int>&)> > /usr/include/tbb/parallel_for.h:201 (race_good+0x3028)
    #4 main /home/lc/super_livo/src/Super-LIO/tests/prob_lio/race_evidence.cpp:23 (race_good+0x3028)

  Previous write of size 8 at 0x7fa567777860 by thread T1:
    #0 tbb::interface9::internal::adaptive_mode<tbb::interface9::internal::auto_partition_type>::adaptive_mode(tbb::interface9::internal::adaptive_mode<tbb::interface9::internal::auto_partition_type>&, tbb::split) /usr/include/tbb/partitioner.h:271 (race_good+0x29f7)
    #1 tbb::interface9::internal::dynamic_grainsize_mode<tbb::interface9::internal::adaptive_mode<tbb::interface9::internal::auto_partition_type> >::dynamic_grainsize_mode(tbb::interface9::internal::dynamic_grainsize_mode<tbb::interface9::internal::adaptive_mode<tbb::interface9::internal::auto_partition_type> >&, tbb::split) /usr/include/tbb/partitioner.h:388 (race_good+0x29f7)
    #2 tbb::interface9::internal::auto_partition_type::auto_partition_type(tbb::interface9::internal::auto_partition_type&, tbb::split) /usr/include/tbb/partitioner.h:482 (race_good+0x29f7)
    #3 start_for /usr/include/tbb/parallel_for.h:67 (race_good+0x29f7)
    #4 offer_work /usr/include/tbb/parallel_for.h:121 (race_good+0x29f7)
    #5 execute<tbb::interface9::internal::start_for<tbb::blocked_range<int>, main()::<lambda(const tbb::blocked_range<int>&)>, const tbb::auto_partitioner>, tbb::blocked_range<int> > /usr/include/tbb/partitioner.h:252 (race_good+0x29f7)
    #6 execute /usr/include/tbb/parallel_for.h:142 (race_good+0x29f7)
    #7 <null> <null> (libtbb.so.2+0x2c544)

  Thread T1 (tid=105093, running) created by main thread at:
    #0 pthread_create ../../../../src/libsanitizer/tsan/tsan_interceptors_posix.cpp:962 (libtsan.so.0+0x5ea79)
    #1 <null> <null> (libtbb.so.2+0x20750)
    #2 <null> <null> (libtbb.so.2+0x2c544)
    #3 parallel_for<tbb::blocked_range<int>, main()::<lambda(const tbb::blocked_range<int>&)> > /usr/include/tbb/parallel_for.h:201 (race_good+0x3028)
    #4 main /home/lc/super_livo/src/Super-LIO/tests/prob_lio/race_evidence.cpp:23 (race_good+0x3028)

SUMMARY: ThreadSanitizer: data race /usr/include/tbb/partitioner.h:397 in tbb::interface9::internal::dynamic_grainsize_mode<tbb::interface9::internal::adaptive_mode<tbb::interface9::internal::auto_partition_type> >::check_being_stolen(tbb::task&)
==================
==================
WARNING: ThreadSanitizer: data race (pid=105091)
  Read of size 8 at 0x7fa567777d60 by thread T3:
    #0 tbb::interface9::internal::dynamic_grainsize_mode<tbb::interface9::internal::adaptive_mode<tbb::interface9::internal::auto_partition_type> >::check_being_stolen(tbb::task&) /usr/include/tbb/partitioner.h:397 (race_good+0x2703)
    #1 execute /usr/include/tbb/parallel_for.h:141 (race_good+0x2703)
    #2 <null> <null> (libtbb.so.2+0x2c544)

  Previous write of size 8 at 0x7fa567777d60 by thread T1:
    #0 tbb::interface9::internal::adaptive_mode<tbb::interface9::internal::auto_partition_type>::adaptive_mode(tbb::interface9::internal::adaptive_mode<tbb::interface9::internal::auto_partition_type>&, tbb::split) /usr/include/tbb/partitioner.h:271 (race_good+0x29f7)
    #1 tbb::interface9::internal::dynamic_grainsize_mode<tbb::interface9::internal::adaptive_mode<tbb::interface9::internal::auto_partition_type> >::dynamic_grainsize_mode(tbb::interface9::internal::dynamic_grainsize_mode<tbb::interface9::internal::adaptive_mode<tbb::interface9::internal::auto_partition_type> >&, tbb::split) /usr/include/tbb/partitioner.h:388 (race_good+0x29f7)
    #2 tbb::interface9::internal::auto_partition_type::auto_partition_type(tbb::interface9::internal::auto_partition_type&, tbb::split) /usr/include/tbb/partitioner.h:482 (race_good+0x29f7)
    #3 start_for /usr/include/tbb/parallel_for.h:67 (race_good+0x29f7)
    #4 offer_work /usr/include/tbb/parallel_for.h:121 (race_good+0x29f7)
    #5 execute<tbb::interface9::internal::start_for<tbb::blocked_range<int>, main()::<lambda(const tbb::blocked_range<int>&)>, const tbb::auto_partitioner>, tbb::blocked_range<int> > /usr/include/tbb/partitioner.h:252 (race_good+0x29f7)
    #6 execute /usr/include/tbb/parallel_for.h:142 (race_good+0x29f7)
    #7 <null> <null> (libtbb.so.2+0x2c544)

  Thread T3 (tid=105095, running) created by main thread at:
    #0 pthread_create ../../../../src/libsanitizer/tsan/tsan_interceptors_posix.cpp:962 (libtsan.so.0+0x5ea79)
    #1 <null> <null> (libtbb.so.2+0x20750)
    #2 <null> <null> (libtbb.so.2+0x2c544)
    #3 parallel_for<tbb::blocked_range<int>, main()::<lambda(const tbb::blocked_range<int>&)> > /usr/include/tbb/parallel_for.h:201 (race_good+0x3028)
    #4 main /home/lc/super_livo/src/Super-LIO/tests/prob_lio/race_evidence.cpp:23 (race_good+0x3028)

  Thread T1 (tid=105093, running) created by main thread at:
    #0 pthread_create ../../../../src/libsanitizer/tsan/tsan_interceptors_posix.cpp:962 (libtsan.so.0+0x5ea79)
    #1 <null> <null> (libtbb.so.2+0x20750)
    #2 <null> <null> (libtbb.so.2+0x2c544)
    #3 parallel_for<tbb::blocked_range<int>, main()::<lambda(const tbb::blocked_range<int>&)> > /usr/include/tbb/parallel_for.h:201 (race_good+0x3028)
    #4 main /home/lc/super_livo/src/Super-LIO/tests/prob_lio/race_evidence.cpp:23 (race_good+0x3028)

SUMMARY: ThreadSanitizer: data race /usr/include/tbb/partitioner.h:397 in tbb::interface9::internal::dynamic_grainsize_mode<tbb::interface9::internal::adaptive_mode<tbb::interface9::internal::auto_partition_type> >::check_being_stolen(tbb::task&)
==================
==================
WARNING: ThreadSanitizer: data race (pid=105091)
  Read of size 1 at 0x7fa56778f86c by thread T2:
    #0 tbb::interface9::internal::dynamic_grainsize_mode<tbb::interface9::internal::adaptive_mode<tbb::interface9::internal::auto_partition_type> >::dynamic_grainsize_mode(tbb::interface9::internal::dynamic_grainsize_mode<tbb::interface9::internal::adaptive_mode<tbb::interface9::internal::auto_partition_type> >&, tbb::split) /usr/include/tbb/partitioner.h:388 (race_good+0x2a14)
    #1 tbb::interface9::internal::auto_partition_type::auto_partition_type(tbb::interface9::internal::auto_partition_type&, tbb::split) /usr/include/tbb/partitioner.h:482 (race_good+0x2a14)
    #2 start_for /usr/include/tbb/parallel_for.h:67 (race_good+0x2a14)
    #3 offer_work /usr/include/tbb/parallel_for.h:121 (race_good+0x2a14)
    #4 execute<tbb::interface9::internal::start_for<tbb::blocked_range<int>, main()::<lambda(const tbb::blocked_range<int>&)>, const tbb::auto_partitioner>, tbb::blocked_range<int> > /usr/include/tbb/partitioner.h:252 (race_good+0x2a14)
    #5 execute /usr/include/tbb/parallel_for.h:142 (race_good+0x2a14)
    #6 <null> <null> (libtbb.so.2+0x2c544)

  Previous write of size 1 at 0x7fa56778f86c by main thread:
    [failed to restore the stack]

  Thread T2 (tid=105094, running) created by thread T1 at:
    #0 pthread_create ../../../../src/libsanitizer/tsan/tsan_interceptors_posix.cpp:962 (libtsan.so.0+0x5ea79)
    #1 <null> <null> (libtbb.so.2+0x20750)

SUMMARY: ThreadSanitizer: data race /usr/include/tbb/partitioner.h:388 in tbb::interface9::internal::dynamic_grainsize_mode<tbb::interface9::internal::adaptive_mode<tbb::interface9::internal::auto_partition_type> >::dynamic_grainsize_mode(tbb::interface9::internal::dynamic_grainsize_mode<tbb::interface9::internal::adaptive_mode<tbb::interface9::internal::auto_partition_type> >&, tbb::split)
==================
==================
WARNING: ThreadSanitizer: data race (pid=105091)
  Read of size 8 at 0x7fa567777850 by main thread:
    #0 tbb::blocked_range<int>::is_divisible() const /usr/include/tbb/blocked_range.h:93 (race_good+0x2818)
    #1 execute<tbb::interface9::internal::start_for<tbb::blocked_range<int>, main()::<lambda(const tbb::blocked_range<int>&)>, const tbb::auto_partitioner>, tbb::blocked_range<int> > /usr/include/tbb/partitioner.h:248 (race_good+0x2818)
    #2 execute /usr/include/tbb/parallel_for.h:142 (race_good+0x2818)
    #3 <null> <null> (libtbb.so.2+0x2c544)
    #4 parallel_for<tbb::blocked_range<int>, main()::<lambda(const tbb::blocked_range<int>&)> > /usr/include/tbb/parallel_for.h:201 (race_good+0x3028)
    #5 main /home/lc/super_livo/src/Super-LIO/tests/prob_lio/race_evidence.cpp:23 (race_good+0x3028)

  Previous write of size 8 at 0x7fa567777850 by thread T1:
    #0 tbb::blocked_range<int>::blocked_range(tbb::blocked_range<int>&, tbb::split) /usr/include/tbb/blocked_range.h:101 (race_good+0x29cb)
    #1 start_for /usr/include/tbb/parallel_for.h:67 (race_good+0x29cb)
    #2 offer_work /usr/include/tbb/parallel_for.h:121 (race_good+0x29cb)
    #3 execute<tbb::interface9::internal::start_for<tbb::blocked_range<int>, main()::<lambda(const tbb::blocked_range<int>&)>, const tbb::auto_partitioner>, tbb::blocked_range<int> > /usr/include/tbb/partitioner.h:252 (race_good+0x29cb)
    #4 execute /usr/include/tbb/parallel_for.h:142 (race_good+0x29cb)
    #5 <null> <null> (libtbb.so.2+0x2c544)

  Thread T1 (tid=105093, running) created by main thread at:
    #0 pthread_create ../../../../src/libsanitizer/tsan/tsan_interceptors_posix.cpp:962 (libtsan.so.0+0x5ea79)
    #1 <null> <null> (libtbb.so.2+0x20750)
    #2 <null> <null> (libtbb.so.2+0x2c544)
    #3 parallel_for<tbb::blocked_range<int>, main()::<lambda(const tbb::blocked_range<int>&)> > /usr/include/tbb/parallel_for.h:201 (race_good+0x3028)
    #4 main /home/lc/super_livo/src/Super-LIO/tests/prob_lio/race_evidence.cpp:23 (race_good+0x3028)

SUMMARY: ThreadSanitizer: data race /usr/include/tbb/blocked_range.h:93 in tbb::blocked_range<int>::is_divisible() const
==================
==================
WARNING: ThreadSanitizer: data race (pid=105091)
  Read of size 4 at 0x7fa567777848 by main thread:
    #0 tbb::blocked_range<int>::size() const /usr/include/tbb/blocked_range.h:78 (race_good+0x2824)
    #1 tbb::blocked_range<int>::is_divisible() const /usr/include/tbb/blocked_range.h:93 (race_good+0x2824)
    #2 execute<tbb::interface9::internal::start_for<tbb::blocked_range<int>, main()::<lambda(const tbb::blocked_range<int>&)>, const tbb::auto_partitioner>, tbb::blocked_range<int> > /usr/include/tbb/partitioner.h:248 (race_good+0x2824)
    #3 execute /usr/include/tbb/parallel_for.h:142 (race_good+0x2824)
    #4 <null> <null> (libtbb.so.2+0x2c544)
    #5 parallel_for<tbb::blocked_range<int>, main()::<lambda(const tbb::blocked_range<int>&)> > /usr/include/tbb/parallel_for.h:201 (race_good+0x3028)
    #6 main /home/lc/super_livo/src/Super-LIO/tests/prob_lio/race_evidence.cpp:23 (race_good+0x3028)

  Previous atomic write of size 1 at 0x7fa567777848 by thread T1:
    #0 __tsan_atomic8_store ../../../../src/libsanitizer/tsan/tsan_interface_atomic.cpp:551 (libtsan.so.0+0x7cefd)
    #1 tbb::internal::atomic_impl<bool>::store_with_release(bool) /usr/include/tbb/machine/gcc_generic.h:168 (race_good+0x2904)
    #2 tbb::atomic<bool>::operator=(bool) /usr/include/tbb/atomic.h:426 (race_good+0x2904)
    #3 tbb::interface9::internal::flag_task::flag_task() /usr/include/tbb/partitioner.h:131 (race_good+0x2904)
    #4 tbb::interface9::internal::allocate_sibling(tbb::task*, unsigned long) /usr/include/tbb/partitioner.h:131 (race_good+0x2904)
    #5 offer_work /usr/include/tbb/parallel_for.h:121 (race_good+0x2904)
    #6 execute<tbb::interface9::internal::start_for<tbb::blocked_range<int>, main()::<lambda(const tbb::blocked_range<int>&)>, const tbb::auto_partitioner>, tbb::blocked_range<int> > /usr/include/tbb/partitioner.h:252 (race_good+0x2904)
    #7 execute /usr/include/tbb/parallel_for.h:142 (race_good+0x2904)
    #8 <null> <null> (libtbb.so.2+0x2c544)

  Thread T1 (tid=105093, running) created by main thread at:
    #0 pthread_create ../../../../src/libsanitizer/tsan/tsan_interceptors_posix.cpp:962 (libtsan.so.0+0x5ea79)
    #1 <null> <null> (libtbb.so.2+0x20750)
    #2 <null> <null> (libtbb.so.2+0x2c544)
    #3 parallel_for<tbb::blocked_range<int>, main()::<lambda(const tbb::blocked_range<int>&)> > /usr/include/tbb/parallel_for.h:201 (race_good+0x3028)
    #4 main /home/lc/super_livo/src/Super-LIO/tests/prob_lio/race_evidence.cpp:23 (race_good+0x3028)

SUMMARY: ThreadSanitizer: data race /usr/include/tbb/blocked_range.h:78 in tbb::blocked_range<int>::size() const
==================
==================
WARNING: ThreadSanitizer: data race (pid=105091)
  Read of size 4 at 0x7fa56777784c by main thread:
    #0 tbb::blocked_range<int>::size() const /usr/include/tbb/blocked_range.h:78 (race_good+0x2830)
    #1 tbb::blocked_range<int>::is_divisible() const /usr/include/tbb/blocked_range.h:93 (race_good+0x2830)
    #2 execute<tbb::interface9::internal::start_for<tbb::blocked_range<int>, main()::<lambda(const tbb::blocked_range<int>&)>, const tbb::auto_partitioner>, tbb::blocked_range<int> > /usr/include/tbb/partitioner.h:248 (race_good+0x2830)
    #3 execute /usr/include/tbb/parallel_for.h:142 (race_good+0x2830)
    #4 <null> <null> (libtbb.so.2+0x2c544)
    #5 parallel_for<tbb::blocked_range<int>, main()::<lambda(const tbb::blocked_range<int>&)> > /usr/include/tbb/parallel_for.h:201 (race_good+0x3028)
    #6 main /home/lc/super_livo/src/Super-LIO/tests/prob_lio/race_evidence.cpp:23 (race_good+0x3028)

  Previous write of size 4 at 0x7fa56777784c by thread T1:
    #0 tbb::blocked_range<int>::blocked_range(tbb::blocked_range<int>&, tbb::split) /usr/include/tbb/blocked_range.h:101 (race_good+0x29a9)
    #1 start_for /usr/include/tbb/parallel_for.h:67 (race_good+0x29a9)
    #2 offer_work /usr/include/tbb/parallel_for.h:121 (race_good+0x29a9)
    #3 execute<tbb::interface9::internal::start_for<tbb::blocked_range<int>, main()::<lambda(const tbb::blocked_range<int>&)>, const tbb::auto_partitioner>, tbb::blocked_range<int> > /usr/include/tbb/partitioner.h:252 (race_good+0x29a9)
    #4 execute /usr/include/tbb/parallel_for.h:142 (race_good+0x29a9)
    #5 <null> <null> (libtbb.so.2+0x2c544)

  Thread T1 (tid=105093, running) created by main thread at:
    #0 pthread_create ../../../../src/libsanitizer/tsan/tsan_interceptors_posix.cpp:962 (libtsan.so.0+0x5ea79)
    #1 <null> <null> (libtbb.so.2+0x20750)
    #2 <null> <null> (libtbb.so.2+0x2c544)
    #3 parallel_for<tbb::blocked_range<int>, main()::<lambda(const tbb::blocked_range<int>&)> > /usr/include/tbb/parallel_for.h:201 (race_good+0x3028)
    #4 main /home/lc/super_livo/src/Super-LIO/tests/prob_lio/race_evidence.cpp:23 (race_good+0x3028)

SUMMARY: ThreadSanitizer: data race /usr/include/tbb/blocked_range.h:78 in tbb::blocked_range<int>::size() const
==================
==================
WARNING: ThreadSanitizer: data race (pid=105091)
  Read of size 8 at 0x7fa56776fd50 by thread T4:
    #0 tbb::blocked_range<int>::is_divisible() const /usr/include/tbb/blocked_range.h:93 (race_good+0x2818)
    #1 execute<tbb::interface9::internal::start_for<tbb::blocked_range<int>, main()::<lambda(const tbb::blocked_range<int>&)>, const tbb::auto_partitioner>, tbb::blocked_range<int> > /usr/include/tbb/partitioner.h:248 (race_good+0x2818)
    #2 execute /usr/include/tbb/parallel_for.h:142 (race_good+0x2818)
    #3 <null> <null> (libtbb.so.2+0x2c544)

  Previous write of size 8 at 0x7fa56776fd50 by thread T2:
    #0 tbb::blocked_range<int>::blocked_range(tbb::blocked_range<int>&, tbb::split) /usr/include/tbb/blocked_range.h:101 (race_good+0x29cb)
    #1 start_for /usr/include/tbb/parallel_for.h:67 (race_good+0x29cb)
    #2 offer_work /usr/include/tbb/parallel_for.h:121 (race_good+0x29cb)
    #3 execute<tbb::interface9::internal::start_for<tbb::blocked_range<int>, main()::<lambda(const tbb::blocked_range<int>&)>, const tbb::auto_partitioner>, tbb::blocked_range<int> > /usr/include/tbb/partitioner.h:252 (race_good+0x29cb)
    #4 execute /usr/include/tbb/parallel_for.h:142 (race_good+0x29cb)
    #5 <null> <null> (libtbb.so.2+0x2c544)

  Thread T4 (tid=105096, running) created by thread T1 at:
    #0 pthread_create ../../../../src/libsanitizer/tsan/tsan_interceptors_posix.cpp:962 (libtsan.so.0+0x5ea79)
    #1 <null> <null> (libtbb.so.2+0x20750)

  Thread T2 (tid=105094, running) created by thread T1 at:
    #0 pthread_create ../../../../src/libsanitizer/tsan/tsan_interceptors_posix.cpp:962 (libtsan.so.0+0x5ea79)
    #1 <null> <null> (libtbb.so.2+0x20750)

SUMMARY: ThreadSanitizer: data race /usr/include/tbb/blocked_range.h:93 in tbb::blocked_range<int>::is_divisible() const
==================
==================
WARNING: ThreadSanitizer: data race (pid=105091)
  Read of size 4 at 0x7fa56776fd48 by thread T4:
    #0 tbb::blocked_range<int>::size() const /usr/include/tbb/blocked_range.h:78 (race_good+0x2824)
    #1 tbb::blocked_range<int>::is_divisible() const /usr/include/tbb/blocked_range.h:93 (race_good+0x2824)
    #2 execute<tbb::interface9::internal::start_for<tbb::blocked_range<int>, main()::<lambda(const tbb::blocked_range<int>&)>, const tbb::auto_partitioner>, tbb::blocked_range<int> > /usr/include/tbb/partitioner.h:248 (race_good+0x2824)
    #3 execute /usr/include/tbb/parallel_for.h:142 (race_good+0x2824)
    #4 <null> <null> (libtbb.so.2+0x2c544)

  Previous write of size 4 at 0x7fa56776fd48 by thread T2:
    #0 tbb::blocked_range<int>::blocked_range(tbb::blocked_range<int>&, tbb::split) /usr/include/tbb/blocked_range.h:101 (race_good+0x2973)
    #1 start_for /usr/include/tbb/parallel_for.h:67 (race_good+0x2973)
    #2 offer_work /usr/include/tbb/parallel_for.h:121 (race_good+0x2973)
    #3 execute<tbb::interface9::internal::start_for<tbb::blocked_range<int>, main()::<lambda(const tbb::blocked_range<int>&)>, const tbb::auto_partitioner>, tbb::blocked_range<int> > /usr/include/tbb/partitioner.h:252 (race_good+0x2973)
    #4 execute /usr/include/tbb/parallel_for.h:142 (race_good+0x2973)
    #5 <null> <null> (libtbb.so.2+0x2c544)

  Thread T4 (tid=105096, running) created by thread T1 at:
    #0 pthread_create ../../../../src/libsanitizer/tsan/tsan_interceptors_posix.cpp:962 (libtsan.so.0+0x5ea79)
    #1 <null> <null> (libtbb.so.2+0x20750)

  Thread T2 (tid=105094, running) created by thread T1 at:
    #0 pthread_create ../../../../src/libsanitizer/tsan/tsan_interceptors_posix.cpp:962 (libtsan.so.0+0x5ea79)
    #1 <null> <null> (libtbb.so.2+0x20750)

SUMMARY: ThreadSanitizer: data race /usr/include/tbb/blocked_range.h:78 in tbb::blocked_range<int>::size() const
==================
==================
WARNING: ThreadSanitizer: data race (pid=105091)
  Read of size 4 at 0x7fa56776fd4c by thread T4:
    #0 tbb::blocked_range<int>::size() const /usr/include/tbb/blocked_range.h:78 (race_good+0x2830)
    #1 tbb::blocked_range<int>::is_divisible() const /usr/include/tbb/blocked_range.h:93 (race_good+0x2830)
    #2 execute<tbb::interface9::internal::start_for<tbb::blocked_range<int>, main()::<lambda(const tbb::blocked_range<int>&)>, const tbb::auto_partitioner>, tbb::blocked_range<int> > /usr/include/tbb/partitioner.h:248 (race_good+0x2830)
    #3 execute /usr/include/tbb/parallel_for.h:142 (race_good+0x2830)
    #4 <null> <null> (libtbb.so.2+0x2c544)

  Previous write of size 4 at 0x7fa56776fd4c by thread T2:
    #0 tbb::blocked_range<int>::blocked_range(tbb::blocked_range<int>&, tbb::split) /usr/include/tbb/blocked_range.h:101 (race_good+0x29a9)
    #1 start_for /usr/include/tbb/parallel_for.h:67 (race_good+0x29a9)
    #2 offer_work /usr/include/tbb/parallel_for.h:121 (race_good+0x29a9)
    #3 execute<tbb::interface9::internal::start_for<tbb::blocked_range<int>, main()::<lambda(const tbb::blocked_range<int>&)>, const tbb::auto_partitioner>, tbb::blocked_range<int> > /usr/include/tbb/partitioner.h:252 (race_good+0x29a9)
    #4 execute /usr/include/tbb/parallel_for.h:142 (race_good+0x29a9)
    #5 <null> <null> (libtbb.so.2+0x2c544)

  Thread T4 (tid=105096, running) created by thread T1 at:
    #0 pthread_create ../../../../src/libsanitizer/tsan/tsan_interceptors_posix.cpp:962 (libtsan.so.0+0x5ea79)
    #1 <null> <null> (libtbb.so.2+0x20750)

  Thread T2 (tid=105094, running) created by thread T1 at:
    #0 pthread_create ../../../../src/libsanitizer/tsan/tsan_interceptors_posix.cpp:962 (libtsan.so.0+0x5ea79)
    #1 <null> <null> (libtbb.so.2+0x20750)

SUMMARY: ThreadSanitizer: data race /usr/include/tbb/blocked_range.h:78 in tbb::blocked_range<int>::size() const
==================
==================
WARNING: ThreadSanitizer: data race (pid=105091)
  Read of size 8 at 0x7fa56776fb50 by thread T15:
    #0 tbb::blocked_range<int>::is_divisible() const /usr/include/tbb/blocked_range.h:93 (race_good+0x2818)
    #1 execute<tbb::interface9::internal::start_for<tbb::blocked_range<int>, main()::<lambda(const tbb::blocked_range<int>&)>, const tbb::auto_partitioner>, tbb::blocked_range<int> > /usr/include/tbb/partitioner.h:248 (race_good+0x2818)
    #2 execute /usr/include/tbb/parallel_for.h:142 (race_good+0x2818)
    #3 <null> <null> (libtbb.so.2+0x2c544)

  Previous write of size 8 at 0x7fa56776fb50 by thread T2:
    #0 tbb::blocked_range<int>::blocked_range(tbb::blocked_range<int>&, tbb::split) /usr/include/tbb/blocked_range.h:101 (race_good+0x29cb)
    #1 start_for /usr/include/tbb/parallel_for.h:67 (race_good+0x29cb)
    #2 offer_work /usr/include/tbb/parallel_for.h:121 (race_good+0x29cb)
    #3 execute<tbb::interface9::internal::start_for<tbb::blocked_range<int>, main()::<lambda(const tbb::blocked_range<int>&)>, const tbb::auto_partitioner>, tbb::blocked_range<int> > /usr/include/tbb/partitioner.h:252 (race_good+0x29cb)
    #4 execute /usr/include/tbb/parallel_for.h:142 (race_good+0x29cb)
    #5 <null> <null> (libtbb.so.2+0x2c544)

  Thread T15 (tid=105109, running) created by thread T11 at:
    #0 pthread_create ../../../../src/libsanitizer/tsan/tsan_interceptors_posix.cpp:962 (libtsan.so.0+0x5ea79)
    #1 <null> <null> (libtbb.so.2+0x20750)

  Thread T2 (tid=105094, running) created by thread T1 at:
    #0 pthread_create ../../../../src/libsanitizer/tsan/tsan_interceptors_posix.cpp:962 (libtsan.so.0+0x5ea79)
    #1 <null> <null> (libtbb.so.2+0x20750)

SUMMARY: ThreadSanitizer: data race /usr/include/tbb/blocked_range.h:93 in tbb::blocked_range<int>::is_divisible() const
==================
==================
WARNING: ThreadSanitizer: data race (pid=105091)
  Read of size 8 at 0x7fa56776f650 by thread T16:
    #0 tbb::blocked_range<int>::is_divisible() const /usr/include/tbb/blocked_range.h:93 (race_good+0x2818)
    #1 execute<tbb::interface9::internal::start_for<tbb::blocked_range<int>, main()::<lambda(const tbb::blocked_range<int>&)>, const tbb::auto_partitioner>, tbb::blocked_range<int> > /usr/include/tbb/partitioner.h:248 (race_good+0x2818)
    #2 execute /usr/include/tbb/parallel_for.h:142 (race_good+0x2818)
    #3 <null> <null> (libtbb.so.2+0x2c544)

  Previous write of size 8 at 0x7fa56776f650 by thread T2:
    #0 tbb::blocked_range<int>::blocked_range(tbb::blocked_range<int>&, tbb::split) /usr/include/tbb/blocked_range.h:101 (race_good+0x29cb)
    #1 start_for /usr/include/tbb/parallel_for.h:67 (race_good+0x29cb)
    #2 offer_work /usr/include/tbb/parallel_for.h:121 (race_good+0x29cb)
    #3 execute<tbb::interface9::internal::start_for<tbb::blocked_range<int>, main()::<lambda(const tbb::blocked_range<int>&)>, const tbb::auto_partitioner>, tbb::blocked_range<int> > /usr/include/tbb/partitioner.h:252 (race_good+0x29cb)
    #4 execute /usr/include/tbb/parallel_for.h:142 (race_good+0x29cb)
    #5 <null> <null> (libtbb.so.2+0x2c544)

  Thread T16 (tid=105110, running) created by thread T10 at:
    #0 pthread_create ../../../../src/libsanitizer/tsan/tsan_interceptors_posix.cpp:962 (libtsan.so.0+0x5ea79)
    #1 <null> <null> (libtbb.so.2+0x20750)

  Thread T2 (tid=105094, running) created by thread T1 at:
    #0 pthread_create ../../../../src/libsanitizer/tsan/tsan_interceptors_posix.cpp:962 (libtsan.so.0+0x5ea79)
    #1 <null> <null> (libtbb.so.2+0x20750)

SUMMARY: ThreadSanitizer: data race /usr/include/tbb/blocked_range.h:93 in tbb::blocked_range<int>::is_divisible() const
==================
==================
WARNING: ThreadSanitizer: data race (pid=105091)
  Read of size 1 at 0x7fa56776f435 by thread T6:
    #0 tbb::task::is_stolen_task() const /usr/include/tbb/task.h:875 (race_good+0x2727)
    #1 tbb::interface9::internal::dynamic_grainsize_mode<tbb::interface9::internal::adaptive_mode<tbb::interface9::internal::auto_partition_type> >::check_being_stolen(tbb::task&) /usr/include/tbb/partitioner.h:399 (race_good+0x2727)
    #2 execute /usr/include/tbb/parallel_for.h:141 (race_good+0x2727)
    #3 <null> <null> (libtbb.so.2+0x2c544)

  Previous write of size 1 at 0x7fa56776f435 by thread T2:
    #0 tbb::task::task() /usr/include/tbb/task.h:614 (race_good+0x293c)
    #1 start_for /usr/include/tbb/parallel_for.h:67 (race_good+0x293c)
    #2 offer_work /usr/include/tbb/parallel_for.h:121 (race_good+0x293c)
    #3 execute<tbb::interface9::internal::start_for<tbb::blocked_range<int>, main()::<lambda(const tbb::blocked_range<int>&)>, const tbb::auto_partitioner>, tbb::blocked_range<int> > /usr/include/tbb/partitioner.h:252 (race_good+0x293c)
    #4 execute /usr/include/tbb/parallel_for.h:142 (race_good+0x293c)
    #5 <null> <null> (libtbb.so.2+0x2c544)

  Thread T6 (tid=105098, running) created by thread T3 at:
    #0 pthread_create ../../../../src/libsanitizer/tsan/tsan_interceptors_posix.cpp:962 (libtsan.so.0+0x5ea79)
    #1 <null> <null> (libtbb.so.2+0x20750)

  Thread T2 (tid=105094, running) created by thread T1 at:
    #0 pthread_create ../../../../src/libsanitizer/tsan/tsan_interceptors_posix.cpp:962 (libtsan.so.0+0x5ea79)
    #1 <null> <null> (libtbb.so.2+0x20750)

SUMMARY: ThreadSanitizer: data race /usr/include/tbb/task.h:875 in tbb::task::is_stolen_task() const
==================
==================
WARNING: ThreadSanitizer: data race (pid=105091)
  Read of size 1 at 0x7fa567777d6c by thread T3:
    #0 tbb::interface9::internal::dynamic_grainsize_mode<tbb::interface9::internal::adaptive_mode<tbb::interface9::internal::auto_partition_type> >::dynamic_grainsize_mode(tbb::interface9::internal::dynamic_grainsize_mode<tbb::interface9::internal::adaptive_mode<tbb::interface9::internal::auto_partition_type> >&, tbb::split) /usr/include/tbb/partitioner.h:388 (race_good+0x2a14)
    #1 tbb::interface9::internal::auto_partition_type::auto_partition_type(tbb::interface9::internal::auto_partition_type&, tbb::split) /usr/include/tbb/partitioner.h:482 (race_good+0x2a14)
    #2 start_for /usr/include/tbb/parallel_for.h:67 (race_good+0x2a14)
    #3 offer_work /usr/include/tbb/parallel_for.h:121 (race_good+0x2a14)
    #4 execute<tbb::interface9::internal::start_for<tbb::blocked_range<int>, main()::<lambda(const tbb::blocked_range<int>&)>, const tbb::auto_partitioner>, tbb::blocked_range<int> > /usr/include/tbb/partitioner.h:252 (race_good+0x2a14)
    #5 execute /usr/include/tbb/parallel_for.h:142 (race_good+0x2a14)
    #6 <null> <null> (libtbb.so.2+0x2c544)

  Previous write of size 1 at 0x7fa567777d6c by thread T1:
    [failed to restore the stack]

  Thread T3 (tid=105095, running) created by main thread at:
    #0 pthread_create ../../../../src/libsanitizer/tsan/tsan_interceptors_posix.cpp:962 (libtsan.so.0+0x5ea79)
    #1 <null> <null> (libtbb.so.2+0x20750)
    #2 <null> <null> (libtbb.so.2+0x2c544)
    #3 parallel_for<tbb::blocked_range<int>, main()::<lambda(const tbb::blocked_range<int>&)> > /usr/include/tbb/parallel_for.h:201 (race_good+0x3028)
    #4 main /home/lc/super_livo/src/Super-LIO/tests/prob_lio/race_evidence.cpp:23 (race_good+0x3028)

  Thread T1 (tid=105093, running) created by main thread at:
    #0 pthread_create ../../../../src/libsanitizer/tsan/tsan_interceptors_posix.cpp:962 (libtsan.so.0+0x5ea79)
    #1 <null> <null> (libtbb.so.2+0x20750)
    #2 <null> <null> (libtbb.so.2+0x2c544)
    #3 parallel_for<tbb::blocked_range<int>, main()::<lambda(const tbb::blocked_range<int>&)> > /usr/include/tbb/parallel_for.h:201 (race_good+0x3028)
    #4 main /home/lc/super_livo/src/Super-LIO/tests/prob_lio/race_evidence.cpp:23 (race_good+0x3028)

SUMMARY: ThreadSanitizer: data race /usr/include/tbb/partitioner.h:388 in tbb::interface9::internal::dynamic_grainsize_mode<tbb::interface9::internal::adaptive_mode<tbb::interface9::internal::auto_partition_type> >::dynamic_grainsize_mode(tbb::interface9::internal::dynamic_grainsize_mode<tbb::interface9::internal::adaptive_mode<tbb::interface9::internal::auto_partition_type> >&, tbb::split)
==================
==================
WARNING: ThreadSanitizer: data race (pid=105091)
  Read of size 1 at 0x7fa56777786c by main thread:
    #0 tbb::interface9::internal::dynamic_grainsize_mode<tbb::interface9::internal::adaptive_mode<tbb::interface9::internal::auto_partition_type> >::dynamic_grainsize_mode(tbb::interface9::internal::dynamic_grainsize_mode<tbb::interface9::internal::adaptive_mode<tbb::interface9::internal::auto_partition_type> >&, tbb::split) /usr/include/tbb/partitioner.h:388 (race_good+0x2a14)
    #1 tbb::interface9::internal::auto_partition_type::auto_partition_type(tbb::interface9::internal::auto_partition_type&, tbb::split) /usr/include/tbb/partitioner.h:482 (race_good+0x2a14)
    #2 start_for /usr/include/tbb/parallel_for.h:67 (race_good+0x2a14)
    #3 offer_work /usr/include/tbb/parallel_for.h:121 (race_good+0x2a14)
    #4 execute<tbb::interface9::internal::start_for<tbb::blocked_range<int>, main()::<lambda(const tbb::blocked_range<int>&)>, const tbb::auto_partitioner>, tbb::blocked_range<int> > /usr/include/tbb/partitioner.h:252 (race_good+0x2a14)
    #5 execute /usr/include/tbb/parallel_for.h:142 (race_good+0x2a14)
    #6 <null> <null> (libtbb.so.2+0x2c544)
    #7 parallel_for<tbb::blocked_range<int>, main()::<lambda(const tbb::blocked_range<int>&)> > /usr/include/tbb/parallel_for.h:201 (race_good+0x3028)
    #8 main /home/lc/super_livo/src/Super-LIO/tests/prob_lio/race_evidence.cpp:23 (race_good+0x3028)

  Previous write of size 1 at 0x7fa56777786c by thread T1:
    #0 tbb::interface9::internal::dynamic_grainsize_mode<tbb::interface9::internal::adaptive_mode<tbb::interface9::internal::auto_partition_type> >::dynamic_grainsize_mode(tbb::interface9::internal::dynamic_grainsize_mode<tbb::interface9::internal::adaptive_mode<tbb::interface9::internal::auto_partition_type> >&, tbb::split) /usr/include/tbb/partitioner.h:388 (race_good+0x2a22)
    #1 tbb::interface9::internal::auto_partition_type::auto_partition_type(tbb::interface9::internal::auto_partition_type&, tbb::split) /usr/include/tbb/partitioner.h:482 (race_good+0x2a22)
    #2 start_for /usr/include/tbb/parallel_for.h:67 (race_good+0x2a22)
    #3 offer_work /usr/include/tbb/parallel_for.h:121 (race_good+0x2a22)
    #4 execute<tbb::interface9::internal::start_for<tbb::blocked_range<int>, main()::<lambda(const tbb::blocked_range<int>&)>, const tbb::auto_partitioner>, tbb::blocked_range<int> > /usr/include/tbb/partitioner.h:252 (race_good+0x2a22)
    #5 execute /usr/include/tbb/parallel_for.h:142 (race_good+0x2a22)
    #6 <null> <null> (libtbb.so.2+0x2c544)

  Thread T1 (tid=105093, running) created by main thread at:
    #0 pthread_create ../../../../src/libsanitizer/tsan/tsan_interceptors_posix.cpp:962 (libtsan.so.0+0x5ea79)
    #1 <null> <null> (libtbb.so.2+0x20750)
    #2 <null> <null> (libtbb.so.2+0x2c544)
    #3 parallel_for<tbb::blocked_range<int>, main()::<lambda(const tbb::blocked_range<int>&)> > /usr/include/tbb/parallel_for.h:201 (race_good+0x3028)
    #4 main /home/lc/super_livo/src/Super-LIO/tests/prob_lio/race_evidence.cpp:23 (race_good+0x3028)

SUMMARY: ThreadSanitizer: data race /usr/include/tbb/partitioner.h:388 in tbb::interface9::internal::dynamic_grainsize_mode<tbb::interface9::internal::adaptive_mode<tbb::interface9::internal::auto_partition_type> >::dynamic_grainsize_mode(tbb::interface9::internal::dynamic_grainsize_mode<tbb::interface9::internal::adaptive_mode<tbb::interface9::internal::auto_partition_type> >&, tbb::split)
==================
==================
WARNING: ThreadSanitizer: data race (pid=105091)
  Read of size 8 at 0x7fa56778f550 by thread T18:
    #0 tbb::blocked_range<int>::is_divisible() const /usr/include/tbb/blocked_range.h:93 (race_good+0x2818)
    #1 execute<tbb::interface9::internal::start_for<tbb::blocked_range<int>, main()::<lambda(const tbb::blocked_range<int>&)>, const tbb::auto_partitioner>, tbb::blocked_range<int> > /usr/include/tbb/partitioner.h:248 (race_good+0x2818)
    #2 execute /usr/include/tbb/parallel_for.h:142 (race_good+0x2818)
    #3 <null> <null> (libtbb.so.2+0x2c544)

  Previous write of size 8 at 0x7fa56778f550 by main thread:
    #0 tbb::blocked_range<int>::blocked_range(tbb::blocked_range<int>&, tbb::split) /usr/include/tbb/blocked_range.h:101 (race_good+0x29cb)
    #1 start_for /usr/include/tbb/parallel_for.h:67 (race_good+0x29cb)
    #2 offer_work /usr/include/tbb/parallel_for.h:121 (race_good+0x29cb)
    #3 execute<tbb::interface9::internal::start_for<tbb::blocked_range<int>, main()::<lambda(const tbb::blocked_range<int>&)>, const tbb::auto_partitioner>, tbb::blocked_range<int> > /usr/include/tbb/partitioner.h:252 (race_good+0x29cb)
    #4 execute /usr/include/tbb/parallel_for.h:142 (race_good+0x29cb)
    #5 <null> <null> (libtbb.so.2+0x2c544)
    #6 parallel_for<tbb::blocked_range<int>, main()::<lambda(const tbb::blocked_range<int>&)> > /usr/include/tbb/parallel_for.h:201 (race_good+0x3028)
    #7 main /home/lc/super_livo/src/Super-LIO/tests/prob_lio/race_evidence.cpp:23 (race_good+0x3028)

  Thread T18 (tid=105106, running) created by thread T7 at:
    #0 pthread_create ../../../../src/libsanitizer/tsan/tsan_interceptors_posix.cpp:962 (libtsan.so.0+0x5ea79)
    #1 <null> <null> (libtbb.so.2+0x20750)

SUMMARY: ThreadSanitizer: data race /usr/include/tbb/blocked_range.h:93 in tbb::blocked_range<int>::is_divisible() const
==================
==================
WARNING: ThreadSanitizer: data race (pid=105091)
  Read of size 1 at 0x7fa56776fd6c by thread T4:
    #0 tbb::interface9::internal::dynamic_grainsize_mode<tbb::interface9::internal::adaptive_mode<tbb::interface9::internal::auto_partition_type> >::dynamic_grainsize_mode(tbb::interface9::internal::dynamic_grainsize_mode<tbb::interface9::internal::adaptive_mode<tbb::interface9::internal::auto_partition_type> >&, tbb::split) /usr/include/tbb/partitioner.h:388 (race_good+0x2a14)
    #1 tbb::interface9::internal::auto_partition_type::auto_partition_type(tbb::interface9::internal::auto_partition_type&, tbb::split) /usr/include/tbb/partitioner.h:482 (race_good+0x2a14)
    #2 start_for /usr/include/tbb/parallel_for.h:67 (race_good+0x2a14)
    #3 offer_work /usr/include/tbb/parallel_for.h:121 (race_good+0x2a14)
    #4 execute<tbb::interface9::internal::start_for<tbb::blocked_range<int>, main()::<lambda(const tbb::blocked_range<int>&)>, const tbb::auto_partitioner>, tbb::blocked_range<int> > /usr/include/tbb/partitioner.h:252 (race_good+0x2a14)
    #5 execute /usr/include/tbb/parallel_for.h:142 (race_good+0x2a14)
    #6 <null> <null> (libtbb.so.2+0x2c544)

  Previous write of size 1 at 0x7fa56776fd6c by thread T2:
    #0 tbb::interface9::internal::dynamic_grainsize_mode<tbb::interface9::internal::adaptive_mode<tbb::interface9::internal::auto_partition_type> >::dynamic_grainsize_mode(tbb::interface9::internal::dynamic_grainsize_mode<tbb::interface9::internal::adaptive_mode<tbb::interface9::internal::auto_partition_type> >&, tbb::split) /usr/include/tbb/partitioner.h:388 (race_good+0x2a22)
    #1 tbb::interface9::internal::auto_partition_type::auto_partition_type(tbb::interface9::internal::auto_partition_type&, tbb::split) /usr/include/tbb/partitioner.h:482 (race_good+0x2a22)
    #2 start_for /usr/include/tbb/parallel_for.h:67 (race_good+0x2a22)
    #3 offer_work /usr/include/tbb/parallel_for.h:121 (race_good+0x2a22)
    #4 execute<tbb::interface9::internal::start_for<tbb::blocked_range<int>, main()::<lambda(const tbb::blocked_range<int>&)>, const tbb::auto_partitioner>, tbb::blocked_range<int> > /usr/include/tbb/partitioner.h:252 (race_good+0x2a22)
    #5 execute /usr/include/tbb/parallel_for.h:142 (race_good+0x2a22)
    #6 <null> <null> (libtbb.so.2+0x2c544)

  Thread T4 (tid=105096, running) created by thread T1 at:
    #0 pthread_create ../../../../src/libsanitizer/tsan/tsan_interceptors_posix.cpp:962 (libtsan.so.0+0x5ea79)
    #1 <null> <null> (libtbb.so.2+0x20750)

  Thread T2 (tid=105094, running) created by thread T1 at:
    #0 pthread_create ../../../../src/libsanitizer/tsan/tsan_interceptors_posix.cpp:962 (libtsan.so.0+0x5ea79)
    #1 <null> <null> (libtbb.so.2+0x20750)

SUMMARY: ThreadSanitizer: data race /usr/include/tbb/partitioner.h:388 in tbb::interface9::internal::dynamic_grainsize_mode<tbb::interface9::internal::adaptive_mode<tbb::interface9::internal::auto_partition_type> >::dynamic_grainsize_mode(tbb::interface9::internal::dynamic_grainsize_mode<tbb::interface9::internal::adaptive_mode<tbb::interface9::internal::auto_partition_type> >&, tbb::split)
==================
==================
WARNING: ThreadSanitizer: data race (pid=105091)
  Read of size 4 at 0x7fa567757d48 by main thread:
    #0 tbb::blocked_range<int>::size() const /usr/include/tbb/blocked_range.h:78 (race_good+0x2824)
    #1 tbb::blocked_range<int>::is_divisible() const /usr/include/tbb/blocked_range.h:93 (race_good+0x2824)
    #2 execute<tbb::interface9::internal::start_for<tbb::blocked_range<int>, main()::<lambda(const tbb::blocked_range<int>&)>, const tbb::auto_partitioner>, tbb::blocked_range<int> > /usr/include/tbb/partitioner.h:248 (race_good+0x2824)
    #3 execute /usr/include/tbb/parallel_for.h:142 (race_good+0x2824)
    #4 <null> <null> (libtbb.so.2+0x2c544)
    #5 parallel_for<tbb::blocked_range<int>, main()::<lambda(const tbb::blocked_range<int>&)> > /usr/include/tbb/parallel_for.h:201 (race_good+0x3028)
    #6 main /home/lc/super_livo/src/Super-LIO/tests/prob_lio/race_evidence.cpp:23 (race_good+0x3028)

  Previous write of size 4 at 0x7fa567757d48 by thread T4:
    #0 tbb::blocked_range<int>::blocked_range(tbb::blocked_range<int>&, tbb::split) /usr/include/tbb/blocked_range.h:101 (race_good+0x2973)
    #1 start_for /usr/include/tbb/parallel_for.h:67 (race_good+0x2973)
    #2 offer_work /usr/include/tbb/parallel_for.h:121 (race_good+0x2973)
    #3 execute<tbb::interface9::internal::start_for<tbb::blocked_range<int>, main()::<lambda(const tbb::blocked_range<int>&)>, const tbb::auto_partitioner>, tbb::blocked_range<int> > /usr/include/tbb/partitioner.h:252 (race_good+0x2973)
    #4 execute /usr/include/tbb/parallel_for.h:142 (race_good+0x2973)
    #5 <null> <null> (libtbb.so.2+0x2c544)

  Thread T4 (tid=105096, running) created by thread T1 at:
    #0 pthread_create ../../../../src/libsanitizer/tsan/tsan_interceptors_posix.cpp:962 (libtsan.so.0+0x5ea79)
    #1 <null> <null> (libtbb.so.2+0x20750)

SUMMARY: ThreadSanitizer: data race /usr/include/tbb/blocked_range.h:78 in tbb::blocked_range<int>::size() const
==================
==================
WARNING: ThreadSanitizer: data race (pid=105091)
  Read of size 4 at 0x7fa56776f648 by thread T16:
    #0 tbb::blocked_range<int>::size() const /usr/include/tbb/blocked_range.h:78 (race_good+0x2824)
    #1 tbb::blocked_range<int>::is_divisible() const /usr/include/tbb/blocked_range.h:93 (race_good+0x2824)
    #2 execute<tbb::interface9::internal::start_for<tbb::blocked_range<int>, main()::<lambda(const tbb::blocked_range<int>&)>, const tbb::auto_partitioner>, tbb::blocked_range<int> > /usr/include/tbb/partitioner.h:248 (race_good+0x2824)
    #3 execute /usr/include/tbb/parallel_for.h:142 (race_good+0x2824)
    #4 <null> <null> (libtbb.so.2+0x2c544)

  Previous atomic write of size 1 at 0x7fa56776f648 by thread T2:
    #0 __tsan_atomic8_store ../../../../src/libsanitizer/tsan/tsan_interface_atomic.cpp:551 (libtsan.so.0+0x7cefd)
    #1 tbb::internal::atomic_impl<bool>::store_with_release(bool) /usr/include/tbb/machine/gcc_generic.h:168 (race_good+0x2904)
    #2 tbb::atomic<bool>::operator=(bool) /usr/include/tbb/atomic.h:426 (race_good+0x2904)
    #3 tbb::interface9::internal::flag_task::flag_task() /usr/include/tbb/partitioner.h:131 (race_good+0x2904)
    #4 tbb::interface9::internal::allocate_sibling(tbb::task*, unsigned long) /usr/include/tbb/partitioner.h:131 (race_good+0x2904)
    #5 offer_work /usr/include/tbb/parallel_for.h:121 (race_good+0x2904)
    #6 execute<tbb::interface9::internal::start_for<tbb::blocked_range<int>, main()::<lambda(const tbb::blocked_range<int>&)>, const tbb::auto_partitioner>, tbb::blocked_range<int> > /usr/include/tbb/partitioner.h:252 (race_good+0x2904)
    #7 execute /usr/include/tbb/parallel_for.h:142 (race_good+0x2904)
    #8 <null> <null> (libtbb.so.2+0x2c544)

  Thread T16 (tid=105110, running) created by thread T10 at:
    #0 pthread_create ../../../../src/libsanitizer/tsan/tsan_interceptors_posix.cpp:962 (libtsan.so.0+0x5ea79)
    #1 <null> <null> (libtbb.so.2+0x20750)

  Thread T2 (tid=105094, running) created by thread T1 at:
    #0 pthread_create ../../../../src/libsanitizer/tsan/tsan_interceptors_posix.cpp:962 (libtsan.so.0+0x5ea79)
    #1 <null> <null> (libtbb.so.2+0x20750)

SUMMARY: ThreadSanitizer: data race /usr/include/tbb/blocked_range.h:78 in tbb::blocked_range<int>::size() const
==================
==================
WARNING: ThreadSanitizer: data race (pid=105091)
  Read of size 8 at 0x7fa56776f420 by thread T6:
    #0 tbb::task::parent() const /usr/include/tbb/task.h:854 (race_good+0x27a7)
    #1 tbb::interface9::internal::dynamic_grainsize_mode<tbb::interface9::internal::adaptive_mode<tbb::interface9::internal::auto_partition_type> >::check_being_stolen(tbb::task&) /usr/include/tbb/partitioner.h:399 (race_good+0x27a7)
    #2 execute /usr/include/tbb/parallel_for.h:141 (race_good+0x27a7)
    #3 <null> <null> (libtbb.so.2+0x2c544)

  Previous write of size 8 at 0x7fa56776f420 by thread T2:
    #0 tbb::task::set_parent(tbb::task*) /usr/include/tbb/task.h:861 (race_good+0x290e)
    #1 tbb::interface9::internal::allocate_sibling(tbb::task*, unsigned long) /usr/include/tbb/parallel_for.h:133 (race_good+0x290e)
    #2 offer_work /usr/include/tbb/parallel_for.h:121 (race_good+0x290e)
    #3 execute<tbb::interface9::internal::start_for<tbb::blocked_range<int>, main()::<lambda(const tbb::blocked_range<int>&)>, const tbb::auto_partitioner>, tbb::blocked_range<int> > /usr/include/tbb/partitioner.h:252 (race_good+0x290e)
    #4 execute /usr/include/tbb/parallel_for.h:142 (race_good+0x290e)
    #5 <null> <null> (libtbb.so.2+0x2c544)

  Thread T6 (tid=105098, running) created by thread T3 at:
    #0 pthread_create ../../../../src/libsanitizer/tsan/tsan_interceptors_posix.cpp:962 (libtsan.so.0+0x5ea79)
    #1 <null> <null> (libtbb.so.2+0x20750)

  Thread T2 (tid=105094, running) created by thread T1 at:
    #0 pthread_create ../../../../src/libsanitizer/tsan/tsan_interceptors_posix.cpp:962 (libtsan.so.0+0x5ea79)
    #1 <null> <null> (libtbb.so.2+0x20750)

SUMMARY: ThreadSanitizer: data race /usr/include/tbb/task.h:854 in tbb::task::parent() const
==================
==================
WARNING: ThreadSanitizer: data race (pid=105091)
  Read of size 1 at 0x7fa567767d6c by thread T8:
    #0 tbb::interface9::internal::dynamic_grainsize_mode<tbb::interface9::internal::adaptive_mode<tbb::interface9::internal::auto_partition_type> >::dynamic_grainsize_mode(tbb::interface9::internal::dynamic_grainsize_mode<tbb::interface9::internal::adaptive_mode<tbb::interface9::internal::auto_partition_type> >&, tbb::split) /usr/include/tbb/partitioner.h:388 (race_good+0x2a14)
    #1 tbb::interface9::internal::auto_partition_type::auto_partition_type(tbb::interface9::internal::auto_partition_type&, tbb::split) /usr/include/tbb/partitioner.h:482 (race_good+0x2a14)
    #2 start_for /usr/include/tbb/parallel_for.h:67 (race_good+0x2a14)
    #3 offer_work /usr/include/tbb/parallel_for.h:121 (race_good+0x2a14)
    #4 execute<tbb::interface9::internal::start_for<tbb::blocked_range<int>, main()::<lambda(const tbb::blocked_range<int>&)>, const tbb::auto_partitioner>, tbb::blocked_range<int> > /usr/include/tbb/partitioner.h:252 (race_good+0x2a14)
    #5 execute /usr/include/tbb/parallel_for.h:142 (race_good+0x2a14)
    #6 <null> <null> (libtbb.so.2+0x2c544)

  Previous write of size 1 at 0x7fa567767d6c by thread T3:
    #0 tbb::interface9::internal::dynamic_grainsize_mode<tbb::interface9::internal::adaptive_mode<tbb::interface9::internal::auto_partition_type> >::dynamic_grainsize_mode(tbb::interface9::internal::dynamic_grainsize_mode<tbb::interface9::internal::adaptive_mode<tbb::interface9::internal::auto_partition_type> >&, tbb::split) /usr/include/tbb/partitioner.h:388 (race_good+0x2a22)
    #1 tbb::interface9::internal::auto_partition_type::auto_partition_type(tbb::interface9::internal::auto_partition_type&, tbb::split) /usr/include/tbb/partitioner.h:482 (race_good+0x2a22)
    #2 start_for /usr/include/tbb/parallel_for.h:67 (race_good+0x2a22)
    #3 offer_work /usr/include/tbb/parallel_for.h:121 (race_good+0x2a22)
    #4 execute<tbb::interface9::internal::start_for<tbb::blocked_range<int>, main()::<lambda(const tbb::blocked_range<int>&)>, const tbb::auto_partitioner>, tbb::blocked_range<int> > /usr/include/tbb/partitioner.h:252 (race_good+0x2a22)
    #5 execute /usr/include/tbb/parallel_for.h:142 (race_good+0x2a22)
    #6 <null> <null> (libtbb.so.2+0x2c544)

  Thread T8 (tid=105100, running) created by thread T2 at:
    #0 pthread_create ../../../../src/libsanitizer/tsan/tsan_interceptors_posix.cpp:962 (libtsan.so.0+0x5ea79)
    #1 <null> <null> (libtbb.so.2+0x20750)

  Thread T3 (tid=105095, running) created by main thread at:
    #0 pthread_create ../../../../src/libsanitizer/tsan/tsan_interceptors_posix.cpp:962 (libtsan.so.0+0x5ea79)
    #1 <null> <null> (libtbb.so.2+0x20750)
    #2 <null> <null> (libtbb.so.2+0x2c544)
    #3 parallel_for<tbb::blocked_range<int>, main()::<lambda(const tbb::blocked_range<int>&)> > /usr/include/tbb/parallel_for.h:201 (race_good+0x3028)
    #4 main /home/lc/super_livo/src/Super-LIO/tests/prob_lio/race_evidence.cpp:23 (race_good+0x3028)

SUMMARY: ThreadSanitizer: data race /usr/include/tbb/partitioner.h:388 in tbb::interface9::internal::dynamic_grainsize_mode<tbb::interface9::internal::adaptive_mode<tbb::interface9::internal::auto_partition_type> >::dynamic_grainsize_mode(tbb::interface9::internal::dynamic_grainsize_mode<tbb::interface9::internal::adaptive_mode<tbb::interface9::internal::auto_partition_type> >&, tbb::split)
==================
==================
WARNING: ThreadSanitizer: data race (pid=105091)
  Read of size 1 at 0x7fa56776776c by thread T19:
    #0 tbb::interface9::internal::auto_partition_type::is_divisible() /usr/include/tbb/partitioner.h:485 (race_good+0x276d)
    #1 execute<tbb::interface9::internal::start_for<tbb::blocked_range<int>, main()::<lambda(const tbb::blocked_range<int>&)>, const tbb::auto_partitioner>, tbb::blocked_range<int> > /usr/include/tbb/partitioner.h:249 (race_good+0x276d)
    #2 execute /usr/include/tbb/parallel_for.h:142 (race_good+0x276d)
    #3 <null> <null> (libtbb.so.2+0x2c544)

  Previous write of size 1 at 0x7fa56776776c by thread T3:
    #0 tbb::interface9::internal::dynamic_grainsize_mode<tbb::interface9::internal::adaptive_mode<tbb::interface9::internal::auto_partition_type> >::dynamic_grainsize_mode(tbb::interface9::internal::dynamic_grainsize_mode<tbb::interface9::internal::adaptive_mode<tbb::interface9::internal::auto_partition_type> >&, tbb::split) /usr/include/tbb/partitioner.h:388 (race_good+0x2a22)
    #1 tbb::interface9::internal::auto_partition_type::auto_partition_type(tbb::interface9::internal::auto_partition_type&, tbb::split) /usr/include/tbb/partitioner.h:482 (race_good+0x2a22)
    #2 start_for /usr/include/tbb/parallel_for.h:67 (race_good+0x2a22)
    #3 offer_work /usr/include/tbb/parallel_for.h:121 (race_good+0x2a22)
    #4 execute<tbb::interface9::internal::start_for<tbb::blocked_range<int>, main()::<lambda(const tbb::blocked_range<int>&)>, const tbb::auto_partitioner>, tbb::blocked_range<int> > /usr/include/tbb/partitioner.h:252 (race_good+0x2a22)
    #5 execute /usr/include/tbb/parallel_for.h:142 (race_good+0x2a22)
    #6 <null> <null> (libtbb.so.2+0x2c544)

  Thread T19 (tid=105105, running) created by thread T5 at:
    #0 pthread_create ../../../../src/libsanitizer/tsan/tsan_interceptors_posix.cpp:962 (libtsan.so.0+0x5ea79)
    #1 <null> <null> (libtbb.so.2+0x20750)

  Thread T3 (tid=105095, running) created by main thread at:
    #0 pthread_create ../../../../src/libsanitizer/tsan/tsan_interceptors_posix.cpp:962 (libtsan.so.0+0x5ea79)
    #1 <null> <null> (libtbb.so.2+0x20750)
    #2 <null> <null> (libtbb.so.2+0x2c544)
    #3 parallel_for<tbb::blocked_range<int>, main()::<lambda(const tbb::blocked_range<int>&)> > /usr/include/tbb/parallel_for.h:201 (race_good+0x3028)
    #4 main /home/lc/super_livo/src/Super-LIO/tests/prob_lio/race_evidence.cpp:23 (race_good+0x3028)

SUMMARY: ThreadSanitizer: data race /usr/include/tbb/partitioner.h:485 in tbb::interface9::internal::auto_partition_type::is_divisible()
==================
==================
WARNING: ThreadSanitizer: data race (pid=105091)
  Read of size 8 at 0x7fa567767628 by thread T2:
    #0 tbb::task::ref_count() const /usr/include/tbb/task.h:916 (race_good+0x27b4)
    #1 tbb::interface9::internal::dynamic_grainsize_mode<tbb::interface9::internal::adaptive_mode<tbb::interface9::internal::auto_partition_type> >::check_being_stolen(tbb::task&) /usr/include/tbb/partitioner.h:399 (race_good+0x27b4)
    #2 execute /usr/include/tbb/parallel_for.h:141 (race_good+0x27b4)
    #3 <null> <null> (libtbb.so.2+0x2c544)

  Previous write of size 8 at 0x7fa567767628 by thread T3:
    #0 tbb::task::set_ref_count(int) /usr/include/tbb/task.h:754 (race_good+0x291b)
    #1 tbb::interface9::internal::allocate_sibling(tbb::task*, unsigned long) /usr/include/tbb/parallel_for.h:134 (race_good+0x291b)
    #2 offer_work /usr/include/tbb/parallel_for.h:121 (race_good+0x291b)
    #3 execute<tbb::interface9::internal::start_for<tbb::blocked_range<int>, main()::<lambda(const tbb::blocked_range<int>&)>, const tbb::auto_partitioner>, tbb::blocked_range<int> > /usr/include/tbb/partitioner.h:252 (race_good+0x291b)
    #4 execute /usr/include/tbb/parallel_for.h:142 (race_good+0x291b)
    #5 <null> <null> (libtbb.so.2+0x2c544)

  Thread T2 (tid=105094, running) created by thread T1 at:
    #0 pthread_create ../../../../src/libsanitizer/tsan/tsan_interceptors_posix.cpp:962 (libtsan.so.0+0x5ea79)
    #1 <null> <null> (libtbb.so.2+0x20750)

  Thread T3 (tid=105095, running) created by main thread at:
    #0 pthread_create ../../../../src/libsanitizer/tsan/tsan_interceptors_posix.cpp:962 (libtsan.so.0+0x5ea79)
    #1 <null> <null> (libtbb.so.2+0x20750)
    #2 <null> <null> (libtbb.so.2+0x2c544)
    #3 parallel_for<tbb::blocked_range<int>, main()::<lambda(const tbb::blocked_range<int>&)> > /usr/include/tbb/parallel_for.h:201 (race_good+0x3028)
    #4 main /home/lc/super_livo/src/Super-LIO/tests/prob_lio/race_evidence.cpp:23 (race_good+0x3028)

SUMMARY: ThreadSanitizer: data race /usr/include/tbb/task.h:916 in tbb::task::ref_count() const
==================
==================
WARNING: ThreadSanitizer: data race (pid=105091)
  Read of size 8 at 0x7fa567767550 by thread T2:
    #0 tbb::blocked_range<int>::is_divisible() const /usr/include/tbb/blocked_range.h:93 (race_good+0x273a)
    #1 execute<tbb::interface9::internal::start_for<tbb::blocked_range<int>, main()::<lambda(const tbb::blocked_range<int>&)>, const tbb::auto_partitioner>, tbb::blocked_range<int> > /usr/include/tbb/partitioner.h:248 (race_good+0x273a)
    #2 execute /usr/include/tbb/parallel_for.h:142 (race_good+0x273a)
    #3 <null> <null> (libtbb.so.2+0x2c544)

  Previous write of size 8 at 0x7fa567767550 by thread T3:
    #0 tbb::blocked_range<int>::blocked_range(tbb::blocked_range<int>&, tbb::split) /usr/include/tbb/blocked_range.h:101 (race_good+0x29cb)
    #1 start_for /usr/include/tbb/parallel_for.h:67 (race_good+0x29cb)
    #2 offer_work /usr/include/tbb/parallel_for.h:121 (race_good+0x29cb)
    #3 execute<tbb::interface9::internal::start_for<tbb::blocked_range<int>, main()::<lambda(const tbb::blocked_range<int>&)>, const tbb::auto_partitioner>, tbb::blocked_range<int> > /usr/include/tbb/partitioner.h:252 (race_good+0x29cb)
    #4 execute /usr/include/tbb/parallel_for.h:142 (race_good+0x29cb)
    #5 <null> <null> (libtbb.so.2+0x2c544)

  Thread T2 (tid=105094, running) created by thread T1 at:
    #0 pthread_create ../../../../src/libsanitizer/tsan/tsan_interceptors_posix.cpp:962 (libtsan.so.0+0x5ea79)
    #1 <null> <null> (libtbb.so.2+0x20750)

  Thread T3 (tid=105095, running) created by main thread at:
    #0 pthread_create ../../../../src/libsanitizer/tsan/tsan_interceptors_posix.cpp:962 (libtsan.so.0+0x5ea79)
    #1 <null> <null> (libtbb.so.2+0x20750)
    #2 <null> <null> (libtbb.so.2+0x2c544)
    #3 parallel_for<tbb::blocked_range<int>, main()::<lambda(const tbb::blocked_range<int>&)> > /usr/include/tbb/parallel_for.h:201 (race_good+0x3028)
    #4 main /home/lc/super_livo/src/Super-LIO/tests/prob_lio/race_evidence.cpp:23 (race_good+0x3028)

SUMMARY: ThreadSanitizer: data race /usr/include/tbb/blocked_range.h:93 in tbb::blocked_range<int>::is_divisible() const
==================
==================
WARNING: ThreadSanitizer: data race (pid=105091)
  Read of size 4 at 0x7fa567767548 by thread T2:
    #0 tbb::blocked_range<int>::size() const /usr/include/tbb/blocked_range.h:78 (race_good+0x2746)
    #1 tbb::blocked_range<int>::is_divisible() const /usr/include/tbb/blocked_range.h:93 (race_good+0x2746)
    #2 execute<tbb::interface9::internal::start_for<tbb::blocked_range<int>, main()::<lambda(const tbb::blocked_range<int>&)>, const tbb::auto_partitioner>, tbb::blocked_range<int> > /usr/include/tbb/partitioner.h:248 (race_good+0x2746)
    #3 execute /usr/include/tbb/parallel_for.h:142 (race_good+0x2746)
    #4 <null> <null> (libtbb.so.2+0x2c544)

  Previous write of size 4 at 0x7fa567767548 by thread T3:
    #0 tbb::blocked_range<int>::blocked_range(tbb::blocked_range<int>&, tbb::split) /usr/include/tbb/blocked_range.h:101 (race_good+0x2973)
    #1 start_for /usr/include/tbb/parallel_for.h:67 (race_good+0x2973)
    #2 offer_work /usr/include/tbb/parallel_for.h:121 (race_good+0x2973)
    #3 execute<tbb::interface9::internal::start_for<tbb::blocked_range<int>, main()::<lambda(const tbb::blocked_range<int>&)>, const tbb::auto_partitioner>, tbb::blocked_range<int> > /usr/include/tbb/partitioner.h:252 (race_good+0x2973)
    #4 execute /usr/include/tbb/parallel_for.h:142 (race_good+0x2973)
    #5 <null> <null> (libtbb.so.2+0x2c544)

  Thread T2 (tid=105094, running) created by thread T1 at:
    #0 pthread_create ../../../../src/libsanitizer/tsan/tsan_interceptors_posix.cpp:962 (libtsan.so.0+0x5ea79)
    #1 <null> <null> (libtbb.so.2+0x20750)

  Thread T3 (tid=105095, running) created by main thread at:
    #0 pthread_create ../../../../src/libsanitizer/tsan/tsan_interceptors_posix.cpp:962 (libtsan.so.0+0x5ea79)
    #1 <null> <null> (libtbb.so.2+0x20750)
    #2 <null> <null> (libtbb.so.2+0x2c544)
    #3 parallel_for<tbb::blocked_range<int>, main()::<lambda(const tbb::blocked_range<int>&)> > /usr/include/tbb/parallel_for.h:201 (race_good+0x3028)
    #4 main /home/lc/super_livo/src/Super-LIO/tests/prob_lio/race_evidence.cpp:23 (race_good+0x3028)

SUMMARY: ThreadSanitizer: data race /usr/include/tbb/blocked_range.h:78 in tbb::blocked_range<int>::size() const
==================
==================
WARNING: ThreadSanitizer: data race (pid=105091)
  Read of size 4 at 0x7fa56776754c by thread T2:
    #0 tbb::blocked_range<int>::size() const /usr/include/tbb/blocked_range.h:78 (race_good+0x2752)
    #1 tbb::blocked_range<int>::is_divisible() const /usr/include/tbb/blocked_range.h:93 (race_good+0x2752)
    #2 execute<tbb::interface9::internal::start_for<tbb::blocked_range<int>, main()::<lambda(const tbb::blocked_range<int>&)>, const tbb::auto_partitioner>, tbb::blocked_range<int> > /usr/include/tbb/partitioner.h:248 (race_good+0x2752)
    #3 execute /usr/include/tbb/parallel_for.h:142 (race_good+0x2752)
    #4 <null> <null> (libtbb.so.2+0x2c544)

  Previous write of size 4 at 0x7fa56776754c by thread T3:
    #0 tbb::blocked_range<int>::blocked_range(tbb::blocked_range<int>&, tbb::split) /usr/include/tbb/blocked_range.h:101 (race_good+0x29a9)
    #1 start_for /usr/include/tbb/parallel_for.h:67 (race_good+0x29a9)
    #2 offer_work /usr/include/tbb/parallel_for.h:121 (race_good+0x29a9)
    #3 execute<tbb::interface9::internal::start_for<tbb::blocked_range<int>, main()::<lambda(const tbb::blocked_range<int>&)>, const tbb::auto_partitioner>, tbb::blocked_range<int> > /usr/include/tbb/partitioner.h:252 (race_good+0x29a9)
    #4 execute /usr/include/tbb/parallel_for.h:142 (race_good+0x29a9)
    #5 <null> <null> (libtbb.so.2+0x2c544)

  Thread T2 (tid=105094, running) created by thread T1 at:
    #0 pthread_create ../../../../src/libsanitizer/tsan/tsan_interceptors_posix.cpp:962 (libtsan.so.0+0x5ea79)
    #1 <null> <null> (libtbb.so.2+0x20750)

  Thread T3 (tid=105095, running) created by main thread at:
    #0 pthread_create ../../../../src/libsanitizer/tsan/tsan_interceptors_posix.cpp:962 (libtsan.so.0+0x5ea79)
    #1 <null> <null> (libtbb.so.2+0x20750)
    #2 <null> <null> (libtbb.so.2+0x2c544)
    #3 parallel_for<tbb::blocked_range<int>, main()::<lambda(const tbb::blocked_range<int>&)> > /usr/include/tbb/parallel_for.h:201 (race_good+0x3028)
    #4 main /home/lc/super_livo/src/Super-LIO/tests/prob_lio/race_evidence.cpp:23 (race_good+0x3028)

SUMMARY: ThreadSanitizer: data race /usr/include/tbb/blocked_range.h:78 in tbb::blocked_range<int>::size() const
==================
==================
WARNING: ThreadSanitizer: data race (pid=105091)
  Read of size 8 at 0x7fa56778f150 by thread T3:
    #0 tbb::blocked_range<int>::is_divisible() const /usr/include/tbb/blocked_range.h:93 (race_good+0x2818)
    #1 execute<tbb::interface9::internal::start_for<tbb::blocked_range<int>, main()::<lambda(const tbb::blocked_range<int>&)>, const tbb::auto_partitioner>, tbb::blocked_range<int> > /usr/include/tbb/partitioner.h:248 (race_good+0x2818)
    #2 execute /usr/include/tbb/parallel_for.h:142 (race_good+0x2818)
    #3 <null> <null> (libtbb.so.2+0x2c544)

  Previous write of size 8 at 0x7fa56778f150 by main thread:
    #0 tbb::blocked_range<int>::blocked_range(tbb::blocked_range<int>&, tbb::split) /usr/include/tbb/blocked_range.h:101 (race_good+0x29cb)
    #1 start_for /usr/include/tbb/parallel_for.h:67 (race_good+0x29cb)
    #2 offer_work /usr/include/tbb/parallel_for.h:121 (race_good+0x29cb)
    #3 execute<tbb::interface9::internal::start_for<tbb::blocked_range<int>, main()::<lambda(const tbb::blocked_range<int>&)>, const tbb::auto_partitioner>, tbb::blocked_range<int> > /usr/include/tbb/partitioner.h:252 (race_good+0x29cb)
    #4 execute /usr/include/tbb/parallel_for.h:142 (race_good+0x29cb)
    #5 <null> <null> (libtbb.so.2+0x2c544)
    #6 parallel_for<tbb::blocked_range<int>, main()::<lambda(const tbb::blocked_range<int>&)> > /usr/include/tbb/parallel_for.h:201 (race_good+0x3028)
    #7 main /home/lc/super_livo/src/Super-LIO/tests/prob_lio/race_evidence.cpp:23 (race_good+0x3028)

  Thread T3 (tid=105095, running) created by main thread at:
    #0 pthread_create ../../../../src/libsanitizer/tsan/tsan_interceptors_posix.cpp:962 (libtsan.so.0+0x5ea79)
    #1 <null> <null> (libtbb.so.2+0x20750)
    #2 <null> <null> (libtbb.so.2+0x2c544)
    #3 parallel_for<tbb::blocked_range<int>, main()::<lambda(const tbb::blocked_range<int>&)> > /usr/include/tbb/parallel_for.h:201 (race_good+0x3028)
    #4 main /home/lc/super_livo/src/Super-LIO/tests/prob_lio/race_evidence.cpp:23 (race_good+0x3028)

SUMMARY: ThreadSanitizer: data race /usr/include/tbb/blocked_range.h:93 in tbb::blocked_range<int>::is_divisible() const
==================
==================
WARNING: ThreadSanitizer: data race (pid=105091)
  Read of size 1 at 0x7fa56778ef35 by thread T21:
    #0 tbb::task::is_stolen_task() const /usr/include/tbb/task.h:875 (race_good+0x2727)
    #1 tbb::interface9::internal::dynamic_grainsize_mode<tbb::interface9::internal::adaptive_mode<tbb::interface9::internal::auto_partition_type> >::check_being_stolen(tbb::task&) /usr/include/tbb/partitioner.h:399 (race_good+0x2727)
    #2 execute /usr/include/tbb/parallel_for.h:141 (race_good+0x2727)
    #3 <null> <null> (libtbb.so.2+0x2c544)

  Previous write of size 1 at 0x7fa56778ef35 by main thread:
    #0 tbb::task::task() /usr/include/tbb/task.h:614 (race_good+0x293c)
    #1 start_for /usr/include/tbb/parallel_for.h:67 (race_good+0x293c)
    #2 offer_work /usr/include/tbb/parallel_for.h:121 (race_good+0x293c)
    #3 execute<tbb::interface9::internal::start_for<tbb::blocked_range<int>, main()::<lambda(const tbb::blocked_range<int>&)>, const tbb::auto_partitioner>, tbb::blocked_range<int> > /usr/include/tbb/partitioner.h:252 (race_good+0x293c)
    #4 execute /usr/include/tbb/parallel_for.h:142 (race_good+0x293c)
    #5 <null> <null> (libtbb.so.2+0x2c544)
    #6 parallel_for<tbb::blocked_range<int>, main()::<lambda(const tbb::blocked_range<int>&)> > /usr/include/tbb/parallel_for.h:201 (race_good+0x3028)
    #7 main /home/lc/super_livo/src/Super-LIO/tests/prob_lio/race_evidence.cpp:23 (race_good+0x3028)

  Thread T21 (tid=105113, running) created by thread T1 at:
    #0 pthread_create ../../../../src/libsanitizer/tsan/tsan_interceptors_posix.cpp:962 (libtsan.so.0+0x5ea79)
    #1 <null> <null> (libtbb.so.2+0x20750)

SUMMARY: ThreadSanitizer: data race /usr/include/tbb/task.h:875 in tbb::task::is_stolen_task() const
==================
==================
WARNING: ThreadSanitizer: data race (pid=105091)
  Read of size 8 at 0x7fa56778ef20 by thread T21:
    #0 tbb::task::parent() const /usr/include/tbb/task.h:854 (race_good+0x27a7)
    #1 tbb::interface9::internal::dynamic_grainsize_mode<tbb::interface9::internal::adaptive_mode<tbb::interface9::internal::auto_partition_type> >::check_being_stolen(tbb::task&) /usr/include/tbb/partitioner.h:399 (race_good+0x27a7)
    #2 execute /usr/include/tbb/parallel_for.h:141 (race_good+0x27a7)
    #3 <null> <null> (libtbb.so.2+0x2c544)

  Previous write of size 8 at 0x7fa56778ef20 by main thread:
    #0 tbb::task::set_parent(tbb::task*) /usr/include/tbb/task.h:861 (race_good+0x290e)
    #1 tbb::interface9::internal::allocate_sibling(tbb::task*, unsigned long) /usr/include/tbb/parallel_for.h:133 (race_good+0x290e)
    #2 offer_work /usr/include/tbb/parallel_for.h:121 (race_good+0x290e)
    #3 execute<tbb::interface9::internal::start_for<tbb::blocked_range<int>, main()::<lambda(const tbb::blocked_range<int>&)>, const tbb::auto_partitioner>, tbb::blocked_range<int> > /usr/include/tbb/partitioner.h:252 (race_good+0x290e)
    #4 execute /usr/include/tbb/parallel_for.h:142 (race_good+0x290e)
    #5 <null> <null> (libtbb.so.2+0x2c544)
    #6 parallel_for<tbb::blocked_range<int>, main()::<lambda(const tbb::blocked_range<int>&)> > /usr/include/tbb/parallel_for.h:201 (race_good+0x3028)
    #7 main /home/lc/super_livo/src/Super-LIO/tests/prob_lio/race_evidence.cpp:23 (race_good+0x3028)

  Thread T21 (tid=105113, running) created by thread T1 at:
    #0 pthread_create ../../../../src/libsanitizer/tsan/tsan_interceptors_posix.cpp:962 (libtsan.so.0+0x5ea79)
    #1 <null> <null> (libtbb.so.2+0x20750)

SUMMARY: ThreadSanitizer: data race /usr/include/tbb/task.h:854 in tbb::task::parent() const
==================
==================
WARNING: ThreadSanitizer: data race (pid=105091)
  Read of size 8 at 0x7fa56778f428 by thread T21:
    #0 tbb::task::ref_count() const /usr/include/tbb/task.h:916 (race_good+0x27b4)
    #1 tbb::interface9::internal::dynamic_grainsize_mode<tbb::interface9::internal::adaptive_mode<tbb::interface9::internal::auto_partition_type> >::check_being_stolen(tbb::task&) /usr/include/tbb/partitioner.h:399 (race_good+0x27b4)
    #2 execute /usr/include/tbb/parallel_for.h:141 (race_good+0x27b4)
    #3 <null> <null> (libtbb.so.2+0x2c544)

  Previous write of size 8 at 0x7fa56778f428 by main thread:
    #0 tbb::task::set_ref_count(int) /usr/include/tbb/task.h:754 (race_good+0x291b)
    #1 tbb::interface9::internal::allocate_sibling(tbb::task*, unsigned long) /usr/include/tbb/parallel_for.h:134 (race_good+0x291b)
    #2 offer_work /usr/include/tbb/parallel_for.h:121 (race_good+0x291b)
    #3 execute<tbb::interface9::internal::start_for<tbb::blocked_range<int>, main()::<lambda(const tbb::blocked_range<int>&)>, const tbb::auto_partitioner>, tbb::blocked_range<int> > /usr/include/tbb/partitioner.h:252 (race_good+0x291b)
    #4 execute /usr/include/tbb/parallel_for.h:142 (race_good+0x291b)
    #5 <null> <null> (libtbb.so.2+0x2c544)
    #6 parallel_for<tbb::blocked_range<int>, main()::<lambda(const tbb::blocked_range<int>&)> > /usr/include/tbb/parallel_for.h:201 (race_good+0x3028)
    #7 main /home/lc/super_livo/src/Super-LIO/tests/prob_lio/race_evidence.cpp:23 (race_good+0x3028)

  Thread T21 (tid=105113, running) created by thread T1 at:
    #0 pthread_create ../../../../src/libsanitizer/tsan/tsan_interceptors_posix.cpp:962 (libtsan.so.0+0x5ea79)
    #1 <null> <null> (libtbb.so.2+0x20750)

SUMMARY: ThreadSanitizer: data race /usr/include/tbb/task.h:916 in tbb::task::ref_count() const
==================
==================
WARNING: ThreadSanitizer: data race (pid=105091)
  Read of size 8 at 0x7fa56778ef50 by thread T21:
    #0 tbb::blocked_range<int>::is_divisible() const /usr/include/tbb/blocked_range.h:93 (race_good+0x273a)
    #1 execute<tbb::interface9::internal::start_for<tbb::blocked_range<int>, main()::<lambda(const tbb::blocked_range<int>&)>, const tbb::auto_partitioner>, tbb::blocked_range<int> > /usr/include/tbb/partitioner.h:248 (race_good+0x273a)
    #2 execute /usr/include/tbb/parallel_for.h:142 (race_good+0x273a)
    #3 <null> <null> (libtbb.so.2+0x2c544)

  Previous write of size 8 at 0x7fa56778ef50 by main thread:
    #0 tbb::blocked_range<int>::blocked_range(tbb::blocked_range<int>&, tbb::split) /usr/include/tbb/blocked_range.h:101 (race_good+0x29cb)
    #1 start_for /usr/include/tbb/parallel_for.h:67 (race_good+0x29cb)
    #2 offer_work /usr/include/tbb/parallel_for.h:121 (race_good+0x29cb)
    #3 execute<tbb::interface9::internal::start_for<tbb::blocked_range<int>, main()::<lambda(const tbb::blocked_range<int>&)>, const tbb::auto_partitioner>, tbb::blocked_range<int> > /usr/include/tbb/partitioner.h:252 (race_good+0x29cb)
    #4 execute /usr/include/tbb/parallel_for.h:142 (race_good+0x29cb)
    #5 <null> <null> (libtbb.so.2+0x2c544)
    #6 parallel_for<tbb::blocked_range<int>, main()::<lambda(const tbb::blocked_range<int>&)> > /usr/include/tbb/parallel_for.h:201 (race_good+0x3028)
    #7 main /home/lc/super_livo/src/Super-LIO/tests/prob_lio/race_evidence.cpp:23 (race_good+0x3028)

  Thread T21 (tid=105113, running) created by thread T1 at:
    #0 pthread_create ../../../../src/libsanitizer/tsan/tsan_interceptors_posix.cpp:962 (libtsan.so.0+0x5ea79)
    #1 <null> <null> (libtbb.so.2+0x20750)

SUMMARY: ThreadSanitizer: data race /usr/include/tbb/blocked_range.h:93 in tbb::blocked_range<int>::is_divisible() const
==================
==================
WARNING: ThreadSanitizer: data race (pid=105091)
  Read of size 1 at 0x7fa56776fb6c by thread T15:
    #0 tbb::interface9::internal::dynamic_grainsize_mode<tbb::interface9::internal::adaptive_mode<tbb::interface9::internal::auto_partition_type> >::dynamic_grainsize_mode(tbb::interface9::internal::dynamic_grainsize_mode<tbb::interface9::internal::adaptive_mode<tbb::interface9::internal::auto_partition_type> >&, tbb::split) /usr/include/tbb/partitioner.h:388 (race_good+0x2a14)
    #1 tbb::interface9::internal::auto_partition_type::auto_partition_type(tbb::interface9::internal::auto_partition_type&, tbb::split) /usr/include/tbb/partitioner.h:482 (race_good+0x2a14)
    #2 start_for /usr/include/tbb/parallel_for.h:67 (race_good+0x2a14)
    #3 offer_work /usr/include/tbb/parallel_for.h:121 (race_good+0x2a14)
    #4 execute<tbb::interface9::internal::start_for<tbb::blocked_range<int>, main()::<lambda(const tbb::blocked_range<int>&)>, const tbb::auto_partitioner>, tbb::blocked_range<int> > /usr/include/tbb/partitioner.h:252 (race_good+0x2a14)
    #5 execute /usr/include/tbb/parallel_for.h:142 (race_good+0x2a14)
    #6 <null> <null> (libtbb.so.2+0x2c544)

  Previous write of size 1 at 0x7fa56776fb6c by thread T2:
    #0 tbb::interface9::internal::dynamic_grainsize_mode<tbb::interface9::internal::adaptive_mode<tbb::interface9::internal::auto_partition_type> >::dynamic_grainsize_mode(tbb::interface9::internal::dynamic_grainsize_mode<tbb::interface9::internal::adaptive_mode<tbb::interface9::internal::auto_partition_type> >&, tbb::split) /usr/include/tbb/partitioner.h:388 (race_good+0x2a22)
    #1 tbb::interface9::internal::auto_partition_type::auto_partition_type(tbb::interface9::internal::auto_partition_type&, tbb::split) /usr/include/tbb/partitioner.h:482 (race_good+0x2a22)
    #2 start_for /usr/include/tbb/parallel_for.h:67 (race_good+0x2a22)
    #3 offer_work /usr/include/tbb/parallel_for.h:121 (race_good+0x2a22)
    #4 execute<tbb::interface9::internal::start_for<tbb::blocked_range<int>, main()::<lambda(const tbb::blocked_range<int>&)>, const tbb::auto_partitioner>, tbb::blocked_range<int> > /usr/include/tbb/partitioner.h:252 (race_good+0x2a22)
    #5 execute /usr/include/tbb/parallel_for.h:142 (race_good+0x2a22)
    #6 <null> <null> (libtbb.so.2+0x2c544)

  Thread T15 (tid=105109, running) created by thread T11 at:
    #0 pthread_create ../../../../src/libsanitizer/tsan/tsan_interceptors_posix.cpp:962 (libtsan.so.0+0x5ea79)
    #1 <null> <null> (libtbb.so.2+0x20750)

  Thread T2 (tid=105094, running) created by thread T1 at:
    #0 pthread_create ../../../../src/libsanitizer/tsan/tsan_interceptors_posix.cpp:962 (libtsan.so.0+0x5ea79)
    #1 <null> <null> (libtbb.so.2+0x20750)

SUMMARY: ThreadSanitizer: data race /usr/include/tbb/partitioner.h:388 in tbb::interface9::internal::dynamic_grainsize_mode<tbb::interface9::internal::adaptive_mode<tbb::interface9::internal::auto_partition_type> >::dynamic_grainsize_mode(tbb::interface9::internal::dynamic_grainsize_mode<tbb::interface9::internal::adaptive_mode<tbb::interface9::internal::auto_partition_type> >&, tbb::split)
==================
==================
WARNING: ThreadSanitizer: data race (pid=105091)
  Read of size 1 at 0x7fa56775796c by thread T14:
    #0 tbb::interface9::internal::auto_partition_type::is_divisible() /usr/include/tbb/partitioner.h:485 (race_good+0x276d)
    #1 execute<tbb::interface9::internal::start_for<tbb::blocked_range<int>, main()::<lambda(const tbb::blocked_range<int>&)>, const tbb::auto_partitioner>, tbb::blocked_range<int> > /usr/include/tbb/partitioner.h:249 (race_good+0x276d)
    #2 execute /usr/include/tbb/parallel_for.h:142 (race_good+0x276d)
    #3 <null> <null> (libtbb.so.2+0x2c544)

  Previous write of size 1 at 0x7fa56775796c by thread T4:
    #0 tbb::interface9::internal::dynamic_grainsize_mode<tbb::interface9::internal::adaptive_mode<tbb::interface9::internal::auto_partition_type> >::dynamic_grainsize_mode(tbb::interface9::internal::dynamic_grainsize_mode<tbb::interface9::internal::adaptive_mode<tbb::interface9::internal::auto_partition_type> >&, tbb::split) /usr/include/tbb/partitioner.h:388 (race_good+0x2a22)
    #1 tbb::interface9::internal::auto_partition_type::auto_partition_type(tbb::interface9::internal::auto_partition_type&, tbb::split) /usr/include/tbb/partitioner.h:482 (race_good+0x2a22)
    #2 start_for /usr/include/tbb/parallel_for.h:67 (race_good+0x2a22)
    #3 offer_work /usr/include/tbb/parallel_for.h:121 (race_good+0x2a22)
    #4 execute<tbb::interface9::internal::start_for<tbb::blocked_range<int>, main()::<lambda(const tbb::blocked_range<int>&)>, const tbb::auto_partitioner>, tbb::blocked_range<int> > /usr/include/tbb/partitioner.h:252 (race_good+0x2a22)
    #5 execute /usr/include/tbb/parallel_for.h:142 (race_good+0x2a22)
    #6 <null> <null> (libtbb.so.2+0x2c544)

  Thread T14 (tid=105108, running) created by thread T9 at:
    #0 pthread_create ../../../../src/libsanitizer/tsan/tsan_interceptors_posix.cpp:962 (libtsan.so.0+0x5ea79)
    #1 <null> <null> (libtbb.so.2+0x20750)

  Thread T4 (tid=105096, running) created by thread T1 at:
    #0 pthread_create ../../../../src/libsanitizer/tsan/tsan_interceptors_posix.cpp:962 (libtsan.so.0+0x5ea79)
    #1 <null> <null> (libtbb.so.2+0x20750)

SUMMARY: ThreadSanitizer: data race /usr/include/tbb/partitioner.h:485 in tbb::interface9::internal::auto_partition_type::is_divisible()
==================
==================
WARNING: ThreadSanitizer: data race (pid=105091)
  Read of size 1 at 0x7fa56772fd6c by thread T23:
    #0 tbb::interface9::internal::auto_partition_type::is_divisible() /usr/include/tbb/partitioner.h:485 (race_good+0x276d)
    #1 execute<tbb::interface9::internal::start_for<tbb::blocked_range<int>, main()::<lambda(const tbb::blocked_range<int>&)>, const tbb::auto_partitioner>, tbb::blocked_range<int> > /usr/include/tbb/partitioner.h:249 (race_good+0x276d)
    #2 execute /usr/include/tbb/parallel_for.h:142 (race_good+0x276d)
    #3 <null> <null> (libtbb.so.2+0x2c544)

  Previous write of size 1 at 0x7fa56772fd6c by thread T5:
    #0 tbb::interface9::internal::dynamic_grainsize_mode<tbb::interface9::internal::adaptive_mode<tbb::interface9::internal::auto_partition_type> >::dynamic_grainsize_mode(tbb::interface9::internal::dynamic_grainsize_mode<tbb::interface9::internal::adaptive_mode<tbb::interface9::internal::auto_partition_type> >&, tbb::split) /usr/include/tbb/partitioner.h:388 (race_good+0x2a22)
    #1 tbb::interface9::internal::auto_partition_type::auto_partition_type(tbb::interface9::internal::auto_partition_type&, tbb::split) /usr/include/tbb/partitioner.h:482 (race_good+0x2a22)
    #2 start_for /usr/include/tbb/parallel_for.h:67 (race_good+0x2a22)
    #3 offer_work /usr/include/tbb/parallel_for.h:121 (race_good+0x2a22)
    #4 execute<tbb::interface9::internal::start_for<tbb::blocked_range<int>, main()::<lambda(const tbb::blocked_range<int>&)>, const tbb::auto_partitioner>, tbb::blocked_range<int> > /usr/include/tbb/partitioner.h:252 (race_good+0x2a22)
    #5 execute /usr/include/tbb/parallel_for.h:142 (race_good+0x2a22)
    #6 <null> <null> (libtbb.so.2+0x2c544)

  Thread T23 (tid=105117, running) created by thread T14 at:
    #0 pthread_create ../../../../src/libsanitizer/tsan/tsan_interceptors_posix.cpp:962 (libtsan.so.0+0x5ea79)
    #1 <null> <null> (libtbb.so.2+0x20750)

  Thread T5 (tid=105097, running) created by thread T2 at:
    #0 pthread_create ../../../../src/libsanitizer/tsan/tsan_interceptors_posix.cpp:962 (libtsan.so.0+0x5ea79)
    #1 <null> <null> (libtbb.so.2+0x20750)

SUMMARY: ThreadSanitizer: data race /usr/include/tbb/partitioner.h:485 in tbb::interface9::internal::auto_partition_type::is_divisible()
==================
==================
WARNING: ThreadSanitizer: data race (pid=105091)
  Write of size 8 at 0x7fa567757b20 by thread T4:
    #0 tbb::task::set_parent(tbb::task*) /usr/include/tbb/task.h:861 (race_good+0x290e)
    #1 tbb::interface9::internal::allocate_sibling(tbb::task*, unsigned long) /usr/include/tbb/parallel_for.h:133 (race_good+0x290e)
    #2 offer_work /usr/include/tbb/parallel_for.h:121 (race_good+0x290e)
    #3 execute<tbb::interface9::internal::start_for<tbb::blocked_range<int>, main()::<lambda(const tbb::blocked_range<int>&)>, const tbb::auto_partitioner>, tbb::blocked_range<int> > /usr/include/tbb/partitioner.h:252 (race_good+0x290e)
    #4 execute /usr/include/tbb/parallel_for.h:142 (race_good+0x290e)
    #5 <null> <null> (libtbb.so.2+0x2c544)

  Previous write of size 8 at 0x7fa567757b20 by thread T5:
    #0 tbb::task::set_parent(tbb::task*) /usr/include/tbb/task.h:861 (race_good+0x290e)
    #1 tbb::interface9::internal::allocate_sibling(tbb::task*, unsigned long) /usr/include/tbb/parallel_for.h:133 (race_good+0x290e)
    #2 offer_work /usr/include/tbb/parallel_for.h:121 (race_good+0x290e)
    #3 execute<tbb::interface9::internal::start_for<tbb::blocked_range<int>, main()::<lambda(const tbb::blocked_range<int>&)>, const tbb::auto_partitioner>, tbb::blocked_range<int> > /usr/include/tbb/partitioner.h:252 (race_good+0x290e)
    #4 execute /usr/include/tbb/parallel_for.h:142 (race_good+0x290e)
    #5 <null> <null> (libtbb.so.2+0x2c544)

  Thread T4 (tid=105096, running) created by thread T1 at:
    #0 pthread_create ../../../../src/libsanitizer/tsan/tsan_interceptors_posix.cpp:962 (libtsan.so.0+0x5ea79)
    #1 <null> <null> (libtbb.so.2+0x20750)

  Thread T5 (tid=105097, running) created by thread T2 at:
    #0 pthread_create ../../../../src/libsanitizer/tsan/tsan_interceptors_posix.cpp:962 (libtsan.so.0+0x5ea79)
    #1 <null> <null> (libtbb.so.2+0x20750)

SUMMARY: ThreadSanitizer: data race /usr/include/tbb/task.h:861 in tbb::task::set_parent(tbb::task*)
==================
==================
WARNING: ThreadSanitizer: data race (pid=105091)
  Read of size 4 at 0x7fa56778f348 by thread T5:
    #0 tbb::blocked_range<int>::size() const /usr/include/tbb/blocked_range.h:78 (race_good+0x2824)
    #1 tbb::blocked_range<int>::is_divisible() const /usr/include/tbb/blocked_range.h:93 (race_good+0x2824)
    #2 execute<tbb::interface9::internal::start_for<tbb::blocked_range<int>, main()::<lambda(const tbb::blocked_range<int>&)>, const tbb::auto_partitioner>, tbb::blocked_range<int> > /usr/include/tbb/partitioner.h:248 (race_good+0x2824)
    #3 execute /usr/include/tbb/parallel_for.h:142 (race_good+0x2824)
    #4 <null> <null> (libtbb.so.2+0x2c544)

  Previous write of size 4 at 0x7fa56778f348 by main thread:
    #0 tbb::blocked_range<int>::blocked_range(tbb::blocked_range<int>&, tbb::split) /usr/include/tbb/blocked_range.h:101 (race_good+0x2973)
    #1 start_for /usr/include/tbb/parallel_for.h:67 (race_good+0x2973)
    #2 offer_work /usr/include/tbb/parallel_for.h:121 (race_good+0x2973)
    #3 execute<tbb::interface9::internal::start_for<tbb::blocked_range<int>, main()::<lambda(const tbb::blocked_range<int>&)>, const tbb::auto_partitioner>, tbb::blocked_range<int> > /usr/include/tbb/partitioner.h:252 (race_good+0x2973)
    #4 execute /usr/include/tbb/parallel_for.h:142 (race_good+0x2973)
    #5 <null> <null> (libtbb.so.2+0x2c544)
    #6 parallel_for<tbb::blocked_range<int>, main()::<lambda(const tbb::blocked_range<int>&)> > /usr/include/tbb/parallel_for.h:201 (race_good+0x3028)
    #7 main /home/lc/super_livo/src/Super-LIO/tests/prob_lio/race_evidence.cpp:23 (race_good+0x3028)

  Thread T5 (tid=105097, running) created by thread T2 at:
    #0 pthread_create ../../../../src/libsanitizer/tsan/tsan_interceptors_posix.cpp:962 (libtsan.so.0+0x5ea79)
    #1 <null> <null> (libtbb.so.2+0x20750)

SUMMARY: ThreadSanitizer: data race /usr/include/tbb/blocked_range.h:78 in tbb::blocked_range<int>::size() const
==================
==================
WARNING: ThreadSanitizer: data race (pid=105091)
  Read of size 4 at 0x7fa56778f34c by thread T5:
    #0 tbb::blocked_range<int>::size() const /usr/include/tbb/blocked_range.h:78 (race_good+0x2830)
    #1 tbb::blocked_range<int>::is_divisible() const /usr/include/tbb/blocked_range.h:93 (race_good+0x2830)
    #2 execute<tbb::interface9::internal::start_for<tbb::blocked_range<int>, main()::<lambda(const tbb::blocked_range<int>&)>, const tbb::auto_partitioner>, tbb::blocked_range<int> > /usr/include/tbb/partitioner.h:248 (race_good+0x2830)
    #3 execute /usr/include/tbb/parallel_for.h:142 (race_good+0x2830)
    #4 <null> <null> (libtbb.so.2+0x2c544)

  Previous write of size 4 at 0x7fa56778f34c by main thread:
    #0 tbb::blocked_range<int>::blocked_range(tbb::blocked_range<int>&, tbb::split) /usr/include/tbb/blocked_range.h:101 (race_good+0x29a9)
    #1 start_for /usr/include/tbb/parallel_for.h:67 (race_good+0x29a9)
    #2 offer_work /usr/include/tbb/parallel_for.h:121 (race_good+0x29a9)
    #3 execute<tbb::interface9::internal::start_for<tbb::blocked_range<int>, main()::<lambda(const tbb::blocked_range<int>&)>, const tbb::auto_partitioner>, tbb::blocked_range<int> > /usr/include/tbb/partitioner.h:252 (race_good+0x29a9)
    #4 execute /usr/include/tbb/parallel_for.h:142 (race_good+0x29a9)
    #5 <null> <null> (libtbb.so.2+0x2c544)
    #6 parallel_for<tbb::blocked_range<int>, main()::<lambda(const tbb::blocked_range<int>&)> > /usr/include/tbb/parallel_for.h:201 (race_good+0x3028)
    #7 main /home/lc/super_livo/src/Super-LIO/tests/prob_lio/race_evidence.cpp:23 (race_good+0x3028)

  Thread T5 (tid=105097, running) created by thread T2 at:
    #0 pthread_create ../../../../src/libsanitizer/tsan/tsan_interceptors_posix.cpp:962 (libtsan.so.0+0x5ea79)
    #1 <null> <null> (libtbb.so.2+0x20750)

SUMMARY: ThreadSanitizer: data race /usr/include/tbb/blocked_range.h:78 in tbb::blocked_range<int>::size() const
==================
==================
WARNING: ThreadSanitizer: data race (pid=105091)
  Read of size 1 at 0x7fa56776f66c by thread T16:
    #0 tbb::interface9::internal::auto_partition_type::is_divisible() /usr/include/tbb/partitioner.h:485 (race_good+0x276d)
    #1 execute<tbb::interface9::internal::start_for<tbb::blocked_range<int>, main()::<lambda(const tbb::blocked_range<int>&)>, const tbb::auto_partitioner>, tbb::blocked_range<int> > /usr/include/tbb/partitioner.h:249 (race_good+0x276d)
    #2 execute /usr/include/tbb/parallel_for.h:142 (race_good+0x276d)
    #3 <null> <null> (libtbb.so.2+0x2c544)

  Previous write of size 1 at 0x7fa56776f66c by thread T2:
    #0 tbb::interface9::internal::dynamic_grainsize_mode<tbb::interface9::internal::adaptive_mode<tbb::interface9::internal::auto_partition_type> >::dynamic_grainsize_mode(tbb::interface9::internal::dynamic_grainsize_mode<tbb::interface9::internal::adaptive_mode<tbb::interface9::internal::auto_partition_type> >&, tbb::split) /usr/include/tbb/partitioner.h:388 (race_good+0x2a22)
    #1 tbb::interface9::internal::auto_partition_type::auto_partition_type(tbb::interface9::internal::auto_partition_type&, tbb::split) /usr/include/tbb/partitioner.h:482 (race_good+0x2a22)
    #2 start_for /usr/include/tbb/parallel_for.h:67 (race_good+0x2a22)
    #3 offer_work /usr/include/tbb/parallel_for.h:121 (race_good+0x2a22)
    #4 execute<tbb::interface9::internal::start_for<tbb::blocked_range<int>, main()::<lambda(const tbb::blocked_range<int>&)>, const tbb::auto_partitioner>, tbb::blocked_range<int> > /usr/include/tbb/partitioner.h:252 (race_good+0x2a22)
    #5 execute /usr/include/tbb/parallel_for.h:142 (race_good+0x2a22)
    #6 <null> <null> (libtbb.so.2+0x2c544)

  Thread T16 (tid=105110, running) created by thread T10 at:
    #0 pthread_create ../../../../src/libsanitizer/tsan/tsan_interceptors_posix.cpp:962 (libtsan.so.0+0x5ea79)
    #1 <null> <null> (libtbb.so.2+0x20750)

  Thread T2 (tid=105094, running) created by thread T1 at:
    #0 pthread_create ../../../../src/libsanitizer/tsan/tsan_interceptors_posix.cpp:962 (libtsan.so.0+0x5ea79)
    #1 <null> <null> (libtbb.so.2+0x20750)

SUMMARY: ThreadSanitizer: data race /usr/include/tbb/partitioner.h:485 in tbb::interface9::internal::auto_partition_type::is_divisible()
==================
==================
WARNING: ThreadSanitizer: data race (pid=105091)
  Read of size 8 at 0x7fa56776f728 by thread T6:
    #0 tbb::task::ref_count() const /usr/include/tbb/task.h:916 (race_good+0x27b4)
    #1 tbb::interface9::internal::dynamic_grainsize_mode<tbb::interface9::internal::adaptive_mode<tbb::interface9::internal::auto_partition_type> >::check_being_stolen(tbb::task&) /usr/include/tbb/partitioner.h:399 (race_good+0x27b4)
    #2 execute /usr/include/tbb/parallel_for.h:141 (race_good+0x27b4)
    #3 <null> <null> (libtbb.so.2+0x2c544)

  Previous write of size 8 at 0x7fa56776f728 by thread T2:
    #0 tbb::task::set_ref_count(int) /usr/include/tbb/task.h:754 (race_good+0x291b)
    #1 tbb::interface9::internal::allocate_sibling(tbb::task*, unsigned long) /usr/include/tbb/parallel_for.h:134 (race_good+0x291b)
    #2 offer_work /usr/include/tbb/parallel_for.h:121 (race_good+0x291b)
    #3 execute<tbb::interface9::internal::start_for<tbb::blocked_range<int>, main()::<lambda(const tbb::blocked_range<int>&)>, const tbb::auto_partitioner>, tbb::blocked_range<int> > /usr/include/tbb/partitioner.h:252 (race_good+0x291b)
    #4 execute /usr/include/tbb/parallel_for.h:142 (race_good+0x291b)
    #5 <null> <null> (libtbb.so.2+0x2c544)

  Thread T6 (tid=105098, running) created by thread T3 at:
    #0 pthread_create ../../../../src/libsanitizer/tsan/tsan_interceptors_posix.cpp:962 (libtsan.so.0+0x5ea79)
    #1 <null> <null> (libtbb.so.2+0x20750)

  Thread T2 (tid=105094, running) created by thread T1 at:
    #0 pthread_create ../../../../src/libsanitizer/tsan/tsan_interceptors_posix.cpp:962 (libtsan.so.0+0x5ea79)
    #1 <null> <null> (libtbb.so.2+0x20750)

SUMMARY: ThreadSanitizer: data race /usr/include/tbb/task.h:916 in tbb::task::ref_count() const
==================
==================
WARNING: ThreadSanitizer: data race (pid=105091)
  Read of size 4 at 0x7fa56778ee48 by thread T10:
    #0 tbb::blocked_range<int>::size() const /usr/include/tbb/blocked_range.h:78 (race_good+0x2824)
    #1 tbb::blocked_range<int>::is_divisible() const /usr/include/tbb/blocked_range.h:93 (race_good+0x2824)
    #2 execute<tbb::interface9::internal::start_for<tbb::blocked_range<int>, main()::<lambda(const tbb::blocked_range<int>&)>, const tbb::auto_partitioner>, tbb::blocked_range<int> > /usr/include/tbb/partitioner.h:248 (race_good+0x2824)
    #3 execute /usr/include/tbb/parallel_for.h:142 (race_good+0x2824)
    #4 <null> <null> (libtbb.so.2+0x2c544)

  Previous write of size 4 at 0x7fa56778ee48 by main thread:
    #0 tbb::blocked_range<int>::blocked_range(tbb::blocked_range<int>&, tbb::split) /usr/include/tbb/blocked_range.h:101 (race_good+0x2973)
    #1 start_for /usr/include/tbb/parallel_for.h:67 (race_good+0x2973)
    #2 offer_work /usr/include/tbb/parallel_for.h:121 (race_good+0x2973)
    #3 execute<tbb::interface9::internal::start_for<tbb::blocked_range<int>, main()::<lambda(const tbb::blocked_range<int>&)>, const tbb::auto_partitioner>, tbb::blocked_range<int> > /usr/include/tbb/partitioner.h:252 (race_good+0x2973)
    #4 execute /usr/include/tbb/parallel_for.h:142 (race_good+0x2973)
    #5 <null> <null> (libtbb.so.2+0x2c544)
    #6 parallel_for<tbb::blocked_range<int>, main()::<lambda(const tbb::blocked_range<int>&)> > /usr/include/tbb/parallel_for.h:201 (race_good+0x3028)
    #7 main /home/lc/super_livo/src/Super-LIO/tests/prob_lio/race_evidence.cpp:23 (race_good+0x3028)

  Thread T10 (tid=105103, running) created by thread T6 at:
    #0 pthread_create ../../../../src/libsanitizer/tsan/tsan_interceptors_posix.cpp:962 (libtsan.so.0+0x5ea79)
    #1 <null> <null> (libtbb.so.2+0x20750)

SUMMARY: ThreadSanitizer: data race /usr/include/tbb/blocked_range.h:78 in tbb::blocked_range<int>::size() const
==================
==================
WARNING: ThreadSanitizer: data race (pid=105091)
  Write of size 8 at 0x7fa56771fd20 by thread T8:
    #0 tbb::task::set_parent(tbb::task*) /usr/include/tbb/task.h:861 (race_good+0x290e)
    #1 tbb::interface9::internal::allocate_sibling(tbb::task*, unsigned long) /usr/include/tbb/parallel_for.h:133 (race_good+0x290e)
    #2 offer_work /usr/include/tbb/parallel_for.h:121 (race_good+0x290e)
    #3 execute<tbb::interface9::internal::start_for<tbb::blocked_range<int>, main()::<lambda(const tbb::blocked_range<int>&)>, const tbb::auto_partitioner>, tbb::blocked_range<int> > /usr/include/tbb/partitioner.h:252 (race_good+0x290e)
    #4 execute /usr/include/tbb/parallel_for.h:142 (race_good+0x290e)
    #5 <null> <null> (libtbb.so.2+0x2c544)

  Previous write of size 8 at 0x7fa56771fd20 by thread T25:
    #0 tbb::task::set_parent(tbb::task*) /usr/include/tbb/task.h:861 (race_good+0x290e)
    #1 tbb::interface9::internal::allocate_sibling(tbb::task*, unsigned long) /usr/include/tbb/parallel_for.h:133 (race_good+0x290e)
    #2 offer_work /usr/include/tbb/parallel_for.h:121 (race_good+0x290e)
    #3 execute<tbb::interface9::internal::start_for<tbb::blocked_range<int>, main()::<lambda(const tbb::blocked_range<int>&)>, const tbb::auto_partitioner>, tbb::blocked_range<int> > /usr/include/tbb/partitioner.h:252 (race_good+0x290e)
    #4 execute /usr/include/tbb/parallel_for.h:142 (race_good+0x290e)
    #5 <null> <null> (libtbb.so.2+0x2c544)

  Thread T8 (tid=105100, running) created by thread T2 at:
    #0 pthread_create ../../../../src/libsanitizer/tsan/tsan_interceptors_posix.cpp:962 (libtsan.so.0+0x5ea79)
    #1 <null> <null> (libtbb.so.2+0x20750)

  Thread T25 (tid=105119, running) created by thread T10 at:
    #0 pthread_create ../../../../src/libsanitizer/tsan/tsan_interceptors_posix.cpp:962 (libtsan.so.0+0x5ea79)
    #1 <null> <null> (libtbb.so.2+0x20750)

SUMMARY: ThreadSanitizer: data race /usr/include/tbb/task.h:861 in tbb::task::set_parent(tbb::task*)
==================
==================
WARNING: ThreadSanitizer: data race (pid=105091)
  Read of size 1 at 0x7fa56771f96c by thread T11:
    #0 tbb::interface9::internal::auto_partition_type::is_divisible() /usr/include/tbb/partitioner.h:485 (race_good+0x276d)
    #1 execute<tbb::interface9::internal::start_for<tbb::blocked_range<int>, main()::<lambda(const tbb::blocked_range<int>&)>, const tbb::auto_partitioner>, tbb::blocked_range<int> > /usr/include/tbb/partitioner.h:249 (race_good+0x276d)
    #2 execute /usr/include/tbb/parallel_for.h:142 (race_good+0x276d)
    #3 <null> <null> (libtbb.so.2+0x2c544)

  Previous write of size 1 at 0x7fa56771f96c by thread T8:
    #0 tbb::interface9::internal::dynamic_grainsize_mode<tbb::interface9::internal::adaptive_mode<tbb::interface9::internal::auto_partition_type> >::dynamic_grainsize_mode(tbb::interface9::internal::dynamic_grainsize_mode<tbb::interface9::internal::adaptive_mode<tbb::interface9::internal::auto_partition_type> >&, tbb::split) /usr/include/tbb/partitioner.h:388 (race_good+0x2a22)
    #1 tbb::interface9::internal::auto_partition_type::auto_partition_type(tbb::interface9::internal::auto_partition_type&, tbb::split) /usr/include/tbb/partitioner.h:482 (race_good+0x2a22)
    #2 start_for /usr/include/tbb/parallel_for.h:67 (race_good+0x2a22)
    #3 offer_work /usr/include/tbb/parallel_for.h:121 (race_good+0x2a22)
    #4 execute<tbb::interface9::internal::start_for<tbb::blocked_range<int>, main()::<lambda(const tbb::blocked_range<int>&)>, const tbb::auto_partitioner>, tbb::blocked_range<int> > /usr/include/tbb/partitioner.h:252 (race_good+0x2a22)
    #5 execute /usr/include/tbb/parallel_for.h:142 (race_good+0x2a22)
    #6 <null> <null> (libtbb.so.2+0x2c544)

  Thread T11 (tid=105102, running) created by thread T3 at:
    #0 pthread_create ../../../../src/libsanitizer/tsan/tsan_interceptors_posix.cpp:962 (libtsan.so.0+0x5ea79)
    #1 <null> <null> (libtbb.so.2+0x20750)

  Thread T8 (tid=105100, running) created by thread T2 at:
    #0 pthread_create ../../../../src/libsanitizer/tsan/tsan_interceptors_posix.cpp:962 (libtsan.so.0+0x5ea79)
    #1 <null> <null> (libtbb.so.2+0x20750)

SUMMARY: ThreadSanitizer: data race /usr/include/tbb/partitioner.h:485 in tbb::interface9::internal::auto_partition_type::is_divisible()
==================
==================
WARNING: ThreadSanitizer: data race (pid=105091)
  Read of size 8 at 0x7fa5676dbc28 by thread T25:
    #0 tbb::task::ref_count() const /usr/include/tbb/task.h:916 (race_good+0x27b4)
    #1 tbb::interface9::internal::dynamic_grainsize_mode<tbb::interface9::internal::adaptive_mode<tbb::interface9::internal::auto_partition_type> >::check_being_stolen(tbb::task&) /usr/include/tbb/partitioner.h:399 (race_good+0x27b4)
    #2 execute /usr/include/tbb/parallel_for.h:141 (race_good+0x27b4)
    #3 <null> <null> (libtbb.so.2+0x2c544)

  Previous write of size 8 at 0x7fa5676dbc28 by thread T24:
    #0 tbb::task::set_ref_count(int) /usr/include/tbb/task.h:754 (race_good+0x291b)
    #1 tbb::interface9::internal::allocate_sibling(tbb::task*, unsigned long) /usr/include/tbb/parallel_for.h:134 (race_good+0x291b)
    #2 offer_work /usr/include/tbb/parallel_for.h:121 (race_good+0x291b)
    #3 execute<tbb::interface9::internal::start_for<tbb::blocked_range<int>, main()::<lambda(const tbb::blocked_range<int>&)>, const tbb::auto_partitioner>, tbb::blocked_range<int> > /usr/include/tbb/partitioner.h:252 (race_good+0x291b)
    #4 execute /usr/include/tbb/parallel_for.h:142 (race_good+0x291b)
    #5 <null> <null> (libtbb.so.2+0x2c544)

  Thread T25 (tid=105119, running) created by thread T10 at:
    #0 pthread_create ../../../../src/libsanitizer/tsan/tsan_interceptors_posix.cpp:962 (libtsan.so.0+0x5ea79)
    #1 <null> <null> (libtbb.so.2+0x20750)

  Thread T24 (tid=105118, running) created by thread T11 at:
    #0 pthread_create ../../../../src/libsanitizer/tsan/tsan_interceptors_posix.cpp:962 (libtsan.so.0+0x5ea79)
    #1 <null> <null> (libtbb.so.2+0x20750)

SUMMARY: ThreadSanitizer: data race /usr/include/tbb/task.h:916 in tbb::task::ref_count() const
==================
==================
WARNING: ThreadSanitizer: data race (pid=105091)
  Read of size 8 at 0x7fa567727e28 by thread T24:
    #0 tbb::task::ref_count() const /usr/include/tbb/task.h:916 (race_good+0x27b4)
    #1 tbb::interface9::internal::dynamic_grainsize_mode<tbb::interface9::internal::adaptive_mode<tbb::interface9::internal::auto_partition_type> >::check_being_stolen(tbb::task&) /usr/include/tbb/partitioner.h:399 (race_good+0x27b4)
    #2 execute /usr/include/tbb/parallel_for.h:141 (race_good+0x27b4)
    #3 <null> <null> (libtbb.so.2+0x2c544)

  Previous write of size 8 at 0x7fa567727e28 by thread T19:
    #0 tbb::task::set_ref_count(int) /usr/include/tbb/task.h:754 (race_good+0x291b)
    #1 tbb::interface9::internal::allocate_sibling(tbb::task*, unsigned long) /usr/include/tbb/parallel_for.h:134 (race_good+0x291b)
    #2 offer_work /usr/include/tbb/parallel_for.h:121 (race_good+0x291b)
    #3 execute<tbb::interface9::internal::start_for<tbb::blocked_range<int>, main()::<lambda(const tbb::blocked_range<int>&)>, const tbb::auto_partitioner>, tbb::blocked_range<int> > /usr/include/tbb/partitioner.h:252 (race_good+0x291b)
    #4 execute /usr/include/tbb/parallel_for.h:142 (race_good+0x291b)
    #5 <null> <null> (libtbb.so.2+0x2c544)

  Thread T24 (tid=105118, running) created by thread T11 at:
    #0 pthread_create ../../../../src/libsanitizer/tsan/tsan_interceptors_posix.cpp:962 (libtsan.so.0+0x5ea79)
    #1 <null> <null> (libtbb.so.2+0x20750)

  Thread T19 (tid=105105, running) created by thread T5 at:
    #0 pthread_create ../../../../src/libsanitizer/tsan/tsan_interceptors_posix.cpp:962 (libtsan.so.0+0x5ea79)
    #1 <null> <null> (libtbb.so.2+0x20750)

SUMMARY: ThreadSanitizer: data race /usr/include/tbb/task.h:916 in tbb::task::ref_count() const
==================
==================
WARNING: ThreadSanitizer: data race (pid=105091)
  Read of size 1 at 0x7fa56776796c by thread T20:
    #0 tbb::interface9::internal::dynamic_grainsize_mode<tbb::interface9::internal::adaptive_mode<tbb::interface9::internal::auto_partition_type> >::dynamic_grainsize_mode(tbb::interface9::internal::dynamic_grainsize_mode<tbb::interface9::internal::adaptive_mode<tbb::interface9::internal::auto_partition_type> >&, tbb::split) /usr/include/tbb/partitioner.h:388 (race_good+0x2a14)
    #1 tbb::interface9::internal::auto_partition_type::auto_partition_type(tbb::interface9::internal::auto_partition_type&, tbb::split) /usr/include/tbb/partitioner.h:482 (race_good+0x2a14)
    #2 start_for /usr/include/tbb/parallel_for.h:67 (race_good+0x2a14)
    #3 offer_work /usr/include/tbb/parallel_for.h:121 (race_good+0x2a14)
    #4 execute<tbb::interface9::internal::start_for<tbb::blocked_range<int>, main()::<lambda(const tbb::blocked_range<int>&)>, const tbb::auto_partitioner>, tbb::blocked_range<int> > /usr/include/tbb/partitioner.h:252 (race_good+0x2a14)
    #5 execute /usr/include/tbb/parallel_for.h:142 (race_good+0x2a14)
    #6 <null> <null> (libtbb.so.2+0x2c544)

  Previous write of size 1 at 0x7fa56776796c by thread T3:
    #0 tbb::interface9::internal::dynamic_grainsize_mode<tbb::interface9::internal::adaptive_mode<tbb::interface9::internal::auto_partition_type> >::dynamic_grainsize_mode(tbb::interface9::internal::dynamic_grainsize_mode<tbb::interface9::internal::adaptive_mode<tbb::interface9::internal::auto_partition_type> >&, tbb::split) /usr/include/tbb/partitioner.h:388 (race_good+0x2a22)
    #1 tbb::interface9::internal::auto_partition_type::auto_partition_type(tbb::interface9::internal::auto_partition_type&, tbb::split) /usr/include/tbb/partitioner.h:482 (race_good+0x2a22)
    #2 start_for /usr/include/tbb/parallel_for.h:67 (race_good+0x2a22)
    #3 offer_work /usr/include/tbb/parallel_for.h:121 (race_good+0x2a22)
    #4 execute<tbb::interface9::internal::start_for<tbb::blocked_range<int>, main()::<lambda(const tbb::blocked_range<int>&)>, const tbb::auto_partitioner>, tbb::blocked_range<int> > /usr/include/tbb/partitioner.h:252 (race_good+0x2a22)
    #5 execute /usr/include/tbb/parallel_for.h:142 (race_good+0x2a22)
    #6 <null> <null> (libtbb.so.2+0x2c544)

  Thread T20 (tid=105112, running) created by thread T8 at:
    #0 pthread_create ../../../../src/libsanitizer/tsan/tsan_interceptors_posix.cpp:962 (libtsan.so.0+0x5ea79)
    #1 <null> <null> (libtbb.so.2+0x20750)

  Thread T3 (tid=105095, running) created by main thread at:
    #0 pthread_create ../../../../src/libsanitizer/tsan/tsan_interceptors_posix.cpp:962 (libtsan.so.0+0x5ea79)
    #1 <null> <null> (libtbb.so.2+0x20750)
    #2 <null> <null> (libtbb.so.2+0x2c544)
    #3 parallel_for<tbb::blocked_range<int>, main()::<lambda(const tbb::blocked_range<int>&)> > /usr/include/tbb/parallel_for.h:201 (race_good+0x3028)
    #4 main /home/lc/super_livo/src/Super-LIO/tests/prob_lio/race_evidence.cpp:23 (race_good+0x3028)

SUMMARY: ThreadSanitizer: data race /usr/include/tbb/partitioner.h:388 in tbb::interface9::internal::dynamic_grainsize_mode<tbb::interface9::internal::adaptive_mode<tbb::interface9::internal::auto_partition_type> >::dynamic_grainsize_mode(tbb::interface9::internal::dynamic_grainsize_mode<tbb::interface9::internal::adaptive_mode<tbb::interface9::internal::auto_partition_type> >&, tbb::split)
==================
==================
WARNING: ThreadSanitizer: data race (pid=105091)
  Read of size 1 at 0x7fa567767b6c by thread T17:
    #0 tbb::interface9::internal::dynamic_grainsize_mode<tbb::interface9::internal::adaptive_mode<tbb::interface9::internal::auto_partition_type> >::dynamic_grainsize_mode(tbb::interface9::internal::dynamic_grainsize_mode<tbb::interface9::internal::adaptive_mode<tbb::interface9::internal::auto_partition_type> >&, tbb::split) /usr/include/tbb/partitioner.h:388 (race_good+0x2a14)
    #1 tbb::interface9::internal::auto_partition_type::auto_partition_type(tbb::interface9::internal::auto_partition_type&, tbb::split) /usr/include/tbb/partitioner.h:482 (race_good+0x2a14)
    #2 start_for /usr/include/tbb/parallel_for.h:67 (race_good+0x2a14)
    #3 offer_work /usr/include/tbb/parallel_for.h:121 (race_good+0x2a14)
    #4 execute<tbb::interface9::internal::start_for<tbb::blocked_range<int>, main()::<lambda(const tbb::blocked_range<int>&)>, const tbb::auto_partitioner>, tbb::blocked_range<int> > /usr/include/tbb/partitioner.h:252 (race_good+0x2a14)
    #5 execute /usr/include/tbb/parallel_for.h:142 (race_good+0x2a14)
    #6 <null> <null> (libtbb.so.2+0x2c544)

  Previous write of size 1 at 0x7fa567767b6c by thread T3:
    #0 tbb::interface9::internal::dynamic_grainsize_mode<tbb::interface9::internal::adaptive_mode<tbb::interface9::internal::auto_partition_type> >::dynamic_grainsize_mode(tbb::interface9::internal::dynamic_grainsize_mode<tbb::interface9::internal::adaptive_mode<tbb::interface9::internal::auto_partition_type> >&, tbb::split) /usr/include/tbb/partitioner.h:388 (race_good+0x2a22)
    #1 tbb::interface9::internal::auto_partition_type::auto_partition_type(tbb::interface9::internal::auto_partition_type&, tbb::split) /usr/include/tbb/partitioner.h:482 (race_good+0x2a22)
    #2 start_for /usr/include/tbb/parallel_for.h:67 (race_good+0x2a22)
    #3 offer_work /usr/include/tbb/parallel_for.h:121 (race_good+0x2a22)
    #4 execute<tbb::interface9::internal::start_for<tbb::blocked_range<int>, main()::<lambda(const tbb::blocked_range<int>&)>, const tbb::auto_partitioner>, tbb::blocked_range<int> > /usr/include/tbb/partitioner.h:252 (race_good+0x2a22)
    #5 execute /usr/include/tbb/parallel_for.h:142 (race_good+0x2a22)
    #6 <null> <null> (libtbb.so.2+0x2c544)

  Thread T17 (tid=105111, running) created by thread T6 at:
    #0 pthread_create ../../../../src/libsanitizer/tsan/tsan_interceptors_posix.cpp:962 (libtsan.so.0+0x5ea79)
    #1 <null> <null> (libtbb.so.2+0x20750)

  Thread T3 (tid=105095, running) created by main thread at:
    #0 pthread_create ../../../../src/libsanitizer/tsan/tsan_interceptors_posix.cpp:962 (libtsan.so.0+0x5ea79)
    #1 <null> <null> (libtbb.so.2+0x20750)
    #2 <null> <null> (libtbb.so.2+0x2c544)
    #3 parallel_for<tbb::blocked_range<int>, main()::<lambda(const tbb::blocked_range<int>&)> > /usr/include/tbb/parallel_for.h:201 (race_good+0x3028)
    #4 main /home/lc/super_livo/src/Super-LIO/tests/prob_lio/race_evidence.cpp:23 (race_good+0x3028)

SUMMARY: ThreadSanitizer: data race /usr/include/tbb/partitioner.h:388 in tbb::interface9::internal::dynamic_grainsize_mode<tbb::interface9::internal::adaptive_mode<tbb::interface9::internal::auto_partition_type> >::dynamic_grainsize_mode(tbb::interface9::internal::dynamic_grainsize_mode<tbb::interface9::internal::adaptive_mode<tbb::interface9::internal::auto_partition_type> >&, tbb::split)
==================
==================
WARNING: ThreadSanitizer: data race (pid=105091)
  Atomic write of size 1 at 0x7fa56776f948 by thread T19:
    #0 __tsan_atomic8_store ../../../../src/libsanitizer/tsan/tsan_interface_atomic.cpp:551 (libtsan.so.0+0x7cefd)
    #1 tbb::internal::atomic_impl<bool>::store_with_release(bool) /usr/include/tbb/machine/gcc_generic.h:168 (race_good+0x27d1)
    #2 tbb::atomic<bool>::operator=(bool) /usr/include/tbb/atomic.h:426 (race_good+0x27d1)
    #3 tbb::interface9::internal::flag_task::mark_task_stolen(tbb::task&) /usr/include/tbb/partitioner.h:139 (race_good+0x27d1)
    #4 tbb::interface9::internal::dynamic_grainsize_mode<tbb::interface9::internal::adaptive_mode<tbb::interface9::internal::auto_partition_type> >::check_being_stolen(tbb::task&) /usr/include/tbb/partitioner.h:407 (race_good+0x27d1)
    #5 execute /usr/include/tbb/parallel_for.h:141 (race_good+0x27d1)
    #6 <null> <null> (libtbb.so.2+0x2c544)

  Previous write of size 4 at 0x7fa56776f948 by thread T2:
    #0 tbb::blocked_range<int>::do_split(tbb::blocked_range<int>&, tbb::split) /usr/include/tbb/blocked_range.h:135 (race_good+0x299c)
    #1 tbb::blocked_range<int>::blocked_range(tbb::blocked_range<int>&, tbb::split) /usr/include/tbb/blocked_range.h:100 (race_good+0x299c)
    #2 start_for /usr/include/tbb/parallel_for.h:67 (race_good+0x299c)
    #3 offer_work /usr/include/tbb/parallel_for.h:121 (race_good+0x299c)
    #4 execute<tbb::interface9::internal::start_for<tbb::blocked_range<int>, main()::<lambda(const tbb::blocked_range<int>&)>, const tbb::auto_partitioner>, tbb::blocked_range<int> > /usr/include/tbb/partitioner.h:252 (race_good+0x299c)
    #5 execute /usr/include/tbb/parallel_for.h:142 (race_good+0x299c)
    #6 <null> <null> (libtbb.so.2+0x2c544)

  Thread T19 (tid=105105, running) created by thread T5 at:
    #0 pthread_create ../../../../src/libsanitizer/tsan/tsan_interceptors_posix.cpp:962 (libtsan.so.0+0x5ea79)
    #1 <null> <null> (libtbb.so.2+0x20750)

  Thread T2 (tid=105094, running) created by thread T1 at:
    #0 pthread_create ../../../../src/libsanitizer/tsan/tsan_interceptors_posix.cpp:962 (libtsan.so.0+0x5ea79)
    #1 <null> <null> (libtbb.so.2+0x20750)

SUMMARY: ThreadSanitizer: data race /usr/include/tbb/machine/gcc_generic.h:168 in tbb::internal::atomic_impl<bool>::store_with_release(bool)
==================
==================
WARNING: ThreadSanitizer: data race (pid=105091)
  Read of size 4 at 0x7fa56778f148 by thread T3:
    #0 tbb::blocked_range<int>::size() const /usr/include/tbb/blocked_range.h:78 (race_good+0x2824)
    #1 tbb::blocked_range<int>::is_divisible() const /usr/include/tbb/blocked_range.h:93 (race_good+0x2824)
    #2 execute<tbb::interface9::internal::start_for<tbb::blocked_range<int>, main()::<lambda(const tbb::blocked_range<int>&)>, const tbb::auto_partitioner>, tbb::blocked_range<int> > /usr/include/tbb/partitioner.h:248 (race_good+0x2824)
    #3 execute /usr/include/tbb/parallel_for.h:142 (race_good+0x2824)
    #4 <null> <null> (libtbb.so.2+0x2c544)

  Previous write of size 4 at 0x7fa56778f148 by main thread:
    #0 tbb::blocked_range<int>::blocked_range(tbb::blocked_range<int>&, tbb::split) /usr/include/tbb/blocked_range.h:101 (race_good+0x2973)
    #1 start_for /usr/include/tbb/parallel_for.h:67 (race_good+0x2973)
    #2 offer_work /usr/include/tbb/parallel_for.h:121 (race_good+0x2973)
    #3 execute<tbb::interface9::internal::start_for<tbb::blocked_range<int>, main()::<lambda(const tbb::blocked_range<int>&)>, const tbb::auto_partitioner>, tbb::blocked_range<int> > /usr/include/tbb/partitioner.h:252 (race_good+0x2973)
    #4 execute /usr/include/tbb/parallel_for.h:142 (race_good+0x2973)
    #5 <null> <null> (libtbb.so.2+0x2c544)
    #6 parallel_for<tbb::blocked_range<int>, main()::<lambda(const tbb::blocked_range<int>&)> > /usr/include/tbb/parallel_for.h:201 (race_good+0x3028)
    #7 main /home/lc/super_livo/src/Super-LIO/tests/prob_lio/race_evidence.cpp:23 (race_good+0x3028)

  Thread T3 (tid=105095, running) created by main thread at:
    #0 pthread_create ../../../../src/libsanitizer/tsan/tsan_interceptors_posix.cpp:962 (libtsan.so.0+0x5ea79)
    #1 <null> <null> (libtbb.so.2+0x20750)
    #2 <null> <null> (libtbb.so.2+0x2c544)
    #3 parallel_for<tbb::blocked_range<int>, main()::<lambda(const tbb::blocked_range<int>&)> > /usr/include/tbb/parallel_for.h:201 (race_good+0x3028)
    #4 main /home/lc/super_livo/src/Super-LIO/tests/prob_lio/race_evidence.cpp:23 (race_good+0x3028)

SUMMARY: ThreadSanitizer: data race /usr/include/tbb/blocked_range.h:78 in tbb::blocked_range<int>::size() const
==================
==================
WARNING: ThreadSanitizer: data race (pid=105091)
  Read of size 4 at 0x7fa56778f548 by thread T18:
    #0 tbb::blocked_range<int>::size() const /usr/include/tbb/blocked_range.h:78 (race_good+0x2824)
    #1 tbb::blocked_range<int>::is_divisible() const /usr/include/tbb/blocked_range.h:93 (race_good+0x2824)
    #2 execute<tbb::interface9::internal::start_for<tbb::blocked_range<int>, main()::<lambda(const tbb::blocked_range<int>&)>, const tbb::auto_partitioner>, tbb::blocked_range<int> > /usr/include/tbb/partitioner.h:248 (race_good+0x2824)
    #3 execute /usr/include/tbb/parallel_for.h:142 (race_good+0x2824)
    #4 <null> <null> (libtbb.so.2+0x2c544)

  Previous atomic write of size 1 at 0x7fa56778f548 by main thread:
    #0 __tsan_atomic8_store ../../../../src/libsanitizer/tsan/tsan_interface_atomic.cpp:551 (libtsan.so.0+0x7cefd)
    #1 tbb::internal::atomic_impl<bool>::store_with_release(bool) /usr/include/tbb/machine/gcc_generic.h:168 (race_good+0x2904)
    #2 tbb::atomic<bool>::operator=(bool) /usr/include/tbb/atomic.h:426 (race_good+0x2904)
    #3 tbb::interface9::internal::flag_task::flag_task() /usr/include/tbb/partitioner.h:131 (race_good+0x2904)
    #4 tbb::interface9::internal::allocate_sibling(tbb::task*, unsigned long) /usr/include/tbb/partitioner.h:131 (race_good+0x2904)
    #5 offer_work /usr/include/tbb/parallel_for.h:121 (race_good+0x2904)
    #6 execute<tbb::interface9::internal::start_for<tbb::blocked_range<int>, main()::<lambda(const tbb::blocked_range<int>&)>, const tbb::auto_partitioner>, tbb::blocked_range<int> > /usr/include/tbb/partitioner.h:252 (race_good+0x2904)
    #7 execute /usr/include/tbb/parallel_for.h:142 (race_good+0x2904)
    #8 <null> <null> (libtbb.so.2+0x2c544)
    #9 parallel_for<tbb::blocked_range<int>, main()::<lambda(const tbb::blocked_range<int>&)> > /usr/include/tbb/parallel_for.h:201 (race_good+0x3028)
    #10 main /home/lc/super_livo/src/Super-LIO/tests/prob_lio/race_evidence.cpp:23 (race_good+0x3028)

  Thread T18 (tid=105106, running) created by thread T7 at:
    #0 pthread_create ../../../../src/libsanitizer/tsan/tsan_interceptors_posix.cpp:962 (libtsan.so.0+0x5ea79)
    #1 <null> <null> (libtbb.so.2+0x20750)

SUMMARY: ThreadSanitizer: data race /usr/include/tbb/blocked_range.h:78 in tbb::blocked_range<int>::size() const
==================
==================
WARNING: ThreadSanitizer: data race (pid=105091)
  Read of size 4 at 0x7fa56778ef48 by thread T21:
    #0 tbb::blocked_range<int>::size() const /usr/include/tbb/blocked_range.h:78 (race_good+0x2746)
    #1 tbb::blocked_range<int>::is_divisible() const /usr/include/tbb/blocked_range.h:93 (race_good+0x2746)
    #2 execute<tbb::interface9::internal::start_for<tbb::blocked_range<int>, main()::<lambda(const tbb::blocked_range<int>&)>, const tbb::auto_partitioner>, tbb::blocked_range<int> > /usr/include/tbb/partitioner.h:248 (race_good+0x2746)
    #3 execute /usr/include/tbb/parallel_for.h:142 (race_good+0x2746)
    #4 <null> <null> (libtbb.so.2+0x2c544)

  Previous write of size 4 at 0x7fa56778ef48 by main thread:
    #0 tbb::blocked_range<int>::blocked_range(tbb::blocked_range<int>&, tbb::split) /usr/include/tbb/blocked_range.h:101 (race_good+0x2973)
    #1 start_for /usr/include/tbb/parallel_for.h:67 (race_good+0x2973)
    #2 offer_work /usr/include/tbb/parallel_for.h:121 (race_good+0x2973)
    #3 execute<tbb::interface9::internal::start_for<tbb::blocked_range<int>, main()::<lambda(const tbb::blocked_range<int>&)>, const tbb::auto_partitioner>, tbb::blocked_range<int> > /usr/include/tbb/partitioner.h:252 (race_good+0x2973)
    #4 execute /usr/include/tbb/parallel_for.h:142 (race_good+0x2973)
    #5 <null> <null> (libtbb.so.2+0x2c544)
    #6 parallel_for<tbb::blocked_range<int>, main()::<lambda(const tbb::blocked_range<int>&)> > /usr/include/tbb/parallel_for.h:201 (race_good+0x3028)
    #7 main /home/lc/super_livo/src/Super-LIO/tests/prob_lio/race_evidence.cpp:23 (race_good+0x3028)

  Thread T21 (tid=105113, running) created by thread T1 at:
    #0 pthread_create ../../../../src/libsanitizer/tsan/tsan_interceptors_posix.cpp:962 (libtsan.so.0+0x5ea79)
    #1 <null> <null> (libtbb.so.2+0x20750)

SUMMARY: ThreadSanitizer: data race /usr/include/tbb/blocked_range.h:78 in tbb::blocked_range<int>::size() const
==================
==================
WARNING: ThreadSanitizer: data race (pid=105091)
  Read of size 4 at 0x7fa56778ef4c by thread T21:
    #0 tbb::blocked_range<int>::size() const /usr/include/tbb/blocked_range.h:78 (race_good+0x2752)
    #1 tbb::blocked_range<int>::is_divisible() const /usr/include/tbb/blocked_range.h:93 (race_good+0x2752)
    #2 execute<tbb::interface9::internal::start_for<tbb::blocked_range<int>, main()::<lambda(const tbb::blocked_range<int>&)>, const tbb::auto_partitioner>, tbb::blocked_range<int> > /usr/include/tbb/partitioner.h:248 (race_good+0x2752)
    #3 execute /usr/include/tbb/parallel_for.h:142 (race_good+0x2752)
    #4 <null> <null> (libtbb.so.2+0x2c544)

  Previous write of size 4 at 0x7fa56778ef4c by main thread:
    #0 tbb::blocked_range<int>::blocked_range(tbb::blocked_range<int>&, tbb::split) /usr/include/tbb/blocked_range.h:101 (race_good+0x29a9)
    #1 start_for /usr/include/tbb/parallel_for.h:67 (race_good+0x29a9)
    #2 offer_work /usr/include/tbb/parallel_for.h:121 (race_good+0x29a9)
    #3 execute<tbb::interface9::internal::start_for<tbb::blocked_range<int>, main()::<lambda(const tbb::blocked_range<int>&)>, const tbb::auto_partitioner>, tbb::blocked_range<int> > /usr/include/tbb/partitioner.h:252 (race_good+0x29a9)
    #4 execute /usr/include/tbb/parallel_for.h:142 (race_good+0x29a9)
    #5 <null> <null> (libtbb.so.2+0x2c544)
    #6 parallel_for<tbb::blocked_range<int>, main()::<lambda(const tbb::blocked_range<int>&)> > /usr/include/tbb/parallel_for.h:201 (race_good+0x3028)
    #7 main /home/lc/super_livo/src/Super-LIO/tests/prob_lio/race_evidence.cpp:23 (race_good+0x3028)

  Thread T21 (tid=105113, running) created by thread T1 at:
    #0 pthread_create ../../../../src/libsanitizer/tsan/tsan_interceptors_posix.cpp:962 (libtsan.so.0+0x5ea79)
    #1 <null> <null> (libtbb.so.2+0x20750)

SUMMARY: ThreadSanitizer: data race /usr/include/tbb/blocked_range.h:78 in tbb::blocked_range<int>::size() const
==================
==================
WARNING: ThreadSanitizer: data race (pid=105091)
  Read of size 1 at 0x7fa56778ef6c by thread T21:
    #0 tbb::interface9::internal::auto_partition_type::is_divisible() /usr/include/tbb/partitioner.h:485 (race_good+0x276d)
    #1 execute<tbb::interface9::internal::start_for<tbb::blocked_range<int>, main()::<lambda(const tbb::blocked_range<int>&)>, const tbb::auto_partitioner>, tbb::blocked_range<int> > /usr/include/tbb/partitioner.h:249 (race_good+0x276d)
    #2 execute /usr/include/tbb/parallel_for.h:142 (race_good+0x276d)
    #3 <null> <null> (libtbb.so.2+0x2c544)

  Previous write of size 1 at 0x7fa56778ef6c by main thread:
    #0 tbb::interface9::internal::dynamic_grainsize_mode<tbb::interface9::internal::adaptive_mode<tbb::interface9::internal::auto_partition_type> >::dynamic_grainsize_mode(tbb::interface9::internal::dynamic_grainsize_mode<tbb::interface9::internal::adaptive_mode<tbb::interface9::internal::auto_partition_type> >&, tbb::split) /usr/include/tbb/partitioner.h:388 (race_good+0x2a22)
    #1 tbb::interface9::internal::auto_partition_type::auto_partition_type(tbb::interface9::internal::auto_partition_type&, tbb::split) /usr/include/tbb/partitioner.h:482 (race_good+0x2a22)
    #2 start_for /usr/include/tbb/parallel_for.h:67 (race_good+0x2a22)
    #3 offer_work /usr/include/tbb/parallel_for.h:121 (race_good+0x2a22)
    #4 execute<tbb::interface9::internal::start_for<tbb::blocked_range<int>, main()::<lambda(const tbb::blocked_range<int>&)>, const tbb::auto_partitioner>, tbb::blocked_range<int> > /usr/include/tbb/partitioner.h:252 (race_good+0x2a22)
    #5 execute /usr/include/tbb/parallel_for.h:142 (race_good+0x2a22)
    #6 <null> <null> (libtbb.so.2+0x2c544)
    #7 parallel_for<tbb::blocked_range<int>, main()::<lambda(const tbb::blocked_range<int>&)> > /usr/include/tbb/parallel_for.h:201 (race_good+0x3028)
    #8 main /home/lc/super_livo/src/Super-LIO/tests/prob_lio/race_evidence.cpp:23 (race_good+0x3028)

  Thread T21 (tid=105113, running) created by thread T1 at:
    #0 pthread_create ../../../../src/libsanitizer/tsan/tsan_interceptors_posix.cpp:962 (libtsan.so.0+0x5ea79)
    #1 <null> <null> (libtbb.so.2+0x20750)

SUMMARY: ThreadSanitizer: data race /usr/include/tbb/partitioner.h:485 in tbb::interface9::internal::auto_partition_type::is_divisible()
==================
==================
WARNING: ThreadSanitizer: data race (pid=105091)
  Read of size 8 at 0x7fa56776f120 by thread T27:
    #0 tbb::task::parent() const /usr/include/tbb/task.h:854 (race_good+0x27a7)
    #1 tbb::interface9::internal::dynamic_grainsize_mode<tbb::interface9::internal::adaptive_mode<tbb::interface9::internal::auto_partition_type> >::check_being_stolen(tbb::task&) /usr/include/tbb/partitioner.h:399 (race_good+0x27a7)
    #2 execute /usr/include/tbb/parallel_for.h:141 (race_good+0x27a7)
    #3 <null> <null> (libtbb.so.2+0x2c544)

  Previous write of size 8 at 0x7fa56776f120 by thread T2:
    #0 tbb::task::set_parent(tbb::task*) /usr/include/tbb/task.h:861 (race_good+0x2b70)
    #1 tbb::interface9::internal::allocate_sibling(tbb::task*, unsigned long) /usr/include/tbb/parallel_for.h:133 (race_good+0x2b70)
    #2 offer_work /usr/include/tbb/parallel_for.h:125 (race_good+0x2b70)
    #3 work_balance<tbb::interface9::internal::start_for<tbb::blocked_range<int>, main()::<lambda(const tbb::blocked_range<int>&)>, const tbb::auto_partitioner>, tbb::blocked_range<int> > /usr/include/tbb/partitioner.h:431 (race_good+0x2b70)
    #4 execute<tbb::interface9::internal::start_for<tbb::blocked_range<int>, main()::<lambda(const tbb::blocked_range<int>&)>, const tbb::auto_partitioner>, tbb::blocked_range<int> > /usr/include/tbb/partitioner.h:256 (race_good+0x2b70)
    #5 execute /usr/include/tbb/parallel_for.h:142 (race_good+0x2b70)
    #6 <null> <null> (libtbb.so.2+0x2c544)

  Thread T27 (tid=105116, running) created by thread T13 at:
    #0 pthread_create ../../../../src/libsanitizer/tsan/tsan_interceptors_posix.cpp:962 (libtsan.so.0+0x5ea79)
    #1 <null> <null> (libtbb.so.2+0x20750)

  Thread T2 (tid=105094, running) created by thread T1 at:
    #0 pthread_create ../../../../src/libsanitizer/tsan/tsan_interceptors_posix.cpp:962 (libtsan.so.0+0x5ea79)
    #1 <null> <null> (libtbb.so.2+0x20750)

SUMMARY: ThreadSanitizer: data race /usr/include/tbb/task.h:854 in tbb::task::parent() const
==================
==================
WARNING: ThreadSanitizer: data race (pid=105091)
  Read of size 1 at 0x7fa56774fb35 by thread T2:
    #0 tbb::task::is_stolen_task() const /usr/include/tbb/task.h:875 (race_good+0x2727)
    #1 tbb::interface9::internal::dynamic_grainsize_mode<tbb::interface9::internal::adaptive_mode<tbb::interface9::internal::auto_partition_type> >::check_being_stolen(tbb::task&) /usr/include/tbb/partitioner.h:399 (race_good+0x2727)
    #2 execute /usr/include/tbb/parallel_for.h:141 (race_good+0x2727)
    #3 <null> <null> (libtbb.so.2+0x2c544)

  Previous write of size 1 at 0x7fa56774fb35 by thread T15:
    #0 tbb::task::task() /usr/include/tbb/task.h:614 (race_good+0x2b9e)
    #1 start_for /usr/include/tbb/parallel_for.h:77 (race_good+0x2b9e)
    #2 offer_work /usr/include/tbb/parallel_for.h:125 (race_good+0x2b9e)
    #3 work_balance<tbb::interface9::internal::start_for<tbb::blocked_range<int>, main()::<lambda(const tbb::blocked_range<int>&)>, const tbb::auto_partitioner>, tbb::blocked_range<int> > /usr/include/tbb/partitioner.h:431 (race_good+0x2b9e)
    #4 execute<tbb::interface9::internal::start_for<tbb::blocked_range<int>, main()::<lambda(const tbb::blocked_range<int>&)>, const tbb::auto_partitioner>, tbb::blocked_range<int> > /usr/include/tbb/partitioner.h:256 (race_good+0x2b9e)
    #5 execute /usr/include/tbb/parallel_for.h:142 (race_good+0x2b9e)
    #6 <null> <null> (libtbb.so.2+0x2c544)

  Thread T2 (tid=105094, running) created by thread T1 at:
    #0 pthread_create ../../../../src/libsanitizer/tsan/tsan_interceptors_posix.cpp:962 (libtsan.so.0+0x5ea79)
    #1 <null> <null> (libtbb.so.2+0x20750)

  Thread T15 (tid=105109, running) created by thread T11 at:
    #0 pthread_create ../../../../src/libsanitizer/tsan/tsan_interceptors_posix.cpp:962 (libtsan.so.0+0x5ea79)
    #1 <null> <null> (libtbb.so.2+0x20750)

SUMMARY: ThreadSanitizer: data race /usr/include/tbb/task.h:875 in tbb::task::is_stolen_task() const
==================
==================
WARNING: ThreadSanitizer: data race (pid=105091)
  Write of size 8 at 0x7fa5676ffd20 by thread T14:
    #0 tbb::task::set_parent(tbb::task*) /usr/include/tbb/task.h:861 (race_good+0x290e)
    #1 tbb::interface9::internal::allocate_sibling(tbb::task*, unsigned long) /usr/include/tbb/parallel_for.h:133 (race_good+0x290e)
    #2 offer_work /usr/include/tbb/parallel_for.h:121 (race_good+0x290e)
    #3 execute<tbb::interface9::internal::start_for<tbb::blocked_range<int>, main()::<lambda(const tbb::blocked_range<int>&)>, const tbb::auto_partitioner>, tbb::blocked_range<int> > /usr/include/tbb/partitioner.h:252 (race_good+0x290e)
    #4 execute /usr/include/tbb/parallel_for.h:142 (race_good+0x290e)
    #5 <null> <null> (libtbb.so.2+0x2c544)

  Previous write of size 8 at 0x7fa5676ffd20 by thread T2:
    #0 tbb::task::set_parent(tbb::task*) /usr/include/tbb/task.h:861 (race_good+0x2b70)
    #1 tbb::interface9::internal::allocate_sibling(tbb::task*, unsigned long) /usr/include/tbb/parallel_for.h:133 (race_good+0x2b70)
    #2 offer_work /usr/include/tbb/parallel_for.h:125 (race_good+0x2b70)
    #3 work_balance<tbb::interface9::internal::start_for<tbb::blocked_range<int>, main()::<lambda(const tbb::blocked_range<int>&)>, const tbb::auto_partitioner>, tbb::blocked_range<int> > /usr/include/tbb/partitioner.h:431 (race_good+0x2b70)
    #4 execute<tbb::interface9::internal::start_for<tbb::blocked_range<int>, main()::<lambda(const tbb::blocked_range<int>&)>, const tbb::auto_partitioner>, tbb::blocked_range<int> > /usr/include/tbb/partitioner.h:256 (race_good+0x2b70)
    #5 execute /usr/include/tbb/parallel_for.h:142 (race_good+0x2b70)
    #6 <null> <null> (libtbb.so.2+0x2c544)

  Thread T14 (tid=105108, running) created by thread T9 at:
    #0 pthread_create ../../../../src/libsanitizer/tsan/tsan_interceptors_posix.cpp:962 (libtsan.so.0+0x5ea79)
    #1 <null> <null> (libtbb.so.2+0x20750)

  Thread T2 (tid=105094, running) created by thread T1 at:
    #0 pthread_create ../../../../src/libsanitizer/tsan/tsan_interceptors_posix.cpp:962 (libtsan.so.0+0x5ea79)
    #1 <null> <null> (libtbb.so.2+0x20750)

SUMMARY: ThreadSanitizer: data race /usr/include/tbb/task.h:861 in tbb::task::set_parent(tbb::task*)
==================
==================
WARNING: ThreadSanitizer: data race (pid=105091)
  Write of size 8 at 0x7fa56774f720 by thread T15:
    #0 tbb::task::set_parent(tbb::task*) /usr/include/tbb/task.h:861 (race_good+0x290e)
    #1 tbb::interface9::internal::allocate_sibling(tbb::task*, unsigned long) /usr/include/tbb/parallel_for.h:133 (race_good+0x290e)
    #2 offer_work /usr/include/tbb/parallel_for.h:121 (race_good+0x290e)
    #3 execute<tbb::interface9::internal::start_for<tbb::blocked_range<int>, main()::<lambda(const tbb::blocked_range<int>&)>, const tbb::auto_partitioner>, tbb::blocked_range<int> > /usr/include/tbb/partitioner.h:252 (race_good+0x290e)
    #4 execute /usr/include/tbb/parallel_for.h:142 (race_good+0x290e)
    #5 <null> <null> (libtbb.so.2+0x2c544)

  Previous write of size 8 at 0x7fa56774f720 by thread T14:
    #0 tbb::task::set_parent(tbb::task*) /usr/include/tbb/task.h:861 (race_good+0x2b70)
    #1 tbb::interface9::internal::allocate_sibling(tbb::task*, unsigned long) /usr/include/tbb/parallel_for.h:133 (race_good+0x2b70)
    #2 offer_work /usr/include/tbb/parallel_for.h:125 (race_good+0x2b70)
    #3 work_balance<tbb::interface9::internal::start_for<tbb::blocked_range<int>, main()::<lambda(const tbb::blocked_range<int>&)>, const tbb::auto_partitioner>, tbb::blocked_range<int> > /usr/include/tbb/partitioner.h:431 (race_good+0x2b70)
    #4 execute<tbb::interface9::internal::start_for<tbb::blocked_range<int>, main()::<lambda(const tbb::blocked_range<int>&)>, const tbb::auto_partitioner>, tbb::blocked_range<int> > /usr/include/tbb/partitioner.h:256 (race_good+0x2b70)
    #5 execute /usr/include/tbb/parallel_for.h:142 (race_good+0x2b70)
    #6 <null> <null> (libtbb.so.2+0x2c544)

  Thread T15 (tid=105109, running) created by thread T11 at:
    #0 pthread_create ../../../../src/libsanitizer/tsan/tsan_interceptors_posix.cpp:962 (libtsan.so.0+0x5ea79)
    #1 <null> <null> (libtbb.so.2+0x20750)

  Thread T14 (tid=105108, running) created by thread T9 at:
    #0 pthread_create ../../../../src/libsanitizer/tsan/tsan_interceptors_posix.cpp:962 (libtsan.so.0+0x5ea79)
    #1 <null> <null> (libtbb.so.2+0x20750)

SUMMARY: ThreadSanitizer: data race /usr/include/tbb/task.h:861 in tbb::task::set_parent(tbb::task*)
==================
==================
WARNING: ThreadSanitizer: data race (pid=105091)
  Write of size 8 at 0x7fa567757920 by thread T4:
    #0 tbb::task::set_parent(tbb::task*) /usr/include/tbb/task.h:861 (race_good+0x290e)
    #1 tbb::interface9::internal::allocate_sibling(tbb::task*, unsigned long) /usr/include/tbb/parallel_for.h:133 (race_good+0x290e)
    #2 offer_work /usr/include/tbb/parallel_for.h:121 (race_good+0x290e)
    #3 execute<tbb::interface9::internal::start_for<tbb::blocked_range<int>, main()::<lambda(const tbb::blocked_range<int>&)>, const tbb::auto_partitioner>, tbb::blocked_range<int> > /usr/include/tbb/partitioner.h:252 (race_good+0x290e)
    #4 execute /usr/include/tbb/parallel_for.h:142 (race_good+0x290e)
    #5 <null> <null> (libtbb.so.2+0x2c544)

  Previous write of size 8 at 0x7fa567757920 by thread T14:
    #0 tbb::task::set_parent(tbb::task*) /usr/include/tbb/task.h:861 (race_good+0x2b70)
    #1 tbb::interface9::internal::allocate_sibling(tbb::task*, unsigned long) /usr/include/tbb/parallel_for.h:133 (race_good+0x2b70)
    #2 offer_work /usr/include/tbb/parallel_for.h:125 (race_good+0x2b70)
    #3 work_balance<tbb::interface9::internal::start_for<tbb::blocked_range<int>, main()::<lambda(const tbb::blocked_range<int>&)>, const tbb::auto_partitioner>, tbb::blocked_range<int> > /usr/include/tbb/partitioner.h:431 (race_good+0x2b70)
    #4 execute<tbb::interface9::internal::start_for<tbb::blocked_range<int>, main()::<lambda(const tbb::blocked_range<int>&)>, const tbb::auto_partitioner>, tbb::blocked_range<int> > /usr/include/tbb/partitioner.h:256 (race_good+0x2b70)
    #5 execute /usr/include/tbb/parallel_for.h:142 (race_good+0x2b70)
    #6 <null> <null> (libtbb.so.2+0x2c544)

  Thread T4 (tid=105096, running) created by thread T1 at:
    #0 pthread_create ../../../../src/libsanitizer/tsan/tsan_interceptors_posix.cpp:962 (libtsan.so.0+0x5ea79)
    #1 <null> <null> (libtbb.so.2+0x20750)

  Thread T14 (tid=105108, running) created by thread T9 at:
    #0 pthread_create ../../../../src/libsanitizer/tsan/tsan_interceptors_posix.cpp:962 (libtsan.so.0+0x5ea79)
    #1 <null> <null> (libtbb.so.2+0x20750)

SUMMARY: ThreadSanitizer: data race /usr/include/tbb/task.h:861 in tbb::task::set_parent(tbb::task*)
==================
==================
WARNING: ThreadSanitizer: data race (pid=105091)
  Write of size 8 at 0x7fa56778f820 by main thread:
    #0 tbb::task::set_parent(tbb::task*) /usr/include/tbb/task.h:861 (race_good+0x290e)
    #1 tbb::interface9::internal::allocate_sibling(tbb::task*, unsigned long) /usr/include/tbb/parallel_for.h:133 (race_good+0x290e)
    #2 offer_work /usr/include/tbb/parallel_for.h:121 (race_good+0x290e)
    #3 execute<tbb::interface9::internal::start_for<tbb::blocked_range<int>, main()::<lambda(const tbb::blocked_range<int>&)>, const tbb::auto_partitioner>, tbb::blocked_range<int> > /usr/include/tbb/partitioner.h:252 (race_good+0x290e)
    #4 execute /usr/include/tbb/parallel_for.h:142 (race_good+0x290e)
    #5 <null> <null> (libtbb.so.2+0x2c544)
    #6 parallel_for<tbb::blocked_range<int>, main()::<lambda(const tbb::blocked_range<int>&)> > /usr/include/tbb/parallel_for.h:201 (race_good+0x3028)
    #7 main /home/lc/super_livo/src/Super-LIO/tests/prob_lio/race_evidence.cpp:23 (race_good+0x3028)

  Previous write of size 8 at 0x7fa56778f820 by thread T2:
    #0 tbb::task::set_parent(tbb::task*) /usr/include/tbb/task.h:861 (race_good+0x290e)
    #1 tbb::interface9::internal::allocate_sibling(tbb::task*, unsigned long) /usr/include/tbb/parallel_for.h:133 (race_good+0x290e)
    #2 offer_work /usr/include/tbb/parallel_for.h:121 (race_good+0x290e)
    #3 execute<tbb::interface9::internal::start_for<tbb::blocked_range<int>, main()::<lambda(const tbb::blocked_range<int>&)>, const tbb::auto_partitioner>, tbb::blocked_range<int> > /usr/include/tbb/partitioner.h:252 (race_good+0x290e)
    #4 execute /usr/include/tbb/parallel_for.h:142 (race_good+0x290e)
    #5 <null> <null> (libtbb.so.2+0x2c544)

  Thread T2 (tid=105094, running) created by thread T1 at:
    #0 pthread_create ../../../../src/libsanitizer/tsan/tsan_interceptors_posix.cpp:962 (libtsan.so.0+0x5ea79)
    #1 <null> <null> (libtbb.so.2+0x20750)

SUMMARY: ThreadSanitizer: data race /usr/include/tbb/task.h:861 in tbb::task::set_parent(tbb::task*)
==================
==================
WARNING: ThreadSanitizer: data race (pid=105091)
  Write of size 4 at 0x7fa56778fa48 by main thread:
    #0 tbb::blocked_range<int>::blocked_range(tbb::blocked_range<int>&, tbb::split) /usr/include/tbb/blocked_range.h:101 (race_good+0x2973)
    #1 start_for /usr/include/tbb/parallel_for.h:67 (race_good+0x2973)
    #2 offer_work /usr/include/tbb/parallel_for.h:121 (race_good+0x2973)
    #3 execute<tbb::interface9::internal::start_for<tbb::blocked_range<int>, main()::<lambda(const tbb::blocked_range<int>&)>, const tbb::auto_partitioner>, tbb::blocked_range<int> > /usr/include/tbb/partitioner.h:252 (race_good+0x2973)
    #4 execute /usr/include/tbb/parallel_for.h:142 (race_good+0x2973)
    #5 <null> <null> (libtbb.so.2+0x2c544)
    #6 parallel_for<tbb::blocked_range<int>, main()::<lambda(const tbb::blocked_range<int>&)> > /usr/include/tbb/parallel_for.h:201 (race_good+0x3028)
    #7 main /home/lc/super_livo/src/Super-LIO/tests/prob_lio/race_evidence.cpp:23 (race_good+0x3028)

  Previous write of size 4 at 0x7fa56778fa48 by thread T1:
    [failed to restore the stack]

  Thread T1 (tid=105093, running) created by main thread at:
    #0 pthread_create ../../../../src/libsanitizer/tsan/tsan_interceptors_posix.cpp:962 (libtsan.so.0+0x5ea79)
    #1 <null> <null> (libtbb.so.2+0x20750)
    #2 <null> <null> (libtbb.so.2+0x2c544)
    #3 parallel_for<tbb::blocked_range<int>, main()::<lambda(const tbb::blocked_range<int>&)> > /usr/include/tbb/parallel_for.h:201 (race_good+0x3028)
    #4 main /home/lc/super_livo/src/Super-LIO/tests/prob_lio/race_evidence.cpp:23 (race_good+0x3028)

SUMMARY: ThreadSanitizer: data race /usr/include/tbb/blocked_range.h:101 in tbb::blocked_range<int>::blocked_range(tbb::blocked_range<int>&, tbb::split)
==================
==================
WARNING: ThreadSanitizer: data race (pid=105091)
  Write of size 8 at 0x7fa56778fa50 by main thread:
    #0 tbb::blocked_range<int>::blocked_range(tbb::blocked_range<int>&, tbb::split) /usr/include/tbb/blocked_range.h:101 (race_good+0x29cb)
    #1 start_for /usr/include/tbb/parallel_for.h:67 (race_good+0x29cb)
    #2 offer_work /usr/include/tbb/parallel_for.h:121 (race_good+0x29cb)
    #3 execute<tbb::interface9::internal::start_for<tbb::blocked_range<int>, main()::<lambda(const tbb::blocked_range<int>&)>, const tbb::auto_partitioner>, tbb::blocked_range<int> > /usr/include/tbb/partitioner.h:252 (race_good+0x29cb)
    #4 execute /usr/include/tbb/parallel_for.h:142 (race_good+0x29cb)
    #5 <null> <null> (libtbb.so.2+0x2c544)
    #6 parallel_for<tbb::blocked_range<int>, main()::<lambda(const tbb::blocked_range<int>&)> > /usr/include/tbb/parallel_for.h:201 (race_good+0x3028)
    #7 main /home/lc/super_livo/src/Super-LIO/tests/prob_lio/race_evidence.cpp:23 (race_good+0x3028)

  Previous read of size 8 at 0x7fa56778fa50 by thread T1:
    [failed to restore the stack]

  Thread T1 (tid=105093, running) created by main thread at:
    #0 pthread_create ../../../../src/libsanitizer/tsan/tsan_interceptors_posix.cpp:962 (libtsan.so.0+0x5ea79)
    #1 <null> <null> (libtbb.so.2+0x20750)
    #2 <null> <null> (libtbb.so.2+0x2c544)
    #3 parallel_for<tbb::blocked_range<int>, main()::<lambda(const tbb::blocked_range<int>&)> > /usr/include/tbb/parallel_for.h:201 (race_good+0x3028)
    #4 main /home/lc/super_livo/src/Super-LIO/tests/prob_lio/race_evidence.cpp:23 (race_good+0x3028)

SUMMARY: ThreadSanitizer: data race /usr/include/tbb/blocked_range.h:101 in tbb::blocked_range<int>::blocked_range(tbb::blocked_range<int>&, tbb::split)
==================
==================
WARNING: ThreadSanitizer: data race (pid=105091)
  Write of size 8 at 0x7fa56778fa60 by main thread:
    #0 tbb::interface9::internal::adaptive_mode<tbb::interface9::internal::auto_partition_type>::adaptive_mode(tbb::interface9::internal::adaptive_mode<tbb::interface9::internal::auto_partition_type>&, tbb::split) /usr/include/tbb/partitioner.h:271 (race_good+0x29f7)
    #1 tbb::interface9::internal::dynamic_grainsize_mode<tbb::interface9::internal::adaptive_mode<tbb::interface9::internal::auto_partition_type> >::dynamic_grainsize_mode(tbb::interface9::internal::dynamic_grainsize_mode<tbb::interface9::internal::adaptive_mode<tbb::interface9::internal::auto_partition_type> >&, tbb::split) /usr/include/tbb/partitioner.h:388 (race_good+0x29f7)
    #2 tbb::interface9::internal::auto_partition_type::auto_partition_type(tbb::interface9::internal::auto_partition_type&, tbb::split) /usr/include/tbb/partitioner.h:482 (race_good+0x29f7)
    #3 start_for /usr/include/tbb/parallel_for.h:67 (race_good+0x29f7)
    #4 offer_work /usr/include/tbb/parallel_for.h:121 (race_good+0x29f7)
    #5 execute<tbb::interface9::internal::start_for<tbb::blocked_range<int>, main()::<lambda(const tbb::blocked_range<int>&)>, const tbb::auto_partitioner>, tbb::blocked_range<int> > /usr/include/tbb/partitioner.h:252 (race_good+0x29f7)
    #6 execute /usr/include/tbb/parallel_for.h:142 (race_good+0x29f7)
    #7 <null> <null> (libtbb.so.2+0x2c544)
    #8 parallel_for<tbb::blocked_range<int>, main()::<lambda(const tbb::blocked_range<int>&)> > /usr/include/tbb/parallel_for.h:201 (race_good+0x3028)
    #9 main /home/lc/super_livo/src/Super-LIO/tests/prob_lio/race_evidence.cpp:23 (race_good+0x3028)

  Previous write of size 8 at 0x7fa56778fa60 by thread T1:
    [failed to restore the stack]

  Thread T1 (tid=105093, running) created by main thread at:
    #0 pthread_create ../../../../src/libsanitizer/tsan/tsan_interceptors_posix.cpp:962 (libtsan.so.0+0x5ea79)
    #1 <null> <null> (libtbb.so.2+0x20750)
    #2 <null> <null> (libtbb.so.2+0x2c544)
    #3 parallel_for<tbb::blocked_range<int>, main()::<lambda(const tbb::blocked_range<int>&)> > /usr/include/tbb/parallel_for.h:201 (race_good+0x3028)
    #4 main /home/lc/super_livo/src/Super-LIO/tests/prob_lio/race_evidence.cpp:23 (race_good+0x3028)

SUMMARY: ThreadSanitizer: data race /usr/include/tbb/partitioner.h:271 in tbb::interface9::internal::adaptive_mode<tbb::interface9::internal::auto_partition_type>::adaptive_mode(tbb::interface9::internal::adaptive_mode<tbb::interface9::internal::auto_partition_type>&, tbb::split)
==================
==================
WARNING: ThreadSanitizer: data race (pid=105091)
  Write of size 1 at 0x7fa56778fa6c by main thread:
    #0 tbb::interface9::internal::dynamic_grainsize_mode<tbb::interface9::internal::adaptive_mode<tbb::interface9::internal::auto_partition_type> >::dynamic_grainsize_mode(tbb::interface9::internal::dynamic_grainsize_mode<tbb::interface9::internal::adaptive_mode<tbb::interface9::internal::auto_partition_type> >&, tbb::split) /usr/include/tbb/partitioner.h:388 (race_good+0x2a22)
    #1 tbb::interface9::internal::auto_partition_type::auto_partition_type(tbb::interface9::internal::auto_partition_type&, tbb::split) /usr/include/tbb/partitioner.h:482 (race_good+0x2a22)
    #2 start_for /usr/include/tbb/parallel_for.h:67 (race_good+0x2a22)
    #3 offer_work /usr/include/tbb/parallel_for.h:121 (race_good+0x2a22)
    #4 execute<tbb::interface9::internal::start_for<tbb::blocked_range<int>, main()::<lambda(const tbb::blocked_range<int>&)>, const tbb::auto_partitioner>, tbb::blocked_range<int> > /usr/include/tbb/partitioner.h:252 (race_good+0x2a22)
    #5 execute /usr/include/tbb/parallel_for.h:142 (race_good+0x2a22)
    #6 <null> <null> (libtbb.so.2+0x2c544)
    #7 parallel_for<tbb::blocked_range<int>, main()::<lambda(const tbb::blocked_range<int>&)> > /usr/include/tbb/parallel_for.h:201 (race_good+0x3028)
    #8 main /home/lc/super_livo/src/Super-LIO/tests/prob_lio/race_evidence.cpp:23 (race_good+0x3028)

  Previous write of size 1 at 0x7fa56778fa6c by thread T1:
    [failed to restore the stack]

  Thread T1 (tid=105093, running) created by main thread at:
    #0 pthread_create ../../../../src/libsanitizer/tsan/tsan_interceptors_posix.cpp:962 (libtsan.so.0+0x5ea79)
    #1 <null> <null> (libtbb.so.2+0x20750)
    #2 <null> <null> (libtbb.so.2+0x2c544)
    #3 parallel_for<tbb::blocked_range<int>, main()::<lambda(const tbb::blocked_range<int>&)> > /usr/include/tbb/parallel_for.h:201 (race_good+0x3028)
    #4 main /home/lc/super_livo/src/Super-LIO/tests/prob_lio/race_evidence.cpp:23 (race_good+0x3028)

SUMMARY: ThreadSanitizer: data race /usr/include/tbb/partitioner.h:388 in tbb::interface9::internal::dynamic_grainsize_mode<tbb::interface9::internal::adaptive_mode<tbb::interface9::internal::auto_partition_type> >::dynamic_grainsize_mode(tbb::interface9::internal::dynamic_grainsize_mode<tbb::interface9::internal::adaptive_mode<tbb::interface9::internal::auto_partition_type> >&, tbb::split)
==================
==================
WARNING: ThreadSanitizer: data race (pid=105091)
  Read of size 1 at 0x7fa5676eba35 by thread T16:
    #0 tbb::task::is_stolen_task() const /usr/include/tbb/task.h:875 (race_good+0x2727)
    #1 tbb::interface9::internal::dynamic_grainsize_mode<tbb::interface9::internal::adaptive_mode<tbb::interface9::internal::auto_partition_type> >::check_being_stolen(tbb::task&) /usr/include/tbb/partitioner.h:399 (race_good+0x2727)
    #2 execute /usr/include/tbb/parallel_for.h:141 (race_good+0x2727)
    #3 <null> <null> (libtbb.so.2+0x2c544)

  Previous write of size 1 at 0x7fa5676eba35 by thread T11:
    #0 tbb::task::task() /usr/include/tbb/task.h:614 (race_good+0x2b9e)
    #1 start_for /usr/include/tbb/parallel_for.h:77 (race_good+0x2b9e)
    #2 offer_work /usr/include/tbb/parallel_for.h:125 (race_good+0x2b9e)
    #3 work_balance<tbb::interface9::internal::start_for<tbb::blocked_range<int>, main()::<lambda(const tbb::blocked_range<int>&)>, const tbb::auto_partitioner>, tbb::blocked_range<int> > /usr/include/tbb/partitioner.h:431 (race_good+0x2b9e)
    #4 execute<tbb::interface9::internal::start_for<tbb::blocked_range<int>, main()::<lambda(const tbb::blocked_range<int>&)>, const tbb::auto_partitioner>, tbb::blocked_range<int> > /usr/include/tbb/partitioner.h:256 (race_good+0x2b9e)
    #5 execute /usr/include/tbb/parallel_for.h:142 (race_good+0x2b9e)
    #6 <null> <null> (libtbb.so.2+0x2c544)

  Thread T16 (tid=105110, running) created by thread T10 at:
    #0 pthread_create ../../../../src/libsanitizer/tsan/tsan_interceptors_posix.cpp:962 (libtsan.so.0+0x5ea79)
    #1 <null> <null> (libtbb.so.2+0x20750)

  Thread T11 (tid=105102, running) created by thread T3 at:
    #0 pthread_create ../../../../src/libsanitizer/tsan/tsan_interceptors_posix.cpp:962 (libtsan.so.0+0x5ea79)
    #1 <null> <null> (libtbb.so.2+0x20750)

SUMMARY: ThreadSanitizer: data race /usr/include/tbb/task.h:875 in tbb::task::is_stolen_task() const
==================
==================
WARNING: ThreadSanitizer: data race (pid=105091)
  Atomic write of size 1 at 0x7fa56771f248 by thread T11:
    #0 __tsan_atomic8_store ../../../../src/libsanitizer/tsan/tsan_interface_atomic.cpp:551 (libtsan.so.0+0x7cefd)
    #1 tbb::internal::atomic_impl<bool>::store_with_release(bool) /usr/include/tbb/machine/gcc_generic.h:168 (race_good+0x27d1)
    #2 tbb::atomic<bool>::operator=(bool) /usr/include/tbb/atomic.h:426 (race_good+0x27d1)
    #3 tbb::interface9::internal::flag_task::mark_task_stolen(tbb::task&) /usr/include/tbb/partitioner.h:139 (race_good+0x27d1)
    #4 tbb::interface9::internal::dynamic_grainsize_mode<tbb::interface9::internal::adaptive_mode<tbb::interface9::internal::auto_partition_type> >::check_being_stolen(tbb::task&) /usr/include/tbb/partitioner.h:407 (race_good+0x27d1)
    #5 execute /usr/include/tbb/parallel_for.h:141 (race_good+0x27d1)
    #6 <null> <null> (libtbb.so.2+0x2c544)

  Previous write of size 4 at 0x7fa56771f248 by thread T8:
    #0 tbb::blocked_range<int>::do_split(tbb::blocked_range<int>&, tbb::split) /usr/include/tbb/blocked_range.h:135 (race_good+0x299c)
    #1 tbb::blocked_range<int>::blocked_range(tbb::blocked_range<int>&, tbb::split) /usr/include/tbb/blocked_range.h:100 (race_good+0x299c)
    #2 start_for /usr/include/tbb/parallel_for.h:67 (race_good+0x299c)
    #3 offer_work /usr/include/tbb/parallel_for.h:121 (race_good+0x299c)
    #4 execute<tbb::interface9::internal::start_for<tbb::blocked_range<int>, main()::<lambda(const tbb::blocked_range<int>&)>, const tbb::auto_partitioner>, tbb::blocked_range<int> > /usr/include/tbb/partitioner.h:252 (race_good+0x299c)
    #5 execute /usr/include/tbb/parallel_for.h:142 (race_good+0x299c)
    #6 <null> <null> (libtbb.so.2+0x2c544)

  Thread T11 (tid=105102, running) created by thread T3 at:
    #0 pthread_create ../../../../src/libsanitizer/tsan/tsan_interceptors_posix.cpp:962 (libtsan.so.0+0x5ea79)
    #1 <null> <null> (libtbb.so.2+0x20750)

  Thread T8 (tid=105100, running) created by thread T2 at:
    #0 pthread_create ../../../../src/libsanitizer/tsan/tsan_interceptors_posix.cpp:962 (libtsan.so.0+0x5ea79)
    #1 <null> <null> (libtbb.so.2+0x20750)

SUMMARY: ThreadSanitizer: data race /usr/include/tbb/machine/gcc_generic.h:168 in tbb::internal::atomic_impl<bool>::store_with_release(bool)
==================
==================
WARNING: ThreadSanitizer: data race (pid=105091)
  Read of size 4 at 0x7fa5676dba48 by thread T25:
    #0 tbb::blocked_range<int>::size() const /usr/include/tbb/blocked_range.h:78 (race_good+0x2746)
    #1 tbb::blocked_range<int>::is_divisible() const /usr/include/tbb/blocked_range.h:93 (race_good+0x2746)
    #2 execute<tbb::interface9::internal::start_for<tbb::blocked_range<int>, main()::<lambda(const tbb::blocked_range<int>&)>, const tbb::auto_partitioner>, tbb::blocked_range<int> > /usr/include/tbb/partitioner.h:248 (race_good+0x2746)
    #3 execute /usr/include/tbb/parallel_for.h:142 (race_good+0x2746)
    #4 <null> <null> (libtbb.so.2+0x2c544)

  Previous atomic write of size 1 at 0x7fa5676dba48 by thread T24:
    #0 __tsan_atomic8_store ../../../../src/libsanitizer/tsan/tsan_interface_atomic.cpp:551 (libtsan.so.0+0x7cefd)
    #1 tbb::internal::atomic_impl<bool>::store_with_release(bool) /usr/include/tbb/machine/gcc_generic.h:168 (race_good+0x2904)
    #2 tbb::atomic<bool>::operator=(bool) /usr/include/tbb/atomic.h:426 (race_good+0x2904)
    #3 tbb::interface9::internal::flag_task::flag_task() /usr/include/tbb/partitioner.h:131 (race_good+0x2904)
    #4 tbb::interface9::internal::allocate_sibling(tbb::task*, unsigned long) /usr/include/tbb/partitioner.h:131 (race_good+0x2904)
    #5 offer_work /usr/include/tbb/parallel_for.h:121 (race_good+0x2904)
    #6 execute<tbb::interface9::internal::start_for<tbb::blocked_range<int>, main()::<lambda(const tbb::blocked_range<int>&)>, const tbb::auto_partitioner>, tbb::blocked_range<int> > /usr/include/tbb/partitioner.h:252 (race_good+0x2904)
    #7 execute /usr/include/tbb/parallel_for.h:142 (race_good+0x2904)
    #8 <null> <null> (libtbb.so.2+0x2c544)

  Thread T25 (tid=105119, running) created by thread T10 at:
    #0 pthread_create ../../../../src/libsanitizer/tsan/tsan_interceptors_posix.cpp:962 (libtsan.so.0+0x5ea79)
    #1 <null> <null> (libtbb.so.2+0x20750)

  Thread T24 (tid=105118, running) created by thread T11 at:
    #0 pthread_create ../../../../src/libsanitizer/tsan/tsan_interceptors_posix.cpp:962 (libtsan.so.0+0x5ea79)
    #1 <null> <null> (libtbb.so.2+0x20750)

SUMMARY: ThreadSanitizer: data race /usr/include/tbb/blocked_range.h:78 in tbb::blocked_range<int>::size() const
==================
==================
WARNING: ThreadSanitizer: data race (pid=105091)
  Atomic write of size 1 at 0x7fa5676dbd48 by thread T8:
    #0 __tsan_atomic8_store ../../../../src/libsanitizer/tsan/tsan_interface_atomic.cpp:551 (libtsan.so.0+0x7cefd)
    #1 tbb::internal::atomic_impl<bool>::store_with_release(bool) /usr/include/tbb/machine/gcc_generic.h:168 (race_good+0x27d1)
    #2 tbb::atomic<bool>::operator=(bool) /usr/include/tbb/atomic.h:426 (race_good+0x27d1)
    #3 tbb::interface9::internal::flag_task::mark_task_stolen(tbb::task&) /usr/include/tbb/partitioner.h:139 (race_good+0x27d1)
    #4 tbb::interface9::internal::dynamic_grainsize_mode<tbb::interface9::internal::adaptive_mode<tbb::interface9::internal::auto_partition_type> >::check_being_stolen(tbb::task&) /usr/include/tbb/partitioner.h:407 (race_good+0x27d1)
    #5 execute /usr/include/tbb/parallel_for.h:141 (race_good+0x27d1)
    #6 <null> <null> (libtbb.so.2+0x2c544)

  Previous read of size 8 at 0x7fa5676dbd48 by thread T24:
    #0 tbb::interface9::internal::range_vector<tbb::blocked_range<int>, (unsigned char)8>::range_vector(tbb::blocked_range<int> const&) /usr/include/c++/9/new:174 (race_good+0x28aa)
    #1 work_balance<tbb::interface9::internal::start_for<tbb::blocked_range<int>, main()::<lambda(const tbb::blocked_range<int>&)>, const tbb::auto_partitioner>, tbb::blocked_range<int> > /usr/include/tbb/partitioner.h:426 (race_good+0x28aa)
    #2 execute<tbb::interface9::internal::start_for<tbb::blocked_range<int>, main()::<lambda(const tbb::blocked_range<int>&)>, const tbb::auto_partitioner>, tbb::blocked_range<int> > /usr/include/tbb/partitioner.h:256 (race_good+0x28aa)
    #3 execute /usr/include/tbb/parallel_for.h:142 (race_good+0x28aa)
    #4 <null> <null> (libtbb.so.2+0x2c544)

  Thread T8 (tid=105100, running) created by thread T2 at:
    #0 pthread_create ../../../../src/libsanitizer/tsan/tsan_interceptors_posix.cpp:962 (libtsan.so.0+0x5ea79)
    #1 <null> <null> (libtbb.so.2+0x20750)

  Thread T24 (tid=105118, running) created by thread T11 at:
    #0 pthread_create ../../../../src/libsanitizer/tsan/tsan_interceptors_posix.cpp:962 (libtsan.so.0+0x5ea79)
    #1 <null> <null> (libtbb.so.2+0x20750)

SUMMARY: ThreadSanitizer: data race /usr/include/tbb/machine/gcc_generic.h:168 in tbb::internal::atomic_impl<bool>::store_with_release(bool)
==================
==================
WARNING: ThreadSanitizer: data race (pid=105091)
  Atomic write of size 1 at 0x7fa567737948 by thread T20:
    #0 __tsan_atomic8_store ../../../../src/libsanitizer/tsan/tsan_interface_atomic.cpp:551 (libtsan.so.0+0x7cefd)
    #1 tbb::internal::atomic_impl<bool>::store_with_release(bool) /usr/include/tbb/machine/gcc_generic.h:168 (race_good+0x27d1)
    #2 tbb::atomic<bool>::operator=(bool) /usr/include/tbb/atomic.h:426 (race_good+0x27d1)
    #3 tbb::interface9::internal::flag_task::mark_task_stolen(tbb::task&) /usr/include/tbb/partitioner.h:139 (race_good+0x27d1)
    #4 tbb::interface9::internal::dynamic_grainsize_mode<tbb::interface9::internal::adaptive_mode<tbb::interface9::internal::auto_partition_type> >::check_being_stolen(tbb::task&) /usr/include/tbb/partitioner.h:407 (race_good+0x27d1)
    #5 execute /usr/include/tbb/parallel_for.h:141 (race_good+0x27d1)
    #6 <null> <null> (libtbb.so.2+0x2c544)

  Previous read of size 8 at 0x7fa567737948 by thread T17:
    #0 tbb::interface9::internal::range_vector<tbb::blocked_range<int>, (unsigned char)8>::range_vector(tbb::blocked_range<int> const&) /usr/include/c++/9/new:174 (race_good+0x28aa)
    #1 work_balance<tbb::interface9::internal::start_for<tbb::blocked_range<int>, main()::<lambda(const tbb::blocked_range<int>&)>, const tbb::auto_partitioner>, tbb::blocked_range<int> > /usr/include/tbb/partitioner.h:426 (race_good+0x28aa)
    #2 execute<tbb::interface9::internal::start_for<tbb::blocked_range<int>, main()::<lambda(const tbb::blocked_range<int>&)>, const tbb::auto_partitioner>, tbb::blocked_range<int> > /usr/include/tbb/partitioner.h:256 (race_good+0x28aa)
    #3 execute /usr/include/tbb/parallel_for.h:142 (race_good+0x28aa)
    #4 <null> <null> (libtbb.so.2+0x2c544)

  Thread T20 (tid=105112, running) created by thread T8 at:
    #0 pthread_create ../../../../src/libsanitizer/tsan/tsan_interceptors_posix.cpp:962 (libtsan.so.0+0x5ea79)
    #1 <null> <null> (libtbb.so.2+0x20750)

  Thread T17 (tid=105111, running) created by thread T6 at:
    #0 pthread_create ../../../../src/libsanitizer/tsan/tsan_interceptors_posix.cpp:962 (libtsan.so.0+0x5ea79)
    #1 <null> <null> (libtbb.so.2+0x20750)

SUMMARY: ThreadSanitizer: data race /usr/include/tbb/machine/gcc_generic.h:168 in tbb::internal::atomic_impl<bool>::store_with_release(bool)
==================
==================
WARNING: ThreadSanitizer: data race (pid=105091)
  Read of size 1 at 0x7fa56778f16c by thread T3:
    #0 tbb::interface9::internal::auto_partition_type::is_divisible() /usr/include/tbb/partitioner.h:485 (race_good+0x276d)
    #1 execute<tbb::interface9::internal::start_for<tbb::blocked_range<int>, main()::<lambda(const tbb::blocked_range<int>&)>, const tbb::auto_partitioner>, tbb::blocked_range<int> > /usr/include/tbb/partitioner.h:249 (race_good+0x276d)
    #2 execute /usr/include/tbb/parallel_for.h:142 (race_good+0x276d)
    #3 <null> <null> (libtbb.so.2+0x2c544)

  Previous write of size 1 at 0x7fa56778f16c by main thread:
    #0 tbb::interface9::internal::dynamic_grainsize_mode<tbb::interface9::internal::adaptive_mode<tbb::interface9::internal::auto_partition_type> >::dynamic_grainsize_mode(tbb::interface9::internal::dynamic_grainsize_mode<tbb::interface9::internal::adaptive_mode<tbb::interface9::internal::auto_partition_type> >&, tbb::split) /usr/include/tbb/partitioner.h:388 (race_good+0x2a22)
    #1 tbb::interface9::internal::auto_partition_type::auto_partition_type(tbb::interface9::internal::auto_partition_type&, tbb::split) /usr/include/tbb/partitioner.h:482 (race_good+0x2a22)
    #2 start_for /usr/include/tbb/parallel_for.h:67 (race_good+0x2a22)
    #3 offer_work /usr/include/tbb/parallel_for.h:121 (race_good+0x2a22)
    #4 execute<tbb::interface9::internal::start_for<tbb::blocked_range<int>, main()::<lambda(const tbb::blocked_range<int>&)>, const tbb::auto_partitioner>, tbb::blocked_range<int> > /usr/include/tbb/partitioner.h:252 (race_good+0x2a22)
    #5 execute /usr/include/tbb/parallel_for.h:142 (race_good+0x2a22)
    #6 <null> <null> (libtbb.so.2+0x2c544)
    #7 parallel_for<tbb::blocked_range<int>, main()::<lambda(const tbb::blocked_range<int>&)> > /usr/include/tbb/parallel_for.h:201 (race_good+0x3028)
    #8 main /home/lc/super_livo/src/Super-LIO/tests/prob_lio/race_evidence.cpp:23 (race_good+0x3028)

  Thread T3 (tid=105095, running) created by main thread at:
    #0 pthread_create ../../../../src/libsanitizer/tsan/tsan_interceptors_posix.cpp:962 (libtsan.so.0+0x5ea79)
    #1 <null> <null> (libtbb.so.2+0x20750)
    #2 <null> <null> (libtbb.so.2+0x2c544)
    #3 parallel_for<tbb::blocked_range<int>, main()::<lambda(const tbb::blocked_range<int>&)> > /usr/include/tbb/parallel_for.h:201 (race_good+0x3028)
    #4 main /home/lc/super_livo/src/Super-LIO/tests/prob_lio/race_evidence.cpp:23 (race_good+0x3028)

SUMMARY: ThreadSanitizer: data race /usr/include/tbb/partitioner.h:485 in tbb::interface9::internal::auto_partition_type::is_divisible()
==================
==================
WARNING: ThreadSanitizer: data race (pid=105091)
  Read of size 1 at 0x7fa56778f56c by thread T18:
    #0 tbb::interface9::internal::dynamic_grainsize_mode<tbb::interface9::internal::adaptive_mode<tbb::interface9::internal::auto_partition_type> >::dynamic_grainsize_mode(tbb::interface9::internal::dynamic_grainsize_mode<tbb::interface9::internal::adaptive_mode<tbb::interface9::internal::auto_partition_type> >&, tbb::split) /usr/include/tbb/partitioner.h:388 (race_good+0x2a14)
    #1 tbb::interface9::internal::auto_partition_type::auto_partition_type(tbb::interface9::internal::auto_partition_type&, tbb::split) /usr/include/tbb/partitioner.h:482 (race_good+0x2a14)
    #2 start_for /usr/include/tbb/parallel_for.h:67 (race_good+0x2a14)
    #3 offer_work /usr/include/tbb/parallel_for.h:121 (race_good+0x2a14)
    #4 execute<tbb::interface9::internal::start_for<tbb::blocked_range<int>, main()::<lambda(const tbb::blocked_range<int>&)>, const tbb::auto_partitioner>, tbb::blocked_range<int> > /usr/include/tbb/partitioner.h:252 (race_good+0x2a14)
    #5 execute /usr/include/tbb/parallel_for.h:142 (race_good+0x2a14)
    #6 <null> <null> (libtbb.so.2+0x2c544)

  Previous write of size 1 at 0x7fa56778f56c by main thread:
    #0 tbb::interface9::internal::dynamic_grainsize_mode<tbb::interface9::internal::adaptive_mode<tbb::interface9::internal::auto_partition_type> >::dynamic_grainsize_mode(tbb::interface9::internal::dynamic_grainsize_mode<tbb::interface9::internal::adaptive_mode<tbb::interface9::internal::auto_partition_type> >&, tbb::split) /usr/include/tbb/partitioner.h:388 (race_good+0x2a22)
    #1 tbb::interface9::internal::auto_partition_type::auto_partition_type(tbb::interface9::internal::auto_partition_type&, tbb::split) /usr/include/tbb/partitioner.h:482 (race_good+0x2a22)
    #2 start_for /usr/include/tbb/parallel_for.h:67 (race_good+0x2a22)
    #3 offer_work /usr/include/tbb/parallel_for.h:121 (race_good+0x2a22)
    #4 execute<tbb::interface9::internal::start_for<tbb::blocked_range<int>, main()::<lambda(const tbb::blocked_range<int>&)>, const tbb::auto_partitioner>, tbb::blocked_range<int> > /usr/include/tbb/partitioner.h:252 (race_good+0x2a22)
    #5 execute /usr/include/tbb/parallel_for.h:142 (race_good+0x2a22)
    #6 <null> <null> (libtbb.so.2+0x2c544)
    #7 parallel_for<tbb::blocked_range<int>, main()::<lambda(const tbb::blocked_range<int>&)> > /usr/include/tbb/parallel_for.h:201 (race_good+0x3028)
    #8 main /home/lc/super_livo/src/Super-LIO/tests/prob_lio/race_evidence.cpp:23 (race_good+0x3028)

  Thread T18 (tid=105106, running) created by thread T7 at:
    #0 pthread_create ../../../../src/libsanitizer/tsan/tsan_interceptors_posix.cpp:962 (libtsan.so.0+0x5ea79)
    #1 <null> <null> (libtbb.so.2+0x20750)

SUMMARY: ThreadSanitizer: data race /usr/include/tbb/partitioner.h:388 in tbb::interface9::internal::dynamic_grainsize_mode<tbb::interface9::internal::adaptive_mode<tbb::interface9::internal::auto_partition_type> >::dynamic_grainsize_mode(tbb::interface9::internal::dynamic_grainsize_mode<tbb::interface9::internal::adaptive_mode<tbb::interface9::internal::auto_partition_type> >&, tbb::split)
==================
==================
WARNING: ThreadSanitizer: data race (pid=105091)
  Read of size 4 at 0x7fa56774f848 by thread T22:
    #0 tbb::blocked_range<int>::size() const /usr/include/tbb/blocked_range.h:78 (race_good+0x2746)
    #1 tbb::blocked_range<int>::is_divisible() const /usr/include/tbb/blocked_range.h:93 (race_good+0x2746)
    #2 execute<tbb::interface9::internal::start_for<tbb::blocked_range<int>, main()::<lambda(const tbb::blocked_range<int>&)>, const tbb::auto_partitioner>, tbb::blocked_range<int> > /usr/include/tbb/partitioner.h:248 (race_good+0x2746)
    #3 execute /usr/include/tbb/parallel_for.h:142 (race_good+0x2746)
    #4 <null> <null> (libtbb.so.2+0x2c544)

  Previous atomic write of size 1 at 0x7fa56774f848 by thread T15:
    #0 __tsan_atomic8_store ../../../../src/libsanitizer/tsan/tsan_interface_atomic.cpp:551 (libtsan.so.0+0x7cefd)
    #1 tbb::internal::atomic_impl<bool>::store_with_release(bool) /usr/include/tbb/machine/gcc_generic.h:168 (race_good+0x2904)
    #2 tbb::atomic<bool>::operator=(bool) /usr/include/tbb/atomic.h:426 (race_good+0x2904)
    #3 tbb::interface9::internal::flag_task::flag_task() /usr/include/tbb/partitioner.h:131 (race_good+0x2904)
    #4 tbb::interface9::internal::allocate_sibling(tbb::task*, unsigned long) /usr/include/tbb/partitioner.h:131 (race_good+0x2904)
    #5 offer_work /usr/include/tbb/parallel_for.h:121 (race_good+0x2904)
    #6 execute<tbb::interface9::internal::start_for<tbb::blocked_range<int>, main()::<lambda(const tbb::blocked_range<int>&)>, const tbb::auto_partitioner>, tbb::blocked_range<int> > /usr/include/tbb/partitioner.h:252 (race_good+0x2904)
    #7 execute /usr/include/tbb/parallel_for.h:142 (race_good+0x2904)
    #8 <null> <null> (libtbb.so.2+0x2c544)

  Thread T22 (tid=105114, running) created by thread T12 at:
    #0 pthread_create ../../../../src/libsanitizer/tsan/tsan_interceptors_posix.cpp:962 (libtsan.so.0+0x5ea79)
    #1 <null> <null> (libtbb.so.2+0x20750)

  Thread T15 (tid=105109, running) created by thread T11 at:
    #0 pthread_create ../../../../src/libsanitizer/tsan/tsan_interceptors_posix.cpp:962 (libtsan.so.0+0x5ea79)
    #1 <null> <null> (libtbb.so.2+0x20750)

SUMMARY: ThreadSanitizer: data race /usr/include/tbb/blocked_range.h:78 in tbb::blocked_range<int>::size() const
==================
==================
WARNING: ThreadSanitizer: data race (pid=105091)
  Read of size 1 at 0x7fa567707b35 by thread T17:
    #0 tbb::task::is_stolen_task() const /usr/include/tbb/task.h:875 (race_good+0x2727)
    #1 tbb::interface9::internal::dynamic_grainsize_mode<tbb::interface9::internal::adaptive_mode<tbb::interface9::internal::auto_partition_type> >::check_being_stolen(tbb::task&) /usr/include/tbb/partitioner.h:399 (race_good+0x2727)
    #2 execute /usr/include/tbb/parallel_for.h:141 (race_good+0x2727)
    #3 <null> <null> (libtbb.so.2+0x2c544)

  Previous write of size 1 at 0x7fa567707b35 by thread T21:
    #0 tbb::task::task() /usr/include/tbb/task.h:614 (race_good+0x2b9e)
    #1 start_for /usr/include/tbb/parallel_for.h:77 (race_good+0x2b9e)
    #2 offer_work /usr/include/tbb/parallel_for.h:125 (race_good+0x2b9e)
    #3 work_balance<tbb::interface9::internal::start_for<tbb::blocked_range<int>, main()::<lambda(const tbb::blocked_range<int>&)>, const tbb::auto_partitioner>, tbb::blocked_range<int> > /usr/include/tbb/partitioner.h:431 (race_good+0x2b9e)
    #4 execute<tbb::interface9::internal::start_for<tbb::blocked_range<int>, main()::<lambda(const tbb::blocked_range<int>&)>, const tbb::auto_partitioner>, tbb::blocked_range<int> > /usr/include/tbb/partitioner.h:256 (race_good+0x2b9e)
    #5 execute /usr/include/tbb/parallel_for.h:142 (race_good+0x2b9e)
    #6 <null> <null> (libtbb.so.2+0x2c544)

  Thread T17 (tid=105111, running) created by thread T6 at:
    #0 pthread_create ../../../../src/libsanitizer/tsan/tsan_interceptors_posix.cpp:962 (libtsan.so.0+0x5ea79)
    #1 <null> <null> (libtbb.so.2+0x20750)

  Thread T21 (tid=105113, running) created by thread T1 at:
    #0 pthread_create ../../../../src/libsanitizer/tsan/tsan_interceptors_posix.cpp:962 (libtsan.so.0+0x5ea79)
    #1 <null> <null> (libtbb.so.2+0x20750)

SUMMARY: ThreadSanitizer: data race /usr/include/tbb/task.h:875 in tbb::task::is_stolen_task() const
==================
==================
WARNING: ThreadSanitizer: data race (pid=105091)
  Read of size 8 at 0x7fa567707c28 by thread T17:
    #0 tbb::task::ref_count() const /usr/include/tbb/task.h:916 (race_good+0x27b4)
    #1 tbb::interface9::internal::dynamic_grainsize_mode<tbb::interface9::internal::adaptive_mode<tbb::interface9::internal::auto_partition_type> >::check_being_stolen(tbb::task&) /usr/include/tbb/partitioner.h:399 (race_good+0x27b4)
    #2 execute /usr/include/tbb/parallel_for.h:141 (race_good+0x27b4)
    #3 <null> <null> (libtbb.so.2+0x2c544)

  Previous write of size 8 at 0x7fa567707c28 by thread T21:
    #0 tbb::task::set_ref_count(int) /usr/include/tbb/task.h:754 (race_good+0x2b7d)
    #1 tbb::interface9::internal::allocate_sibling(tbb::task*, unsigned long) /usr/include/tbb/parallel_for.h:134 (race_good+0x2b7d)
    #2 offer_work /usr/include/tbb/parallel_for.h:125 (race_good+0x2b7d)
    #3 work_balance<tbb::interface9::internal::start_for<tbb::blocked_range<int>, main()::<lambda(const tbb::blocked_range<int>&)>, const tbb::auto_partitioner>, tbb::blocked_range<int> > /usr/include/tbb/partitioner.h:431 (race_good+0x2b7d)
    #4 execute<tbb::interface9::internal::start_for<tbb::blocked_range<int>, main()::<lambda(const tbb::blocked_range<int>&)>, const tbb::auto_partitioner>, tbb::blocked_range<int> > /usr/include/tbb/partitioner.h:256 (race_good+0x2b7d)
    #5 execute /usr/include/tbb/parallel_for.h:142 (race_good+0x2b7d)
    #6 <null> <null> (libtbb.so.2+0x2c544)

  Thread T17 (tid=105111, running) created by thread T6 at:
    #0 pthread_create ../../../../src/libsanitizer/tsan/tsan_interceptors_posix.cpp:962 (libtsan.so.0+0x5ea79)
    #1 <null> <null> (libtbb.so.2+0x20750)

  Thread T21 (tid=105113, running) created by thread T1 at:
    #0 pthread_create ../../../../src/libsanitizer/tsan/tsan_interceptors_posix.cpp:962 (libtsan.so.0+0x5ea79)
    #1 <null> <null> (libtbb.so.2+0x20750)

SUMMARY: ThreadSanitizer: data race /usr/include/tbb/task.h:916 in tbb::task::ref_count() const
==================
==================
WARNING: ThreadSanitizer: data race (pid=105091)
  Read of size 8 at 0x7fa567707b50 by thread T17:
    #0 tbb::blocked_range<int>::is_divisible() const /usr/include/tbb/blocked_range.h:93 (race_good+0x273a)
    #1 execute<tbb::interface9::internal::start_for<tbb::blocked_range<int>, main()::<lambda(const tbb::blocked_range<int>&)>, const tbb::auto_partitioner>, tbb::blocked_range<int> > /usr/include/tbb/partitioner.h:248 (race_good+0x273a)
    #2 execute /usr/include/tbb/parallel_for.h:142 (race_good+0x273a)
    #3 <null> <null> (libtbb.so.2+0x2c544)

  Previous write of size 8 at 0x7fa567707b50 by thread T21:
    #0 start_for /usr/include/tbb/parallel_for.h:77 (race_good+0x2bc5)
    #1 offer_work /usr/include/tbb/parallel_for.h:125 (race_good+0x2bc5)
    #2 work_balance<tbb::interface9::internal::start_for<tbb::blocked_range<int>, main()::<lambda(const tbb::blocked_range<int>&)>, const tbb::auto_partitioner>, tbb::blocked_range<int> > /usr/include/tbb/partitioner.h:431 (race_good+0x2bc5)
    #3 execute<tbb::interface9::internal::start_for<tbb::blocked_range<int>, main()::<lambda(const tbb::blocked_range<int>&)>, const tbb::auto_partitioner>, tbb::blocked_range<int> > /usr/include/tbb/partitioner.h:256 (race_good+0x2bc5)
    #4 execute /usr/include/tbb/parallel_for.h:142 (race_good+0x2bc5)
    #5 <null> <null> (libtbb.so.2+0x2c544)

  Thread T17 (tid=105111, running) created by thread T6 at:
    #0 pthread_create ../../../../src/libsanitizer/tsan/tsan_interceptors_posix.cpp:962 (libtsan.so.0+0x5ea79)
    #1 <null> <null> (libtbb.so.2+0x20750)

  Thread T21 (tid=105113, running) created by thread T1 at:
    #0 pthread_create ../../../../src/libsanitizer/tsan/tsan_interceptors_posix.cpp:962 (libtsan.so.0+0x5ea79)
    #1 <null> <null> (libtbb.so.2+0x20750)

SUMMARY: ThreadSanitizer: data race /usr/include/tbb/blocked_range.h:93 in tbb::blocked_range<int>::is_divisible() const
==================
==================
WARNING: ThreadSanitizer: data race (pid=105091)
  Read of size 4 at 0x7fa567707b48 by thread T17:
    #0 tbb::blocked_range<int>::size() const /usr/include/tbb/blocked_range.h:78 (race_good+0x2746)
    #1 tbb::blocked_range<int>::is_divisible() const /usr/include/tbb/blocked_range.h:93 (race_good+0x2746)
    #2 execute<tbb::interface9::internal::start_for<tbb::blocked_range<int>, main()::<lambda(const tbb::blocked_range<int>&)>, const tbb::auto_partitioner>, tbb::blocked_range<int> > /usr/include/tbb/partitioner.h:248 (race_good+0x2746)
    #3 execute /usr/include/tbb/parallel_for.h:142 (race_good+0x2746)
    #4 <null> <null> (libtbb.so.2+0x2c544)

  Previous write of size 8 at 0x7fa567707b48 by thread T21:
    #0 start_for /usr/include/tbb/parallel_for.h:77 (race_good+0x2bc5)
    #1 offer_work /usr/include/tbb/parallel_for.h:125 (race_good+0x2bc5)
    #2 work_balance<tbb::interface9::internal::start_for<tbb::blocked_range<int>, main()::<lambda(const tbb::blocked_range<int>&)>, const tbb::auto_partitioner>, tbb::blocked_range<int> > /usr/include/tbb/partitioner.h:431 (race_good+0x2bc5)
    #3 execute<tbb::interface9::internal::start_for<tbb::blocked_range<int>, main()::<lambda(const tbb::blocked_range<int>&)>, const tbb::auto_partitioner>, tbb::blocked_range<int> > /usr/include/tbb/partitioner.h:256 (race_good+0x2bc5)
    #4 execute /usr/include/tbb/parallel_for.h:142 (race_good+0x2bc5)
    #5 <null> <null> (libtbb.so.2+0x2c544)

  Thread T17 (tid=105111, running) created by thread T6 at:
    #0 pthread_create ../../../../src/libsanitizer/tsan/tsan_interceptors_posix.cpp:962 (libtsan.so.0+0x5ea79)
    #1 <null> <null> (libtbb.so.2+0x20750)

  Thread T21 (tid=105113, running) created by thread T1 at:
    #0 pthread_create ../../../../src/libsanitizer/tsan/tsan_interceptors_posix.cpp:962 (libtsan.so.0+0x5ea79)
    #1 <null> <null> (libtbb.so.2+0x20750)

SUMMARY: ThreadSanitizer: data race /usr/include/tbb/blocked_range.h:78 in tbb::blocked_range<int>::size() const
==================
==================
WARNING: ThreadSanitizer: data race (pid=105091)
  Read of size 1 at 0x7fa567707b6c by thread T17:
    #0 tbb::interface9::internal::auto_partition_type::is_divisible() /usr/include/tbb/partitioner.h:485 (race_good+0x276d)
    #1 execute<tbb::interface9::internal::start_for<tbb::blocked_range<int>, main()::<lambda(const tbb::blocked_range<int>&)>, const tbb::auto_partitioner>, tbb::blocked_range<int> > /usr/include/tbb/partitioner.h:249 (race_good+0x276d)
    #2 execute /usr/include/tbb/parallel_for.h:142 (race_good+0x276d)
    #3 <null> <null> (libtbb.so.2+0x2c544)

  Previous write of size 1 at 0x7fa567707b6c by thread T21:
    #0 tbb::interface9::internal::dynamic_grainsize_mode<tbb::interface9::internal::adaptive_mode<tbb::interface9::internal::auto_partition_type> >::align_depth(unsigned char) /usr/include/tbb/partitioner.h:418 (race_good+0x2c2e)
    #1 start_for /usr/include/tbb/parallel_for.h:80 (race_good+0x2c2e)
    #2 offer_work /usr/include/tbb/parallel_for.h:125 (race_good+0x2c2e)
    #3 work_balance<tbb::interface9::internal::start_for<tbb::blocked_range<int>, main()::<lambda(const tbb::blocked_range<int>&)>, const tbb::auto_partitioner>, tbb::blocked_range<int> > /usr/include/tbb/partitioner.h:431 (race_good+0x2c2e)
    #4 execute<tbb::interface9::internal::start_for<tbb::blocked_range<int>, main()::<lambda(const tbb::blocked_range<int>&)>, const tbb::auto_partitioner>, tbb::blocked_range<int> > /usr/include/tbb/partitioner.h:256 (race_good+0x2c2e)
    #5 execute /usr/include/tbb/parallel_for.h:142 (race_good+0x2c2e)
    #6 <null> <null> (libtbb.so.2+0x2c544)

  Thread T17 (tid=105111, running) created by thread T6 at:
    #0 pthread_create ../../../../src/libsanitizer/tsan/tsan_interceptors_posix.cpp:962 (libtsan.so.0+0x5ea79)
    #1 <null> <null> (libtbb.so.2+0x20750)

  Thread T21 (tid=105113, running) created by thread T1 at:
    #0 pthread_create ../../../../src/libsanitizer/tsan/tsan_interceptors_posix.cpp:962 (libtsan.so.0+0x5ea79)
    #1 <null> <null> (libtbb.so.2+0x20750)

SUMMARY: ThreadSanitizer: data race /usr/include/tbb/partitioner.h:485 in tbb::interface9::internal::auto_partition_type::is_divisible()
==================
==================
WARNING: ThreadSanitizer: data race (pid=105091)
  Read of size 8 at 0x7fa56774f628 by thread T2:
    #0 tbb::task::ref_count() const /usr/include/tbb/task.h:916 (race_good+0x27b4)
    #1 tbb::interface9::internal::dynamic_grainsize_mode<tbb::interface9::internal::adaptive_mode<tbb::interface9::internal::auto_partition_type> >::check_being_stolen(tbb::task&) /usr/include/tbb/partitioner.h:399 (race_good+0x27b4)
    #2 execute /usr/include/tbb/parallel_for.h:141 (race_good+0x27b4)
    #3 <null> <null> (libtbb.so.2+0x2c544)

  Previous write of size 8 at 0x7fa56774f628 by thread T15:
    #0 tbb::task::set_ref_count(int) /usr/include/tbb/task.h:754 (race_good+0x2b7d)
    #1 tbb::interface9::internal::allocate_sibling(tbb::task*, unsigned long) /usr/include/tbb/parallel_for.h:134 (race_good+0x2b7d)
    #2 offer_work /usr/include/tbb/parallel_for.h:125 (race_good+0x2b7d)
    #3 work_balance<tbb::interface9::internal::start_for<tbb::blocked_range<int>, main()::<lambda(const tbb::blocked_range<int>&)>, const tbb::auto_partitioner>, tbb::blocked_range<int> > /usr/include/tbb/partitioner.h:431 (race_good+0x2b7d)
    #4 execute<tbb::interface9::internal::start_for<tbb::blocked_range<int>, main()::<lambda(const tbb::blocked_range<int>&)>, const tbb::auto_partitioner>, tbb::blocked_range<int> > /usr/include/tbb/partitioner.h:256 (race_good+0x2b7d)
    #5 execute /usr/include/tbb/parallel_for.h:142 (race_good+0x2b7d)
    #6 <null> <null> (libtbb.so.2+0x2c544)

  Thread T2 (tid=105094, running) created by thread T1 at:
    #0 pthread_create ../../../../src/libsanitizer/tsan/tsan_interceptors_posix.cpp:962 (libtsan.so.0+0x5ea79)
    #1 <null> <null> (libtbb.so.2+0x20750)

  Thread T15 (tid=105109, running) created by thread T11 at:
    #0 pthread_create ../../../../src/libsanitizer/tsan/tsan_interceptors_posix.cpp:962 (libtsan.so.0+0x5ea79)
    #1 <null> <null> (libtbb.so.2+0x20750)

SUMMARY: ThreadSanitizer: data race /usr/include/tbb/task.h:916 in tbb::task::ref_count() const
==================
==================
WARNING: ThreadSanitizer: data race (pid=105091)
  Read of size 8 at 0x7fa5676ff828 by thread T9:
    #0 tbb::task::ref_count() const /usr/include/tbb/task.h:916 (race_good+0x27b4)
    #1 tbb::interface9::internal::dynamic_grainsize_mode<tbb::interface9::internal::adaptive_mode<tbb::interface9::internal::auto_partition_type> >::check_being_stolen(tbb::task&) /usr/include/tbb/partitioner.h:399 (race_good+0x27b4)
    #2 execute /usr/include/tbb/parallel_for.h:141 (race_good+0x27b4)
    #3 <null> <null> (libtbb.so.2+0x2c544)

  Previous write of size 8 at 0x7fa5676ff828 by thread T14:
    #0 tbb::task::set_ref_count(int) /usr/include/tbb/task.h:754 (race_good+0x2b7d)
    #1 tbb::interface9::internal::allocate_sibling(tbb::task*, unsigned long) /usr/include/tbb/parallel_for.h:134 (race_good+0x2b7d)
    #2 offer_work /usr/include/tbb/parallel_for.h:125 (race_good+0x2b7d)
    #3 work_balance<tbb::interface9::internal::start_for<tbb::blocked_range<int>, main()::<lambda(const tbb::blocked_range<int>&)>, const tbb::auto_partitioner>, tbb::blocked_range<int> > /usr/include/tbb/partitioner.h:431 (race_good+0x2b7d)
    #4 execute<tbb::interface9::internal::start_for<tbb::blocked_range<int>, main()::<lambda(const tbb::blocked_range<int>&)>, const tbb::auto_partitioner>, tbb::blocked_range<int> > /usr/include/tbb/partitioner.h:256 (race_good+0x2b7d)
    #5 execute /usr/include/tbb/parallel_for.h:142 (race_good+0x2b7d)
    #6 <null> <null> (libtbb.so.2+0x2c544)

  Thread T9 (tid=105101, running) created by thread T5 at:
    #0 pthread_create ../../../../src/libsanitizer/tsan/tsan_interceptors_posix.cpp:962 (libtsan.so.0+0x5ea79)
    #1 <null> <null> (libtbb.so.2+0x20750)

  Thread T14 (tid=105108, running) created by thread T9 at:
    #0 pthread_create ../../../../src/libsanitizer/tsan/tsan_interceptors_posix.cpp:962 (libtsan.so.0+0x5ea79)
    #1 <null> <null> (libtbb.so.2+0x20750)

SUMMARY: ThreadSanitizer: data race /usr/include/tbb/task.h:916 in tbb::task::ref_count() const
==================
==================
WARNING: ThreadSanitizer: data race (pid=105091)
  Read of size 8 at 0x7fa5676ffd28 by thread T15:
    #0 tbb::task::ref_count() const /usr/include/tbb/task.h:916 (race_good+0x27b4)
    #1 tbb::interface9::internal::dynamic_grainsize_mode<tbb::interface9::internal::adaptive_mode<tbb::interface9::internal::auto_partition_type> >::check_being_stolen(tbb::task&) /usr/include/tbb/partitioner.h:399 (race_good+0x27b4)
    #2 execute /usr/include/tbb/parallel_for.h:141 (race_good+0x27b4)
    #3 <null> <null> (libtbb.so.2+0x2c544)

  Previous write of size 8 at 0x7fa5676ffd28 by thread T14:
    #0 tbb::task::set_ref_count(int) /usr/include/tbb/task.h:754 (race_good+0x2b7d)
    #1 tbb::interface9::internal::allocate_sibling(tbb::task*, unsigned long) /usr/include/tbb/parallel_for.h:134 (race_good+0x2b7d)
    #2 offer_work /usr/include/tbb/parallel_for.h:125 (race_good+0x2b7d)
    #3 work_balance<tbb::interface9::internal::start_for<tbb::blocked_range<int>, main()::<lambda(const tbb::blocked_range<int>&)>, const tbb::auto_partitioner>, tbb::blocked_range<int> > /usr/include/tbb/partitioner.h:431 (race_good+0x2b7d)
    #4 execute<tbb::interface9::internal::start_for<tbb::blocked_range<int>, main()::<lambda(const tbb::blocked_range<int>&)>, const tbb::auto_partitioner>, tbb::blocked_range<int> > /usr/include/tbb/partitioner.h:256 (race_good+0x2b7d)
    #5 execute /usr/include/tbb/parallel_for.h:142 (race_good+0x2b7d)
    #6 <null> <null> (libtbb.so.2+0x2c544)

  Thread T15 (tid=105109, running) created by thread T11 at:
    #0 pthread_create ../../../../src/libsanitizer/tsan/tsan_interceptors_posix.cpp:962 (libtsan.so.0+0x5ea79)
    #1 <null> <null> (libtbb.so.2+0x20750)

  Thread T14 (tid=105108, running) created by thread T9 at:
    #0 pthread_create ../../../../src/libsanitizer/tsan/tsan_interceptors_posix.cpp:962 (libtsan.so.0+0x5ea79)
    #1 <null> <null> (libtbb.so.2+0x20750)

SUMMARY: ThreadSanitizer: data race /usr/include/tbb/task.h:916 in tbb::task::ref_count() const
==================
==================
WARNING: ThreadSanitizer: data race (pid=105091)
  Write of size 8 at 0x7fa56778f320 by thread T5:
    #0 tbb::task::set_parent(tbb::task*) /usr/include/tbb/task.h:861 (race_good+0x290e)
    #1 tbb::interface9::internal::allocate_sibling(tbb::task*, unsigned long) /usr/include/tbb/parallel_for.h:133 (race_good+0x290e)
    #2 offer_work /usr/include/tbb/parallel_for.h:121 (race_good+0x290e)
    #3 execute<tbb::interface9::internal::start_for<tbb::blocked_range<int>, main()::<lambda(const tbb::blocked_range<int>&)>, const tbb::auto_partitioner>, tbb::blocked_range<int> > /usr/include/tbb/partitioner.h:252 (race_good+0x290e)
    #4 execute /usr/include/tbb/parallel_for.h:142 (race_good+0x290e)
    #5 <null> <null> (libtbb.so.2+0x2c544)

  Previous write of size 8 at 0x7fa56778f320 by main thread:
    #0 tbb::task::set_parent(tbb::task*) /usr/include/tbb/task.h:861 (race_good+0x290e)
    #1 tbb::interface9::internal::allocate_sibling(tbb::task*, unsigned long) /usr/include/tbb/parallel_for.h:133 (race_good+0x290e)
    #2 offer_work /usr/include/tbb/parallel_for.h:121 (race_good+0x290e)
    #3 execute<tbb::interface9::internal::start_for<tbb::blocked_range<int>, main()::<lambda(const tbb::blocked_range<int>&)>, const tbb::auto_partitioner>, tbb::blocked_range<int> > /usr/include/tbb/partitioner.h:252 (race_good+0x290e)
    #4 execute /usr/include/tbb/parallel_for.h:142 (race_good+0x290e)
    #5 <null> <null> (libtbb.so.2+0x2c544)
    #6 parallel_for<tbb::blocked_range<int>, main()::<lambda(const tbb::blocked_range<int>&)> > /usr/include/tbb/parallel_for.h:201 (race_good+0x3028)
    #7 main /home/lc/super_livo/src/Super-LIO/tests/prob_lio/race_evidence.cpp:23 (race_good+0x3028)

  Thread T5 (tid=105097, running) created by thread T2 at:
    #0 pthread_create ../../../../src/libsanitizer/tsan/tsan_interceptors_posix.cpp:962 (libtsan.so.0+0x5ea79)
    #1 <null> <null> (libtbb.so.2+0x20750)

SUMMARY: ThreadSanitizer: data race /usr/include/tbb/task.h:861 in tbb::task::set_parent(tbb::task*)
==================
==================
WARNING: ThreadSanitizer: data race (pid=105091)
  Read of size 1 at 0x7fa56773fb35 by thread T23:
    #0 tbb::task::is_stolen_task() const /usr/include/tbb/task.h:875 (race_good+0x2727)
    #1 tbb::interface9::internal::dynamic_grainsize_mode<tbb::interface9::internal::adaptive_mode<tbb::interface9::internal::auto_partition_type> >::check_being_stolen(tbb::task&) /usr/include/tbb/partitioner.h:399 (race_good+0x2727)
    #2 execute /usr/include/tbb/parallel_for.h:141 (race_good+0x2727)
    #3 <null> <null> (libtbb.so.2+0x2c544)

  Previous write of size 1 at 0x7fa56773fb35 by thread T6:
    #0 tbb::task::task() /usr/include/tbb/task.h:614 (race_good+0x2b9e)
    #1 start_for /usr/include/tbb/parallel_for.h:77 (race_good+0x2b9e)
    #2 offer_work /usr/include/tbb/parallel_for.h:125 (race_good+0x2b9e)
    #3 work_balance<tbb::interface9::internal::start_for<tbb::blocked_range<int>, main()::<lambda(const tbb::blocked_range<int>&)>, const tbb::auto_partitioner>, tbb::blocked_range<int> > /usr/include/tbb/partitioner.h:431 (race_good+0x2b9e)
    #4 execute<tbb::interface9::internal::start_for<tbb::blocked_range<int>, main()::<lambda(const tbb::blocked_range<int>&)>, const tbb::auto_partitioner>, tbb::blocked_range<int> > /usr/include/tbb/partitioner.h:256 (race_good+0x2b9e)
    #5 execute /usr/include/tbb/parallel_for.h:142 (race_good+0x2b9e)
    #6 <null> <null> (libtbb.so.2+0x2c544)

  Thread T23 (tid=105117, running) created by thread T14 at:
    #0 pthread_create ../../../../src/libsanitizer/tsan/tsan_interceptors_posix.cpp:962 (libtsan.so.0+0x5ea79)
    #1 <null> <null> (libtbb.so.2+0x20750)

  Thread T6 (tid=105098, running) created by thread T3 at:
    #0 pthread_create ../../../../src/libsanitizer/tsan/tsan_interceptors_posix.cpp:962 (libtsan.so.0+0x5ea79)
    #1 <null> <null> (libtbb.so.2+0x20750)

SUMMARY: ThreadSanitizer: data race /usr/include/tbb/task.h:875 in tbb::task::is_stolen_task() const
==================
==================
WARNING: ThreadSanitizer: data race (pid=105091)
  Read of size 1 at 0x7fa56778ee6c by thread T10:
    #0 tbb::interface9::internal::auto_partition_type::is_divisible() /usr/include/tbb/partitioner.h:485 (race_good+0x276d)
    #1 execute<tbb::interface9::internal::start_for<tbb::blocked_range<int>, main()::<lambda(const tbb::blocked_range<int>&)>, const tbb::auto_partitioner>, tbb::blocked_range<int> > /usr/include/tbb/partitioner.h:249 (race_good+0x276d)
    #2 execute /usr/include/tbb/parallel_for.h:142 (race_good+0x276d)
    #3 <null> <null> (libtbb.so.2+0x2c544)

  Previous write of size 1 at 0x7fa56778ee6c by main thread:
    #0 tbb::interface9::internal::dynamic_grainsize_mode<tbb::interface9::internal::adaptive_mode<tbb::interface9::internal::auto_partition_type> >::dynamic_grainsize_mode(tbb::interface9::internal::dynamic_grainsize_mode<tbb::interface9::internal::adaptive_mode<tbb::interface9::internal::auto_partition_type> >&, tbb::split) /usr/include/tbb/partitioner.h:388 (race_good+0x2a22)
    #1 tbb::interface9::internal::auto_partition_type::auto_partition_type(tbb::interface9::internal::auto_partition_type&, tbb::split) /usr/include/tbb/partitioner.h:482 (race_good+0x2a22)
    #2 start_for /usr/include/tbb/parallel_for.h:67 (race_good+0x2a22)
    #3 offer_work /usr/include/tbb/parallel_for.h:121 (race_good+0x2a22)
    #4 execute<tbb::interface9::internal::start_for<tbb::blocked_range<int>, main()::<lambda(const tbb::blocked_range<int>&)>, const tbb::auto_partitioner>, tbb::blocked_range<int> > /usr/include/tbb/partitioner.h:252 (race_good+0x2a22)
    #5 execute /usr/include/tbb/parallel_for.h:142 (race_good+0x2a22)
    #6 <null> <null> (libtbb.so.2+0x2c544)
    #7 parallel_for<tbb::blocked_range<int>, main()::<lambda(const tbb::blocked_range<int>&)> > /usr/include/tbb/parallel_for.h:201 (race_good+0x3028)
    #8 main /home/lc/super_livo/src/Super-LIO/tests/prob_lio/race_evidence.cpp:23 (race_good+0x3028)

  Thread T10 (tid=105103, running) created by thread T6 at:
    #0 pthread_create ../../../../src/libsanitizer/tsan/tsan_interceptors_posix.cpp:962 (libtsan.so.0+0x5ea79)
    #1 <null> <null> (libtbb.so.2+0x20750)

SUMMARY: ThreadSanitizer: data race /usr/include/tbb/partitioner.h:485 in tbb::interface9::internal::auto_partition_type::is_divisible()
==================
==================
WARNING: ThreadSanitizer: data race (pid=105091)
  Atomic write of size 1 at 0x7fa56771f748 by thread T6:
    #0 __tsan_atomic8_store ../../../../src/libsanitizer/tsan/tsan_interface_atomic.cpp:551 (libtsan.so.0+0x7cefd)
    #1 tbb::internal::atomic_impl<bool>::store_with_release(bool) /usr/include/tbb/machine/gcc_generic.h:168 (race_good+0x27d1)
    #2 tbb::atomic<bool>::operator=(bool) /usr/include/tbb/atomic.h:426 (race_good+0x27d1)
    #3 tbb::interface9::internal::flag_task::mark_task_stolen(tbb::task&) /usr/include/tbb/partitioner.h:139 (race_good+0x27d1)
    #4 tbb::interface9::internal::dynamic_grainsize_mode<tbb::interface9::internal::adaptive_mode<tbb::interface9::internal::auto_partition_type> >::check_being_stolen(tbb::task&) /usr/include/tbb/partitioner.h:407 (race_good+0x27d1)
    #5 execute /usr/include/tbb/parallel_for.h:141 (race_good+0x27d1)
    #6 <null> <null> (libtbb.so.2+0x2c544)

  Previous write of size 4 at 0x7fa56771f748 by thread T8:
    #0 tbb::blocked_range<int>::do_split(tbb::blocked_range<int>&, tbb::split) /usr/include/tbb/blocked_range.h:135 (race_good+0x299c)
    #1 tbb::blocked_range<int>::blocked_range(tbb::blocked_range<int>&, tbb::split) /usr/include/tbb/blocked_range.h:100 (race_good+0x299c)
    #2 start_for /usr/include/tbb/parallel_for.h:67 (race_good+0x299c)
    #3 offer_work /usr/include/tbb/parallel_for.h:121 (race_good+0x299c)
    #4 execute<tbb::interface9::internal::start_for<tbb::blocked_range<int>, main()::<lambda(const tbb::blocked_range<int>&)>, const tbb::auto_partitioner>, tbb::blocked_range<int> > /usr/include/tbb/partitioner.h:252 (race_good+0x299c)
    #5 execute /usr/include/tbb/parallel_for.h:142 (race_good+0x299c)
    #6 <null> <null> (libtbb.so.2+0x2c544)

  Thread T6 (tid=105098, running) created by thread T3 at:
    #0 pthread_create ../../../../src/libsanitizer/tsan/tsan_interceptors_posix.cpp:962 (libtsan.so.0+0x5ea79)
    #1 <null> <null> (libtbb.so.2+0x20750)

  Thread T8 (tid=105100, running) created by thread T2 at:
    #0 pthread_create ../../../../src/libsanitizer/tsan/tsan_interceptors_posix.cpp:962 (libtsan.so.0+0x5ea79)
    #1 <null> <null> (libtbb.so.2+0x20750)

SUMMARY: ThreadSanitizer: data race /usr/include/tbb/machine/gcc_generic.h:168 in tbb::internal::atomic_impl<bool>::store_with_release(bool)
==================
==================
WARNING: ThreadSanitizer: data race (pid=105091)
  Read of size 8 at 0x7fa5676ebd28 by thread T16:
    #0 tbb::task::ref_count() const /usr/include/tbb/task.h:916 (race_good+0x27b4)
    #1 tbb::interface9::internal::dynamic_grainsize_mode<tbb::interface9::internal::adaptive_mode<tbb::interface9::internal::auto_partition_type> >::check_being_stolen(tbb::task&) /usr/include/tbb/partitioner.h:399 (race_good+0x27b4)
    #2 execute /usr/include/tbb/parallel_for.h:141 (race_good+0x27b4)
    #3 <null> <null> (libtbb.so.2+0x2c544)

  Previous write of size 8 at 0x7fa5676ebd28 by thread T11:
    #0 tbb::task::set_ref_count(int) /usr/include/tbb/task.h:754 (race_good+0x2b7d)
    #1 tbb::interface9::internal::allocate_sibling(tbb::task*, unsigned long) /usr/include/tbb/parallel_for.h:134 (race_good+0x2b7d)
    #2 offer_work /usr/include/tbb/parallel_for.h:125 (race_good+0x2b7d)
    #3 work_balance<tbb::interface9::internal::start_for<tbb::blocked_range<int>, main()::<lambda(const tbb::blocked_range<int>&)>, const tbb::auto_partitioner>, tbb::blocked_range<int> > /usr/include/tbb/partitioner.h:431 (race_good+0x2b7d)
    #4 execute<tbb::interface9::internal::start_for<tbb::blocked_range<int>, main()::<lambda(const tbb::blocked_range<int>&)>, const tbb::auto_partitioner>, tbb::blocked_range<int> > /usr/include/tbb/partitioner.h:256 (race_good+0x2b7d)
    #5 execute /usr/include/tbb/parallel_for.h:142 (race_good+0x2b7d)
    #6 <null> <null> (libtbb.so.2+0x2c544)

  Thread T16 (tid=105110, running) created by thread T10 at:
    #0 pthread_create ../../../../src/libsanitizer/tsan/tsan_interceptors_posix.cpp:962 (libtsan.so.0+0x5ea79)
    #1 <null> <null> (libtbb.so.2+0x20750)

  Thread T11 (tid=105102, running) created by thread T3 at:
    #0 pthread_create ../../../../src/libsanitizer/tsan/tsan_interceptors_posix.cpp:962 (libtsan.so.0+0x5ea79)
    #1 <null> <null> (libtbb.so.2+0x20750)

SUMMARY: ThreadSanitizer: data race /usr/include/tbb/task.h:916 in tbb::task::ref_count() const
==================
==================
WARNING: ThreadSanitizer: data race (pid=105091)
  Read of size 8 at 0x7fa5676eb860 by main thread:
    #0 tbb::interface9::internal::dynamic_grainsize_mode<tbb::interface9::internal::adaptive_mode<tbb::interface9::internal::auto_partition_type> >::check_being_stolen(tbb::task&) /usr/include/tbb/partitioner.h:397 (race_good+0x2703)
    #1 execute /usr/include/tbb/parallel_for.h:141 (race_good+0x2703)
    #2 <null> <null> (libtbb.so.2+0x2c544)
    #3 parallel_for<tbb::blocked_range<int>, main()::<lambda(const tbb::blocked_range<int>&)> > /usr/include/tbb/parallel_for.h:201 (race_good+0x3028)
    #4 main /home/lc/super_livo/src/Super-LIO/tests/prob_lio/race_evidence.cpp:23 (race_good+0x3028)

  Previous write of size 8 at 0x7fa5676eb860 by thread T11:
    #0 tbb::interface9::internal::adaptive_mode<tbb::interface9::internal::auto_partition_type>::adaptive_mode(tbb::interface9::internal::adaptive_mode<tbb::interface9::internal::auto_partition_type>&, tbb::split) /usr/include/tbb/partitioner.h:271 (race_good+0x2bff)
    #1 tbb::interface9::internal::dynamic_grainsize_mode<tbb::interface9::internal::adaptive_mode<tbb::interface9::internal::auto_partition_type> >::dynamic_grainsize_mode(tbb::interface9::internal::dynamic_grainsize_mode<tbb::interface9::internal::adaptive_mode<tbb::interface9::internal::auto_partition_type> >&, tbb::split) /usr/include/tbb/partitioner.h:388 (race_good+0x2bff)
    #2 tbb::interface9::internal::auto_partition_type::auto_partition_type(tbb::interface9::internal::auto_partition_type&, tbb::split) /usr/include/tbb/partitioner.h:482 (race_good+0x2bff)
    #3 start_for /usr/include/tbb/parallel_for.h:77 (race_good+0x2bff)
    #4 offer_work /usr/include/tbb/parallel_for.h:125 (race_good+0x2bff)
    #5 work_balance<tbb::interface9::internal::start_for<tbb::blocked_range<int>, main()::<lambda(const tbb::blocked_range<int>&)>, const tbb::auto_partitioner>, tbb::blocked_range<int> > /usr/include/tbb/partitioner.h:431 (race_good+0x2bff)
    #6 execute<tbb::interface9::internal::start_for<tbb::blocked_range<int>, main()::<lambda(const tbb::blocked_range<int>&)>, const tbb::auto_partitioner>, tbb::blocked_range<int> > /usr/include/tbb/partitioner.h:256 (race_good+0x2bff)
    #7 execute /usr/include/tbb/parallel_for.h:142 (race_good+0x2bff)
    #8 <null> <null> (libtbb.so.2+0x2c544)

  Thread T11 (tid=105102, running) created by thread T3 at:
    #0 pthread_create ../../../../src/libsanitizer/tsan/tsan_interceptors_posix.cpp:962 (libtsan.so.0+0x5ea79)
    #1 <null> <null> (libtbb.so.2+0x20750)

SUMMARY: ThreadSanitizer: data race /usr/include/tbb/partitioner.h:397 in tbb::interface9::internal::dynamic_grainsize_mode<tbb::interface9::internal::adaptive_mode<tbb::interface9::internal::auto_partition_type> >::check_being_stolen(tbb::task&)
==================
==================
WARNING: ThreadSanitizer: data race (pid=105091)
  Read of size 8 at 0x7fa5676d3b28 by thread T26:
    #0 tbb::task::ref_count() const /usr/include/tbb/task.h:916 (race_good+0x27b4)
    #1 tbb::interface9::internal::dynamic_grainsize_mode<tbb::interface9::internal::adaptive_mode<tbb::interface9::internal::auto_partition_type> >::check_being_stolen(tbb::task&) /usr/include/tbb/partitioner.h:399 (race_good+0x27b4)
    #2 execute /usr/include/tbb/parallel_for.h:141 (race_good+0x27b4)
    #3 <null> <null> (libtbb.so.2+0x2c544)

  Previous write of size 8 at 0x7fa5676d3b28 by thread T25:
    #0 tbb::task::set_ref_count(int) /usr/include/tbb/task.h:754 (race_good+0x2b7d)
    #1 tbb::interface9::internal::allocate_sibling(tbb::task*, unsigned long) /usr/include/tbb/parallel_for.h:134 (race_good+0x2b7d)
    #2 offer_work /usr/include/tbb/parallel_for.h:125 (race_good+0x2b7d)
    #3 work_balance<tbb::interface9::internal::start_for<tbb::blocked_range<int>, main()::<lambda(const tbb::blocked_range<int>&)>, const tbb::auto_partitioner>, tbb::blocked_range<int> > /usr/include/tbb/partitioner.h:431 (race_good+0x2b7d)
    #4 execute<tbb::interface9::internal::start_for<tbb::blocked_range<int>, main()::<lambda(const tbb::blocked_range<int>&)>, const tbb::auto_partitioner>, tbb::blocked_range<int> > /usr/include/tbb/partitioner.h:256 (race_good+0x2b7d)
    #5 execute /usr/include/tbb/parallel_for.h:142 (race_good+0x2b7d)
    #6 <null> <null> (libtbb.so.2+0x2c544)

  Thread T26 (tid=105115, running) created by thread T9 at:
    #0 pthread_create ../../../../src/libsanitizer/tsan/tsan_interceptors_posix.cpp:962 (libtsan.so.0+0x5ea79)
    #1 <null> <null> (libtbb.so.2+0x20750)

  Thread T25 (tid=105119, running) created by thread T10 at:
    #0 pthread_create ../../../../src/libsanitizer/tsan/tsan_interceptors_posix.cpp:962 (libtsan.so.0+0x5ea79)
    #1 <null> <null> (libtbb.so.2+0x20750)

SUMMARY: ThreadSanitizer: data race /usr/include/tbb/task.h:916 in tbb::task::ref_count() const
==================
==================
WARNING: ThreadSanitizer: data race (pid=105091)
  Read of size 8 at 0x7fa567757928 by thread T11:
    #0 tbb::task::ref_count() const /usr/include/tbb/task.h:916 (race_good+0x27b4)
    #1 tbb::interface9::internal::dynamic_grainsize_mode<tbb::interface9::internal::adaptive_mode<tbb::interface9::internal::auto_partition_type> >::check_being_stolen(tbb::task&) /usr/include/tbb/partitioner.h:399 (race_good+0x27b4)
    #2 execute /usr/include/tbb/parallel_for.h:141 (race_good+0x27b4)
    #3 <null> <null> (libtbb.so.2+0x2c544)

  Previous write of size 8 at 0x7fa567757928 by thread T4:
    #0 tbb::task::set_ref_count(int) /usr/include/tbb/task.h:754 (race_good+0x2b7d)
    #1 tbb::interface9::internal::allocate_sibling(tbb::task*, unsigned long) /usr/include/tbb/parallel_for.h:134 (race_good+0x2b7d)
    #2 offer_work /usr/include/tbb/parallel_for.h:125 (race_good+0x2b7d)
    #3 work_balance<tbb::interface9::internal::start_for<tbb::blocked_range<int>, main()::<lambda(const tbb::blocked_range<int>&)>, const tbb::auto_partitioner>, tbb::blocked_range<int> > /usr/include/tbb/partitioner.h:431 (race_good+0x2b7d)
    #4 execute<tbb::interface9::internal::start_for<tbb::blocked_range<int>, main()::<lambda(const tbb::blocked_range<int>&)>, const tbb::auto_partitioner>, tbb::blocked_range<int> > /usr/include/tbb/partitioner.h:256 (race_good+0x2b7d)
    #5 execute /usr/include/tbb/parallel_for.h:142 (race_good+0x2b7d)
    #6 <null> <null> (libtbb.so.2+0x2c544)

  Thread T11 (tid=105102, running) created by thread T3 at:
    #0 pthread_create ../../../../src/libsanitizer/tsan/tsan_interceptors_posix.cpp:962 (libtsan.so.0+0x5ea79)
    #1 <null> <null> (libtbb.so.2+0x20750)

  Thread T4 (tid=105096, running) created by thread T1 at:
    #0 pthread_create ../../../../src/libsanitizer/tsan/tsan_interceptors_posix.cpp:962 (libtsan.so.0+0x5ea79)
    #1 <null> <null> (libtbb.so.2+0x20750)

SUMMARY: ThreadSanitizer: data race /usr/include/tbb/task.h:916 in tbb::task::ref_count() const
==================
==================
WARNING: ThreadSanitizer: data race (pid=105091)
  Read of size 8 at 0x7fa5676ff328 by thread T25:
    #0 tbb::task::ref_count() const /usr/include/tbb/task.h:916 (race_good+0x27b4)
    #1 tbb::interface9::internal::dynamic_grainsize_mode<tbb::interface9::internal::adaptive_mode<tbb::interface9::internal::auto_partition_type> >::check_being_stolen(tbb::task&) /usr/include/tbb/partitioner.h:399 (race_good+0x27b4)
    #2 execute /usr/include/tbb/parallel_for.h:141 (race_good+0x27b4)
    #3 <null> <null> (libtbb.so.2+0x2c544)

  Previous write of size 8 at 0x7fa5676ff328 by thread T14:
    #0 tbb::task::set_ref_count(int) /usr/include/tbb/task.h:754 (race_good+0x2b7d)
    #1 tbb::interface9::internal::allocate_sibling(tbb::task*, unsigned long) /usr/include/tbb/parallel_for.h:134 (race_good+0x2b7d)
    #2 offer_work /usr/include/tbb/parallel_for.h:125 (race_good+0x2b7d)
    #3 work_balance<tbb::interface9::internal::start_for<tbb::blocked_range<int>, main()::<lambda(const tbb::blocked_range<int>&)>, const tbb::auto_partitioner>, tbb::blocked_range<int> > /usr/include/tbb/partitioner.h:431 (race_good+0x2b7d)
    #4 execute<tbb::interface9::internal::start_for<tbb::blocked_range<int>, main()::<lambda(const tbb::blocked_range<int>&)>, const tbb::auto_partitioner>, tbb::blocked_range<int> > /usr/include/tbb/partitioner.h:256 (race_good+0x2b7d)
    #5 execute /usr/include/tbb/parallel_for.h:142 (race_good+0x2b7d)
    #6 <null> <null> (libtbb.so.2+0x2c544)

  Thread T25 (tid=105119, running) created by thread T10 at:
    #0 pthread_create ../../../../src/libsanitizer/tsan/tsan_interceptors_posix.cpp:962 (libtsan.so.0+0x5ea79)
    #1 <null> <null> (libtbb.so.2+0x20750)

  Thread T14 (tid=105108, running) created by thread T9 at:
    #0 pthread_create ../../../../src/libsanitizer/tsan/tsan_interceptors_posix.cpp:962 (libtsan.so.0+0x5ea79)
    #1 <null> <null> (libtbb.so.2+0x20750)

SUMMARY: ThreadSanitizer: data race /usr/include/tbb/task.h:916 in tbb::task::ref_count() const
==================
==================
WARNING: ThreadSanitizer: data race (pid=105091)
  Read of size 8 at 0x7fa56771f028 by thread T28:
    #0 tbb::task::ref_count() const /usr/include/tbb/task.h:916 (race_good+0x27b4)
    #1 tbb::interface9::internal::dynamic_grainsize_mode<tbb::interface9::internal::adaptive_mode<tbb::interface9::internal::auto_partition_type> >::check_being_stolen(tbb::task&) /usr/include/tbb/partitioner.h:399 (race_good+0x27b4)
    #2 execute /usr/include/tbb/parallel_for.h:141 (race_good+0x27b4)
    #3 <null> <null> (libtbb.so.2+0x2c544)

  Previous write of size 8 at 0x7fa56771f028 by thread T8:
    #0 tbb::task::set_ref_count(int) /usr/include/tbb/task.h:754 (race_good+0x2b7d)
    #1 tbb::interface9::internal::allocate_sibling(tbb::task*, unsigned long) /usr/include/tbb/parallel_for.h:134 (race_good+0x2b7d)
    #2 offer_work /usr/include/tbb/parallel_for.h:125 (race_good+0x2b7d)
    #3 work_balance<tbb::interface9::internal::start_for<tbb::blocked_range<int>, main()::<lambda(const tbb::blocked_range<int>&)>, const tbb::auto_partitioner>, tbb::blocked_range<int> > /usr/include/tbb/partitioner.h:431 (race_good+0x2b7d)
    #4 execute<tbb::interface9::internal::start_for<tbb::blocked_range<int>, main()::<lambda(const tbb::blocked_range<int>&)>, const tbb::auto_partitioner>, tbb::blocked_range<int> > /usr/include/tbb/partitioner.h:256 (race_good+0x2b7d)
    #5 execute /usr/include/tbb/parallel_for.h:142 (race_good+0x2b7d)
    #6 <null> <null> (libtbb.so.2+0x2c544)

  Thread T28 (tid=105120, running) created by thread T7 at:
    #0 pthread_create ../../../../src/libsanitizer/tsan/tsan_interceptors_posix.cpp:962 (libtsan.so.0+0x5ea79)
    #1 <null> <null> (libtbb.so.2+0x20750)

  Thread T8 (tid=105100, running) created by thread T2 at:
    #0 pthread_create ../../../../src/libsanitizer/tsan/tsan_interceptors_posix.cpp:962 (libtsan.so.0+0x5ea79)
    #1 <null> <null> (libtbb.so.2+0x20750)

SUMMARY: ThreadSanitizer: data race /usr/include/tbb/task.h:916 in tbb::task::ref_count() const
==================
==================
WARNING: ThreadSanitizer: data race (pid=105091)
  Read of size 8 at 0x7fa5676fef28 by thread T7:
    #0 tbb::task::ref_count() const /usr/include/tbb/task.h:916 (race_good+0x27b4)
    #1 tbb::interface9::internal::dynamic_grainsize_mode<tbb::interface9::internal::adaptive_mode<tbb::interface9::internal::auto_partition_type> >::check_being_stolen(tbb::task&) /usr/include/tbb/partitioner.h:399 (race_good+0x27b4)
    #2 execute /usr/include/tbb/parallel_for.h:141 (race_good+0x27b4)
    #3 <null> <null> (libtbb.so.2+0x2c544)

  Previous write of size 8 at 0x7fa5676fef28 by thread T14:
    #0 tbb::task::set_ref_count(int) /usr/include/tbb/task.h:754 (race_good+0x2b7d)
    #1 tbb::interface9::internal::allocate_sibling(tbb::task*, unsigned long) /usr/include/tbb/parallel_for.h:134 (race_good+0x2b7d)
    #2 offer_work /usr/include/tbb/parallel_for.h:125 (race_good+0x2b7d)
    #3 work_balance<tbb::interface9::internal::start_for<tbb::blocked_range<int>, main()::<lambda(const tbb::blocked_range<int>&)>, const tbb::auto_partitioner>, tbb::blocked_range<int> > /usr/include/tbb/partitioner.h:431 (race_good+0x2b7d)
    #4 execute<tbb::interface9::internal::start_for<tbb::blocked_range<int>, main()::<lambda(const tbb::blocked_range<int>&)>, const tbb::auto_partitioner>, tbb::blocked_range<int> > /usr/include/tbb/partitioner.h:256 (race_good+0x2b7d)
    #5 execute /usr/include/tbb/parallel_for.h:142 (race_good+0x2b7d)
    #6 <null> <null> (libtbb.so.2+0x2c544)

  Thread T7 (tid=105099, running) created by thread T4 at:
    #0 pthread_create ../../../../src/libsanitizer/tsan/tsan_interceptors_posix.cpp:962 (libtsan.so.0+0x5ea79)
    #1 <null> <null> (libtbb.so.2+0x20750)

  Thread T14 (tid=105108, running) created by thread T9 at:
    #0 pthread_create ../../../../src/libsanitizer/tsan/tsan_interceptors_posix.cpp:962 (libtsan.so.0+0x5ea79)
    #1 <null> <null> (libtbb.so.2+0x20750)

SUMMARY: ThreadSanitizer: data race /usr/include/tbb/task.h:916 in tbb::task::ref_count() const
==================
==================
WARNING: ThreadSanitizer: data race (pid=105091)
  Read of size 8 at 0x7fa567757d28 by thread T8:
    #0 tbb::task::ref_count() const /usr/include/tbb/task.h:916 (race_good+0x27b4)
    #1 tbb::interface9::internal::dynamic_grainsize_mode<tbb::interface9::internal::adaptive_mode<tbb::interface9::internal::auto_partition_type> >::check_being_stolen(tbb::task&) /usr/include/tbb/partitioner.h:399 (race_good+0x27b4)
    #2 execute /usr/include/tbb/parallel_for.h:141 (race_good+0x27b4)
    #3 <null> <null> (libtbb.so.2+0x2c544)

  Previous write of size 8 at 0x7fa567757d28 by thread T4:
    #0 tbb::task::set_ref_count(int) /usr/include/tbb/task.h:754 (race_good+0x2b7d)
    #1 tbb::interface9::internal::allocate_sibling(tbb::task*, unsigned long) /usr/include/tbb/parallel_for.h:134 (race_good+0x2b7d)
    #2 offer_work /usr/include/tbb/parallel_for.h:125 (race_good+0x2b7d)
    #3 work_balance<tbb::interface9::internal::start_for<tbb::blocked_range<int>, main()::<lambda(const tbb::blocked_range<int>&)>, const tbb::auto_partitioner>, tbb::blocked_range<int> > /usr/include/tbb/partitioner.h:431 (race_good+0x2b7d)
    #4 execute<tbb::interface9::internal::start_for<tbb::blocked_range<int>, main()::<lambda(const tbb::blocked_range<int>&)>, const tbb::auto_partitioner>, tbb::blocked_range<int> > /usr/include/tbb/partitioner.h:256 (race_good+0x2b7d)
    #5 execute /usr/include/tbb/parallel_for.h:142 (race_good+0x2b7d)
    #6 <null> <null> (libtbb.so.2+0x2c544)

  Thread T8 (tid=105100, running) created by thread T2 at:
    #0 pthread_create ../../../../src/libsanitizer/tsan/tsan_interceptors_posix.cpp:962 (libtsan.so.0+0x5ea79)
    #1 <null> <null> (libtbb.so.2+0x20750)

  Thread T4 (tid=105096, running) created by thread T1 at:
    #0 pthread_create ../../../../src/libsanitizer/tsan/tsan_interceptors_posix.cpp:962 (libtsan.so.0+0x5ea79)
    #1 <null> <null> (libtbb.so.2+0x20750)

SUMMARY: ThreadSanitizer: data race /usr/include/tbb/task.h:916 in tbb::task::ref_count() const
==================
==================
WARNING: ThreadSanitizer: data race (pid=105091)
  Read of size 8 at 0x7fa567717c28 by thread T14:
    #0 tbb::task::ref_count() const /usr/include/tbb/task.h:916 (race_good+0x27b4)
    #1 tbb::interface9::internal::dynamic_grainsize_mode<tbb::interface9::internal::adaptive_mode<tbb::interface9::internal::auto_partition_type> >::check_being_stolen(tbb::task&) /usr/include/tbb/partitioner.h:399 (race_good+0x27b4)
    #2 execute /usr/include/tbb/parallel_for.h:141 (race_good+0x27b4)
    #3 <null> <null> (libtbb.so.2+0x2c544)

  Previous write of size 8 at 0x7fa567717c28 by thread T20:
    #0 tbb::task::set_ref_count(int) /usr/include/tbb/task.h:754 (race_good+0x2b7d)
    #1 tbb::interface9::internal::allocate_sibling(tbb::task*, unsigned long) /usr/include/tbb/parallel_for.h:134 (race_good+0x2b7d)
    #2 offer_work /usr/include/tbb/parallel_for.h:125 (race_good+0x2b7d)
    #3 work_balance<tbb::interface9::internal::start_for<tbb::blocked_range<int>, main()::<lambda(const tbb::blocked_range<int>&)>, const tbb::auto_partitioner>, tbb::blocked_range<int> > /usr/include/tbb/partitioner.h:431 (race_good+0x2b7d)
    #4 execute<tbb::interface9::internal::start_for<tbb::blocked_range<int>, main()::<lambda(const tbb::blocked_range<int>&)>, const tbb::auto_partitioner>, tbb::blocked_range<int> > /usr/include/tbb/partitioner.h:256 (race_good+0x2b7d)
    #5 execute /usr/include/tbb/parallel_for.h:142 (race_good+0x2b7d)
    #6 <null> <null> (libtbb.so.2+0x2c544)

  Thread T14 (tid=105108, running) created by thread T9 at:
    #0 pthread_create ../../../../src/libsanitizer/tsan/tsan_interceptors_posix.cpp:962 (libtsan.so.0+0x5ea79)
    #1 <null> <null> (libtbb.so.2+0x20750)

  Thread T20 (tid=105112, running) created by thread T8 at:
    #0 pthread_create ../../../../src/libsanitizer/tsan/tsan_interceptors_posix.cpp:962 (libtsan.so.0+0x5ea79)
    #1 <null> <null> (libtbb.so.2+0x20750)

SUMMARY: ThreadSanitizer: data race /usr/include/tbb/task.h:916 in tbb::task::ref_count() const
==================
==================
WARNING: ThreadSanitizer: data race (pid=105091)
  Read of size 8 at 0x7fa56775fc28 by thread T4:
    #0 tbb::task::ref_count() const /usr/include/tbb/task.h:916 (race_good+0x27b4)
    #1 tbb::interface9::internal::dynamic_grainsize_mode<tbb::interface9::internal::adaptive_mode<tbb::interface9::internal::auto_partition_type> >::check_being_stolen(tbb::task&) /usr/include/tbb/partitioner.h:399 (race_good+0x27b4)
    #2 execute /usr/include/tbb/parallel_for.h:141 (race_good+0x27b4)
    #3 <null> <null> (libtbb.so.2+0x2c544)

  Previous write of size 8 at 0x7fa56775fc28 by thread T12:
    #0 tbb::task::set_ref_count(int) /usr/include/tbb/task.h:754 (race_good+0x2b7d)
    #1 tbb::interface9::internal::allocate_sibling(tbb::task*, unsigned long) /usr/include/tbb/parallel_for.h:134 (race_good+0x2b7d)
    #2 offer_work /usr/include/tbb/parallel_for.h:125 (race_good+0x2b7d)
    #3 work_balance<tbb::interface9::internal::start_for<tbb::blocked_range<int>, main()::<lambda(const tbb::blocked_range<int>&)>, const tbb::auto_partitioner>, tbb::blocked_range<int> > /usr/include/tbb/partitioner.h:431 (race_good+0x2b7d)
    #4 execute<tbb::interface9::internal::start_for<tbb::blocked_range<int>, main()::<lambda(const tbb::blocked_range<int>&)>, const tbb::auto_partitioner>, tbb::blocked_range<int> > /usr/include/tbb/partitioner.h:256 (race_good+0x2b7d)
    #5 execute /usr/include/tbb/parallel_for.h:142 (race_good+0x2b7d)
    #6 <null> <null> (libtbb.so.2+0x2c544)

  Thread T4 (tid=105096, running) created by thread T1 at:
    #0 pthread_create ../../../../src/libsanitizer/tsan/tsan_interceptors_posix.cpp:962 (libtsan.so.0+0x5ea79)
    #1 <null> <null> (libtbb.so.2+0x20750)

  Thread T12 (tid=105104, running) created by thread T8 at:
    #0 pthread_create ../../../../src/libsanitizer/tsan/tsan_interceptors_posix.cpp:962 (libtsan.so.0+0x5ea79)
    #1 <null> <null> (libtbb.so.2+0x20750)

SUMMARY: ThreadSanitizer: data race /usr/include/tbb/task.h:916 in tbb::task::ref_count() const
==================
==================
WARNING: ThreadSanitizer: data race (pid=105091)
  Read of size 8 at 0x7fa567767928 by thread T29:
    #0 tbb::task::ref_count() const /usr/include/tbb/task.h:916 (race_good+0x27b4)
    #1 tbb::interface9::internal::dynamic_grainsize_mode<tbb::interface9::internal::adaptive_mode<tbb::interface9::internal::auto_partition_type> >::check_being_stolen(tbb::task&) /usr/include/tbb/partitioner.h:399 (race_good+0x27b4)
    #2 execute /usr/include/tbb/parallel_for.h:141 (race_good+0x27b4)
    #3 <null> <null> (libtbb.so.2+0x2c544)

  Previous write of size 8 at 0x7fa567767928 by thread T3:
    #0 tbb::task::set_ref_count(int) /usr/include/tbb/task.h:754 (race_good+0x2b7d)
    #1 tbb::interface9::internal::allocate_sibling(tbb::task*, unsigned long) /usr/include/tbb/parallel_for.h:134 (race_good+0x2b7d)
    #2 offer_work /usr/include/tbb/parallel_for.h:125 (race_good+0x2b7d)
    #3 work_balance<tbb::interface9::internal::start_for<tbb::blocked_range<int>, main()::<lambda(const tbb::blocked_range<int>&)>, const tbb::auto_partitioner>, tbb::blocked_range<int> > /usr/include/tbb/partitioner.h:431 (race_good+0x2b7d)
    #4 execute<tbb::interface9::internal::start_for<tbb::blocked_range<int>, main()::<lambda(const tbb::blocked_range<int>&)>, const tbb::auto_partitioner>, tbb::blocked_range<int> > /usr/include/tbb/partitioner.h:256 (race_good+0x2b7d)
    #5 execute /usr/include/tbb/parallel_for.h:142 (race_good+0x2b7d)
    #6 <null> <null> (libtbb.so.2+0x2c544)

  Thread T29 (tid=105122, running) created by thread T12 at:
    #0 pthread_create ../../../../src/libsanitizer/tsan/tsan_interceptors_posix.cpp:962 (libtsan.so.0+0x5ea79)
    #1 <null> <null> (libtbb.so.2+0x20750)

  Thread T3 (tid=105095, running) created by main thread at:
    #0 pthread_create ../../../../src/libsanitizer/tsan/tsan_interceptors_posix.cpp:962 (libtsan.so.0+0x5ea79)
    #1 <null> <null> (libtbb.so.2+0x20750)
    #2 <null> <null> (libtbb.so.2+0x2c544)
    #3 parallel_for<tbb::blocked_range<int>, main()::<lambda(const tbb::blocked_range<int>&)> > /usr/include/tbb/parallel_for.h:201 (race_good+0x3028)
    #4 main /home/lc/super_livo/src/Super-LIO/tests/prob_lio/race_evidence.cpp:23 (race_good+0x3028)

SUMMARY: ThreadSanitizer: data race /usr/include/tbb/task.h:916 in tbb::task::ref_count() const
==================
==================
WARNING: ThreadSanitizer: data race (pid=105091)
  Read of size 8 at 0x7fa56775f928 by thread T20:
    #0 tbb::task::ref_count() const /usr/include/tbb/task.h:916 (race_good+0x27b4)
    #1 tbb::interface9::internal::dynamic_grainsize_mode<tbb::interface9::internal::adaptive_mode<tbb::interface9::internal::auto_partition_type> >::check_being_stolen(tbb::task&) /usr/include/tbb/partitioner.h:399 (race_good+0x27b4)
    #2 execute /usr/include/tbb/parallel_for.h:141 (race_good+0x27b4)
    #3 <null> <null> (libtbb.so.2+0x2c544)

  Previous write of size 8 at 0x7fa56775f928 by thread T12:
    #0 tbb::task::set_ref_count(int) /usr/include/tbb/task.h:754 (race_good+0x2b7d)
    #1 tbb::interface9::internal::allocate_sibling(tbb::task*, unsigned long) /usr/include/tbb/parallel_for.h:134 (race_good+0x2b7d)
    #2 offer_work /usr/include/tbb/parallel_for.h:125 (race_good+0x2b7d)
    #3 work_balance<tbb::interface9::internal::start_for<tbb::blocked_range<int>, main()::<lambda(const tbb::blocked_range<int>&)>, const tbb::auto_partitioner>, tbb::blocked_range<int> > /usr/include/tbb/partitioner.h:431 (race_good+0x2b7d)
    #4 execute<tbb::interface9::internal::start_for<tbb::blocked_range<int>, main()::<lambda(const tbb::blocked_range<int>&)>, const tbb::auto_partitioner>, tbb::blocked_range<int> > /usr/include/tbb/partitioner.h:256 (race_good+0x2b7d)
    #5 execute /usr/include/tbb/parallel_for.h:142 (race_good+0x2b7d)
    #6 <null> <null> (libtbb.so.2+0x2c544)

  Thread T20 (tid=105112, running) created by thread T8 at:
    #0 pthread_create ../../../../src/libsanitizer/tsan/tsan_interceptors_posix.cpp:962 (libtsan.so.0+0x5ea79)
    #1 <null> <null> (libtbb.so.2+0x20750)

  Thread T12 (tid=105104, running) created by thread T8 at:
    #0 pthread_create ../../../../src/libsanitizer/tsan/tsan_interceptors_posix.cpp:962 (libtsan.so.0+0x5ea79)
    #1 <null> <null> (libtbb.so.2+0x20750)

SUMMARY: ThreadSanitizer: data race /usr/include/tbb/task.h:916 in tbb::task::ref_count() const
==================
==================
WARNING: ThreadSanitizer: data race (pid=105091)
  Read of size 8 at 0x7fa567693c28 by thread T12:
    #0 tbb::task::ref_count() const /usr/include/tbb/task.h:916 (race_good+0x27b4)
    #1 tbb::interface9::internal::dynamic_grainsize_mode<tbb::interface9::internal::adaptive_mode<tbb::interface9::internal::auto_partition_type> >::check_being_stolen(tbb::task&) /usr/include/tbb/partitioner.h:399 (race_good+0x27b4)
    #2 execute /usr/include/tbb/parallel_for.h:141 (race_good+0x27b4)
    #3 <null> <null> (libtbb.so.2+0x2c544)

  Previous write of size 8 at 0x7fa567693c28 by thread T30:
    #0 tbb::task::set_ref_count(int) /usr/include/tbb/task.h:754 (race_good+0x2b7d)
    #1 tbb::interface9::internal::allocate_sibling(tbb::task*, unsigned long) /usr/include/tbb/parallel_for.h:134 (race_good+0x2b7d)
    #2 offer_work /usr/include/tbb/parallel_for.h:125 (race_good+0x2b7d)
    #3 work_balance<tbb::interface9::internal::start_for<tbb::blocked_range<int>, main()::<lambda(const tbb::blocked_range<int>&)>, const tbb::auto_partitioner>, tbb::blocked_range<int> > /usr/include/tbb/partitioner.h:431 (race_good+0x2b7d)
    #4 execute<tbb::interface9::internal::start_for<tbb::blocked_range<int>, main()::<lambda(const tbb::blocked_range<int>&)>, const tbb::auto_partitioner>, tbb::blocked_range<int> > /usr/include/tbb/partitioner.h:256 (race_good+0x2b7d)
    #5 execute /usr/include/tbb/parallel_for.h:142 (race_good+0x2b7d)
    #6 <null> <null> (libtbb.so.2+0x2c544)

  Thread T12 (tid=105104, running) created by thread T8 at:
    #0 pthread_create ../../../../src/libsanitizer/tsan/tsan_interceptors_posix.cpp:962 (libtsan.so.0+0x5ea79)
    #1 <null> <null> (libtbb.so.2+0x20750)

  Thread T30 (tid=105121, running) created by thread T1 at:
    #0 pthread_create ../../../../src/libsanitizer/tsan/tsan_interceptors_posix.cpp:962 (libtsan.so.0+0x5ea79)
    #1 <null> <null> (libtbb.so.2+0x20750)

SUMMARY: ThreadSanitizer: data race /usr/include/tbb/task.h:916 in tbb::task::ref_count() const
==================
==================
WARNING: ThreadSanitizer: data race (pid=105091)
  Read of size 8 at 0x7fa567767b28 by thread T30:
    #0 tbb::task::ref_count() const /usr/include/tbb/task.h:916 (race_good+0x27b4)
    #1 tbb::interface9::internal::dynamic_grainsize_mode<tbb::interface9::internal::adaptive_mode<tbb::interface9::internal::auto_partition_type> >::check_being_stolen(tbb::task&) /usr/include/tbb/partitioner.h:399 (race_good+0x27b4)
    #2 execute /usr/include/tbb/parallel_for.h:141 (race_good+0x27b4)
    #3 <null> <null> (libtbb.so.2+0x2c544)

  Previous write of size 8 at 0x7fa567767b28 by thread T3:
    #0 tbb::task::set_ref_count(int) /usr/include/tbb/task.h:754 (race_good+0x2b7d)
    #1 tbb::interface9::internal::allocate_sibling(tbb::task*, unsigned long) /usr/include/tbb/parallel_for.h:134 (race_good+0x2b7d)
    #2 offer_work /usr/include/tbb/parallel_for.h:125 (race_good+0x2b7d)
    #3 work_balance<tbb::interface9::internal::start_for<tbb::blocked_range<int>, main()::<lambda(const tbb::blocked_range<int>&)>, const tbb::auto_partitioner>, tbb::blocked_range<int> > /usr/include/tbb/partitioner.h:431 (race_good+0x2b7d)
    #4 execute<tbb::interface9::internal::start_for<tbb::blocked_range<int>, main()::<lambda(const tbb::blocked_range<int>&)>, const tbb::auto_partitioner>, tbb::blocked_range<int> > /usr/include/tbb/partitioner.h:256 (race_good+0x2b7d)
    #5 execute /usr/include/tbb/parallel_for.h:142 (race_good+0x2b7d)
    #6 <null> <null> (libtbb.so.2+0x2c544)

  Thread T30 (tid=105121, running) created by thread T1 at:
    #0 pthread_create ../../../../src/libsanitizer/tsan/tsan_interceptors_posix.cpp:962 (libtsan.so.0+0x5ea79)
    #1 <null> <null> (libtbb.so.2+0x20750)

  Thread T3 (tid=105095, running) created by main thread at:
    #0 pthread_create ../../../../src/libsanitizer/tsan/tsan_interceptors_posix.cpp:962 (libtsan.so.0+0x5ea79)
    #1 <null> <null> (libtbb.so.2+0x20750)
    #2 <null> <null> (libtbb.so.2+0x2c544)
    #3 parallel_for<tbb::blocked_range<int>, main()::<lambda(const tbb::blocked_range<int>&)> > /usr/include/tbb/parallel_for.h:201 (race_good+0x3028)
    #4 main /home/lc/super_livo/src/Super-LIO/tests/prob_lio/race_evidence.cpp:23 (race_good+0x3028)

SUMMARY: ThreadSanitizer: data race /usr/include/tbb/task.h:916 in tbb::task::ref_count() const
==================
==================
WARNING: ThreadSanitizer: data race (pid=105091)
  Read of size 8 at 0x7fa56770fd28 by thread T1:
    #0 tbb::task::ref_count() const /usr/include/tbb/task.h:916 (race_good+0x27b4)
    #1 tbb::interface9::internal::dynamic_grainsize_mode<tbb::interface9::internal::adaptive_mode<tbb::interface9::internal::auto_partition_type> >::check_being_stolen(tbb::task&) /usr/include/tbb/partitioner.h:399 (race_good+0x27b4)
    #2 execute /usr/include/tbb/parallel_for.h:141 (race_good+0x27b4)
    #3 <null> <null> (libtbb.so.2+0x2c544)

  Previous write of size 8 at 0x7fa56770fd28 by thread T18:
    #0 tbb::task::set_ref_count(int) /usr/include/tbb/task.h:754 (race_good+0x2b7d)
    #1 tbb::interface9::internal::allocate_sibling(tbb::task*, unsigned long) /usr/include/tbb/parallel_for.h:134 (race_good+0x2b7d)
    #2 offer_work /usr/include/tbb/parallel_for.h:125 (race_good+0x2b7d)
    #3 work_balance<tbb::interface9::internal::start_for<tbb::blocked_range<int>, main()::<lambda(const tbb::blocked_range<int>&)>, const tbb::auto_partitioner>, tbb::blocked_range<int> > /usr/include/tbb/partitioner.h:431 (race_good+0x2b7d)
    #4 execute<tbb::interface9::internal::start_for<tbb::blocked_range<int>, main()::<lambda(const tbb::blocked_range<int>&)>, const tbb::auto_partitioner>, tbb::blocked_range<int> > /usr/include/tbb/partitioner.h:256 (race_good+0x2b7d)
    #5 execute /usr/include/tbb/parallel_for.h:142 (race_good+0x2b7d)
    #6 <null> <null> (libtbb.so.2+0x2c544)

  Thread T1 (tid=105093, running) created by main thread at:
    #0 pthread_create ../../../../src/libsanitizer/tsan/tsan_interceptors_posix.cpp:962 (libtsan.so.0+0x5ea79)
    #1 <null> <null> (libtbb.so.2+0x20750)
    #2 <null> <null> (libtbb.so.2+0x2c544)
    #3 parallel_for<tbb::blocked_range<int>, main()::<lambda(const tbb::blocked_range<int>&)> > /usr/include/tbb/parallel_for.h:201 (race_good+0x3028)
    #4 main /home/lc/super_livo/src/Super-LIO/tests/prob_lio/race_evidence.cpp:23 (race_good+0x3028)

  Thread T18 (tid=105106, running) created by thread T7 at:
    #0 pthread_create ../../../../src/libsanitizer/tsan/tsan_interceptors_posix.cpp:962 (libtsan.so.0+0x5ea79)
    #1 <null> <null> (libtbb.so.2+0x20750)

SUMMARY: ThreadSanitizer: data race /usr/include/tbb/task.h:916 in tbb::task::ref_count() const
==================
==================
WARNING: ThreadSanitizer: data race (pid=105091)
  Read of size 1 at 0x7fa5676b3b35 by thread T19:
    #0 tbb::task::is_stolen_task() const /usr/include/tbb/task.h:875 (race_good+0x2727)
    #1 tbb::interface9::internal::dynamic_grainsize_mode<tbb::interface9::internal::adaptive_mode<tbb::interface9::internal::auto_partition_type> >::check_being_stolen(tbb::task&) /usr/include/tbb/partitioner.h:399 (race_good+0x2727)
    #2 execute /usr/include/tbb/parallel_for.h:141 (race_good+0x2727)
    #3 <null> <null> (libtbb.so.2+0x2c544)

  Previous write of size 1 at 0x7fa5676b3b35 by thread T26:
    #0 tbb::task::task() /usr/include/tbb/task.h:614 (race_good+0x2b9e)
    #1 start_for /usr/include/tbb/parallel_for.h:77 (race_good+0x2b9e)
    #2 offer_work /usr/include/tbb/parallel_for.h:125 (race_good+0x2b9e)
    #3 work_balance<tbb::interface9::internal::start_for<tbb::blocked_range<int>, main()::<lambda(const tbb::blocked_range<int>&)>, const tbb::auto_partitioner>, tbb::blocked_range<int> > /usr/include/tbb/partitioner.h:431 (race_good+0x2b9e)
    #4 execute<tbb::interface9::internal::start_for<tbb::blocked_range<int>, main()::<lambda(const tbb::blocked_range<int>&)>, const tbb::auto_partitioner>, tbb::blocked_range<int> > /usr/include/tbb/partitioner.h:256 (race_good+0x2b9e)
    #5 execute /usr/include/tbb/parallel_for.h:142 (race_good+0x2b9e)
    #6 <null> <null> (libtbb.so.2+0x2c544)

  Thread T19 (tid=105105, running) created by thread T5 at:
    #0 pthread_create ../../../../src/libsanitizer/tsan/tsan_interceptors_posix.cpp:962 (libtsan.so.0+0x5ea79)
    #1 <null> <null> (libtbb.so.2+0x20750)

  Thread T26 (tid=105115, running) created by thread T9 at:
    #0 pthread_create ../../../../src/libsanitizer/tsan/tsan_interceptors_posix.cpp:962 (libtsan.so.0+0x5ea79)
    #1 <null> <null> (libtbb.so.2+0x20750)

SUMMARY: ThreadSanitizer: data race /usr/include/tbb/task.h:875 in tbb::task::is_stolen_task() const
==================
==================
WARNING: ThreadSanitizer: data race (pid=105091)
  Read of size 1 at 0x7fa5676b3835 by thread T24:
    #0 tbb::task::is_stolen_task() const /usr/include/tbb/task.h:875 (race_good+0x2727)
    #1 tbb::interface9::internal::dynamic_grainsize_mode<tbb::interface9::internal::adaptive_mode<tbb::interface9::internal::auto_partition_type> >::check_being_stolen(tbb::task&) /usr/include/tbb/partitioner.h:399 (race_good+0x2727)
    #2 execute /usr/include/tbb/parallel_for.h:141 (race_good+0x2727)
    #3 <null> <null> (libtbb.so.2+0x2c544)

  Previous write of size 1 at 0x7fa5676b3835 by thread T26:
    #0 tbb::task::task() /usr/include/tbb/task.h:614 (race_good+0x2b9e)
    #1 start_for /usr/include/tbb/parallel_for.h:77 (race_good+0x2b9e)
    #2 offer_work /usr/include/tbb/parallel_for.h:125 (race_good+0x2b9e)
    #3 work_balance<tbb::interface9::internal::start_for<tbb::blocked_range<int>, main()::<lambda(const tbb::blocked_range<int>&)>, const tbb::auto_partitioner>, tbb::blocked_range<int> > /usr/include/tbb/partitioner.h:431 (race_good+0x2b9e)
    #4 execute<tbb::interface9::internal::start_for<tbb::blocked_range<int>, main()::<lambda(const tbb::blocked_range<int>&)>, const tbb::auto_partitioner>, tbb::blocked_range<int> > /usr/include/tbb/partitioner.h:256 (race_good+0x2b9e)
    #5 execute /usr/include/tbb/parallel_for.h:142 (race_good+0x2b9e)
    #6 <null> <null> (libtbb.so.2+0x2c544)

  Thread T24 (tid=105118, running) created by thread T11 at:
    #0 pthread_create ../../../../src/libsanitizer/tsan/tsan_interceptors_posix.cpp:962 (libtsan.so.0+0x5ea79)
    #1 <null> <null> (libtbb.so.2+0x20750)

  Thread T26 (tid=105115, running) created by thread T9 at:
    #0 pthread_create ../../../../src/libsanitizer/tsan/tsan_interceptors_posix.cpp:962 (libtsan.so.0+0x5ea79)
    #1 <null> <null> (libtbb.so.2+0x20750)

SUMMARY: ThreadSanitizer: data race /usr/include/tbb/task.h:875 in tbb::task::is_stolen_task() const
==================
==================
WARNING: ThreadSanitizer: data race (pid=105091)
  Read of size 1 at 0x7fa5676bbb35 by thread T21:
    #0 tbb::task::is_stolen_task() const /usr/include/tbb/task.h:875 (race_good+0x2727)
    #1 tbb::interface9::internal::dynamic_grainsize_mode<tbb::interface9::internal::adaptive_mode<tbb::interface9::internal::auto_partition_type> >::check_being_stolen(tbb::task&) /usr/include/tbb/partitioner.h:399 (race_good+0x2727)
    #2 execute /usr/include/tbb/parallel_for.h:141 (race_good+0x2727)
    #3 <null> <null> (libtbb.so.2+0x2c544)

  Previous write of size 1 at 0x7fa5676bbb35 by thread T9:
    #0 tbb::task::task() /usr/include/tbb/task.h:614 (race_good+0x2b9e)
    #1 start_for /usr/include/tbb/parallel_for.h:77 (race_good+0x2b9e)
    #2 offer_work /usr/include/tbb/parallel_for.h:125 (race_good+0x2b9e)
    #3 work_balance<tbb::interface9::internal::start_for<tbb::blocked_range<int>, main()::<lambda(const tbb::blocked_range<int>&)>, const tbb::auto_partitioner>, tbb::blocked_range<int> > /usr/include/tbb/partitioner.h:431 (race_good+0x2b9e)
    #4 execute<tbb::interface9::internal::start_for<tbb::blocked_range<int>, main()::<lambda(const tbb::blocked_range<int>&)>, const tbb::auto_partitioner>, tbb::blocked_range<int> > /usr/include/tbb/partitioner.h:256 (race_good+0x2b9e)
    #5 execute /usr/include/tbb/parallel_for.h:142 (race_good+0x2b9e)
    #6 <null> <null> (libtbb.so.2+0x2c544)

  Thread T21 (tid=105113, running) created by thread T1 at:
    #0 pthread_create ../../../../src/libsanitizer/tsan/tsan_interceptors_posix.cpp:962 (libtsan.so.0+0x5ea79)
    #1 <null> <null> (libtbb.so.2+0x20750)

  Thread T9 (tid=105101, running) created by thread T5 at:
    #0 pthread_create ../../../../src/libsanitizer/tsan/tsan_interceptors_posix.cpp:962 (libtsan.so.0+0x5ea79)
    #1 <null> <null> (libtbb.so.2+0x20750)

SUMMARY: ThreadSanitizer: data race /usr/include/tbb/task.h:875 in tbb::task::is_stolen_task() const
==================
==================
WARNING: ThreadSanitizer: data race (pid=105091)
  Read of size 4 at 0x7fa56776f148 by thread T27:
    #0 tbb::blocked_range<int>::size() const /usr/include/tbb/blocked_range.h:78 (race_good+0x2746)
    #1 tbb::blocked_range<int>::is_divisible() const /usr/include/tbb/blocked_range.h:93 (race_good+0x2746)
    #2 execute<tbb::interface9::internal::start_for<tbb::blocked_range<int>, main()::<lambda(const tbb::blocked_range<int>&)>, const tbb::auto_partitioner>, tbb::blocked_range<int> > /usr/include/tbb/partitioner.h:248 (race_good+0x2746)
    #3 execute /usr/include/tbb/parallel_for.h:142 (race_good+0x2746)
    #4 <null> <null> (libtbb.so.2+0x2c544)

  Previous atomic write of size 1 at 0x7fa56776f148 by thread T2:
    #0 __tsan_atomic8_store ../../../../src/libsanitizer/tsan/tsan_interface_atomic.cpp:551 (libtsan.so.0+0x7cefd)
    #1 tbb::internal::atomic_impl<bool>::store_with_release(bool) /usr/include/tbb/machine/gcc_generic.h:168 (race_good+0x2904)
    #2 tbb::atomic<bool>::operator=(bool) /usr/include/tbb/atomic.h:426 (race_good+0x2904)
    #3 tbb::interface9::internal::flag_task::flag_task() /usr/include/tbb/partitioner.h:131 (race_good+0x2904)
    #4 tbb::interface9::internal::allocate_sibling(tbb::task*, unsigned long) /usr/include/tbb/partitioner.h:131 (race_good+0x2904)
    #5 offer_work /usr/include/tbb/parallel_for.h:121 (race_good+0x2904)
    #6 execute<tbb::interface9::internal::start_for<tbb::blocked_range<int>, main()::<lambda(const tbb::blocked_range<int>&)>, const tbb::auto_partitioner>, tbb::blocked_range<int> > /usr/include/tbb/partitioner.h:252 (race_good+0x2904)
    #7 execute /usr/include/tbb/parallel_for.h:142 (race_good+0x2904)
    #8 <null> <null> (libtbb.so.2+0x2c544)

  Thread T27 (tid=105116, running) created by thread T13 at:
    #0 pthread_create ../../../../src/libsanitizer/tsan/tsan_interceptors_posix.cpp:962 (libtsan.so.0+0x5ea79)
    #1 <null> <null> (libtbb.so.2+0x20750)

  Thread T2 (tid=105094, running) created by thread T1 at:
    #0 pthread_create ../../../../src/libsanitizer/tsan/tsan_interceptors_posix.cpp:962 (libtsan.so.0+0x5ea79)
    #1 <null> <null> (libtbb.so.2+0x20750)

SUMMARY: ThreadSanitizer: data race /usr/include/tbb/blocked_range.h:78 in tbb::blocked_range<int>::size() const
==================
==================
WARNING: ThreadSanitizer: data race (pid=105091)
  Read of size 4 at 0x7fa567737c48 by thread T9:
    #0 tbb::blocked_range<int>::size() const /usr/include/tbb/blocked_range.h:78 (race_good+0x2824)
    #1 tbb::blocked_range<int>::is_divisible() const /usr/include/tbb/blocked_range.h:93 (race_good+0x2824)
    #2 execute<tbb::interface9::internal::start_for<tbb::blocked_range<int>, main()::<lambda(const tbb::blocked_range<int>&)>, const tbb::auto_partitioner>, tbb::blocked_range<int> > /usr/include/tbb/partitioner.h:248 (race_good+0x2824)
    #3 execute /usr/include/tbb/parallel_for.h:142 (race_good+0x2824)
    #4 <null> <null> (libtbb.so.2+0x2c544)

  Previous atomic write of size 1 at 0x7fa567737c48 by thread T18:
    #0 __tsan_atomic8_store ../../../../src/libsanitizer/tsan/tsan_interface_atomic.cpp:551 (libtsan.so.0+0x7cefd)
    #1 tbb::internal::atomic_impl<bool>::store_with_release(bool) /usr/include/tbb/machine/gcc_generic.h:168 (race_good+0x27d1)
    #2 tbb::atomic<bool>::operator=(bool) /usr/include/tbb/atomic.h:426 (race_good+0x27d1)
    #3 tbb::interface9::internal::flag_task::mark_task_stolen(tbb::task&) /usr/include/tbb/partitioner.h:139 (race_good+0x27d1)
    #4 tbb::interface9::internal::dynamic_grainsize_mode<tbb::interface9::internal::adaptive_mode<tbb::interface9::internal::auto_partition_type> >::check_being_stolen(tbb::task&) /usr/include/tbb/partitioner.h:407 (race_good+0x27d1)
    #5 execute /usr/include/tbb/parallel_for.h:141 (race_good+0x27d1)
    #6 <null> <null> (libtbb.so.2+0x2c544)

  Thread T9 (tid=105101, running) created by thread T5 at:
    #0 pthread_create ../../../../src/libsanitizer/tsan/tsan_interceptors_posix.cpp:962 (libtsan.so.0+0x5ea79)
    #1 <null> <null> (libtbb.so.2+0x20750)

  Thread T18 (tid=105106, running) created by thread T7 at:
    #0 pthread_create ../../../../src/libsanitizer/tsan/tsan_interceptors_posix.cpp:962 (libtsan.so.0+0x5ea79)
    #1 <null> <null> (libtbb.so.2+0x20750)

SUMMARY: ThreadSanitizer: data race /usr/include/tbb/blocked_range.h:78 in tbb::blocked_range<int>::size() const
==================
==================
WARNING: ThreadSanitizer: data race (pid=105091)
  Read of size 1 at 0x7fa5676eb835 by main thread:
    #0 tbb::task::is_stolen_task() const /usr/include/tbb/task.h:875 (race_good+0x2727)
    #1 tbb::interface9::internal::dynamic_grainsize_mode<tbb::interface9::internal::adaptive_mode<tbb::interface9::internal::auto_partition_type> >::check_being_stolen(tbb::task&) /usr/include/tbb/partitioner.h:399 (race_good+0x2727)
    #2 execute /usr/include/tbb/parallel_for.h:141 (race_good+0x2727)
    #3 <null> <null> (libtbb.so.2+0x2c544)
    #4 parallel_for<tbb::blocked_range<int>, main()::<lambda(const tbb::blocked_range<int>&)> > /usr/include/tbb/parallel_for.h:201 (race_good+0x3028)
    #5 main /home/lc/super_livo/src/Super-LIO/tests/prob_lio/race_evidence.cpp:23 (race_good+0x3028)

  Previous write of size 1 at 0x7fa5676eb835 by thread T11:
    #0 tbb::task::task() /usr/include/tbb/task.h:614 (race_good+0x2b9e)
    #1 start_for /usr/include/tbb/parallel_for.h:77 (race_good+0x2b9e)
    #2 offer_work /usr/include/tbb/parallel_for.h:125 (race_good+0x2b9e)
    #3 work_balance<tbb::interface9::internal::start_for<tbb::blocked_range<int>, main()::<lambda(const tbb::blocked_range<int>&)>, const tbb::auto_partitioner>, tbb::blocked_range<int> > /usr/include/tbb/partitioner.h:431 (race_good+0x2b9e)
    #4 execute<tbb::interface9::internal::start_for<tbb::blocked_range<int>, main()::<lambda(const tbb::blocked_range<int>&)>, const tbb::auto_partitioner>, tbb::blocked_range<int> > /usr/include/tbb/partitioner.h:256 (race_good+0x2b9e)
    #5 execute /usr/include/tbb/parallel_for.h:142 (race_good+0x2b9e)
    #6 <null> <null> (libtbb.so.2+0x2c544)

  Thread T11 (tid=105102, running) created by thread T3 at:
    #0 pthread_create ../../../../src/libsanitizer/tsan/tsan_interceptors_posix.cpp:962 (libtsan.so.0+0x5ea79)
    #1 <null> <null> (libtbb.so.2+0x20750)

SUMMARY: ThreadSanitizer: data race /usr/include/tbb/task.h:875 in tbb::task::is_stolen_task() const
==================
==================
WARNING: ThreadSanitizer: data race (pid=105091)
  Read of size 4 at 0x7fa56773f848 by thread T2:
    #0 tbb::blocked_range<int>::size() const /usr/include/tbb/blocked_range.h:78 (race_good+0x2746)
    #1 tbb::blocked_range<int>::is_divisible() const /usr/include/tbb/blocked_range.h:93 (race_good+0x2746)
    #2 execute<tbb::interface9::internal::start_for<tbb::blocked_range<int>, main()::<lambda(const tbb::blocked_range<int>&)>, const tbb::auto_partitioner>, tbb::blocked_range<int> > /usr/include/tbb/partitioner.h:248 (race_good+0x2746)
    #3 execute /usr/include/tbb/parallel_for.h:142 (race_good+0x2746)
    #4 <null> <null> (libtbb.so.2+0x2c544)

  Previous atomic write of size 1 at 0x7fa56773f848 by thread T6:
    #0 __tsan_atomic8_store ../../../../src/libsanitizer/tsan/tsan_interface_atomic.cpp:551 (libtsan.so.0+0x7cefd)
    #1 tbb::internal::atomic_impl<bool>::store_with_release(bool) /usr/include/tbb/machine/gcc_generic.h:168 (race_good+0x2b66)
    #2 tbb::atomic<bool>::operator=(bool) /usr/include/tbb/atomic.h:426 (race_good+0x2b66)
    #3 tbb::interface9::internal::flag_task::flag_task() /usr/include/tbb/partitioner.h:131 (race_good+0x2b66)
    #4 tbb::interface9::internal::allocate_sibling(tbb::task*, unsigned long) /usr/include/tbb/partitioner.h:131 (race_good+0x2b66)
    #5 offer_work /usr/include/tbb/parallel_for.h:125 (race_good+0x2b66)
    #6 work_balance<tbb::interface9::internal::start_for<tbb::blocked_range<int>, main()::<lambda(const tbb::blocked_range<int>&)>, const tbb::auto_partitioner>, tbb::blocked_range<int> > /usr/include/tbb/partitioner.h:431 (race_good+0x2b66)
    #7 execute<tbb::interface9::internal::start_for<tbb::blocked_range<int>, main()::<lambda(const tbb::blocked_range<int>&)>, const tbb::auto_partitioner>, tbb::blocked_range<int> > /usr/include/tbb/partitioner.h:256 (race_good+0x2b66)
    #8 execute /usr/include/tbb/parallel_for.h:142 (race_good+0x2b66)
    #9 <null> <null> (libtbb.so.2+0x2c544)

  Thread T2 (tid=105094, running) created by thread T1 at:
    #0 pthread_create ../../../../src/libsanitizer/tsan/tsan_interceptors_posix.cpp:962 (libtsan.so.0+0x5ea79)
    #1 <null> <null> (libtbb.so.2+0x20750)

  Thread T6 (tid=105098, running) created by thread T3 at:
    #0 pthread_create ../../../../src/libsanitizer/tsan/tsan_interceptors_posix.cpp:962 (libtsan.so.0+0x5ea79)
    #1 <null> <null> (libtbb.so.2+0x20750)

SUMMARY: ThreadSanitizer: data race /usr/include/tbb/blocked_range.h:78 in tbb::blocked_range<int>::size() const
==================
==================
WARNING: ThreadSanitizer: data race (pid=105091)
  Read of size 8 at 0x7fa5676eb820 by main thread:
    #0 tbb::task::parent() const /usr/include/tbb/task.h:854 (race_good+0x27a7)
    #1 tbb::interface9::internal::dynamic_grainsize_mode<tbb::interface9::internal::adaptive_mode<tbb::interface9::internal::auto_partition_type> >::check_being_stolen(tbb::task&) /usr/include/tbb/partitioner.h:399 (race_good+0x27a7)
    #2 execute /usr/include/tbb/parallel_for.h:141 (race_good+0x27a7)
    #3 <null> <null> (libtbb.so.2+0x2c544)
    #4 parallel_for<tbb::blocked_range<int>, main()::<lambda(const tbb::blocked_range<int>&)> > /usr/include/tbb/parallel_for.h:201 (race_good+0x3028)
    #5 main /home/lc/super_livo/src/Super-LIO/tests/prob_lio/race_evidence.cpp:23 (race_good+0x3028)

  Previous write of size 8 at 0x7fa5676eb820 by thread T11:
    #0 tbb::task::set_parent(tbb::task*) /usr/include/tbb/task.h:861 (race_good+0x290e)
    #1 tbb::interface9::internal::allocate_sibling(tbb::task*, unsigned long) /usr/include/tbb/parallel_for.h:133 (race_good+0x290e)
    #2 offer_work /usr/include/tbb/parallel_for.h:121 (race_good+0x290e)
    #3 execute<tbb::interface9::internal::start_for<tbb::blocked_range<int>, main()::<lambda(const tbb::blocked_range<int>&)>, const tbb::auto_partitioner>, tbb::blocked_range<int> > /usr/include/tbb/partitioner.h:252 (race_good+0x290e)
    #4 execute /usr/include/tbb/parallel_for.h:142 (race_good+0x290e)
    #5 <null> <null> (libtbb.so.2+0x2c544)

  Thread T11 (tid=105102, running) created by thread T3 at:
    #0 pthread_create ../../../../src/libsanitizer/tsan/tsan_interceptors_posix.cpp:962 (libtsan.so.0+0x5ea79)
    #1 <null> <null> (libtbb.so.2+0x20750)

SUMMARY: ThreadSanitizer: data race /usr/include/tbb/task.h:854 in tbb::task::parent() const
==================
==================
WARNING: ThreadSanitizer: data race (pid=105091)
  Read of size 8 at 0x7fa5676eb928 by main thread:
    #0 tbb::task::ref_count() const /usr/include/tbb/task.h:916 (race_good+0x27b4)
    #1 tbb::interface9::internal::dynamic_grainsize_mode<tbb::interface9::internal::adaptive_mode<tbb::interface9::internal::auto_partition_type> >::check_being_stolen(tbb::task&) /usr/include/tbb/partitioner.h:399 (race_good+0x27b4)
    #2 execute /usr/include/tbb/parallel_for.h:141 (race_good+0x27b4)
    #3 <null> <null> (libtbb.so.2+0x2c544)
    #4 parallel_for<tbb::blocked_range<int>, main()::<lambda(const tbb::blocked_range<int>&)> > /usr/include/tbb/parallel_for.h:201 (race_good+0x3028)
    #5 main /home/lc/super_livo/src/Super-LIO/tests/prob_lio/race_evidence.cpp:23 (race_good+0x3028)

  Previous write of size 8 at 0x7fa5676eb928 by thread T11:
    #0 tbb::task::set_ref_count(int) /usr/include/tbb/task.h:754 (race_good+0x2b7d)
    #1 tbb::interface9::internal::allocate_sibling(tbb::task*, unsigned long) /usr/include/tbb/parallel_for.h:134 (race_good+0x2b7d)
    #2 offer_work /usr/include/tbb/parallel_for.h:125 (race_good+0x2b7d)
    #3 work_balance<tbb::interface9::internal::start_for<tbb::blocked_range<int>, main()::<lambda(const tbb::blocked_range<int>&)>, const tbb::auto_partitioner>, tbb::blocked_range<int> > /usr/include/tbb/partitioner.h:431 (race_good+0x2b7d)
    #4 execute<tbb::interface9::internal::start_for<tbb::blocked_range<int>, main()::<lambda(const tbb::blocked_range<int>&)>, const tbb::auto_partitioner>, tbb::blocked_range<int> > /usr/include/tbb/partitioner.h:256 (race_good+0x2b7d)
    #5 execute /usr/include/tbb/parallel_for.h:142 (race_good+0x2b7d)
    #6 <null> <null> (libtbb.so.2+0x2c544)

  Thread T11 (tid=105102, running) created by thread T3 at:
    #0 pthread_create ../../../../src/libsanitizer/tsan/tsan_interceptors_posix.cpp:962 (libtsan.so.0+0x5ea79)
    #1 <null> <null> (libtbb.so.2+0x20750)

SUMMARY: ThreadSanitizer: data race /usr/include/tbb/task.h:916 in tbb::task::ref_count() const
==================
==================
WARNING: ThreadSanitizer: data race (pid=105091)
  Read of size 8 at 0x7fa5676eb850 by main thread:
    #0 tbb::blocked_range<int>::is_divisible() const /usr/include/tbb/blocked_range.h:93 (race_good+0x273a)
    #1 execute<tbb::interface9::internal::start_for<tbb::blocked_range<int>, main()::<lambda(const tbb::blocked_range<int>&)>, const tbb::auto_partitioner>, tbb::blocked_range<int> > /usr/include/tbb/partitioner.h:248 (race_good+0x273a)
    #2 execute /usr/include/tbb/parallel_for.h:142 (race_good+0x273a)
    #3 <null> <null> (libtbb.so.2+0x2c544)
    #4 parallel_for<tbb::blocked_range<int>, main()::<lambda(const tbb::blocked_range<int>&)> > /usr/include/tbb/parallel_for.h:201 (race_good+0x3028)
    #5 main /home/lc/super_livo/src/Super-LIO/tests/prob_lio/race_evidence.cpp:23 (race_good+0x3028)

  Previous write of size 8 at 0x7fa5676eb850 by thread T11:
    #0 start_for /usr/include/tbb/parallel_for.h:77 (race_good+0x2bc5)
    #1 offer_work /usr/include/tbb/parallel_for.h:125 (race_good+0x2bc5)
    #2 work_balance<tbb::interface9::internal::start_for<tbb::blocked_range<int>, main()::<lambda(const tbb::blocked_range<int>&)>, const tbb::auto_partitioner>, tbb::blocked_range<int> > /usr/include/tbb/partitioner.h:431 (race_good+0x2bc5)
    #3 execute<tbb::interface9::internal::start_for<tbb::blocked_range<int>, main()::<lambda(const tbb::blocked_range<int>&)>, const tbb::auto_partitioner>, tbb::blocked_range<int> > /usr/include/tbb/partitioner.h:256 (race_good+0x2bc5)
    #4 execute /usr/include/tbb/parallel_for.h:142 (race_good+0x2bc5)
    #5 <null> <null> (libtbb.so.2+0x2c544)

  Thread T11 (tid=105102, running) created by thread T3 at:
    #0 pthread_create ../../../../src/libsanitizer/tsan/tsan_interceptors_posix.cpp:962 (libtsan.so.0+0x5ea79)
    #1 <null> <null> (libtbb.so.2+0x20750)

SUMMARY: ThreadSanitizer: data race /usr/include/tbb/blocked_range.h:93 in tbb::blocked_range<int>::is_divisible() const
==================
==================
WARNING: ThreadSanitizer: data race (pid=105091)
  Read of size 4 at 0x7fa5676eb848 by main thread:
    #0 tbb::blocked_range<int>::size() const /usr/include/tbb/blocked_range.h:78 (race_good+0x2746)
    #1 tbb::blocked_range<int>::is_divisible() const /usr/include/tbb/blocked_range.h:93 (race_good+0x2746)
    #2 execute<tbb::interface9::internal::start_for<tbb::blocked_range<int>, main()::<lambda(const tbb::blocked_range<int>&)>, const tbb::auto_partitioner>, tbb::blocked_range<int> > /usr/include/tbb/partitioner.h:248 (race_good+0x2746)
    #3 execute /usr/include/tbb/parallel_for.h:142 (race_good+0x2746)
    #4 <null> <null> (libtbb.so.2+0x2c544)
    #5 parallel_for<tbb::blocked_range<int>, main()::<lambda(const tbb::blocked_range<int>&)> > /usr/include/tbb/parallel_for.h:201 (race_good+0x3028)
    #6 main /home/lc/super_livo/src/Super-LIO/tests/prob_lio/race_evidence.cpp:23 (race_good+0x3028)

  Previous write of size 4 at 0x7fa5676eb848 by thread T11:
    #0 tbb::blocked_range<int>::do_split(tbb::blocked_range<int>&, tbb::split) /usr/include/tbb/blocked_range.h:135 (race_good+0x299c)
    #1 tbb::blocked_range<int>::blocked_range(tbb::blocked_range<int>&, tbb::split) /usr/include/tbb/blocked_range.h:100 (race_good+0x299c)
    #2 start_for /usr/include/tbb/parallel_for.h:67 (race_good+0x299c)
    #3 offer_work /usr/include/tbb/parallel_for.h:121 (race_good+0x299c)
    #4 execute<tbb::interface9::internal::start_for<tbb::blocked_range<int>, main()::<lambda(const tbb::blocked_range<int>&)>, const tbb::auto_partitioner>, tbb::blocked_range<int> > /usr/include/tbb/partitioner.h:252 (race_good+0x299c)
    #5 execute /usr/include/tbb/parallel_for.h:142 (race_good+0x299c)
    #6 <null> <null> (libtbb.so.2+0x2c544)

  Thread T11 (tid=105102, running) created by thread T3 at:
    #0 pthread_create ../../../../src/libsanitizer/tsan/tsan_interceptors_posix.cpp:962 (libtsan.so.0+0x5ea79)
    #1 <null> <null> (libtbb.so.2+0x20750)

SUMMARY: ThreadSanitizer: data race /usr/include/tbb/blocked_range.h:78 in tbb::blocked_range<int>::size() const
==================
==================
WARNING: ThreadSanitizer: data race (pid=105091)
  Read of size 1 at 0x7fa5676eb86c by main thread:
    #0 tbb::interface9::internal::auto_partition_type::is_divisible() /usr/include/tbb/partitioner.h:485 (race_good+0x276d)
    #1 execute<tbb::interface9::internal::start_for<tbb::blocked_range<int>, main()::<lambda(const tbb::blocked_range<int>&)>, const tbb::auto_partitioner>, tbb::blocked_range<int> > /usr/include/tbb/partitioner.h:249 (race_good+0x276d)
    #2 execute /usr/include/tbb/parallel_for.h:142 (race_good+0x276d)
    #3 <null> <null> (libtbb.so.2+0x2c544)
    #4 parallel_for<tbb::blocked_range<int>, main()::<lambda(const tbb::blocked_range<int>&)> > /usr/include/tbb/parallel_for.h:201 (race_good+0x3028)
    #5 main /home/lc/super_livo/src/Super-LIO/tests/prob_lio/race_evidence.cpp:23 (race_good+0x3028)

  Previous write of size 1 at 0x7fa5676eb86c by thread T11:
    #0 tbb::interface9::internal::dynamic_grainsize_mode<tbb::interface9::internal::adaptive_mode<tbb::interface9::internal::auto_partition_type> >::align_depth(unsigned char) /usr/include/tbb/partitioner.h:418 (race_good+0x2c2e)
    #1 start_for /usr/include/tbb/parallel_for.h:80 (race_good+0x2c2e)
    #2 offer_work /usr/include/tbb/parallel_for.h:125 (race_good+0x2c2e)
    #3 work_balance<tbb::interface9::internal::start_for<tbb::blocked_range<int>, main()::<lambda(const tbb::blocked_range<int>&)>, const tbb::auto_partitioner>, tbb::blocked_range<int> > /usr/include/tbb/partitioner.h:431 (race_good+0x2c2e)
    #4 execute<tbb::interface9::internal::start_for<tbb::blocked_range<int>, main()::<lambda(const tbb::blocked_range<int>&)>, const tbb::auto_partitioner>, tbb::blocked_range<int> > /usr/include/tbb/partitioner.h:256 (race_good+0x2c2e)
    #5 execute /usr/include/tbb/parallel_for.h:142 (race_good+0x2c2e)
    #6 <null> <null> (libtbb.so.2+0x2c544)

  Thread T11 (tid=105102, running) created by thread T3 at:
    #0 pthread_create ../../../../src/libsanitizer/tsan/tsan_interceptors_posix.cpp:962 (libtsan.so.0+0x5ea79)
    #1 <null> <null> (libtbb.so.2+0x20750)

SUMMARY: ThreadSanitizer: data race /usr/include/tbb/partitioner.h:485 in tbb::interface9::internal::auto_partition_type::is_divisible()
==================
==================
WARNING: ThreadSanitizer: data race (pid=105091)
  Atomic write of size 1 at 0x7fa56778fd48 by thread T21:
    #0 __tsan_atomic8_store ../../../../src/libsanitizer/tsan/tsan_interface_atomic.cpp:551 (libtsan.so.0+0x7cefd)
    #1 tbb::internal::atomic_impl<bool>::store_with_release(bool) /usr/include/tbb/machine/gcc_generic.h:168 (race_good+0x27d1)
    #2 tbb::atomic<bool>::operator=(bool) /usr/include/tbb/atomic.h:426 (race_good+0x27d1)
    #3 tbb::interface9::internal::flag_task::mark_task_stolen(tbb::task&) /usr/include/tbb/partitioner.h:139 (race_good+0x27d1)
    #4 tbb::interface9::internal::dynamic_grainsize_mode<tbb::interface9::internal::adaptive_mode<tbb::interface9::internal::auto_partition_type> >::check_being_stolen(tbb::task&) /usr/include/tbb/partitioner.h:407 (race_good+0x27d1)
    #5 execute /usr/include/tbb/parallel_for.h:141 (race_good+0x27d1)
    #6 <null> <null> (libtbb.so.2+0x2c544)

  Previous write of size 4 at 0x7fa56778fd48 by main thread:
    #0 tbb::blocked_range<int>::do_split(tbb::blocked_range<int>&, tbb::split) /usr/include/tbb/blocked_range.h:135 (race_good+0x299c)
    #1 tbb::blocked_range<int>::blocked_range(tbb::blocked_range<int>&, tbb::split) /usr/include/tbb/blocked_range.h:100 (race_good+0x299c)
    #2 start_for /usr/include/tbb/parallel_for.h:67 (race_good+0x299c)
    #3 offer_work /usr/include/tbb/parallel_for.h:121 (race_good+0x299c)
    #4 execute<tbb::interface9::internal::start_for<tbb::blocked_range<int>, main()::<lambda(const tbb::blocked_range<int>&)>, const tbb::auto_partitioner>, tbb::blocked_range<int> > /usr/include/tbb/partitioner.h:252 (race_good+0x299c)
    #5 execute /usr/include/tbb/parallel_for.h:142 (race_good+0x299c)
    #6 <null> <null> (libtbb.so.2+0x2c544)
    #7 parallel_for<tbb::blocked_range<int>, main()::<lambda(const tbb::blocked_range<int>&)> > /usr/include/tbb/parallel_for.h:201 (race_good+0x3028)
    #8 main /home/lc/super_livo/src/Super-LIO/tests/prob_lio/race_evidence.cpp:23 (race_good+0x3028)

  Thread T21 (tid=105113, running) created by thread T1 at:
    #0 pthread_create ../../../../src/libsanitizer/tsan/tsan_interceptors_posix.cpp:962 (libtsan.so.0+0x5ea79)
    #1 <null> <null> (libtbb.so.2+0x20750)

SUMMARY: ThreadSanitizer: data race /usr/include/tbb/machine/gcc_generic.h:168 in tbb::internal::atomic_impl<bool>::store_with_release(bool)
==================
==================
WARNING: ThreadSanitizer: data race (pid=105091)
  Read of size 1 at 0x7fa56778ec6c by thread T21:
    #0 tbb::interface9::internal::dynamic_grainsize_mode<tbb::interface9::internal::adaptive_mode<tbb::interface9::internal::auto_partition_type> >::check_being_stolen(tbb::task&) /usr/include/tbb/partitioner.h:408 (race_good+0x27dd)
    #1 execute /usr/include/tbb/parallel_for.h:141 (race_good+0x27dd)
    #2 <null> <null> (libtbb.so.2+0x2c544)

  Previous write of size 1 at 0x7fa56778ec6c by main thread:
    #0 tbb::interface9::internal::dynamic_grainsize_mode<tbb::interface9::internal::adaptive_mode<tbb::interface9::internal::auto_partition_type> >::dynamic_grainsize_mode(tbb::interface9::internal::dynamic_grainsize_mode<tbb::interface9::internal::adaptive_mode<tbb::interface9::internal::auto_partition_type> >&, tbb::split) /usr/include/tbb/partitioner.h:388 (race_good+0x2a22)
    #1 tbb::interface9::internal::auto_partition_type::auto_partition_type(tbb::interface9::internal::auto_partition_type&, tbb::split) /usr/include/tbb/partitioner.h:482 (race_good+0x2a22)
    #2 start_for /usr/include/tbb/parallel_for.h:67 (race_good+0x2a22)
    #3 offer_work /usr/include/tbb/parallel_for.h:121 (race_good+0x2a22)
    #4 execute<tbb::interface9::internal::start_for<tbb::blocked_range<int>, main()::<lambda(const tbb::blocked_range<int>&)>, const tbb::auto_partitioner>, tbb::blocked_range<int> > /usr/include/tbb/partitioner.h:252 (race_good+0x2a22)
    #5 execute /usr/include/tbb/parallel_for.h:142 (race_good+0x2a22)
    #6 <null> <null> (libtbb.so.2+0x2c544)
    #7 parallel_for<tbb::blocked_range<int>, main()::<lambda(const tbb::blocked_range<int>&)> > /usr/include/tbb/parallel_for.h:201 (race_good+0x3028)
    #8 main /home/lc/super_livo/src/Super-LIO/tests/prob_lio/race_evidence.cpp:23 (race_good+0x3028)

  Thread T21 (tid=105113, running) created by thread T1 at:
    #0 pthread_create ../../../../src/libsanitizer/tsan/tsan_interceptors_posix.cpp:962 (libtsan.so.0+0x5ea79)
    #1 <null> <null> (libtbb.so.2+0x20750)

SUMMARY: ThreadSanitizer: data race /usr/include/tbb/partitioner.h:408 in tbb::interface9::internal::dynamic_grainsize_mode<tbb::interface9::internal::adaptive_mode<tbb::interface9::internal::auto_partition_type> >::check_being_stolen(tbb::task&)
==================
==================
WARNING: ThreadSanitizer: data race (pid=105091)
  Read of size 1 at 0x7fa567707735 by main thread:
    #0 tbb::task::is_stolen_task() const /usr/include/tbb/task.h:875 (race_good+0x2727)
    #1 tbb::interface9::internal::dynamic_grainsize_mode<tbb::interface9::internal::adaptive_mode<tbb::interface9::internal::auto_partition_type> >::check_being_stolen(tbb::task&) /usr/include/tbb/partitioner.h:399 (race_good+0x2727)
    #2 execute /usr/include/tbb/parallel_for.h:141 (race_good+0x2727)
    #3 <null> <null> (libtbb.so.2+0x2c544)
    #4 parallel_for<tbb::blocked_range<int>, main()::<lambda(const tbb::blocked_range<int>&)> > /usr/include/tbb/parallel_for.h:201 (race_good+0x3028)
    #5 main /home/lc/super_livo/src/Super-LIO/tests/prob_lio/race_evidence.cpp:23 (race_good+0x3028)

  Previous write of size 1 at 0x7fa567707735 by thread T21:
    #0 tbb::task::task() /usr/include/tbb/task.h:614 (race_good+0x293c)
    #1 start_for /usr/include/tbb/parallel_for.h:67 (race_good+0x293c)
    #2 offer_work /usr/include/tbb/parallel_for.h:121 (race_good+0x293c)
    #3 execute<tbb::interface9::internal::start_for<tbb::blocked_range<int>, main()::<lambda(const tbb::blocked_range<int>&)>, const tbb::auto_partitioner>, tbb::blocked_range<int> > /usr/include/tbb/partitioner.h:252 (race_good+0x293c)
    #4 execute /usr/include/tbb/parallel_for.h:142 (race_good+0x293c)
    #5 <null> <null> (libtbb.so.2+0x2c544)

  Thread T21 (tid=105113, running) created by thread T1 at:
    #0 pthread_create ../../../../src/libsanitizer/tsan/tsan_interceptors_posix.cpp:962 (libtsan.so.0+0x5ea79)
    #1 <null> <null> (libtbb.so.2+0x20750)

SUMMARY: ThreadSanitizer: data race /usr/include/tbb/task.h:875 in tbb::task::is_stolen_task() const
==================
==================
WARNING: ThreadSanitizer: data race (pid=105091)
  Read of size 8 at 0x7fa567707528 by main thread:
    #0 tbb::task::ref_count() const /usr/include/tbb/task.h:916 (race_good+0x27b4)
    #1 tbb::interface9::internal::dynamic_grainsize_mode<tbb::interface9::internal::adaptive_mode<tbb::interface9::internal::auto_partition_type> >::check_being_stolen(tbb::task&) /usr/include/tbb/partitioner.h:399 (race_good+0x27b4)
    #2 execute /usr/include/tbb/parallel_for.h:141 (race_good+0x27b4)
    #3 <null> <null> (libtbb.so.2+0x2c544)
    #4 parallel_for<tbb::blocked_range<int>, main()::<lambda(const tbb::blocked_range<int>&)> > /usr/include/tbb/parallel_for.h:201 (race_good+0x3028)
    #5 main /home/lc/super_livo/src/Super-LIO/tests/prob_lio/race_evidence.cpp:23 (race_good+0x3028)

  Previous write of size 8 at 0x7fa567707528 by thread T21:
    #0 tbb::task::set_ref_count(int) /usr/include/tbb/task.h:754 (race_good+0x291b)
    #1 tbb::interface9::internal::allocate_sibling(tbb::task*, unsigned long) /usr/include/tbb/parallel_for.h:134 (race_good+0x291b)
    #2 offer_work /usr/include/tbb/parallel_for.h:121 (race_good+0x291b)
    #3 execute<tbb::interface9::internal::start_for<tbb::blocked_range<int>, main()::<lambda(const tbb::blocked_range<int>&)>, const tbb::auto_partitioner>, tbb::blocked_range<int> > /usr/include/tbb/partitioner.h:252 (race_good+0x291b)
    #4 execute /usr/include/tbb/parallel_for.h:142 (race_good+0x291b)
    #5 <null> <null> (libtbb.so.2+0x2c544)

  Thread T21 (tid=105113, running) created by thread T1 at:
    #0 pthread_create ../../../../src/libsanitizer/tsan/tsan_interceptors_posix.cpp:962 (libtsan.so.0+0x5ea79)
    #1 <null> <null> (libtbb.so.2+0x20750)

SUMMARY: ThreadSanitizer: data race /usr/include/tbb/task.h:916 in tbb::task::ref_count() const
==================
==================
WARNING: ThreadSanitizer: data race (pid=105091)
  Read of size 8 at 0x7fa567707750 by main thread:
    #0 tbb::blocked_range<int>::is_divisible() const /usr/include/tbb/blocked_range.h:93 (race_good+0x273a)
    #1 execute<tbb::interface9::internal::start_for<tbb::blocked_range<int>, main()::<lambda(const tbb::blocked_range<int>&)>, const tbb::auto_partitioner>, tbb::blocked_range<int> > /usr/include/tbb/partitioner.h:248 (race_good+0x273a)
    #2 execute /usr/include/tbb/parallel_for.h:142 (race_good+0x273a)
    #3 <null> <null> (libtbb.so.2+0x2c544)
    #4 parallel_for<tbb::blocked_range<int>, main()::<lambda(const tbb::blocked_range<int>&)> > /usr/include/tbb/parallel_for.h:201 (race_good+0x3028)
    #5 main /home/lc/super_livo/src/Super-LIO/tests/prob_lio/race_evidence.cpp:23 (race_good+0x3028)

  Previous write of size 8 at 0x7fa567707750 by thread T21:
    #0 tbb::blocked_range<int>::blocked_range(tbb::blocked_range<int>&, tbb::split) /usr/include/tbb/blocked_range.h:101 (race_good+0x29cb)
    #1 start_for /usr/include/tbb/parallel_for.h:67 (race_good+0x29cb)
    #2 offer_work /usr/include/tbb/parallel_for.h:121 (race_good+0x29cb)
    #3 execute<tbb::interface9::internal::start_for<tbb::blocked_range<int>, main()::<lambda(const tbb::blocked_range<int>&)>, const tbb::auto_partitioner>, tbb::blocked_range<int> > /usr/include/tbb/partitioner.h:252 (race_good+0x29cb)
    #4 execute /usr/include/tbb/parallel_for.h:142 (race_good+0x29cb)
    #5 <null> <null> (libtbb.so.2+0x2c544)

  Thread T21 (tid=105113, running) created by thread T1 at:
    #0 pthread_create ../../../../src/libsanitizer/tsan/tsan_interceptors_posix.cpp:962 (libtsan.so.0+0x5ea79)
    #1 <null> <null> (libtbb.so.2+0x20750)

SUMMARY: ThreadSanitizer: data race /usr/include/tbb/blocked_range.h:93 in tbb::blocked_range<int>::is_divisible() const
==================
==================
WARNING: ThreadSanitizer: data race (pid=105091)
  Read of size 1 at 0x7fa56770776c by main thread:
    #0 tbb::interface9::internal::auto_partition_type::is_divisible() /usr/include/tbb/partitioner.h:485 (race_good+0x276d)
    #1 execute<tbb::interface9::internal::start_for<tbb::blocked_range<int>, main()::<lambda(const tbb::blocked_range<int>&)>, const tbb::auto_partitioner>, tbb::blocked_range<int> > /usr/include/tbb/partitioner.h:249 (race_good+0x276d)
    #2 execute /usr/include/tbb/parallel_for.h:142 (race_good+0x276d)
    #3 <null> <null> (libtbb.so.2+0x2c544)
    #4 parallel_for<tbb::blocked_range<int>, main()::<lambda(const tbb::blocked_range<int>&)> > /usr/include/tbb/parallel_for.h:201 (race_good+0x3028)
    #5 main /home/lc/super_livo/src/Super-LIO/tests/prob_lio/race_evidence.cpp:23 (race_good+0x3028)

  Previous write of size 1 at 0x7fa56770776c by thread T21:
    #0 tbb::interface9::internal::dynamic_grainsize_mode<tbb::interface9::internal::adaptive_mode<tbb::interface9::internal::auto_partition_type> >::dynamic_grainsize_mode(tbb::interface9::internal::dynamic_grainsize_mode<tbb::interface9::internal::adaptive_mode<tbb::interface9::internal::auto_partition_type> >&, tbb::split) /usr/include/tbb/partitioner.h:388 (race_good+0x2a22)
    #1 tbb::interface9::internal::auto_partition_type::auto_partition_type(tbb::interface9::internal::auto_partition_type&, tbb::split) /usr/include/tbb/partitioner.h:482 (race_good+0x2a22)
    #2 start_for /usr/include/tbb/parallel_for.h:67 (race_good+0x2a22)
    #3 offer_work /usr/include/tbb/parallel_for.h:121 (race_good+0x2a22)
    #4 execute<tbb::interface9::internal::start_for<tbb::blocked_range<int>, main()::<lambda(const tbb::blocked_range<int>&)>, const tbb::auto_partitioner>, tbb::blocked_range<int> > /usr/include/tbb/partitioner.h:252 (race_good+0x2a22)
    #5 execute /usr/include/tbb/parallel_for.h:142 (race_good+0x2a22)
    #6 <null> <null> (libtbb.so.2+0x2c544)

  Thread T21 (tid=105113, running) created by thread T1 at:
    #0 pthread_create ../../../../src/libsanitizer/tsan/tsan_interceptors_posix.cpp:962 (libtsan.so.0+0x5ea79)
    #1 <null> <null> (libtbb.so.2+0x20750)

SUMMARY: ThreadSanitizer: data race /usr/include/tbb/partitioner.h:485 in tbb::interface9::internal::auto_partition_type::is_divisible()
==================
ThreadSanitizer: reported 118 warnings
counter=400000 expected=400000
MODE=GOOD(atomic)
